Season,Sector,Category,Crop,QueryType,QueryText,KCCAns,StateName,DistrictName,BlockName,CreatedOn
KHARIF,AGRICULTURE,Others,Others,Weather,"WEATHER INFORMATION","Heavy Cloudy weather in your area,chance of rain in your area",BIHAR,SITAMARHI,RUNNISAIDPUR,2018-07-02T06:11:52Z
KHARIF,AGRICULTURE,Others,Others,Weather,"WEATHER INFORMATION","Heavy Cloudy weather in your area,chance of rain in your area",BIHAR,SITAMARHI,RUNNISAIDPUR,2018-07-02T06:11:52Z
KHARIF,AGRICULTURE,Cereals,"Paddy (Dhan)",Weather,"WEATHER INFORMATION","???? ???  ????? ????? ???? ?? ??????? ??",BIHAR,SITAMARHI,SONBARSA,2018-07-02T21:01:45Z
KHARIF,AGRICULTURE,Cereals,"Paddy (Dhan)",Weather,"WEATHER INFORMATION","???? ???  ????? ????? ???? ?? ??????? ??",BIHAR,SITAMARHI,SONBARSA,2018-07-02T21:01:45Z
KHARIF,AGRICULTURE,Cereals,"Paddy (Dhan)",Weather,"WEATHER INFORMATION","?? ?? ??????? ??? ???? ???  ????? ??  ????? ???? ?? ??????? ??",BIHAR,SITAMARHI,BELSAND,2018-07-04T12:46:25Z
KHARIF,AGRICULTURE,Cereals,"Paddy (Dhan)",Weather,"WEATHER INFORMATION","?? ?? ??????? ??? ???? ???  ????? ??  ????? ???? ?? ??????? ??",BIHAR,SITAMARHI,BELSAND,2018-07-04T12:46:25Z
KHARIF,AGRICULTURE,Others,Others,Weather,"Weather Information","Cloudy weather today and tomorrow little chance of rain",BIHAR,SITAMARHI,RUNNISAIDPUR,2018-07-04T21:49:04Z
KHARIF,AGRICULTURE,Others,Others,Weather,"Weather Information","Cloudy weather today and tomorrow little chance of rain",BIHAR,SITAMARHI,RUNNISAIDPUR,2018-07-04T21:49:04Z
KHARIF,AGRICULTURE,Others,Others,"Field Preparation","WEATHER INFORMATION","Cloudy weather in your area but no chance of rain in your area",BIHAR,SITAMARHI,RUNNISAIDPUR,2018-07-05T14:20:37Z
KHARIF,AGRICULTURE,Others,Others,"Field Preparation","WEATHER INFORMATION","Cloudy weather in your area but no chance of rain in your area",BIHAR,SITAMARHI,RUNNISAIDPUR,2018-07-05T14:20:37Z
KHARIF,AGRICULTURE,Others,Others,"Field Preparation","Weather information","Heavy Cloudy weather in your area,chance of rain in your area",BIHAR,SITAMARHI,BELSAND,2018-07-05T14:30:11Z
KHARIF,AGRICULTURE,Others,Others,"Field Preparation","Weather information","Heavy Cloudy weather in your area,chance of rain in your area",BIHAR,SITAMARHI,BELSAND,2018-07-05T14:30:11Z
KHARIF,AGRICULTURE,Others,Others,"Fertilizer Use and Availability","FERTILIZER USED IN PADDY CROP","DAP-130KG/HA,UREA-80KG/HA,MOP-67KG/HA",BIHAR,SITAMARHI,MAJORGANJ,2018-07-05T16:29:01Z
KHARIF,AGRICULTURE,Others,Others,"Fertilizer Use and Availability","FERTILIZER USED IN PADDY CROP","DAP-130KG/HA,UREA-80KG/HA,MOP-67KG/HA",BIHAR,SITAMARHI,MAJORGANJ,2018-07-05T16:29:01Z
KHARIF,AGRICULTURE,Others,Others,Weather,"WEATHER INFORMATION","Cloudy weather in your area, chance of rain in your area",BIHAR,SITAMARHI,PARIHAR,2018-07-05T17:22:57Z
KHARIF,AGRICULTURE,Others,Others,Weather,"WEATHER INFORMATION","Cloudy weather in your area, chance of rain in your area",BIHAR,SITAMARHI,PARIHAR,2018-07-05T17:22:57Z
KHARIF,AGRICULTURE,Others,Others,Weather,"WEATHER INFORMATION","Cloudy weather in your area, chance of rain in your area",BIHAR,SITAMARHI,PARIHAR,2018-07-05T17:24:58Z
KHARIF,AGRICULTURE,Others,Others,Weather,"WEATHER INFORMATION","Cloudy weather in your area, chance of rain in your area",BIHAR,SITAMARHI,PARIHAR,2018-07-05T17:24:58Z
KHARIF,AGRICULTURE,Others,Others,"Field Preparation","Weather information","Heavy Cloudy weather in your area,chance of rain in your area",BIHAR,SITAMARHI,BELSAND,2018-07-05T17:30:20Z
KHARIF,AGRICULTURE,Others,Others,"Field Preparation","Weather information","Heavy Cloudy weather in your area,chance of rain in your area",BIHAR,SITAMARHI,BELSAND,2018-07-05T17:30:20Z
KHARIF,AGRICULTURE,Others,Others,"Field Preparation","WEATHER INFORMATION","Heavy Cloudy weather in your area,chance of rain in your area",BIHAR,SITAMARHI,PUPRI,2018-07-05T21:00:40Z
KHARIF,AGRICULTURE,Others,Others,"Field Preparation","WEATHER INFORMATION","Heavy Cloudy weather in your area,chance of rain in your area",BIHAR,SITAMARHI,PUPRI,2018-07-05T21:00:40Z
KHARIF,AGRICULTURE,Others,Others,"Field Preparation","WEATHER INFORMATION","Heavy Cloudy weather in your area,chance of rain in your area",BIHAR,SITAMARHI,BATHANAHA,2018-07-06T08:36:09Z
KHARIF,AGRICULTURE,Others,Others,"Field Preparation","WEATHER INFORMATION","Heavy Cloudy weather in your area,chance of rain in your area",BIHAR,SITAMARHI,BATHANAHA,2018-07-06T08:36:09Z
KHARIF,AGRICULTURE,Cereals,"Paddy (Dhan)",Varieties,"Good variety of paddy for low land","rajshree, satyam, kishori, rajendra mahsuri 1, m.t.u. 7029 (swarna), b.p.t. (sambha mahsuri), swarna sab 1, sakuntala",BIHAR,SITAMARHI,MAJORGANJ,2018-07-06T09:51:20Z
KHARIF,AGRICULTURE,Cereals,"Paddy (Dhan)",Varieties,"Good variety of paddy for low land","rajshree, satyam, kishori, rajendra mahsuri 1, m.t.u. 7029 (swarna), b.p.t. (sambha mahsuri), swarna sab 1, sakuntala",BIHAR,SITAMARHI,MAJORGANJ,2018-07-06T09:51:20Z
KHARIF,AGRICULTURE,Others,Others,"Field Preparation","WEATHER INFORMATION","Heavy Cloudy weather in your area,chance of rain in your area",BIHAR,SITAMARHI,RUNNISAIDPUR,2018-07-06T09:51:47Z
KHARIF,AGRICULTURE,Others,Others,"Field Preparation","WEATHER INFORMATION","Heavy Cloudy weather in your area,chance of rain in your area",BIHAR,SITAMARHI,RUNNISAIDPUR,2018-07-06T09:51:47Z
KHARIF,AGRICULTURE,Others,Others,"Agriculture Mechanization","INFORMATION ABOUT AGRICULTURE MECHANIZATION","Government Scheme Website - www.krishi.bih.nic.in",BIHAR,SITAMARHI,DUMRA,2018-07-06T10:09:22Z
KHARIF,AGRICULTURE,Others,Others,"Agriculture Mechanization","INFORMATION ABOUT AGRICULTURE MECHANIZATION","Government Scheme Website - www.krishi.bih.nic.in",BIHAR,SITAMARHI,DUMRA,2018-07-06T10:09:22Z
KHARIF,AGRICULTURE,Others,Others,"Field Preparation","WEATHER INFORMATION","Heavy Cloudy weather in your area,chance of rain in your area",BIHAR,SITAMARHI,BELSAND,2018-07-06T12:40:21Z
KHARIF,AGRICULTURE,Others,Others,"Field Preparation","WEATHER INFORMATION","Heavy Cloudy weather in your area,chance of rain in your area",BIHAR,SITAMARHI,BELSAND,2018-07-06T12:40:21Z
KHARIF,AGRICULTURE,Others,Others,"Field Preparation","WEATHER INFORMATION","Heavy Cloudy weather in your area,chance of rain in your area",BIHAR,SITAMARHI,BELSAND,2018-07-06T12:45:21Z
KHARIF,AGRICULTURE,Others,Others,"Field Preparation","WEATHER INFORMATION","Heavy Cloudy weather in your area,chance of rain in your area",BIHAR,SITAMARHI,BELSAND,2018-07-06T12:45:21Z
KHARIF,AGRICULTURE,Others,Others,"Field Preparation","WEATHER INFORMATION","Cloudy weather in your area but no chance of rain in your area",BIHAR,SITAMARHI,SUPPI,2018-07-06T13:06:08Z
KHARIF,AGRICULTURE,Others,Others,"Field Preparation","WEATHER INFORMATION","Cloudy weather in your area but no chance of rain in your area",BIHAR,SITAMARHI,SUPPI,2018-07-06T13:06:08Z
KHARIF,AGRICULTURE,Others,Others,"Field Preparation","WEATHER INFORMATION","Heavy Cloudy weather in your area,chance of rain in your area",BIHAR,SITAMARHI,PUPRI,2018-07-06T13:13:34Z
KHARIF,AGRICULTURE,Others,Others,"Field Preparation","WEATHER INFORMATION","Heavy Cloudy weather in your area,chance of rain in your area",BIHAR,SITAMARHI,PUPRI,2018-07-06T13:13:34Z
KHARIF,AGRICULTURE,Others,Others,Weather,"WEATHER INFORMATION","Cloudy weather in your area, chance of rain in your area",BIHAR,SITAMARHI,BATHANAHA,2018-07-06T16:00:46Z
KHARIF,AGRICULTURE,Others,Others,Weather,"WEATHER INFORMATION","Cloudy weather in your area, chance of rain in your area",BIHAR,SITAMARHI,BATHANAHA,2018-07-06T16:00:46Z
KHARIF,AGRICULTURE,Others,Others,"Plant Protection","plant protection","spray multimicro nutrient @ 2gram/liter water",BIHAR,SITAMARHI,BATHANAHA,2018-07-06T16:05:41Z
KHARIF,AGRICULTURE,Others,Others,"Plant Protection","plant protection","spray multimicro nutrient @ 2gram/liter water",BIHAR,SITAMARHI,BATHANAHA,2018-07-06T16:05:41Z
KHARIF,AGRICULTURE,Others,Others,Weather,"WEATHER INFORMATION","Cloudy weather in your area, chance of rain in your area",BIHAR,SITAMARHI,BATHANAHA,2018-07-06T16:09:10Z
KHARIF,AGRICULTURE,Others,Others,Weather,"WEATHER INFORMATION","Cloudy weather in your area, chance of rain in your area",BIHAR,SITAMARHI,BATHANAHA,2018-07-06T16:09:10Z
KHARIF,AGRICULTURE,Cereals,"Paddy (Dhan)",Weather,"Weather information","????? ?? ????? ???? ??? ?????? ? ???? ?????????? ?? ??????? ??",BIHAR,SITAMARHI,MAJORGANJ,2018-07-07T17:50:52Z
KHARIF,AGRICULTURE,Cereals,"Paddy (Dhan)",Weather,"Weather information","????? ?? ????? ???? ??? ?????? ? ???? ?????????? ?? ??????? ??",BIHAR,SITAMARHI,MAJORGANJ,2018-07-07T17:50:52Z
KHARIF,AGRICULTURE,Cereals,"Paddy (Dhan)",Weather,"WEATHER INFORMATION","???? ??? ?????? ,????? ???? ?? ???????  ????",BIHAR,SITAMARHI,PARIHAR,2018-07-08T16:12:36Z
KHARIF,AGRICULTURE,Cereals,"Paddy (Dhan)",Weather,"WEATHER INFORMATION","???? ??? ?????? ,????? ???? ?? ???????  ????",BIHAR,SITAMARHI,PARIHAR,2018-07-08T16:12:36Z
KHARIF,AGRICULTURE,Others,Others,Weather,"Weather information","Today & tomorrow little chance of rain",BIHAR,SITAMARHI,PARIHAR,2018-07-08T16:18:09Z
KHARIF,AGRICULTURE,Others,Others,Weather,"Weather information","Today & tomorrow little chance of rain",BIHAR,SITAMARHI,PARIHAR,2018-07-08T16:18:09Z
KHARIF,AGRICULTURE,Others,Others,"Plant Protection","Beetles, fruit flies and caterpillars","Dimethoate 30 EC 2 ml/lit.",BIHAR,SITAMARHI,SONBARSA,2018-07-09T06:38:16Z
KHARIF,AGRICULTURE,Others,Others,"Plant Protection","Beetles, fruit flies and caterpillars","Dimethoate 30 EC 2 ml/lit.",BIHAR,SITAMARHI,SONBARSA,2018-07-09T06:38:16Z
KHARIF,AGRICULTURE,Others,Others,Weather,"WEATHER INFORMATION","Cloudy weather in your area, chance of rain in your area .",BIHAR,SITAMARHI,DUMRA,2018-07-12T13:14:43Z
KHARIF,AGRICULTURE,Others,Others,Weather,"WEATHER INFORMATION","Cloudy weather in your area, chance of rain in your area .",BIHAR,SITAMARHI,DUMRA,2018-07-12T13:14:43Z
KHARIF,HORTICULTURE,Fruits,Aonla,"Plant Protection","nutrient management in aonla","spray boomflower @ 2 ml / litre water",BIHAR,SITAMARHI,DUMRA,2018-07-12T13:22:09Z
KHARIF,HORTICULTURE,Fruits,Aonla,"Plant Protection","nutrient management in aonla","spray boomflower @ 2 ml / litre water",BIHAR,SITAMARHI,DUMRA,2018-07-12T13:22:09Z
KHARIF,AGRICULTURE,Others,Others,"Field Preparation","WEATHER INFORMATION","Heavy Cloudy weather in your area,no chance of rain in your area",BIHAR,SITAMARHI,PUPRI,2018-07-12T15:21:36Z
KHARIF,AGRICULTURE,Others,Others,"Field Preparation","WEATHER INFORMATION","Heavy Cloudy weather in your area,no chance of rain in your area",BIHAR,SITAMARHI,PUPRI,2018-07-12T15:21:36Z
KHARIF,AGRICULTURE,Others,Others,"Field Preparation","contact bao","contact bao",BIHAR,SITAMARHI,RUNNISAIDPUR,2018-07-12T17:51:48Z
KHARIF,AGRICULTURE,Others,Others,"Field Preparation","contact bao","contact bao",BIHAR,SITAMARHI,RUNNISAIDPUR,2018-07-12T17:51:48Z
KHARIF,AGRICULTURE,Others,Others,"Field Preparation","Kisan registration","Kisan registration – www.krishi.bih.nic.in",BIHAR,SITAMARHI,RUNNISAIDPUR,2018-07-12T17:53:55Z
KHARIF,AGRICULTURE,Others,Others,"Field Preparation","Kisan registration","Kisan registration – www.krishi.bih.nic.in",BIHAR,SITAMARHI,RUNNISAIDPUR,2018-07-12T17:53:55Z
KHARIF,AGRICULTURE,Others,Others,Weather,"WEATHER INFORMATION","Cloudy weather in your area, chance of rain in your area",BIHAR,SITAMARHI,DUMRA,2018-07-14T08:12:48Z
KHARIF,AGRICULTURE,Others,Others,Weather,"WEATHER INFORMATION","Cloudy weather in your area, chance of rain in your area",BIHAR,SITAMARHI,DUMRA,2018-07-14T08:12:48Z
KHARIF,AGRICULTURE,Others,Others,Weather,"WEATHER INFORMATION","Cloudy weather in your area, chance of rain in your area",BIHAR,SITAMARHI,BELSAND,2018-07-14T08:36:55Z
KHARIF,AGRICULTURE,Others,Others,Weather,"WEATHER INFORMATION","Cloudy weather in your area, chance of rain in your area",BIHAR,SITAMARHI,BELSAND,2018-07-14T08:36:55Z
KHARIF,AGRICULTURE,Others,Others,Weather,"WEATHER INFORMATION","Cloudy weather in your area, chance of rain in your area",BIHAR,SITAMARHI,BELSAND,2018-07-14T09:39:23Z
KHARIF,AGRICULTURE,Others,Others,Weather,"WEATHER INFORMATION","Cloudy weather in your area, chance of rain in your area",BIHAR,SITAMARHI,BELSAND,2018-07-14T09:39:23Z
KHARIF,AGRICULTURE,Cereals,"Paddy (Dhan)","Weed Management","WEED MANAGEMENT IN TRANSPLANTING RICE FIELD","SPRAY BUTACHLORE @ 3 LITRE / 700-800 LITRE WATER",BIHAR,SITAMARHI,BELSAND,2018-07-14T09:43:46Z
KHARIF,AGRICULTURE,Cereals,"Paddy (Dhan)","Weed Management","WEED MANAGEMENT IN TRANSPLANTING RICE FIELD","SPRAY BUTACHLORE @ 3 LITRE / 700-800 LITRE WATER",BIHAR,SITAMARHI,BELSAND,2018-07-14T09:43:46Z
KHARIF,AGRICULTURE,Others,Others,Weather,"Weather Information","Cloudy weather in your area, chance of  rain in your area",BIHAR,SITAMARHI,BELSAND,2018-07-14T10:42:49Z
KHARIF,AGRICULTURE,Others,Others,Weather,"Weather Information","Cloudy weather in your area, chance of  rain in your area",BIHAR,SITAMARHI,BELSAND,2018-07-14T10:42:49Z
KHARIF,HORTICULTURE,Vegetables,Mushroom,"Cultural Practices","INFORMATION ABOUT MUSHROOM","AAP KVK ME CONTACT KARE",BIHAR,SITAMARHI,PARSAUNI,2018-07-14T12:17:26Z
KHARIF,HORTICULTURE,Vegetables,Mushroom,"Cultural Practices","INFORMATION ABOUT MUSHROOM","AAP KVK ME CONTACT KARE",BIHAR,SITAMARHI,PARSAUNI,2018-07-14T12:17:26Z
KHARIF,AGRICULTURE,Others,Others,"Field Preparation","WEATHER INFORMATION","Heavy Cloudy weather in your area,chance of rain in your area",BIHAR,SITAMARHI,RUNNISAIDPUR,2018-07-15T08:54:21Z
KHARIF,AGRICULTURE,Others,Others,"Field Preparation","WEATHER INFORMATION","Heavy Cloudy weather in your area,chance of rain in your area",BIHAR,SITAMARHI,RUNNISAIDPUR,2018-07-15T08:54:21Z
KHARIF,AGRICULTURE,Others,Others,"Field Preparation","WEATHER INFORMATION","•	No chance of rain in your area",BIHAR,SITAMARHI,RIGA,2018-07-15T13:03:18Z
KHARIF,AGRICULTURE,Others,Others,"Field Preparation","WEATHER INFORMATION","•	No chance of rain in your area",BIHAR,SITAMARHI,RIGA,2018-07-15T13:03:18Z
KHARIF,AGRICULTURE,Cereals,"Paddy (Dhan)",Weather,"Weather Information","?? ?? ??????? ??? ?? ?? ?? ???? ??? ????? ?? ????? ???? ?? ???????? ??",BIHAR,SITAMARHI,SONBARSA,2018-07-15T15:27:27Z
KHARIF,AGRICULTURE,Cereals,"Paddy (Dhan)",Weather,"Weather Information","?? ?? ??????? ??? ?? ?? ?? ???? ??? ????? ?? ????? ???? ?? ???????? ??",BIHAR,SITAMARHI,SONBARSA,2018-07-15T15:27:27Z
RABI,HORTICULTURE,Fruits,Pomegranate,"Plant Protection","Fruit Borer","4.Apply Chlorpyriphos 20EC 2 ml/lit; Malathion 50 EC 2 ml/lit",BIHAR,SITAMARHI,MAJORGANJ,2018-07-16T10:47:38Z
RABI,HORTICULTURE,Fruits,Pomegranate,"Plant Protection","Fruit Borer","4.Apply Chlorpyriphos 20EC 2 ml/lit; Malathion 50 EC 2 ml/lit",BIHAR,SITAMARHI,MAJORGANJ,2018-07-16T10:47:38Z
KHARIF,AGRICULTURE,Cereals,"Paddy (Dhan)","Weed Management","paddy dhan weed management","pretilachlor( Rifit) 750g /hac ya pendimithilin 1 liter/hac",BIHAR,SITAMARHI,PARIHAR,2018-07-16T15:48:28Z
KHARIF,AGRICULTURE,Cereals,"Paddy (Dhan)","Weed Management","paddy dhan weed management","pretilachlor( Rifit) 750g /hac ya pendimithilin 1 liter/hac",BIHAR,SITAMARHI,PARIHAR,2018-07-16T15:48:28Z
KHARIF,AGRICULTURE,Cereals,"Paddy (Dhan)",Weather,"WEATHER INFORMATION","???? ??????? ??? ???? ??? ????? ?? ????? ????  ?? ??????? ??",BIHAR,SITAMARHI,RUNNISAIDPUR,2018-07-16T19:21:51Z
KHARIF,AGRICULTURE,Cereals,"Paddy (Dhan)",Weather,"WEATHER INFORMATION","???? ??????? ??? ???? ??? ????? ?? ????? ????  ?? ??????? ??",BIHAR,SITAMARHI,RUNNISAIDPUR,2018-07-16T19:21:51Z
KHARIF,AGRICULTURE,Cereals,"Paddy (Dhan)",Weather,"WEATHER INFORMATION","?? ?? ??????? ??? ???? ???  ????? ??  ????? ???? ?? ??????? ??",BIHAR,SITAMARHI,PARIHAR,2018-07-17T21:37:14Z
KHARIF,AGRICULTURE,Cereals,"Paddy (Dhan)",Weather,"WEATHER INFORMATION","?? ?? ??????? ??? ???? ???  ????? ??  ????? ???? ?? ??????? ??",BIHAR,SITAMARHI,PARIHAR,2018-07-17T21:37:14Z
KHARIF,AGRICULTURE,Others,Others,"Government Schemes","information about dissel subsidy","Government Scheme Website - www.krishimis.in",BIHAR,SITAMARHI,RUNNISAIDPUR,2018-07-18T11:20:53Z
KHARIF,AGRICULTURE,Others,Others,"Government Schemes","information about dissel subsidy","Government Scheme Website - www.krishimis.in",BIHAR,SITAMARHI,RUNNISAIDPUR,2018-07-18T11:20:53Z
KHARIF,AGRICULTURE,Others,Others,Weather,"WEATHER INFORMATION","Cloudy weather in your area, chance of rain in your area",BIHAR,SITAMARHI,BELSAND,2018-07-20T11:04:59Z
KHARIF,AGRICULTURE,Others,Others,Weather,"WEATHER INFORMATION","Cloudy weather in your area, chance of rain in your area",BIHAR,SITAMARHI,BELSAND,2018-07-20T11:04:59Z
KHARIF,AGRICULTURE,Others,Others,Weather,"WEATHER INFORMATION","Cloudy weather in your area, chance of rain in your area",BIHAR,SITAMARHI,RIGA,2018-07-20T11:53:03Z
KHARIF,AGRICULTURE,Others,Others,Weather,"WEATHER INFORMATION","Cloudy weather in your area, chance of rain in your area",BIHAR,SITAMARHI,RIGA,2018-07-20T11:53:03Z
KHARIF,AGRICULTURE,Cereals,"Paddy (Dhan)",Weather,"WEATHER INFORMATION","?? ?? ?? ???? ??????? ??? ???? ??? ????? ?? ????? ?? ??????? ??",BIHAR,SITAMARHI,BATHANAHA,2018-07-20T15:04:24Z
KHARIF,AGRICULTURE,Cereals,"Paddy (Dhan)",Weather,"WEATHER INFORMATION","?? ?? ?? ???? ??????? ??? ???? ??? ????? ?? ????? ?? ??????? ??",BIHAR,SITAMARHI,BATHANAHA,2018-07-20T15:04:24Z
KHARIF,AGRICULTURE,Cereals,"Paddy (Dhan)",Weather,"WEATHER INFORMATION","?? ?? ?? ???? ??????? ??? ????? ?? ??????? ??? ??",BIHAR,SITAMARHI,RUNNISAIDPUR,2018-07-20T15:27:24Z
KHARIF,AGRICULTURE,Cereals,"Paddy (Dhan)",Weather,"WEATHER INFORMATION","?? ?? ?? ???? ??????? ??? ????? ?? ??????? ??? ??",BIHAR,SITAMARHI,RUNNISAIDPUR,2018-07-20T15:27:24Z
KHARIF,AGRICULTURE,Cereals,"Paddy (Dhan)",Weather,"WEATHER INFORMATION","?? ?? ?? ???? ??????? ??? ???? ??? ????? ?? ????? ?? ??????? ??",BIHAR,SITAMARHI,RUNNISAIDPUR,2018-07-20T17:17:09Z
KHARIF,AGRICULTURE,Cereals,"Paddy (Dhan)",Weather,"WEATHER INFORMATION","?? ?? ?? ???? ??????? ??? ???? ??? ????? ?? ????? ?? ??????? ??",BIHAR,SITAMARHI,RUNNISAIDPUR,2018-07-20T17:17:09Z
KHARIF,AGRICULTURE,Others,Others,Weather,weather,"no rain",BIHAR,SITAMARHI,SONBARSA,2018-07-20T17:22:19Z
KHARIF,AGRICULTURE,Others,Others,Weather,weather,"no rain",BIHAR,SITAMARHI,SONBARSA,2018-07-20T17:22:19Z
KHARIF,AGRICULTURE,Cereals,"Paddy (Dhan)","Weed Management","WEED CONTROL IN PADDY","SPRAY NOMINIGOLD 100ML/ACRE IN PADDY FROM TRANSPLANTING AFTER 20-25DAYS",BIHAR,SITAMARHI,BELSAND,2018-07-20T19:11:14Z
KHARIF,AGRICULTURE,Cereals,"Paddy (Dhan)","Weed Management","WEED CONTROL IN PADDY","SPRAY NOMINIGOLD 100ML/ACRE IN PADDY FROM TRANSPLANTING AFTER 20-25DAYS",BIHAR,SITAMARHI,BELSAND,2018-07-20T19:11:14Z
KHARIF,AGRICULTURE,Others,Others,Weather,"Weather information","Cloudy weather in your area ,chance of rain in your area",BIHAR,SITAMARHI,BOKHRA,2018-07-21T11:11:11Z
KHARIF,AGRICULTURE,Others,Others,Weather,"Weather information","Cloudy weather in your area ,chance of rain in your area",BIHAR,SITAMARHI,BOKHRA,2018-07-21T11:11:11Z
KHARIF,AGRICULTURE,Others,Others,Weather,"Weather information","Cloudy weather in your area ,chance of rain in your area",BIHAR,SITAMARHI,BOKHRA,2018-07-21T11:11:29Z
KHARIF,AGRICULTURE,Others,Others,Weather,"Weather information","Cloudy weather in your area ,chance of rain in your area",BIHAR,SITAMARHI,BOKHRA,2018-07-21T11:11:29Z
KHARIF,AGRICULTURE,Others,Others,Weather,"Weather Information","There will be cloud in your area but there is no possibility of rain",BIHAR,SITAMARHI,RIGA,2018-07-21T19:10:07Z
KHARIF,AGRICULTURE,Others,Others,Weather,"Weather Information","There will be cloud in your area but there is no possibility of rain",BIHAR,SITAMARHI,RIGA,2018-07-21T19:10:07Z
KHARIF,AGRICULTURE,Cereals,"Paddy (Dhan)",Weather,"WEATHER INFORMATION","???? ???  ?????, ????? ????? ???? ?? ??????? ??",BIHAR,SITAMARHI,BATHANAHA,2018-07-22T07:28:50Z
KHARIF,AGRICULTURE,Cereals,"Paddy (Dhan)",Weather,"WEATHER INFORMATION","???? ???  ?????, ????? ????? ???? ?? ??????? ??",BIHAR,SITAMARHI,BATHANAHA,2018-07-22T07:28:50Z
KHARIF,AGRICULTURE,Others,Others,"Government Schemes","PROBLEM RELATED TO DBT","AAP BLOCK ME BLOCK AGRICULTURE  OFFICER SE CONTACT KARE",BIHAR,SITAMARHI,BELSAND,2018-07-22T11:24:29Z
KHARIF,AGRICULTURE,Others,Others,"Government Schemes","PROBLEM RELATED TO DBT","AAP BLOCK ME BLOCK AGRICULTURE  OFFICER SE CONTACT KARE",BIHAR,SITAMARHI,BELSAND,2018-07-22T11:24:29Z
KHARIF,AGRICULTURE,Others,Others,"Government Schemes","PROBLEM RELATED TO DBT","AAP BLOCK ME CONTACT KARE",BIHAR,SITAMARHI,PARIHAR,2018-07-24T08:15:26Z
KHARIF,AGRICULTURE,Others,Others,"Government Schemes","PROBLEM RELATED TO DBT","AAP BLOCK ME CONTACT KARE",BIHAR,SITAMARHI,PARIHAR,2018-07-24T08:15:26Z
KHARIF,AGRICULTURE,Others,Others,"Government Schemes","For farmer registration","For farmer registration : www.krishimis.in",BIHAR,SITAMARHI,NANPUR,2018-07-24T09:42:18Z
KHARIF,AGRICULTURE,Others,Others,"Government Schemes","For farmer registration","For farmer registration : www.krishimis.in",BIHAR,SITAMARHI,NANPUR,2018-07-24T09:42:18Z
KHARIF,AGRICULTURE,Others,Others,"Organic Farming","INFORMATION ABOUT FASAL BIMA YOJNA","AAP BLOCK ME CONTACT KARE",BIHAR,SITAMARHI,RIGA,2018-07-24T11:01:40Z
KHARIF,AGRICULTURE,Others,Others,"Organic Farming","INFORMATION ABOUT FASAL BIMA YOJNA","AAP BLOCK ME CONTACT KARE",BIHAR,SITAMARHI,RIGA,2018-07-24T11:01:40Z
KHARIF,HORTICULTURE,Vegetables,Bhindi(Okra/Ladysfinger),"Plant Protection","yellow vein mosaic","spray imidachloroprid 1ml/3lit of water in bhindi",BIHAR,SITAMARHI,BELSAND,2018-07-24T14:23:27Z
KHARIF,HORTICULTURE,Vegetables,Bhindi(Okra/Ladysfinger),"Plant Protection","yellow vein mosaic","spray imidachloroprid 1ml/3lit of water in bhindi",BIHAR,SITAMARHI,BELSAND,2018-07-24T14:23:27Z
KHARIF,AGRICULTURE,Others,Others,Weather,"WEATHER INFORMATION","Cloudy weather in your area, chance of rain in your area.",BIHAR,SITAMARHI,SURSAND,2018-07-24T15:39:05Z
KHARIF,AGRICULTURE,Others,Others,Weather,"WEATHER INFORMATION","Cloudy weather in your area, chance of rain in your area.",BIHAR,SITAMARHI,SURSAND,2018-07-24T15:39:05Z
KHARIF,AGRICULTURE,Others,Others,Weather,"WEATHER INFORMATION","Cloudy weather in your area, chance of rain in your area",BIHAR,SITAMARHI,BATHANAHA,2018-07-27T17:41:49Z
KHARIF,AGRICULTURE,Others,Others,Weather,"WEATHER INFORMATION","Cloudy weather in your area, chance of rain in your area",BIHAR,SITAMARHI,BATHANAHA,2018-07-27T17:41:49Z
KHARIF,AGRICULTURE,Others,Others,Weather,"WEATHER INFORMATION","Cloudy weather in your area, chance of rain in your area",BIHAR,SITAMARHI,BATHANAHA,2018-07-27T17:41:58Z
KHARIF,AGRICULTURE,Others,Others,Weather,"WEATHER INFORMATION","Cloudy weather in your area, chance of rain in your area",BIHAR,SITAMARHI,BATHANAHA,2018-07-27T17:41:58Z
KHARIF,AGRICULTURE,Others,Others,Weather,"WEATHER INFORMATION","Cloudy weather in your area, chance of rain in your area",BIHAR,SITAMARHI,BATHANAHA,2018-07-27T17:42:02Z
KHARIF,AGRICULTURE,Others,Others,Weather,"WEATHER INFORMATION","Cloudy weather in your area, chance of rain in your area",BIHAR,SITAMARHI,BATHANAHA,2018-07-27T17:42:02Z
KHARIF,AGRICULTURE,Others,Others,"Government Schemes","problem related to dbt","aap sahaj kendra me jaye",BIHAR,SITAMARHI,RUNNISAIDPUR,2018-07-28T07:26:41Z
KHARIF,AGRICULTURE,Others,Others,"Government Schemes","problem related to dbt","aap sahaj kendra me jaye",BIHAR,SITAMARHI,RUNNISAIDPUR,2018-07-28T07:26:41Z
KHARIF,AGRICULTURE,Others,Others,Weather,"WEATHER INFORMATION","Cloudy weather in your area, chance of rain in your area .",BIHAR,SITAMARHI,SURSAND,2018-07-28T10:04:43Z
KHARIF,AGRICULTURE,Others,Others,Weather,"WEATHER INFORMATION","Cloudy weather in your area, chance of rain in your area .",BIHAR,SITAMARHI,SURSAND,2018-07-28T10:04:43Z
KHARIF,AGRICULTURE,Others,Others,"Government Schemes","problem related to dbt","aap sahaj kendra me jaye",BIHAR,SITAMARHI,PARSAUNI,2018-07-28T11:39:07Z
KHARIF,AGRICULTURE,Others,Others,"Government Schemes","problem related to dbt","aap sahaj kendra me jaye",BIHAR,SITAMARHI,PARSAUNI,2018-07-28T11:39:07Z
KHARIF,AGRICULTURE,Others,Others,Weather,"problem related to dbt","aap sahaj kendra me jaye",BIHAR,SITAMARHI,BOKHRA,2018-07-28T13:13:06Z
KHARIF,AGRICULTURE,Others,Others,Weather,"problem related to dbt","aap sahaj kendra me jaye",BIHAR,SITAMARHI,BOKHRA,2018-07-28T13:13:06Z
KHARIF,AGRICULTURE,Others,Others,Weather,"WEATHER INFORMATION","Cloudy weather in your area, chance of rain in your area .",BIHAR,SITAMARHI,DUMRA,2018-07-29T07:32:12Z
KHARIF,AGRICULTURE,Others,Others,Weather,"WEATHER INFORMATION","Cloudy weather in your area, chance of rain in your area .",BIHAR,SITAMARHI,DUMRA,2018-07-29T07:32:12Z
KHARIF,AGRICULTURE,Others,Others,"Government Schemes","For farmer registration","For farmer registration : www.krishimis.in",BIHAR,SITAMARHI,SONBARSA,2018-07-29T09:32:07Z
KHARIF,AGRICULTURE,Others,Others,"Government Schemes","For farmer registration","For farmer registration : www.krishimis.in",BIHAR,SITAMARHI,SONBARSA,2018-07-29T09:32:07Z
KHARIF,AGRICULTURE,Cereals,"Paddy (Dhan)","Weed Management","WEED MANAGEMENT IN RICE FIELD","AAP NIKAI GURAI KRWAYE",BIHAR,SITAMARHI,RUNNISAIDPUR,2018-07-29T10:31:42Z
KHARIF,AGRICULTURE,Cereals,"Paddy (Dhan)","Weed Management","WEED MANAGEMENT IN RICE FIELD","AAP NIKAI GURAI KRWAYE",BIHAR,SITAMARHI,RUNNISAIDPUR,2018-07-29T10:31:42Z
KHARIF,AGRICULTURE,Others,Others,Weather,"problem related to dbt","aap sahaj kendra me jaye",BIHAR,SITAMARHI,BAJPATTI,2018-07-29T11:17:52Z
KHARIF,AGRICULTURE,Others,Others,Weather,"problem related to dbt","aap sahaj kendra me jaye",BIHAR,SITAMARHI,BAJPATTI,2018-07-29T11:17:52Z
KHARIF,AGRICULTURE,Cereals,"Paddy (Dhan)",Weather,"Weather information","???? ???  ????? ????? ???? ?? ??????? ??",BIHAR,SITAMARHI,BATHANAHA,2018-07-29T15:36:45Z
KHARIF,AGRICULTURE,Cereals,"Paddy (Dhan)",Weather,"Weather information","???? ???  ????? ????? ???? ?? ??????? ??",BIHAR,SITAMARHI,BATHANAHA,2018-07-29T15:36:45Z
KHARIF,AGRICULTURE,Others,Others,"Field Preparation","yellow leaf on bhindi","copperoxychlorid@ 2g/lit water spray",BIHAR,SITAMARHI,BATHANAHA,2018-07-29T15:47:34Z
KHARIF,AGRICULTURE,Others,Others,"Field Preparation","yellow leaf on bhindi","copperoxychlorid@ 2g/lit water spray",BIHAR,SITAMARHI,BATHANAHA,2018-07-29T15:47:34Z
KHARIF,AGRICULTURE,Others,Others,"Field Preparation",www.dbtagriculture.bihar.gov.in,www.dbtagriculture.bihar.gov.in,BIHAR,SITAMARHI,RIGA,2018-07-29T19:47:04Z
KHARIF,AGRICULTURE,Others,Others,"Field Preparation",www.dbtagriculture.bihar.gov.in,www.dbtagriculture.bihar.gov.in,BIHAR,SITAMARHI,RIGA,2018-07-29T19:47:04Z
KHARIF,AGRICULTURE,Others,Others,Weather,"WEATHER INFORMATION","Cloudy weather in your area, chance of rain in your area",BIHAR,SITAMARHI,RIGA,2018-07-29T20:13:25Z
KHARIF,AGRICULTURE,Others,Others,Weather,"WEATHER INFORMATION","Cloudy weather in your area, chance of rain in your area",BIHAR,SITAMARHI,RIGA,2018-07-29T20:13:25Z
KHARIF,AGRICULTURE,Others,Others,"Field Preparation","Weather information","Hazy weather in your area ,no chance of rain",BIHAR,SITAMARHI,RUNNISAIDPUR,2018-07-29T21:33:55Z
KHARIF,AGRICULTURE,Others,Others,"Field Preparation","Weather information","Hazy weather in your area ,no chance of rain",BIHAR,SITAMARHI,RUNNISAIDPUR,2018-07-29T21:33:55Z
KHARIF,AGRICULTURE,Others,Others,"Field Preparation","Weather information","Hazy weather in your area ,no chance of rain",BIHAR,SITAMARHI,RUNNISAIDPUR,2018-07-29T21:33:57Z
KHARIF,AGRICULTURE,Others,Others,"Field Preparation","Weather information","Hazy weather in your area ,no chance of rain",BIHAR,SITAMARHI,RUNNISAIDPUR,2018-07-29T21:33:57Z
KHARIF,AGRICULTURE,Cereals,"Paddy (Dhan)",Weather,"WEATHER INFORMATION","?? ?? ?? ???? ??????? ??? ???? ??? ????? ?? ????? ?? ??????? ??",BIHAR,SITAMARHI,DUMRA,2018-07-30T16:19:23Z
KHARIF,AGRICULTURE,Cereals,"Paddy (Dhan)",Weather,"WEATHER INFORMATION","?? ?? ?? ???? ??????? ??? ???? ??? ????? ?? ????? ?? ??????? ??",BIHAR,SITAMARHI,DUMRA,2018-07-30T16:19:23Z
KHARIF,AGRICULTURE,Others,Others,"Field Preparation","WEATHER INFORMATION","Cloudy weather in your area, chance of rain in your area .",BIHAR,SITAMARHI,SURSAND,2018-07-30T19:19:35Z
KHARIF,AGRICULTURE,Others,Others,"Field Preparation","WEATHER INFORMATION","Cloudy weather in your area, chance of rain in your area .",BIHAR,SITAMARHI,SURSAND,2018-07-30T19:19:35Z
KHARIF,AGRICULTURE,Others,Others,Weather,"WEATHER INFORMATION","Cloud will remain, there is the possibility of a drizzle",BIHAR,SITAMARHI,BELSAND,2018-07-31T09:32:40Z
KHARIF,AGRICULTURE,Others,Others,Weather,"WEATHER INFORMATION","Cloud will remain, there is the possibility of a drizzle",BIHAR,SITAMARHI,BELSAND,2018-07-31T09:32:40Z
KHARIF,AGRICULTURE,Others,Others,Weather,"weather information","Cloudy weather in your area, chance of rain in your area.",BIHAR,SITAMARHI,MAJORGANJ,2018-07-31T14:15:25Z
KHARIF,AGRICULTURE,Others,Others,Weather,"weather information","Cloudy weather in your area, chance of rain in your area.",BIHAR,SITAMARHI,MAJORGANJ,2018-07-31T14:15:25Z
KHARIF,AGRICULTURE,Others,Others,Weather,"weather information","Cloudy weather in your area, chance of rain in your area.",BIHAR,SITAMARHI,MAJORGANJ,2018-07-31T14:15:49Z
KHARIF,AGRICULTURE,Others,Others,Weather,"weather information","Cloudy weather in your area, chance of rain in your area.",BIHAR,SITAMARHI,MAJORGANJ,2018-07-31T14:15:49Z
KHARIF,AGRICULTURE,Others,Others,"Field Preparation",http://dbtagriculture.bihar.gov.in/,http://dbtagriculture.bihar.gov.in/,BIHAR,SITAMARHI,RIGA,2018-07-31T16:00:08Z
KHARIF,AGRICULTURE,Others,Others,"Field Preparation",http://dbtagriculture.bihar.gov.in/,http://dbtagriculture.bihar.gov.in/,BIHAR,SITAMARHI,RIGA,2018-07-31T16:00:08Z
