Season,Sector,Category,Crop,QueryType,QueryText,KCCAns,StateName,DistrictName,BlockName,CreatedOn
KHARIF,AGRICULTURE,Others,Others,"Plant Protection","stem borer in paddy","Use Carbofuran-25kg/ha",BIHAR,VAISHALI,BIDUPUR,2018-09-04T20:48:41Z
KHARIF,AGRICULTURE,Others,Others,"Plant Protection","stem borer in paddy","Use Carbofuran-25kg/ha",BIHAR,VAISHALI,BIDUPUR,2018-09-04T20:48:41Z
KHARIF,AGRICULTURE,Others,Others,Varieties,"Weather Information","Mostly cloudy, a shower or thunderstorm",BIHAR,VAISHALI,GARAUL,2018-09-05T17:17:58Z
KHARIF,AGRICULTURE,Others,Others,Varieties,"Weather Information","Mostly cloudy, a shower or thunderstorm",BIHAR,VAISHALI,GARAUL,2018-09-05T17:17:58Z
KHARIF,AGRICULTURE,Others,Others,Weather,"Weather Information","Mostly cloudy, a shower or thunderstorm",BIHAR,VAISHALI,BHAGWANPUR,2018-09-05T18:08:38Z
KHARIF,AGRICULTURE,Others,Others,Weather,"Weather Information","Mostly cloudy, a shower or thunderstorm",BIHAR,VAISHALI,BHAGWANPUR,2018-09-05T18:08:38Z
KHARIF,AGRICULTURE,Others,Others,Weather,"WEATHER  INFORMATION","NO CHANCE TO RAIN IN YOUR AREA",BIHAR,VAISHALI,PATEPUR,2018-09-07T14:45:37Z
KHARIF,AGRICULTURE,Others,Others,Weather,"WEATHER  INFORMATION","NO CHANCE TO RAIN IN YOUR AREA",BIHAR,VAISHALI,PATEPUR,2018-09-07T14:45:37Z
KHARIF,AGRICULTURE,Others,Others,"Government Schemes","QUEY FOR  BORING","MEET NEAREST BLOCK CODINETAR",BIHAR,VAISHALI,RAJAPAKAR,2018-09-07T16:10:19Z
KHARIF,AGRICULTURE,Others,Others,"Government Schemes","QUEY FOR  BORING","MEET NEAREST BLOCK CODINETAR",BIHAR,VAISHALI,RAJAPAKAR,2018-09-07T16:10:19Z
KHARIF,AGRICULTURE,Others,Others,"Weed Management","WEED MANAGEMENT IN BARREN LAND","SPRAY GLYPHOSET @ 2 GRAM / LITRE WATER",BIHAR,VAISHALI,MAHUA,2018-09-08T07:30:02Z
KHARIF,AGRICULTURE,Others,Others,"Weed Management","WEED MANAGEMENT IN BARREN LAND","SPRAY GLYPHOSET @ 2 GRAM / LITRE WATER",BIHAR,VAISHALI,MAHUA,2018-09-08T07:30:02Z
KHARIF,HORTICULTURE,Vegetables,Cauliflower,"Plant Protection","ROTTING IN CAULIFLOWER","SPRAY CARBENDAZIM OR MENCOZEB 22 GM / LITRE OF WATER IN 15 DAYS INTERVAL",BIHAR,VAISHALI,PATEPUR,2018-09-08T13:23:38Z
KHARIF,HORTICULTURE,Vegetables,Cauliflower,"Plant Protection","ROTTING IN CAULIFLOWER","SPRAY CARBENDAZIM OR MENCOZEB 22 GM / LITRE OF WATER IN 15 DAYS INTERVAL",BIHAR,VAISHALI,PATEPUR,2018-09-08T13:23:38Z
KHARIF,AGRICULTURE,Others,Others,Weather,"weather informatio","today chance of rain in your area",BIHAR,VAISHALI,RAGHOPUR,2018-09-10T11:51:31Z
KHARIF,AGRICULTURE,Others,Others,Weather,"weather informatio","today chance of rain in your area",BIHAR,VAISHALI,RAGHOPUR,2018-09-10T11:51:31Z
KHARIF,AGRICULTURE,Others,Others,Weather,"weather information","Cloudy weather in your area, chance of rain in your area .",BIHAR,VAISHALI,"PATEDHI BELSAR",2018-09-11T09:55:08Z
KHARIF,AGRICULTURE,Others,Others,Weather,"weather information","Cloudy weather in your area, chance of rain in your area .",BIHAR,VAISHALI,"PATEDHI BELSAR",2018-09-11T09:55:08Z
KHARIF,HORTICULTURE,Vegetables,Cabbage,"Plant Protection","ROTTENING G IN CABBAGE","SPRAY COPPER OXY  CHLORIDE",BIHAR,VAISHALI,PATEPUR,2018-09-11T13:39:56Z
KHARIF,HORTICULTURE,Vegetables,Cabbage,"Plant Protection","ROTTENING G IN CABBAGE","SPRAY COPPER OXY  CHLORIDE",BIHAR,VAISHALI,PATEPUR,2018-09-11T13:39:56Z
KHARIF,AGRICULTURE,Others,Others,Weather,"WEATHER INFORMATION","TODAY CHANCE OF RAIN IN YOUR AREA",BIHAR,VAISHALI,VAISHALI,2018-09-12T08:31:07Z
0,AGRICULTURE,Others,Others,NA,"govt schemes",www.krishi.bih.nic.in,BIHAR,VAISHALI,DESRI,2018-09-13T15:36:06Z
0,AGRICULTURE,Others,Others,NA,"govt schemes",www.krishi.bih.nic.in,BIHAR,VAISHALI,DESRI,2018-09-13T15:36:06Z
0,HORTICULTURE,Fruits,Aonla,NA,"vegetative propagation in aonla tree","training and prunnig in aonla tree during march - april",BIHAR,VAISHALI,PATEPUR,2018-09-14T07:20:30Z
0,HORTICULTURE,Fruits,Aonla,NA,"vegetative propagation in aonla tree","training and prunnig in aonla tree during march - april",BIHAR,VAISHALI,PATEPUR,2018-09-14T07:20:30Z
0,AGRICULTURE,Cereals,"Paddy (Dhan)",NA,"TERMITE INSECT PROBLEM  IN RICE FIELD","SPRAY CHLOROPYRIPHOS 20 EC @ 2  ML / LITRE WATER",BIHAR,VAISHALI,HAJIPUR,2018-09-14T14:20:18Z
0,AGRICULTURE,Cereals,"Paddy (Dhan)",NA,"TERMITE INSECT PROBLEM  IN RICE FIELD","SPRAY CHLOROPYRIPHOS 20 EC @ 2  ML / LITRE WATER",BIHAR,VAISHALI,HAJIPUR,2018-09-14T14:20:18Z
0,NA,NA,NA,NA,NA,NA,BIHAR,VAISHALI,NA,2018-09-15T10:14:41Z
0,"ANIMAL HUSBANDRY",Animal,"Bovine(Cow,Buffalo)",NA,"information of dairy production","contact animal husbandry department - 18001805444/5666",BIHAR,VAISHALI,JANDAHA,2018-09-15T10:24:41Z
0,"ANIMAL HUSBANDRY",Animal,"Bovine(Cow,Buffalo)",NA,"information of dairy production","contact animal husbandry department - 18001805444/5666",BIHAR,VAISHALI,JANDAHA,2018-09-15T10:24:41Z
0,AGRICULTURE,Others,Others,NA,"DBT PROBLEM","AAP BLOCK ME CONTACT KARE",BIHAR,VAISHALI,LALGANJ,2018-09-15T12:29:04Z
0,AGRICULTURE,Others,Others,NA,"DBT PROBLEM","AAP BLOCK ME CONTACT KARE",BIHAR,VAISHALI,LALGANJ,2018-09-15T12:29:04Z
0,AGRICULTURE,Others,Others,NA,"MUSHROOM CULTIVATION","9430464088 dR DAYA RAM PUSA",BIHAR,VAISHALI,HAJIPUR,2018-09-15T15:36:52Z
0,AGRICULTURE,Others,Others,NA,"MUSHROOM CULTIVATION","9430464088 dR DAYA RAM PUSA",BIHAR,VAISHALI,HAJIPUR,2018-09-15T15:36:52Z
0,AGRICULTURE,Others,Others,NA,"Weather information","Cloudy weather no chance of rain in your area",BIHAR,VAISHALI,BIDUPUR,2018-09-15T18:47:17Z
0,AGRICULTURE,Others,Others,NA,"Weather information","Cloudy weather no chance of rain in your area",BIHAR,VAISHALI,BIDUPUR,2018-09-15T18:47:17Z
0,"ANIMAL HUSBANDRY",Animal,"Bovine(Cow,Buffalo)",NA,"disease management","consult to nearest or block vetenery doctor",BIHAR,VAISHALI,LALGANJ,2018-09-16T07:01:18Z
0,"ANIMAL HUSBANDRY",Animal,"Bovine(Cow,Buffalo)",NA,"disease management","consult to nearest or block vetenery doctor",BIHAR,VAISHALI,LALGANJ,2018-09-16T07:01:18Z
0,"ANIMAL HUSBANDRY",Animal,"Bovine(Cow,Buffalo)",NA,"disease management","consult to nearest or block vetenery doctor",BIHAR,VAISHALI,LALGANJ,2018-09-16T07:01:18Z
0,"ANIMAL HUSBANDRY",Animal,"Bovine(Cow,Buffalo)",NA,"disease management","consult to nearest or block vetenery doctor",BIHAR,VAISHALI,LALGANJ,2018-09-16T07:01:18Z
0,NA,NA,NA,NA,weather,"no rain",BIHAR,VAISHALI,GARAUL,2018-09-16T20:39:47Z
0,NA,NA,NA,NA,weather,"no rain",BIHAR,VAISHALI,GARAUL,2018-09-16T20:39:47Z
0,AGRICULTURE,Others,Others,NA,"GOVT SCHEMES;","GOVT SCHEMES;    KRISHI.BIH.NIC.IN",BIHAR,VAISHALI,JANDAHA,2018-09-17T17:51:30Z
0,AGRICULTURE,Others,Others,NA,"GOVT SCHEMES;","GOVT SCHEMES;    KRISHI.BIH.NIC.IN",BIHAR,VAISHALI,JANDAHA,2018-09-17T17:51:30Z
0,AGRICULTURE,Others,Others,NA,"Weather information","Partly cloudy weather in your area,but no chance of rain.",BIHAR,VAISHALI,PATEPUR,2018-09-18T15:49:18Z
0,AGRICULTURE,Others,Others,NA,"Weather information","Partly cloudy weather in your area,but no chance of rain.",BIHAR,VAISHALI,PATEPUR,2018-09-18T15:49:18Z
0,AGRICULTURE,Others,Others,NA,"weed management in unsowing field","use glyphosat 2.5ml per liter of water",BIHAR,VAISHALI,RAGHOPUR,2018-09-18T16:48:42Z
0,AGRICULTURE,Others,Others,NA,"weed management in unsowing field","use glyphosat 2.5ml per liter of water",BIHAR,VAISHALI,RAGHOPUR,2018-09-18T16:48:42Z
0,AGRICULTURE,Others,Others,NA,"Weather information","No chance of rain in your area",BIHAR,VAISHALI,"SAHDEI BUZURG",2018-09-18T17:53:15Z
0,AGRICULTURE,Others,Others,NA,"Weather information","No chance of rain in your area",BIHAR,VAISHALI,"SAHDEI BUZURG",2018-09-18T17:53:15Z
0,AGRICULTURE,Others,NA,NA,"ARHAR SEED INFORMATION","ICPH8  BAHAR",BIHAR,VAISHALI,MAHNAR,2018-09-20T15:21:22Z
0,AGRICULTURE,Others,NA,NA,"ARHAR SEED INFORMATION","ICPH8  BAHAR",BIHAR,VAISHALI,MAHNAR,2018-09-20T15:21:22Z
0,AGRICULTURE,Others,Others,NA,"Weather information","chance of rain in your area",BIHAR,VAISHALI,HAJIPUR,2018-09-21T07:16:22Z
0,AGRICULTURE,Others,Others,NA,"Weather information","chance of rain in your area",BIHAR,VAISHALI,HAJIPUR,2018-09-21T07:16:22Z
0,AGRICULTURE,Others,Others,NA,"Weather information","no chance of rain in your area",BIHAR,VAISHALI,LALGANJ,2018-09-23T09:59:35Z
0,AGRICULTURE,Others,Others,NA,"Weather information","no chance of rain in your area",BIHAR,VAISHALI,LALGANJ,2018-09-23T09:59:35Z
0,AGRICULTURE,Others,Others,NA,"Mushroom cultivation","Dr. Dayaram – 9430464088",BIHAR,VAISHALI,MAHNAR,2018-09-24T08:51:00Z
0,AGRICULTURE,Others,Others,NA,"Mushroom cultivation","Dr. Dayaram – 9430464088",BIHAR,VAISHALI,MAHNAR,2018-09-24T08:51:00Z
0,AGRICULTURE,Others,Others,NA,"WEATHER INFORMATION","NO CHANCE TO RAIN IN YOUR AREA",BIHAR,VAISHALI,HAJIPUR,2018-09-26T07:10:46Z
0,AGRICULTURE,Others,Others,NA,"WEATHER INFORMATION","NO CHANCE TO RAIN IN YOUR AREA",BIHAR,VAISHALI,HAJIPUR,2018-09-26T07:10:46Z
0,AGRICULTURE,Others,Others,NA,"weather information","no chance to rain in your area",BIHAR,VAISHALI,LALGANJ,2018-09-27T10:43:05Z
0,AGRICULTURE,Others,Others,NA,"weather information","no chance to rain in your area",BIHAR,VAISHALI,LALGANJ,2018-09-27T10:43:05Z
0,AGRICULTURE,Others,Others,NA,"Weather information","Cloudy weather in your area,but no chance of rain.",BIHAR,VAISHALI,"SAHDEI BUZURG",2018-09-28T11:47:40Z
0,AGRICULTURE,Others,Others,NA,"Weather information","Cloudy weather in your area,but no chance of rain.",BIHAR,VAISHALI,"SAHDEI BUZURG",2018-09-28T11:47:40Z
0,AGRICULTURE,Cereals,NA,NA,"Pest in paddy","Spray imidachloprid @ 1 ml/3 liter of water",BIHAR,VAISHALI,"SAHDEI BUZURG",2018-09-28T11:51:52Z
0,AGRICULTURE,Cereals,NA,NA,"Pest in paddy","Spray imidachloprid @ 1 ml/3 liter of water",BIHAR,VAISHALI,"SAHDEI BUZURG",2018-09-28T11:51:52Z
0,AGRICULTURE,Others,Others,NA,"inesect infestation in cauliflower","Spray imidachloprid @ 1 ml/3 liter of water",BIHAR,VAISHALI,HAJIPUR,2018-09-29T07:27:30Z
0,AGRICULTURE,Others,Others,NA,"inesect infestation in cauliflower","Spray imidachloprid @ 1 ml/3 liter of water",BIHAR,VAISHALI,HAJIPUR,2018-09-29T07:27:30Z
0,AGRICULTURE,Cereals,Wheat,NA,"SOWING TIME  OF WHEAT---","SOWING TIME  OF WHEAT---OCTOBER",BIHAR,VAISHALI,MAHUA,2018-09-29T09:20:24Z
0,AGRICULTURE,Cereals,Wheat,NA,"SOWING TIME  OF WHEAT---","SOWING TIME  OF WHEAT---OCTOBER",BIHAR,VAISHALI,MAHUA,2018-09-29T09:20:24Z
0,AGRICULTURE,Others,Others,NA,"DBT PROBLEM","AAP CSC ME CONTACT KARE",BIHAR,VAISHALI,LALGANJ,2018-09-29T12:12:30Z
0,AGRICULTURE,Others,Others,NA,"DBT PROBLEM","AAP CSC ME CONTACT KARE",BIHAR,VAISHALI,LALGANJ,2018-09-29T12:12:30Z
0,AGRICULTURE,Others,Others,NA,"WEATHER INFORMATION","NO CHANCE TO RAIN IN YOUR AREA",BIHAR,VAISHALI,BHAGWANPUR,2018-09-30T07:16:34Z
0,AGRICULTURE,Others,Others,NA,"WEATHER INFORMATION","NO CHANCE TO RAIN IN YOUR AREA",BIHAR,VAISHALI,BHAGWANPUR,2018-09-30T07:16:34Z
0,AGRICULTURE,Others,Others,NA,WEATHER,"NO RAIN",BIHAR,VAISHALI,VAISHALI,2018-09-30T14:32:15Z
0,AGRICULTURE,Others,Others,NA,WEATHER,"NO RAIN",BIHAR,VAISHALI,VAISHALI,2018-09-30T14:32:15Z
