Season,Sector,Category,Crop,QueryType,QueryText,KCCAns,StateName,DistrictName,BlockName,CreatedOn
RABI,HORTICULTURE,Fruits,Papaya,"Plant Protection","black spot problem  of  papaya","Spray saaf @ 2gm/lit of water",BIHAR,NALANDA,ASTHAWAN,2018-01-01T11:22:38Z
RABI,AGRICULTURE,Others,Others,Weather,"WEATHER INFORMATION","No chance of rain in your area",BIHAR,NALANDA,ASTHAWAN,2018-01-01T11:23:53Z
RABI,HORTICULTURE,"Condiments and Spices",Coriander,"Cultural Practices","WEED MANAGEMENT IN CORIANDER -","WEED MANAGEMENT IN CORIANDER ---Pre-emergence spray of herbicide Fluchloralin 700 ml in 500 lit/ha.",BIHAR,NALANDA,HARNAUT,2018-01-02T15:36:56Z
RABI,AGRICULTURE,Others,Others,Weather,"WEATHER INFORMATION","????? ???? ???? ????? ?????? ??? ???? ????? I",BIHAR,NALANDA,HILSA,2018-01-02T16:12:23Z
RABI,AGRICULTURE,Others,Others,Weather,"WEATHER INFORMATION","????? ???? ???? ????? ?????? ??? ???? ????? I",BIHAR,NALANDA,HILSA,2018-01-02T16:14:19Z
RABI,AGRICULTURE,Others,Others,Weather,"WEATHER INFORMATION","????? ???? ???? ????? ?????? ??? ???? ????? I",BIHAR,NALANDA,HILSA,2018-01-02T16:16:09Z
RABI,AGRICULTURE,Cereals,Wheat,Weather,"WEATHER INFORMATION","???? ???  ?????  ,?????  ?? ???  ???????  ??? ??",BIHAR,NALANDA,SILAO,2018-01-02T18:34:33Z
RABI,AGRICULTURE,Others,Others,"Plant Protection","YELLOWING OF LEAVES","Spray mancozeb @ 2g/lit of water",BIHAR,NALANDA,HILSA,2018-01-02T20:14:12Z
RABI,AGRICULTURE,Others,Others,Weather,"WEATHER INFORMATION","9 C 
RealFeel 9

Partly cloudy
  


See Hourly

> 




Today

Jan 3



23 Hi 
RealFeel 24

Hazy sun
 More  



Tonight

Jan 3



6 Lo 
RealFeel 7

Hazy and chilly
 More  



Tomorrow

Jan 4



23 Hi 
RealFeel 24

Hazy sunshine",BIHAR,NALANDA,ASTHAWAN,2018-01-03T07:16:06Z
RABI,AGRICULTURE,Others,Others,"Sowing Time and Weather","sowing time of termeric","15 may to31 may",BIHAR,NALANDA,HARNAUT,2018-01-03T15:36:44Z
RABI,AGRICULTURE,Others,Others,Weather,"WEATHER INFORMATION","no chance of rain in your area",BIHAR,NALANDA,HILSA,2018-01-03T15:45:05Z
RABI,AGRICULTURE,Cereals,Wheat,Weather,"WEATHER INFORMATION","???? ??????? ??? ????? ???? ?? ??????? ???? ?? ",BIHAR,NALANDA,"KARAI PARSURAI",2018-01-03T16:24:07Z
RABI,AGRICULTURE,Others,Others,Weather,"WEATHER INFORMATION","No chance of rain in your area",BIHAR,NALANDA,HARNAUT,2018-01-03T16:24:16Z
RABI,AGRICULTURE,Others,Others,Weather,"WEATHER INFORMATION","No chance of rain in your area",BIHAR,NALANDA,HARNAUT,2018-01-03T17:31:45Z
RABI,AGRICULTURE,Others,Others,Weather,"WEATHER INFORMATION","No chance of rain in your area",BIHAR,NALANDA,HARNAUT,2018-01-03T20:54:36Z
RABI,AGRICULTURE,Others,Others,Weather,"WEATHER INFORMATION","CLOUDY WEATHER",BIHAR,NALANDA,EKANGARSARAI,2018-01-04T10:54:48Z
RABI,AGRICULTURE,Others,Others,Weather,"WEATHER INFORMATION","COOL AND CLOUDY WEATHER",BIHAR,NALANDA,EKANGARSARAI,2018-01-04T10:57:14Z
RABI,AGRICULTURE,Others,Others,Weather,"WEATHER INFORMATION","????? ???? ???? ????? ?????? ??? ???? ????? I",BIHAR,NALANDA,EKANGARSARAI,2018-01-04T14:44:47Z
RABI,AGRICULTURE,Others,Others,Weather,"WEATHER INFORMATION","????? ???? ???? ????? ?????? ??? ???? ????? I",BIHAR,NALANDA,EKANGARSARAI,2018-01-04T15:15:21Z
RABI,AGRICULTURE,Others,Others,Weather,"WEATHER INFORMATION","????? ???? ???? ????? ?????? ??? ???? ????? I",BIHAR,NALANDA,EKANGARSARAI,2018-01-04T15:15:25Z
RABI,AGRICULTURE,Others,Others,Weather,"WEATHER INFORMATION","????? ???? ???? ????? ?????? ??? ???? ????? I",BIHAR,NALANDA,EKANGARSARAI,2018-01-04T15:50:12Z
RABI,AGRICULTURE,Others,Others,Weather,"WEATHER INFORMATION","????? ???? ???? ????? ?????? ??? ???? ????? I",BIHAR,NALANDA,EKANGARSARAI,2018-01-04T15:50:55Z
RABI,AGRICULTURE,Others,Others,"Plant Protection","WEATHER INFORMATION","????? ???? ???? ????? ?????? ??? ???? ????? I",BIHAR,NALANDA,HILSA,2018-01-04T16:40:27Z
RABI,AGRICULTURE,Others,Others,"Plant Protection","WEATHER INFORMATION","????? ???? ???? ????? ?????? ??? ???? ????? I",BIHAR,NALANDA,HILSA,2018-01-04T16:51:02Z
RABI,AGRICULTURE,Others,Others,Weather,"WEATHER INFORMATION","????? ???? ???? ????? ?????? ??? ???? ????? I",BIHAR,NALANDA,EKANGARSARAI,2018-01-04T17:01:44Z
RABI,AGRICULTURE,Others,Others,Weather,"WEATHER INFORMATION","????? ???? ???? ????? ?????? ??? ???? ????? I",BIHAR,NALANDA,EKANGARSARAI,2018-01-04T17:01:55Z
RABI,AGRICULTURE,Others,Others,"Field Preparation","WEATHER INFORMATION","Cloudy with a shower",BIHAR,NALANDA,HARNAUT,2018-01-04T17:44:44Z
RABI,AGRICULTURE,Others,Others,"Field Preparation","WEATHER INFORMATION","Cloudy with a shower",BIHAR,NALANDA,HARNAUT,2018-01-04T17:46:00Z
RABI,AGRICULTURE,Others,Others,"Field Preparation","WEATHER INFORMATION","Cloudy with a shower",BIHAR,NALANDA,HARNAUT,2018-01-04T17:54:51Z
RABI,AGRICULTURE,Others,Others,"Field Preparation","WEATHER INFORMATION","There is no possibility of rain in your area. Will the sun rise in the middle of the middle.",BIHAR,NALANDA,"NAGAR NAUSA",2018-01-04T19:35:37Z
RABI,AGRICULTURE,Others,Others,Weather,"WEATHER INFORMATION","????? ???? ???? ????? ?????? ??? ???? ????? I",BIHAR,NALANDA,EKANGARSARAI,2018-01-04T20:29:44Z
RABI,AGRICULTURE,Others,Others,Weather,"WEATHER INFORMATION","????? ???? ???? ????? ?????? ??? ???? ????? I",BIHAR,NALANDA,EKANGARSARAI,2018-01-04T20:29:50Z
RABI,AGRICULTURE,Cereals,Wheat,Weather,"WEATHER INFORMATION","????? ???? ???? ????? I",BIHAR,NALANDA,ISLAMPUR,2018-01-05T09:54:54Z
RABI,AGRICULTURE,Cereals,Wheat,Weather,"INFORMATION WEATHER","????? ???? ???? ?????",BIHAR,NALANDA,ISLAMPUR,2018-01-05T10:18:40Z
RABI,AGRICULTURE,Cereals,Wheat,Weather,"INFORMATION WEATHER","????? ???? ???? ????? I",BIHAR,NALANDA,ISLAMPUR,2018-01-05T10:30:47Z
RABI,AGRICULTURE,Others,Others,Weather,"WEATHER INFORMATION","No chance of rain in your area",BIHAR,NALANDA,"NAGAR NAUSA",2018-01-05T12:52:42Z
KHARIF,HORTICULTURE,Vegetables,Chillies,"Plant Protection","LEAF CURL IN CHILIES","SPRAY PROPENOPHOS 2ml/lit of water for chilies",BIHAR,NALANDA,NOORSARAI,2018-01-05T14:32:47Z
RABI,AGRICULTURE,Others,Others,Weather,"WEATHER INFORMATION","CLOUDY WEATHER",BIHAR,NALANDA,"NAGAR NAUSA",2018-01-06T08:53:50Z
RABI,AGRICULTURE,Oilseeds,Mustard,"Plant Protection","BLIGHT OF  MUSTARD","Spray mancozeb @ 2g/lit of water",BIHAR,NALANDA,NOORSARAI,2018-01-06T11:28:59Z
RABI,HORTICULTURE,Fruits,Mango,"Plant Protection","GUMOSIS OF MANGO","BRODEUX MITURE KA LEP LAGAYE",BIHAR,NALANDA,NOORSARAI,2018-01-06T11:34:16Z
RABI,"ANIMAL HUSBANDRY",Avian,"Flying Duck","Animal Production (Piggery, Goatery, Sheep Farming etc.)","INFORMATION ABOUT BIRD","AAP BLOCK YA DISTRICT VETRINARY OFFICER  SE  CONTACT KARE",BIHAR,NALANDA,"NAGAR NAUSA",2018-01-06T13:36:32Z
RABI,AGRICULTURE,Others,Others,Weather,"WEATHER INFORMATION","????? ???? ???? ????? ?????? ??? ???? ????? I",BIHAR,NALANDA,HILSA,2018-01-06T17:11:03Z
RABI,AGRICULTURE,Others,Others,Weather,"WEATHER INFORMATION","????? ???? ???? ????? ?????? ??? ???? ????? I",BIHAR,NALANDA,HILSA,2018-01-06T17:13:38Z
RABI,AGRICULTURE,Others,Others,"Field Preparation","Varieties of bhindi","Varieties of bhindi - arka anamica, arka abhay , prabhat kranti and okra-4,",BIHAR,NALANDA,HILSA,2018-01-06T17:36:19Z
RABI,HORTICULTURE,Vegetables,Potato,"Plant Protection","BLIGHT OF POTATO","Spray mancozeb @ 2g/lit of water",BIHAR,NALANDA,NOORSARAI,2018-01-07T11:19:53Z
RABI,HORTICULTURE,Vegetables,Potato,"Plant Protection","INSECT PROBLEM INPOTATO","Spray malathion @ 2G/lit of water",BIHAR,NALANDA,NOORSARAI,2018-01-07T11:21:44Z
RABI,AGRICULTURE,Others,Others,Weather,"WEATHER  INFORMATION","Cloudy weather, rain is not likely.",BIHAR,NALANDA,NOORSARAI,2018-01-07T11:22:53Z
RABI,AGRICULTURE,Others,Others,Weather,"WEATHER INFORMATION","Cloudy weather in your area, but no chance of rain in your area",BIHAR,NALANDA,SARMERA,2018-01-07T12:19:19Z
RABI,AGRICULTURE,Others,Others,"Plant Protection","Shoot and fruit borer in brinjal","Chlorpyrifos 20 % EC	1.0  ml/lit.",BIHAR,NALANDA,"KARAI PARSURAI",2018-01-07T15:00:33Z
RABI,AGRICULTURE,Pulses,"Bengal Gram (Gram/Chick Pea/Kabuli/Chana)","Nutrient Management","NUTRIENT MANAGEMENT IN GRAM","SPRAY MULTIPLAX @ 2 G/ LITRE PANI",BIHAR,NALANDA,BIHARSHARIF,2018-01-08T14:25:54Z
RABI,AGRICULTURE,Others,Others,Weather,"WEATHER INFORMATION","Very low cloudy area but no chance of rain",BIHAR,NALANDA,BIHARSHARIF,2018-01-08T14:44:13Z
RABI,AGRICULTURE,Cereals,Wheat,Weather,"WEATHER INFORMATION","????? ???? ???? ????? ?????? ??? ???? ????? I",BIHAR,NALANDA,ISLAMPUR,2018-01-08T16:37:27Z
RABI,AGRICULTURE,Others,Others,Weather,weather,"8 C 
RealFeel 4

Hazy sunshine
  


See Hourly

> 




Today

Jan 8



21 Hi 
RealFeel 22

Hazy sunshine
 More  



Tonight

Jan 8



6 Lo 
RealFeel 7

Hazy and chilly
 More  



Tomorrow

Jan 9



21 Hi 
RealFeel 22

Hazy",BIHAR,NALANDA,ISLAMPUR,2018-01-08T17:09:12Z
RABI,AGRICULTURE,Others,Others,"Field Preparation","Insect infestation","Spray  Imidachloprid @ 1ml/3lit of water",BIHAR,NALANDA,BIND,2018-01-09T10:56:47Z
RABI,AGRICULTURE,Cereals,Wheat,Weather,"WEATHER INFORMATION","????? ???? ???? ????? ?????? ??? ???? ????? I",BIHAR,NALANDA,EKANGARSARAI,2018-01-09T19:47:32Z
RABI,AGRICULTURE,Others,Others,"Field Preparation","WEATHER INFORMATION","There is no possibility of rain in your area. Will the sun rise in the middle of the middle.",BIHAR,NALANDA,RAJGIR,2018-01-10T14:54:40Z
RABI,AGRICULTURE,Others,Others,"Field Preparation","Best variety of papaya","Best variety of papaya- pusa nanha, pusa dwarf, pusa delicious, pusa majesti",BIHAR,NALANDA,RAJGIR,2018-01-10T15:37:29Z
RABI,AGRICULTURE,Others,Others,"Field Preparation","Spray Multi micro nutrient","Spray Multi micro nutrient @ 2 gram in 1 litre of water",BIHAR,NALANDA,RAJGIR,2018-01-10T15:48:06Z
RABI,AGRICULTURE,Others,Others,"Field Preparation","WEATHER INFORMATION","No chance of rain in your area",BIHAR,NALANDA,HARNAUT,2018-01-11T07:12:35Z
RABI,AGRICULTURE,Cereals,Wheat,Weather,"WEATHER INFORMATION","Sunny weather but no rain in your area",BIHAR,NALANDA,"NAGAR NAUSA",2018-01-11T09:53:29Z
JAYAD,AGRICULTURE,Others,Others,"Sowing Time and Weather","WEATHER INFORMATION","Cooler with hazy sunshine",BIHAR,NALANDA,RAJGIR,2018-01-11T11:07:01Z
RABI,AGRICULTURE,Others,Others,Weather,"WEATHER  INFORMATION","Cloudy weather ,Hazy sun,but not chance of rain",BIHAR,NALANDA,HARNAUT,2018-01-11T11:14:14Z
RABI,AGRICULTURE,Others,Others,"Field Preparation","Variety of wheat","Variety of wheat - PBW - 343, 443, HD - 2733,2824,2967,2985",BIHAR,NALANDA,RAJGIR,2018-01-11T11:14:38Z
RABI,AGRICULTURE,Cereals,Wheat,Weather,"WEATHER INFORMATION","????? ???? ???? ????? ?????? ??? ???? ????? I",BIHAR,NALANDA,RAHUI,2018-01-11T11:31:45Z
RABI,AGRICULTURE,Cereals,Wheat,Weather,"WEATHER INFORMATION","????? ???? ???? ????? ?????? ??? ???? ????? I",BIHAR,NALANDA,PARBALPUR,2018-01-11T13:38:16Z
RABI,AGRICULTURE,Others,Others,Weather,"WEATHER INFORMATION","Hazy sunshine in your area,cold remain",BIHAR,NALANDA,RAJGIR,2018-01-11T15:32:38Z
RABI,AGRICULTURE,Others,Others,Weather,"WEATHER INFORMATION","Hazy sunshine in your area,cold remain",BIHAR,NALANDA,CHANDI,2018-01-11T16:58:24Z
RABI,AGRICULTURE,Others,Others,"Plant Protection","Alternaria Leaf
Spot in mustard","spray mancozeb @ 2 gm / lit of water",BIHAR,NALANDA,CHANDI,2018-01-11T17:27:18Z
RABI,AGRICULTURE,Others,Others,"Field Preparation","WEATHER INFORMATION","Very low cloudy area but no chance of rain",BIHAR,NALANDA,HARNAUT,2018-01-12T07:40:55Z
JAYAD,AGRICULTURE,Pulses,"Bengal Gram (Gram/Chick Pea/Kabuli/Chana)","Field Preparation","BLACK GRAM POWDERY MILDEW","SPRAY MANCOZEB 2 GRAM/LITRE OF WATER",BIHAR,NALANDA,HARNAUT,2018-01-12T07:41:44Z
RABI,AGRICULTURE,Others,Others,Weather,"WEATHER INFORMATION","????? ???? ???? ????? ?????? ??? ???? ????? I",BIHAR,NALANDA,HARNAUT,2018-01-12T10:44:25Z
RABI,AGRICULTURE,Others,Others,Weather,"WEATHER  INFORMATION","Cloudy weather ,Hazy sun,but not chance of rain",BIHAR,NALANDA,ISLAMPUR,2018-01-12T11:00:46Z
RABI,AGRICULTURE,Others,Others,Weather,"WEATHER INFORMATION","????? ???? ???? ????? ?????? ??? ???? ????? I",BIHAR,NALANDA,RAJGIR,2018-01-12T11:27:44Z
RABI,HORTICULTURE,Vegetables,Potato,"Plant Protection","CRACING OF POTATO","AAP KVK ME  CONTACT KARE",BIHAR,NALANDA,BIHARSHARIF,2018-01-12T12:55:13Z
RABI,AGRICULTURE,Others,Others,Weather,"WEATHER INFORMATION","No chance of rain in your area",BIHAR,NALANDA,RAJGIR,2018-01-12T16:06:03Z
RABI,AGRICULTURE,Others,Others,Weather,"WEATHER INFORMATION","No chance of rain in your area",BIHAR,NALANDA,RAJGIR,2018-01-12T16:06:29Z
RABI,AGRICULTURE,Others,Others,Weather,"WEATHER INFORMATION","Very low cloudy area but no chance of rain",BIHAR,NALANDA,CHANDI,2018-01-12T16:07:00Z
RABI,AGRICULTURE,Oilseeds,Mustard,"Nutrient Management","nutrient  management in mustard","Spray boom flower @ 2 ml / lit of water",BIHAR,NALANDA,CHANDI,2018-01-12T16:16:26Z
RABI,AGRICULTURE,Others,Others,"Field Preparation","Yellowing of leaves /Rotting problem","SPRAY MANCOZEB @ 2 GRAM/LITRE OF WATER",BIHAR,NALANDA,KATRISARAI,2018-01-12T16:19:11Z
RABI,AGRICULTURE,Oilseeds,Mustard,"Plant Protection","Yellowing leaves in mustard","Spray mencozeb @ 2gm/lit of water",BIHAR,NALANDA,CHANDI,2018-01-12T16:22:56Z
RABI,AGRICULTURE,Others,Others,"Field Preparation","You should consult to bank","CONTACT TO BLOCK SOIL HEALTH CARD",BIHAR,NALANDA,BEN,2018-01-12T17:11:49Z
RABI,AGRICULTURE,Others,Others,"Field Preparation","Variety of wheat","Variety of wheat - PBW - 343, 443, HD - 2733,2824,2967,2985",BIHAR,NALANDA,HARNAUT,2018-01-13T13:43:53Z
RABI,AGRICULTURE,Others,Others,"Field Preparation","Variety of Potato","Variety of Potato - KUFRI ASHOKA, KUFRI PUKHRAJ, KUFRI KANCHAN, KUFRI PUSHKAR, KUFRI LALIMA, RAJENDRA AALU-1,2,3, KUFRI SINDURI",BIHAR,NALANDA,HARNAUT,2018-01-13T13:45:21Z
RABI,AGRICULTURE,Others,Others,"Field Preparation","Nutritional medicine","Spray Multi micro nutrient @ 2 gram in 1 liter of water",BIHAR,NALANDA,HARNAUT,2018-01-13T13:46:47Z
RABI,AGRICULTURE,Others,Others,"Field Preparation","Spray boom flower @ 2 ml / lit of water","Spray boom flower @ 2 ml / lit of water",BIHAR,NALANDA,HARNAUT,2018-01-13T13:51:48Z
KHARIF,AGRICULTURE,Others,Others,Weather,WEATHER,"NO RAIN",BIHAR,NALANDA,SARMERA,2018-01-13T16:07:45Z
RABI,AGRICULTURE,Others,Others,Weather,"Weather information","Cloudy weather  today and tomorrow  no chance of rain.",BIHAR,NALANDA,HARNAUT,2018-01-13T19:20:15Z
RABI,AGRICULTURE,Others,Others,Weather,"WEATHER  INFORMATION","Cloudy weather in your area and no chance of rain in your area",BIHAR,NALANDA,SILAO,2018-01-14T08:06:27Z
RABI,AGRICULTURE,Others,Others,Weather,"WEATHER INFORMATION","????? ???? ???? ????? ?????? ??? ???? ????? I",BIHAR,NALANDA,SILAO,2018-01-14T08:13:17Z
RABI,AGRICULTURE,Others,Others,Weather,"WEATHER INFORMATION","????? ???? ???? ????? ?????? ??? ???? ????? I",BIHAR,NALANDA,SILAO,2018-01-14T08:18:09Z
RABI,AGRICULTURE,Others,Others,Weather,"WEATHER INFORMATION","????? ???? ???? ????? ?????? ??? ???? ????? I",BIHAR,NALANDA,SILAO,2018-01-14T08:47:09Z
RABI,AGRICULTURE,Others,Others,Weather,"WEATHER  INFORMATION","Cloudy weather ,Hazy sun,but not chance of rain",BIHAR,NALANDA,HARNAUT,2018-01-14T09:05:07Z
RABI,AGRICULTURE,Oilseeds,Mustard,"Plant Protection","LEAF BLIGHT PROBLEM OF MUSTARD","Spray mancozeb @ 2g/lit of water",BIHAR,NALANDA,SILAO,2018-01-15T07:04:06Z
RABI,AGRICULTURE,Oilseeds,Mustard,"Plant Protection","APHID PROBLEM OF MUSTARD","Spray malathion @ 2 G/lit of water",BIHAR,NALANDA,SILAO,2018-01-15T07:08:56Z
RABI,AGRICULTURE,Others,Others,Weather,"LEAF BLIGHT PROBLEM OF MUSTARD","Spray mancozeb @ 2g/lit of water",BIHAR,NALANDA,SILAO,2018-01-15T07:49:10Z
RABI,AGRICULTURE,Others,Others,Weather,"WEATHER  INFORMATION","Cloudy weather ,Hazy sun,but not chance of rain",BIHAR,NALANDA,SILAO,2018-01-15T11:35:18Z
RABI,AGRICULTURE,Oilseeds,Mustard,"Plant Protection","BLIGHT PROBLEM IN MUSTARD PLANT","Spray mancozeb @ 2g/lit of water",BIHAR,NALANDA,SILAO,2018-01-15T11:53:19Z
RABI,AGRICULTURE,Pulses,"Lentil (Masur)","Nutrient Management","NUTRIENT MANAGEMENT IN LENTIL","SPRAY MULTIPLAX @ 2 G / LITRE PANI",BIHAR,NALANDA,SILAO,2018-01-15T11:58:18Z
RABI,AGRICULTURE,Oilseeds,Mustard,"Plant Protection","BLIGHT PROBLEM IN MUSTARD PLANT","Spray mancozeb @ 2g/lit of water",BIHAR,NALANDA,SILAO,2018-01-15T12:00:08Z
RABI,AGRICULTURE,Others,Others,Weather,"WEATHER  INFORMATION","Cloudy weather ,Hazy sun,but not chance of rain",BIHAR,NALANDA,SILAO,2018-01-15T12:01:55Z
RABI,AGRICULTURE,Others,Others,"Field Preparation","WEATHER INFORMATION","Very low cloudy area but no chance of rain",BIHAR,NALANDA,"KARAI PARSURAI",2018-01-15T18:10:49Z
RABI,AGRICULTURE,Others,Others,"Field Preparation","Yellow leaf problem","Spray carbendazim @ 2.5 gram in 1 litre of water",BIHAR,NALANDA,"KARAI PARSURAI",2018-01-15T18:12:10Z
RABI,AGRICULTURE,Others,Others,"Weed Management","YELLOWING OF LEAVES MUTARD","Spray saaf @ 2 ml / lit of water",BIHAR,NALANDA,HILSA,2018-01-15T19:57:01Z
RABI,AGRICULTURE,Others,Others,Weather,"WEATHER INFORMATION","Sunny weather but no rain in your area.",BIHAR,NALANDA,HARNAUT,2018-01-16T08:30:09Z
RABI,AGRICULTURE,Others,Others,"Field Preparation","YELLOWING OF LEAVES / problem fungus","spray mancozeb @ 2 gm / lit of water",BIHAR,NALANDA,HARNAUT,2018-01-16T10:04:34Z
KHARIF,AGRICULTURE,Others,Others,Weather,WEATHER,"NO RAIN",BIHAR,NALANDA,"NAGAR NAUSA",2018-01-16T19:16:35Z
RABI,AGRICULTURE,Cereals,Wheat,Varieties,"YELLOWING COLOR","USE UREA  1.5KG SULPHUR 250GM IN WHEAT",BIHAR,NALANDA,"NAGAR NAUSA",2018-01-16T19:22:03Z
RABI,AGRICULTURE,Others,Others,Weather,"WEATHER  INFORMATION","Cloudy weather ,Hazy sun,but not chance of rain",BIHAR,NALANDA,BEN,2018-01-17T09:36:34Z
RABI,AGRICULTURE,Others,Others,"Plant Protection","nutrient deficiency in gram","multimicri nurient-2 gram/liter of water",BIHAR,NALANDA,"KARAI PARSURAI",2018-01-17T12:26:02Z
RABI,AGRICULTURE,Others,Others,"Plant Protection","plant protection","spray mancozeb @ 2 gm / lit of water",BIHAR,NALANDA,BEN,2018-01-17T12:29:11Z
RABI,AGRICULTURE,Others,Others,Weather,"WEATHER INFORMATION","Hazy sunshine",BIHAR,NALANDA,SILAO,2018-01-17T14:30:18Z
RABI,HORTICULTURE,Vegetables,"Pea (Vegetable)","Plant Protection","INSECT PROBLEM IN VEGETABLE PEA","SPRAY MALATHION @ 2 G/LITRE WATER",BIHAR,NALANDA,HILSA,2018-01-18T07:27:43Z
RABI,HORTICULTURE,Vegetables,Chillies,"Plant Protection","YELLOWING LEAF PROBLEM OF CHILLI","Spray mancozeb @ 2g/lit of water",BIHAR,NALANDA,THARTHARI,2018-01-18T08:34:47Z
RABI,HORTICULTURE,Vegetables,Brinjal,"Nutrient Management","NUTRIENT MANAGEMENT IN BRINJAL CROP","Spray multi micro nutrients @ 2 ml in 1 liter of water",BIHAR,NALANDA,THARTHARI,2018-01-18T08:37:30Z
RABI,AGRICULTURE,Others,Others,Weather,"WEATHER  INFORMATION","Cloudy weather ,Hazy sun,but not chance of rain",BIHAR,NALANDA,HILSA,2018-01-18T09:24:40Z
RABI,HORTICULTURE,Vegetables,Brinjal,"Plant Protection","Shoot and fruit borer","Phosalone 35 % EC 1.5  ml/lit. 
Quinalphos 25 % EC 1.5 ml/lit.",BIHAR,NALANDA,RAHUI,2018-01-18T13:23:06Z
RABI,AGRICULTURE,Others,Others,Weather,"WEATHER  INFORMATION","Cloudy weather ,Hazy sun,but not chance of rain",BIHAR,NALANDA,HARNAUT,2018-01-19T11:14:14Z
RABI,AGRICULTURE,Others,Others,"Plant Protection","query Aphid in mustard","Spray malathion @ 2 MLin 1 litre of water",BIHAR,NALANDA,ISLAMPUR,2018-01-19T16:11:10Z
RABI,AGRICULTURE,Pulses,"Bengal Gram (Gram/Chick Pea/Kabuli/Chana)","Plant Protection","ROOT BLIGHT PROBLEM OF GRAM","Spray copper oxycloride @ 2 gram in 1 litter of water",BIHAR,NALANDA,EKANGARSARAI,2018-01-20T11:06:10Z
RABI,AGRICULTURE,Others,Others,Weather,"WEATHER INFORMATION","Hazy  weather  ,rain is not likely",BIHAR,NALANDA,THARTHARI,2018-01-20T15:59:18Z
RABI,AGRICULTURE,Others,Others,"Field Preparation","WEATHER INFORMATION","Cloudy weather in your area, but no chance of rain in your area",BIHAR,NALANDA,RAJGIR,2018-01-20T19:48:08Z
JAYAD,AGRICULTURE,Others,Others,"Market Information","QUERY FOR UREA FERTILIZER SUBSIDY","TO MEET NEAREST BANK",BIHAR,NALANDA,RAHUI,2018-01-21T08:49:51Z
RABI,AGRICULTURE,Others,Others,"Field Preparation","weed problem in wheat","2,4d-2ml/lit water spray",BIHAR,NALANDA,HARNAUT,2018-01-21T19:17:22Z
RABI,AGRICULTURE,Others,Others,Weather,"WEATHER INFORMATION","Hazy sunshine",BIHAR,NALANDA,HILSA,2018-01-22T12:41:20Z
RABI,AGRICULTURE,Cereals,Wheat,Weather,"Weather information","Cloudy weather  today and tomorrow  no chance of rain.",BIHAR,NALANDA,EKANGARSARAI,2018-01-22T20:03:02Z
RABI,AGRICULTURE,Others,Others,"Field Preparation","Kisan registration","Kisan registration - www.krishimis.in",BIHAR,NALANDA,CHANDI,2018-01-23T11:41:23Z
RABI,AGRICULTURE,Cereals,Wheat,Weather,"WEATHER INFORMATION","????? ???? ???? ????? ?????? ??? ???? ????? I",BIHAR,NALANDA,"NAGAR NAUSA",2018-01-23T12:55:19Z
RABI,AGRICULTURE,Others,Others,"Field Preparation","Weather information","Cloudy weather today and tomorrow little chance of rain.",BIHAR,NALANDA,HILSA,2018-01-23T13:45:34Z
RABI,AGRICULTURE,Others,Others,"Field Preparation","WEATHER INFORMATION","Heavy Cloudy weather in your area, no chance of rain in your area",BIHAR,NALANDA,ISLAMPUR,2018-01-23T16:53:08Z
KHARIF,AGRICULTURE,Others,Others,Varieties,WEATHER,"NO RAIN",BIHAR,NALANDA,ISLAMPUR,2018-01-23T17:30:56Z
RABI,AGRICULTURE,Others,Others,"Sowing Time and Weather","WEATHER INFORMATION","Sunny weather in your area ,Condition of cold is normal,no chance of rain.",BIHAR,NALANDA,SILAO,2018-01-24T09:22:34Z
RABI,AGRICULTURE,Cereals,Wheat,Weather,"Weather information","Cloudy weather  today and tomorrow  no chance of rain.",BIHAR,NALANDA,BEN,2018-01-24T09:31:20Z
RABI,AGRICULTURE,Others,Others,"Sowing Time and Weather","WEATHER INFORMATION","Sunny weather in your area ,Condition of cold is normal,no chance of rain.",BIHAR,NALANDA,RAHUI,2018-01-24T09:37:12Z
RABI,AGRICULTURE,Others,Others,"Sowing Time and Weather","WEATHER INFORMATION","Sunny weather in your area ,Condition of cold is normal,no chance of rain.",BIHAR,NALANDA,BEN,2018-01-24T10:32:26Z
RABI,AGRICULTURE,Others,Others,"Soil Testing","WEATHER INFORMATION","Heavy Cloudy weather in your area, no chance of rain in your area",BIHAR,NALANDA,HILSA,2018-01-24T10:54:30Z
RABI,AGRICULTURE,Pulses,"Bengal Gram (Gram/Chick Pea/Kabuli/Chana)","Field Preparation","GRAM PLANT DRYING","SPRAY MANCOZEB 2 GRAM/LITRE OF WATER",BIHAR,NALANDA,THARTHARI,2018-01-24T11:25:10Z
RABI,AGRICULTURE,Cereals,Wheat,Weather,"Weather information","Cloudy weather  today and tomorrow  no chance of rain.",BIHAR,NALANDA,RAJGIR,2018-01-24T11:29:07Z
RABI,AGRICULTURE,Others,Others,Weather,"WEATHER INFORMATION","No chance of rain in your area",BIHAR,NALANDA,HARNAUT,2018-01-24T11:45:24Z
RABI,AGRICULTURE,Others,Others,"Plant Protection","plant protection","Spray saaf @ 2 ml / lit of water",BIHAR,NALANDA,HARNAUT,2018-01-24T11:56:12Z
RABI,AGRICULTURE,Others,Others,"Plant Protection","plant protection","Spray saaf @ 2 ml / lit of water",BIHAR,NALANDA,HARNAUT,2018-01-24T11:56:29Z
RABI,AGRICULTURE,Others,Others,"Plant Protection","PLANT PROTECTION","Spray boom flower @ 2 ml / lit of water",BIHAR,NALANDA,HARNAUT,2018-01-24T17:43:44Z
JAYAD,HORTICULTURE,Vegetables,Capsicum,"Vegetative Propagation and Tissue Culture","VARIETIES OF CAPSICUM","varieties are arka mohini,arka gaurav,arka basant for capsicum",BIHAR,NALANDA,SARMERA,2018-01-24T20:18:59Z
RABI,AGRICULTURE,Cereals,Wheat,Weather,"WEATHER INFORMATION","????? ?? ????? ???? ??? ??????",BIHAR,NALANDA,KATRISARAI,2018-01-24T21:15:12Z
RABI,AGRICULTURE,Others,Others,"Plant Protection","YELLOWING OF LEAVE in moong","Spray mancozeb @ 2 gm / lit of water",BIHAR,NALANDA,RAHUI,2018-01-25T15:30:49Z
RABI,AGRICULTURE,Others,Others,Weather,"WEATHER INFORMATION","Cold weather in your area,no chance of rain",BIHAR,NALANDA,THARTHARI,2018-01-25T16:57:02Z
RABI,AGRICULTURE,Others,Others,Weather,"WEATHER INFORMATION","Cold weather in your area,no chance of rain",BIHAR,NALANDA,THARTHARI,2018-01-25T16:59:22Z
RABI,AGRICULTURE,Others,Others,Weather,"WEATHER INFORMATION","Cold weather in your area,no chance of rain",BIHAR,NALANDA,THARTHARI,2018-01-25T16:59:23Z
RABI,AGRICULTURE,Others,Others,Weather,"WEATHER INFORMATION","Cold weather in your area,no chance of rain",BIHAR,NALANDA,THARTHARI,2018-01-25T16:59:24Z
RABI,AGRICULTURE,Cereals,Wheat,Weather,"Weather information","Cloudy weather  today and tomorrow  no chance of rain.",BIHAR,NALANDA,SILAO,2018-01-25T17:17:09Z
RABI,AGRICULTURE,Others,Others,Weather,WEATHER,"10 C 
RealFeel 10

Hazy sunshine
  


See Hourly

> 




Today

Jan 26



22 Hi 
RealFeel 24

Hazy sun
 More  



Tonight

Jan 26



9 Lo 
RealFeel 9

Hazy
 More  



Tomorrow

Jan 27



23 Hi 
RealFeel",BIHAR,NALANDA,HARNAUT,2018-01-26T07:42:37Z
RABI,AGRICULTURE,Others,Others,Weather,"WEATHER INFORMATION","Hazy sunshine",BIHAR,NALANDA,HARNAUT,2018-01-26T07:53:54Z
RABI,AGRICULTURE,Cereals,Wheat,Weather,"Weather information","Cloudy weather  today and tomorrow  no chance of rain.",BIHAR,NALANDA,EKANGARSARAI,2018-01-27T11:15:59Z
RABI,AGRICULTURE,Cereals,Wheat,Weather,"Weather information","Cloudy weather  today and tomorrow  no chance of rain.",BIHAR,NALANDA,HARNAUT,2018-01-27T12:55:12Z
RABI,AGRICULTURE,Cereals,Wheat,Weather,"Weather information","Cloudy weather  today and tomorrow  no chance of rain.",BIHAR,NALANDA,RAHUI,2018-01-27T13:49:30Z
RABI,AGRICULTURE,Others,Others,"Field Preparation","Kisan registration","Kisan registration www.krishimis.in",BIHAR,NALANDA,RAHUI,2018-01-27T15:23:14Z
RABI,AGRICULTURE,Cereals,Wheat,Weather,"Weather information","Cloudy weather  today and tomorrow  no chance of rain.",BIHAR,NALANDA,"NAGAR NAUSA",2018-01-27T18:15:44Z
RABI,AGRICULTURE,Others,Others,Weather,"WEATHER INFORMATION","No chance of rain in your area",BIHAR,NALANDA,KATRISARAI,2018-01-27T18:59:14Z
RABI,AGRICULTURE,Others,Others,"Field Preparation","YELLOWING OF LEAVE","Bordeaux mixture (1%) or Copper oxychloride 0.25%",BIHAR,NALANDA,RAHUI,2018-01-27T20:39:45Z
JAYAD,HORTICULTURE,Vegetables,"Bitter Gourd","Vegetative Propagation and Tissue Culture","VARIETIES OF BITTERGOURD","VARIETIS ARE PUSA DO MAUSAMI,ARKA HARIT,PRIYA,VIVEK,TIJARATI FOR BITTERGOURD",BIHAR,NALANDA,SARMERA,2018-01-27T21:37:49Z
KHARIF,HORTICULTURE,Vegetables,Onion,"Fertilizer Use and Availability","NO GROTH IN GARLIC","USE UREA 1KG,DAP 1KG,500GM SULPHURE/KATHHA GARLIC",BIHAR,NALANDA,ISLAMPUR,2018-01-28T10:40:11Z
KHARIF,HORTICULTURE,Vegetables,Potato,"Plant Protection","LATE BLIGHT POTATO","SPRAY CARBENDAZIME 2.5GM/LIT OF WATER POTATO",BIHAR,NALANDA,ISLAMPUR,2018-01-28T10:41:46Z
RABI,HORTICULTURE,Vegetables,Bhindi(Okra/Ladysfinger),"Plant Protection","Bhendi yellow vein mosaic virus","Spraying monocrotophos 1.5 ml/litre of water can restrict the disease spread",BIHAR,NALANDA,ASTHAWAN,2018-01-29T09:13:52Z
RABI,AGRICULTURE,Others,Others,"Field Preparation","YELLOWING OF LEAVE","Spray mancozeb @ 2 gm / lit of water",BIHAR,NALANDA,KATRISARAI,2018-01-29T14:25:11Z
RABI,AGRICULTURE,Others,Others,"Field Preparation","WEATHER INFORMATION","Cloudy in your area, but chance of rain in your area",BIHAR,NALANDA,RAHUI,2018-01-29T17:13:08Z
RABI,AGRICULTURE,Others,Others,"Field Preparation","WEATHER INFORMATION","Cloudy in your area, but chance of rain in your area",BIHAR,NALANDA,RAHUI,2018-01-29T17:18:52Z
RABI,AGRICULTURE,Others,Others,"Field Preparation","Variety of onion","Variety of onion-pusa red,pusa ratnaar,pusa maadhavi,panjaab selection,n 53,arka niketan arka kalian,arka bindu,basant 780",BIHAR,NALANDA,BEN,2018-01-29T18:59:32Z
KHARIF,HORTICULTURE,Vegetables,Brinjal,"Plant Protection","FRUIT AND SHOOT BORER IN BRINJAL","SPRAY ROGOR 2ML/LIT OF WATER FOR BRINJAL",BIHAR,NALANDA,SARMERA,2018-01-29T20:48:15Z
RABI,AGRICULTURE,Oilseeds,Mustard,"Field Preparation","MUSTARD FUNGAL ATTACK","Spray copper oxychloride @ 2 gram in 1 litre of water",BIHAR,NALANDA,CHANDI,2018-01-30T09:03:32Z
RABI,AGRICULTURE,Cereals,Wheat,Weather,"WEATHER INFORMATION","????? ???? ???? ????? ?????? ??? ???? ????? I",BIHAR,NALANDA,ASTHAWAN,2018-01-30T13:24:31Z
RABI,HORTICULTURE,Vegetables,Brinjal,"Plant Protection","Shoot and fruit borer","Azadirachtin 0.03 % WSP (300 ppm)	5.0  g/lit.
Chlorpyrifos 20 % EC	1.0  ml/lit.
Dimethoate 30 % EC	7.0  ml/10 lit.",BIHAR,NALANDA,RAHUI,2018-01-31T10:24:00Z
JAYAD,AGRICULTURE,Others,Others,"Plant Protection","YELLOWING OF LEAVES  in garlic","Spray saaf @ 2 gm in 1 litre of  water",BIHAR,NALANDA,BEN,2018-01-31T10:53:33Z
RABI,AGRICULTURE,Cereals,Wheat,Weather,"WEATHER INFORMATION","????? ???? ???? ????? ?????? ??? ???? ????? I",BIHAR,NALANDA,HARNAUT,2018-01-31T13:14:16Z
RABI,AGRICULTURE,Others,Others,Weather,"WEATHER INFORMATION","Very low cloudy area but no chance of rain",BIHAR,NALANDA,HARNAUT,2018-01-31T14:23:25Z
KHARIF,AGRICULTURE,Millets,"Maize (Makka)",Varieties,"VARIETIES OF MAIZE","VARIETIES ARE SHAKTIMAN-1,2,GANJGA-11 FOR MAIZE",BIHAR,NALANDA,SARMERA,2018-01-31T15:48:22Z
JAYAD,AGRICULTURE,Others,Others,Weather,WEATHER,"NO RAIN",BIHAR,NALANDA,RAHUI,2018-01-31T16:50:47Z
RABI,AGRICULTURE,Others,Others,Weather,"WEATHER INFORMATION","Very low cloudy area but no chance of rain",BIHAR,NALANDA,NOORSARAI,2018-01-31T17:19:01Z
RABI,AGRICULTURE,Others,Others,Weather,"WEATHER INFORMATION","Hazy weather in your area ,no chance of rain",BIHAR,NALANDA,"NAGAR NAUSA",2018-01-31T18:04:22Z
RABI,AGRICULTURE,Others,Others,Weather,"WEATHER INFORMATION","Hazy weather in your area ,no chance of rain",BIHAR,NALANDA,"NAGAR NAUSA",2018-01-31T18:07:41Z
JAYAD,AGRICULTURE,Others,Others,"Plant Protection","Aphid in lentil","Spray imidachloprid @ 1ml/3 lit of water",BIHAR,NALANDA,THARTHARI,2018-01-31T18:14:23Z
RABI,AGRICULTURE,Others,Others,"Field Preparation","Yellowing of leaves /Rotting problem","Spray copper oxychloride @ 2 gram in 1 litre of water",BIHAR,NALANDA,CHANDI,2018-01-31T20:27:31Z
KHARIF,AGRICULTURE,Pulses,"Green Gram (Moong Bean/ Moong)","Plant Protection","pod borer in gram","spray rogor 2ml/lit of water for gram",BIHAR,NALANDA,SARMERA,2018-01-31T20:51:47Z
RABI,AGRICULTURE,Others,Others,"Field Preparation","Yellowing of leaves /Rotting problem","SPRAY MANCOZEB @ 2 GRAM/LITRE OF WATER",BIHAR,NALANDA,BIND,2018-01-31T21:08:07Z
RABI,AGRICULTURE,Others,Others,"Field Preparation","Yellowing of leaves /Rotting problem","Spray copper oxychloride @ 2 gram in 1 litre of water",BIHAR,NALANDA,BIND,2018-01-31T21:29:02Z
