Season,Sector,Category,Crop,QueryType,QueryText,KCCAns,StateName,DistrictName,BlockName,CreatedOn
RABI,AGRICULTURE,Others,Others,Weather,"WEATHER INFORMATION","No chance of rain in your area",BIHAR,LAKHISARIA,CHANNAN,2018-01-01T15:22:12Z
RABI,HORTICULTURE,Vegetables,Potato,"Plant Protection","Blight in potato","Spray mencozeb @ 2gm/lit of water",BIHAR,LAKHISARIA,CHANNAN,2018-01-01T15:51:29Z
RABI,AGRICULTURE,Others,Others,Weather,"WEATHER INFORMATION","Clear weather,no chance of rain in your area",BIHAR,LAKHISARIA,SURAJGARHA,2018-01-01T19:25:38Z
RABI,AGRICULTURE,Others,Others,Weather,"WEATHER INFORMATION","Clear weather,no chance of rain in your area",BIHAR,LAKHISARIA,SURAJGARHA,2018-01-01T19:27:34Z
RABI,AGRICULTURE,Cereals,Wheat,Weather,"WEATHER INFORMATION","????? ???? ???? ????? ?????? ??? ???? ?????",BIHAR,LAKHISARIA,HALSI,2018-01-02T09:10:15Z
RABI,AGRICULTURE,Others,Others,Weather,"WEATHER INFORMATION","Clear weather,no chance of rain in your area",BIHAR,LAKHISARIA,SURAJGARHA,2018-01-02T19:22:06Z
RABI,AGRICULTURE,Others,Others,Weather,"weather information","?????? ????? ,??? ?? ??????? ,????? ????? ?? ????????  ???? ?? !",BIHAR,LAKHISARIA,SURAJGARHA,2018-01-03T09:28:37Z
RABI,AGRICULTURE,Cereals,Wheat,Weather,"WEATHER INFORMATION","???? ??????? ??? ????? ???? ?? ??????? ???? ?? ",BIHAR,LAKHISARIA,SURAJGARHA,2018-01-03T16:44:33Z
RABI,AGRICULTURE,Cereals,Wheat,Weather,"WEATHER INFORMATION","???? ??????? ??? ????? ???? ?? ??????? ???? ?? ",BIHAR,LAKHISARIA,SURAJGARHA,2018-01-03T18:56:19Z
RABI,AGRICULTURE,Others,Others,Weather,"WEATHER INFORMATION","CLOUDY WEATHER",BIHAR,LAKHISARIA,SURAJGARHA,2018-01-04T07:49:55Z
RABI,AGRICULTURE,Others,Others,Weather,"WEATHER INFORMATION","CLOUDY WEATHER",BIHAR,LAKHISARIA,SURAJGARHA,2018-01-04T07:53:09Z
RABI,AGRICULTURE,Others,Others,Weather,"WEATHER INFORMATION","Cloudy weather in your area, but no chance of rain in your area.",BIHAR,LAKHISARIA,SURAJGARHA,2018-01-04T08:51:07Z
RABI,AGRICULTURE,Others,Others,Weather,"WEATHER INFORMATION","Cloudy weather in your area, but no chance of rain in your area.",BIHAR,LAKHISARIA,SURAJGARHA,2018-01-04T08:53:44Z
RABI,AGRICULTURE,Pulses,"Green Gram (Moong Bean/ Moong)","Cultural Practices","Variety of moong-","Variety of moong- pusa vishal, smart, sona",BIHAR,LAKHISARIA,SURAJGARHA,2018-01-04T09:18:02Z
RABI,HORTICULTURE,Vegetables,Chillies,"Plant Protection","Tobacco cutworm","Flubendiamide 20 WDG 6.0 g /10 lit. 
Indoxacarb 14.5 % SC 6.5 ml/10 lit.",BIHAR,LAKHISARIA,BARAHIYA,2018-01-04T10:29:34Z
RABI,AGRICULTURE,Others,Others,Weather,"WEATHER INFORMATION","Hazy sunshine",BIHAR,LAKHISARIA,HALSI,2018-01-06T18:31:47Z
RABI,AGRICULTURE,Others,Others,"Field Preparation","WEATHER INFORMATION","Very low cloudy area but no chance of rain",BIHAR,LAKHISARIA,SURAJGARHA,2018-01-12T09:57:41Z
RABI,AGRICULTURE,Others,Others,"Plant Protection","plant protection","Spray quinolphos @ 2 ml in 1 liter of water",BIHAR,LAKHISARIA,HALSI,2018-01-12T20:07:59Z
RABI,HORTICULTURE,Vegetables,Chillies,"Plant Protection","Yellow mite or muranai mite","Diafenthiuron 50 % WP 8.0 g/10 lit. 
Dimethoate 30 % EC 1.0 ml/lit. 
Ethion 50 % EC 2.0 ml/lit.",BIHAR,LAKHISARIA,HALSI,2018-01-13T07:39:04Z
RABI,AGRICULTURE,Others,Others,Weather,"WEATHER INFORMATION","Very low cloudy area but no chance of rain",BIHAR,LAKHISARIA,HALSI,2018-01-13T11:17:04Z
RABI,AGRICULTURE,Others,Others,"Field Preparation","Yellow leaf problem","Spray carbendazim @ 2.5 gram in 1 litre of water",BIHAR,LAKHISARIA,SURAJGARHA,2018-01-13T13:40:44Z
RABI,AGRICULTURE,Others,Others,Weather,"WEATHER  INFORMATION","Cloudy weather ,Hazy sun,but not chance of rain",BIHAR,LAKHISARIA,LAKHISARAI,2018-01-14T11:07:17Z
RABI,AGRICULTURE,Others,Others,Weather,"WEATHER  INFORMATION","Cloudy weather ,Hazy sun,but not chance of rain",BIHAR,LAKHISARIA,HALSI,2018-01-15T09:45:21Z
RABI,AGRICULTURE,Others,Others,"Field Preparation","WEATHER INFORMATION","No chance of rain in your area",BIHAR,LAKHISARIA,LAKHISARAI,2018-01-15T16:55:25Z
RABI,AGRICULTURE,Others,Others,Weather,"WEATHER  INFORMATION","Cloudy weather ,Hazy sun,but not chance of rain",BIHAR,LAKHISARIA,SURAJGARHA,2018-01-16T13:07:20Z
RABI,AGRICULTURE,Others,Others,Weather,"WEATHER  INFORMATION","Cloudy weather ,Hazy sun,but not chance of rain",BIHAR,LAKHISARIA,SURAJGARHA,2018-01-16T14:48:32Z
RABI,AGRICULTURE,Others,Others,Weather,"WEATHER  INFORMATION","Cloudy weather ,Hazy sun,but not chance of rain",BIHAR,LAKHISARIA,CHANNAN,2018-01-17T07:34:06Z
RABI,AGRICULTURE,Others,Others,"Field Preparation","Variety of radish-","pusa chetki, pusa desi, pusa himani, pusa rashmi, japani safed",BIHAR,LAKHISARIA,SURAJGARHA,2018-01-17T18:03:58Z
RABI,AGRICULTURE,Others,Others,"Plant Protection","Fruit cracking in pomgranet","Spray borex @ 2 gram in 1 litre of water",BIHAR,LAKHISARIA,SURAJGARHA,2018-01-18T19:58:34Z
RABI,AGRICULTURE,Millets,"Maize (Makka)","Field Preparation","MAIZE LEAVES YELLOWING","SPRAY MANCOZEB 2 GRAM/LITRE OF WATER",BIHAR,LAKHISARIA,PIPARIYA,2018-01-20T10:04:35Z
RABI,AGRICULTURE,Oilseeds,"Sesame (Gingelly/Til)/Sesamum","Field Preparation","WHITE SESAME VARIETY","USHA,UMA,KANKE WHITE",BIHAR,LAKHISARIA,PIPARIYA,2018-01-20T10:18:32Z
JAYAD,AGRICULTURE,Others,Others,"Plant Protection","Stemphelium
Blight IN GRAM","Spray mancozeb @ 2g/lit of water",BIHAR,LAKHISARIA,PIPARIYA,2018-01-20T11:30:06Z
RABI,AGRICULTURE,Others,Others,Weather,"WEATHER  INFORMATION","Clear weather in your area ,no chance of rain",BIHAR,LAKHISARIA,SURAJGARHA,2018-01-21T07:36:44Z
RABI,AGRICULTURE,Cereals,Wheat,Weather,"Weather information","Cloudy weather  today and tomorrow  no chance of rain.",BIHAR,LAKHISARIA,SURAJGARHA,2018-01-22T18:56:24Z
RABI,AGRICULTURE,Others,Others,"Field Preparation","WEATHER INFORMATION","Heavy Cloudy weather in your area, no chance of rain in your area",BIHAR,LAKHISARIA,"RAMGARH CHOWK",2018-01-23T15:25:34Z
RABI,AGRICULTURE,Others,Others,Weather,"WEATHER INFORMATION","Hazy sunshine",BIHAR,LAKHISARIA,PIPARIYA,2018-01-24T08:45:17Z
RABI,AGRICULTURE,Others,Others,Weather,"WEATHER INFORMATION","Hazy sunshine",BIHAR,LAKHISARIA,PIPARIYA,2018-01-24T08:46:43Z
RABI,AGRICULTURE,Others,Others,Weather,"WEATHER  INFORMATION","Cloudy weather, rain is not likely.",BIHAR,LAKHISARIA,CHANNAN,2018-01-24T11:04:22Z
RABI,AGRICULTURE,Others,Others,Weather,"WEATHER  INFORMATION","Cloudy weather, rain is not likely.",BIHAR,LAKHISARIA,SURAJGARHA,2018-01-24T13:03:05Z
RABI,AGRICULTURE,Others,Others,"Field Preparation","WEATHER INFORMATION","Heavy Cloudy weather in your area, no chance of rain in your area",BIHAR,LAKHISARIA,SURAJGARHA,2018-01-24T13:04:25Z
RABI,AGRICULTURE,Others,Others,Weather,"WEATHER  INFORMATION","Cloudy weather, rain is not likely.",BIHAR,LAKHISARIA,SURAJGARHA,2018-01-24T13:08:49Z
RABI,AGRICULTURE,Others,Others,"Field Preparation",nutrient,"boomflower-2ml/lit water spray",BIHAR,LAKHISARIA,HALSI,2018-01-25T19:42:16Z
RABI,AGRICULTURE,Others,Others,"Plant Protection","PLANT PROTECTION","Spray Multi micro nutrient @ 2 gram in 1 liter of water",BIHAR,LAKHISARIA,"RAMGARH CHOWK",2018-01-26T20:21:49Z
RABI,AGRICULTURE,Others,Others,Weather,"WEATHER INFORMATION","Very low cloudy area but no chance of rain",BIHAR,LAKHISARIA,"RAMGARH CHOWK",2018-01-27T07:42:14Z
RABI,AGRICULTURE,Others,Others,"Plant Protection","plant protection","SPRAY INDOFIL M-45 75% WP @ 2GRM/LIT OF WATER",BIHAR,LAKHISARIA,"RAMGARH CHOWK",2018-01-27T07:44:21Z
RABI,AGRICULTURE,Others,Others,"Plant Protection","plant protection","SPRAY INDOFIL M-45 75% WP @ 2GRM/LIT OF WATER",BIHAR,LAKHISARIA,"RAMGARH CHOWK",2018-01-27T07:49:58Z
RABI,HORTICULTURE,Fruits,Mango,"Plant Protection","termite insect problem in mango","Spray cloropyriphos @ 2 ml in 1 litre of water",BIHAR,LAKHISARIA,SURAJGARHA,2018-01-27T10:36:40Z
RABI,HORTICULTURE,Fruits,Mango,"Plant Protection","termite insect problem in mango","Spray cloropyriphos @ 2 ml in 1 litre of water",BIHAR,LAKHISARIA,SURAJGARHA,2018-01-27T10:48:51Z
RABI,HORTICULTURE,Vegetables,Onion,"Field Preparation","WEATHER INFORMATION","HAZY SUNSHINE",BIHAR,LAKHISARIA,HALSI,2018-01-27T13:14:28Z
RABI,HORTICULTURE,Vegetables,Onion,"Field Preparation","ONION FERTILIZER APPLICATION","N 50 kg, P 150 kg and K 75 kg/ha",BIHAR,LAKHISARIA,HALSI,2018-01-27T13:15:58Z
RABI,AGRICULTURE,Others,Others,Weather,"WEATHER INFORMATION","Very low cloudy area but no chance of rain",BIHAR,LAKHISARIA,PIPARIYA,2018-01-27T14:12:07Z
RABI,AGRICULTURE,Cereals,Wheat,Weather,"WEATHER INFORMATION","????? ???? ???? ????? ?????? ??? ???? ?????",BIHAR,LAKHISARIA,SURAJGARHA,2018-01-29T11:11:39Z
RABI,HORTICULTURE,Vegetables,Cucumber,"Field Preparation","CUCUMBER LEAF YELLOWING","Spray copper oxychloride @ 2 gram in 1 litre of water",BIHAR,LAKHISARIA,HALSI,2018-01-31T09:44:05Z
RABI,AGRICULTURE,Others,Others,"Sowing Time and Weather","WEATHER INFORMATION","HAZY SUNSHINE",BIHAR,LAKHISARIA,SURAJGARHA,2018-01-31T12:23:01Z
RABI,AGRICULTURE,Others,Others,Weather,"WEATHER INFORMATION","Hazy weather in your area ,no chance of rain",BIHAR,LAKHISARIA,PIPARIYA,2018-01-31T15:30:00Z
RABI,AGRICULTURE,Others,Others,"Plant Protection",". Fertilizer application in banana-","sada gobar- 20 kilo, andi ki khalli,1kg, ssp-300 gram, mop-500",BIHAR,LAKHISARIA,HALSI,2018-01-31T16:17:42Z
JAYAD,AGRICULTURE,Others,Others,"Plant Protection","Wilt in gram","Spray Copper oxy chloride @ 2 gm / lit of water+Spray Multi micro nutrient @ 2 gram in 1 litre of water",BIHAR,LAKHISARIA,LAKHISARAI,2018-01-31T17:43:44Z
