Season,Sector,Category,Crop,QueryType,QueryText,KCCAns,StateName,DistrictName,BlockName,CreatedOn
JAYAD,AGRICULTURE,Others,Others,Weather,"WEATHER INFORMATION","TODAY AND TOMARROW CHANCE OF RAIN IN YOUR AREA",BIHAR,SAMASTIPUR,SAMASTIPUR,2018-05-01T08:31:32Z
JAYAD,AGRICULTURE,Others,Others,Weather,"WEATHER INFORMATION","TODAY AND TOMARROW CHANCE OF RAIN IN YOUR AREA",BIHAR,SAMASTIPUR,SAMASTIPUR,2018-05-01T08:31:40Z
JAYAD,AGRICULTURE,Others,Others,Weather,"WEATHER INFORMATION","TODAY AND TOMARROW CHANCE OF RAIN IN YOUR AREA",BIHAR,SAMASTIPUR,SAMASTIPUR,2018-05-01T08:33:19Z
JAYAD,AGRICULTURE,Others,Others,Weather,"WEATHER INFORMATION","???? ???  ????? ????? ???? ?? ??????? ??",BIHAR,SAMASTIPUR,BIBHUTPUR,2018-05-01T09:08:51Z
JAYAD,AGRICULTURE,Others,Others,Weather,"WEATHER INFORMATION","???? ???  ????? ????? ???? ?? ??????? ??",BIHAR,SAMASTIPUR,WARISNAGAR,2018-05-01T09:09:25Z
JAYAD,AGRICULTURE,Others,Others,Weather,"WEATHER INFORMATION","TODAY AND TOMARROW CHANCE OF RAIN IN YOUR AREA",BIHAR,SAMASTIPUR,MOHANPUR,2018-05-01T09:49:06Z
JAYAD,AGRICULTURE,Others,Others,Weather,"WEATHER INFORMATION","TODAY AND TOMARROW CHANCE OF RAIN IN YOUR AREA",BIHAR,SAMASTIPUR,MOHANPUR,2018-05-01T09:50:30Z
JAYAD,AGRICULTURE,Others,Others,Weather,"Weather information","Cloudy weather in your area chance of rain in your area",BIHAR,SAMASTIPUR,KHANPUR,2018-05-01T11:50:43Z
JAYAD,AGRICULTURE,Others,Others,"Field Preparation","weather information","Cloudy weather Today & tomorrow   chance of rain",BIHAR,SAMASTIPUR,PUSA,2018-05-01T15:24:19Z
KHARIF,AGRICULTURE,Others,Others,"Field Preparation","weather information","Cloudy weather Today & tomorrow   chance of rain",BIHAR,SAMASTIPUR,WARISNAGAR,2018-05-01T15:36:30Z
RABI,AGRICULTURE,Cereals,Wheat,Weather,"WEATHER INFORMATION","????? ????  ??  ????????  ????  ??",BIHAR,SAMASTIPUR,SAMASTIPUR,2018-05-01T16:09:40Z
JAYAD,AGRICULTURE,Others,Others,Weather,"Weather information","Cloudy weather in your area chance of rain in your area",BIHAR,SAMASTIPUR,WARISNAGAR,2018-05-02T07:54:58Z
JAYAD,AGRICULTURE,Others,Others,Weather,"Weather information","Cloudy weather in your area chance of rain in your area",BIHAR,SAMASTIPUR,WARISNAGAR,2018-05-02T10:16:30Z
JAYAD,AGRICULTURE,Others,Others,"Field Preparation","WEATHER INFORMATION","Cloudy weather today and  tomorrow little chance of rain in your area.",BIHAR,SAMASTIPUR,BIBHUTPUR,2018-05-02T10:45:39Z
JAYAD,AGRICULTURE,Others,Others,"Field Preparation","WEATHER INFORMATION","Cloudy weather today and  tomorrow little chance of rain in your area.",BIHAR,SAMASTIPUR,BIBHUTPUR,2018-05-02T12:32:12Z
JAYAD,AGRICULTURE,Others,Others,Weather,"Weather Information","Cloudy weather today and tomorrow little chance of rain.",BIHAR,SAMASTIPUR,SINGHIA,2018-05-02T12:34:00Z
JAYAD,AGRICULTURE,Others,Others,Weather,"WEATHER INFORMATION","Heavy Cloudy weather in your area, chance of rain in your area",BIHAR,SAMASTIPUR,TAJPUR,2018-05-02T14:30:52Z
JAYAD,AGRICULTURE,Others,Others,Weather,"WEATHER INFORMATION","Heavy Cloudy weather in your area, chance of rain in your area",BIHAR,SAMASTIPUR,TAJPUR,2018-05-02T14:31:12Z
JAYAD,AGRICULTURE,Others,Others,Weather,"WEATHER INFORMATION","Heavy Cloudy weather in your area, chance of rain in your area",BIHAR,SAMASTIPUR,TAJPUR,2018-05-02T14:31:26Z
JAYAD,AGRICULTURE,Others,Others,Weather,"WEATHER INFORMATION","Heavy Cloudy weather in your area, chance of rain in your area",BIHAR,SAMASTIPUR,TAJPUR,2018-05-02T14:31:46Z
JAYAD,AGRICULTURE,Others,Others,Weather,"WEATHER INFORMATION","Heavy Cloudy weather in your area, chance of rain in your area",BIHAR,SAMASTIPUR,TAJPUR,2018-05-02T14:32:08Z
RABI,AGRICULTURE,Cereals,Wheat,Weather,"Weather information","TODAY AND TOMORROW NO CHANCE OF RAIN",BIHAR,SAMASTIPUR,MORWA,2018-05-02T14:34:30Z
RABI,AGRICULTURE,Cereals,Wheat,Weather,"Weather information","TODAY AND TOMORROW NO CHANCE OF RAIN",BIHAR,SAMASTIPUR,SAMASTIPUR,2018-05-02T15:39:46Z
RABI,AGRICULTURE,Cereals,Wheat,Weather,"Weather information","????? ?? ????? ???? ??? ?????? ? ???? ?????????? ?? ??????? ??",BIHAR,SAMASTIPUR,KHANPUR,2018-05-04T06:34:36Z
JAYAD,AGRICULTURE,Others,Others,"Field Preparation","Weather information","Heavy Cloudy weather in your area,chance of rain in your area",BIHAR,SAMASTIPUR,SARAIRANJAN,2018-05-04T11:45:32Z
JAYAD,AGRICULTURE,Others,Others,"Nutrient Management","Weather Information","Cloudy weather today and tomorrow little chance of rain.",BIHAR,SAMASTIPUR,KHANPUR,2018-05-04T13:00:57Z
JAYAD,AGRICULTURE,Others,Others,"Nutrient Management","Weather Information","Cloudy weather today and tomorrow little chance of rain.",BIHAR,SAMASTIPUR,KHANPUR,2018-05-04T13:00:58Z
JAYAD,AGRICULTURE,Others,Others,"Field Preparation","Weather information","Heavy Cloudy weather in your area,chance of rain in your area",BIHAR,SAMASTIPUR,MOHANPUR,2018-05-04T13:51:29Z
JAYAD,AGRICULTURE,Others,Others,"Field Preparation","Weather information","Heavy Cloudy weather in your area,chance of rain in your area",BIHAR,SAMASTIPUR,MOHANPUR,2018-05-04T13:53:06Z
RABI,AGRICULTURE,Others,Others,Weather,"Weather information","There will be light clouds in the sky no chance of rain in your area.",BIHAR,SAMASTIPUR,KHANPUR,2018-05-04T14:12:59Z
JAYAD,AGRICULTURE,Others,Others,Weather,"WEATHER INFORMATION","Cloudy weather in your area, chance of rain in your area",BIHAR,SAMASTIPUR,SAMASTIPUR,2018-05-04T15:37:53Z
JAYAD,AGRICULTURE,Others,Others,Weather,"WEATHER INFORMATION","Cloudy weather in your area, chance of rain in your area",BIHAR,SAMASTIPUR,SAMASTIPUR,2018-05-04T15:38:13Z
JAYAD,AGRICULTURE,Others,Others,"Field Preparation","PEST ATTACK ON LICHHI","CARTAPHYDROCLORID 50SP-2 G/LIT WATER SPRAY",BIHAR,SAMASTIPUR,KALYANPUR,2018-05-04T17:49:18Z
JAYAD,AGRICULTURE,Others,Others,"Field Preparation","Weather information","Heavy Cloudy weather in your area,chance of rain in your area",BIHAR,SAMASTIPUR,KALYANPUR,2018-05-04T17:58:15Z
JAYAD,AGRICULTURE,Others,Others,Weather,"WEATHER INFORMATION","Cloudy weather in your area, chance of rain in your area",BIHAR,SAMASTIPUR,ROSERA,2018-05-04T20:38:35Z
RABI,AGRICULTURE,Others,Others,Weather,"Weather information","Cloudy weather in your area but no chance of rain in your area",BIHAR,SAMASTIPUR,BIBHUTPUR,2018-05-04T21:28:26Z
JAYAD,AGRICULTURE,Others,Others,Weather,"weather information","Cloudy weather, rain is not likely in your area.",BIHAR,SAMASTIPUR,"VIDYAPATI NAGAR",2018-05-05T08:45:41Z
JAYAD,AGRICULTURE,Others,Others,Weather,"WEATHER INFORMATION","Cloudy weather in your area but no chance of rain in your area",BIHAR,SAMASTIPUR,BIBHUTPUR,2018-05-05T12:17:54Z
JAYAD,AGRICULTURE,Others,Others,Weather,"Weather information","Heavy Cloudy weather in your area,chance of rain in your area",BIHAR,SAMASTIPUR,SAMASTIPUR,2018-05-05T15:51:19Z
JAYAD,AGRICULTURE,Others,Others,Weather,"Weather information","Heavy Cloudy weather in your area,chance of rain in your area",BIHAR,SAMASTIPUR,MOHANPUR,2018-05-05T16:30:46Z
JAYAD,AGRICULTURE,Others,Others,Weather,"Weather information","Heavy Cloudy weather in your area,chance of rain in your area",BIHAR,SAMASTIPUR,KHANPUR,2018-05-05T19:20:42Z
JAYAD,AGRICULTURE,Others,Others,Weather,"Weather information","Heavy Cloudy weather in your area,chance of rain in your area",BIHAR,SAMASTIPUR,KHANPUR,2018-05-05T19:20:55Z
JAYAD,AGRICULTURE,Others,Others,Weather,"Weather information","Heavy Cloudy weather in your area,chance of rain in your area",BIHAR,SAMASTIPUR,KHANPUR,2018-05-05T19:21:12Z
JAYAD,AGRICULTURE,Others,Others,Weather,"Weather information","Heavy Cloudy weather in your area,chance of rain in your area",BIHAR,SAMASTIPUR,KHANPUR,2018-05-05T19:21:26Z
JAYAD,AGRICULTURE,Others,Others,Weather,"Weather information","Heavy Cloudy weather in your area,chance of rain in your area",BIHAR,SAMASTIPUR,KHANPUR,2018-05-05T19:21:42Z
JAYAD,AGRICULTURE,Others,Others,Weather,"Weather information","Heavy Cloudy weather in your area,chance of rain in your area",BIHAR,SAMASTIPUR,MORWA,2018-05-05T19:33:55Z
RABI,AGRICULTURE,Others,Others,Weather,"weather information","Hazy weather in your area ,no chance of rain",BIHAR,SAMASTIPUR,SARAIRANJAN,2018-05-05T20:08:36Z
JAYAD,AGRICULTURE,Others,Others,"Field Preparation","Meet your BAO OR BTM, KISAN MITRA","Meet your BAO OR BTM, KISAN MITRA",BIHAR,SAMASTIPUR,PATORI,2018-05-06T06:50:32Z
JAYAD,AGRICULTURE,Others,Others,"Field Preparation","weather information","Cloudy weather Today & tomorrow   chance of rain",BIHAR,SAMASTIPUR,PUSA,2018-05-06T07:42:34Z
JAYAD,AGRICULTURE,Others,Others,"Field Preparation","weather information","Cloudy weather Today & tomorrow   chance of rain",BIHAR,SAMASTIPUR,WARISNAGAR,2018-05-06T07:45:24Z
JAYAD,AGRICULTURE,Others,Others,Weather,"Weather information","There will be light clouds in the sky no chance of rain in your area.",BIHAR,SAMASTIPUR,BIBHUTPUR,2018-05-06T09:27:20Z
JAYAD,AGRICULTURE,Others,Others,Weather,"WEATHER INFORMATION","Cloudy weather today and tomorrow  but no chance of rain in your area.",BIHAR,SAMASTIPUR,MORWA,2018-05-06T10:04:54Z
JAYAD,AGRICULTURE,Others,Others,Weather,"Weather information","There will be light clouds in the sky no chance of rain in your area.",BIHAR,SAMASTIPUR,TAJPUR,2018-05-06T11:43:10Z
JAYAD,AGRICULTURE,Others,Others,Weather,"Weather information","Cloudy weather in your area chance of rain in your area",BIHAR,SAMASTIPUR,ROSERA,2018-05-06T14:42:37Z
JAYAD,AGRICULTURE,Others,Others,Weather,"Weather information","Cloudy weather in your area chance of rain in your area",BIHAR,SAMASTIPUR,ROSERA,2018-05-06T14:43:41Z
RABI,AGRICULTURE,Others,Others,Weather,"weather information","Hazy weather in your area ,no chance of rain",BIHAR,SAMASTIPUR,TAJPUR,2018-05-06T17:23:55Z
JAYAD,AGRICULTURE,Millets,"FingerMillet  (Ragi/Mandika)",Seeds,"VARIETIES OF MILLET","varieties are v.r-708,352,r.a.u-3 for finger milet",BIHAR,SAMASTIPUR,PUSA,2018-05-06T21:28:11Z
RABI,AGRICULTURE,Cereals,Wheat,Weather,"WEATHER INFORMATION","????? ????  ??  ????????  ????  ??",BIHAR,SAMASTIPUR,PATORI,2018-05-07T10:34:55Z
RABI,AGRICULTURE,Others,Others,Weather,"Weather information","Cloudy weather in your area but no chance of rain in your area",BIHAR,SAMASTIPUR,TAJPUR,2018-05-07T13:04:39Z
RABI,AGRICULTURE,Cereals,Wheat,Weather,"WEATHER INFORMATION","NO CHANCE OF RAIN IN YOUR AREA",BIHAR,SAMASTIPUR,HASANPUR,2018-05-07T13:50:36Z
JAYAD,AGRICULTURE,Others,Others,"Field Preparation","Weather information","Cloudy weather Today & tomorrow   chance of rain",BIHAR,SAMASTIPUR,PUSA,2018-05-07T15:20:59Z
JAYAD,AGRICULTURE,Others,Others,"Field Preparation","weather information","Cloudy weather, rain is not likely in your area.",BIHAR,SAMASTIPUR,WARISNAGAR,2018-05-07T15:31:50Z
RABI,AGRICULTURE,Others,Others,Weather,"Weather information","Cloudy weather in your area but no chance of rain in your area",BIHAR,SAMASTIPUR,KALYANPUR,2018-05-07T15:33:09Z
KHARIF,AGRICULTURE,Cereals,"Paddy (Dhan)",Seeds,"Varieties of Paddy","Varieties of Paddy- Turanta, Prabhat",BIHAR,SAMASTIPUR,UJIARPUR,2018-05-07T16:02:12Z
JAYAD,AGRICULTURE,Others,Others,"Field Preparation","Weather information","Cloudy weather, rain is not likely in your area.",BIHAR,SAMASTIPUR,TAJPUR,2018-05-07T17:21:12Z
JAYAD,AGRICULTURE,Others,Others,"Field Preparation","Weather information","Cloudy weather,rain is likely in your area.",BIHAR,SAMASTIPUR,ROSERA,2018-05-07T18:42:57Z
JAYAD,AGRICULTURE,Others,Others,Weather,"WEATHER INFORMATION","Cloudy weather in your area, chance of rain in your area",BIHAR,SAMASTIPUR,ROSERA,2018-05-07T18:44:22Z
JAYAD,AGRICULTURE,Others,Others,Weather,"no growth in mango","use urea 2kg,dap 1kg,1.5kg potas,250gm multplex,250gm thamet/plant for 10 years in mango",BIHAR,SAMASTIPUR,ROSERA,2018-05-07T18:47:51Z
JAYAD,AGRICULTURE,Others,Others,Weather,"WEATHER INFORMATION","Cloudy weather in your area, chance of rain in your area",BIHAR,SAMASTIPUR,BIBHUTPUR,2018-05-07T20:09:48Z
JAYAD,AGRICULTURE,Others,Others,"Field Preparation","Cloudy weather, rain is not likely in your area.","Cloudy weather, rain is not likely in your area.",BIHAR,SAMASTIPUR,BIBHUTPUR,2018-05-07T20:17:15Z
RABI,AGRICULTURE,Cereals,Wheat,Weather,"WEATHER INFORMATION","????? ????  ??  ????????  ????  ??",BIHAR,SAMASTIPUR,TAJPUR,2018-05-07T20:55:59Z
JAYAD,AGRICULTURE,Others,Others,"Field Preparation","pest attack on bhindi","Quinalphos 25 % EC",BIHAR,SAMASTIPUR,MOHIUDDINAGAR,2018-05-08T09:44:45Z
JAYAD,AGRICULTURE,Others,Others,Weather,"WEATHER INFORMATION","Heavy Cloudy weather in your area, chance of rain in your area",BIHAR,SAMASTIPUR,ROSERA,2018-05-08T09:59:46Z
JAYAD,AGRICULTURE,Others,Others,"Field Preparation","WEATHER INFORMATION","Cloudy weather in your area, but no chance of rain in your area .",BIHAR,SAMASTIPUR,MOHIUDDINAGAR,2018-05-08T10:41:37Z
RABI,AGRICULTURE,Cereals,Wheat,Weather,"WEATHER INFORMATION","???? ???  ?????  ????? ????? ???? ??  ???  ???????  ??? ??",BIHAR,SAMASTIPUR,PATORI,2018-05-08T10:44:53Z
JAYAD,AGRICULTURE,Others,Others,"Field Preparation","WEATHER INFORMATION","tomarrow chance of rain in your area",BIHAR,SAMASTIPUR,KHANPUR,2018-05-08T11:05:02Z
JAYAD,AGRICULTURE,Others,Others,Weather,"Weather Information","Cloudy weather today and tomorrow little chance of rain.",BIHAR,SAMASTIPUR,WARISNAGAR,2018-05-08T12:54:39Z
JAYAD,AGRICULTURE,Others,Others,Weather,"WEATHER INFORMATION","There will be weather like change, and there is a possibility of drowsiness.",BIHAR,SAMASTIPUR,BIBHUTPUR,2018-05-08T13:26:21Z
JAYAD,AGRICULTURE,Others,Others,Weather,"WEATHER INFORMATION","There will be weather like change, and there is a possibility of drowsiness.",BIHAR,SAMASTIPUR,WARISNAGAR,2018-05-08T13:36:58Z
JAYAD,AGRICULTURE,Others,Others,Weather,"WEATHER INFORMATION","There will be weather like change, and there is a possibility of drowsiness.",BIHAR,SAMASTIPUR,TAJPUR,2018-05-08T13:37:46Z
JAYAD,HORTICULTURE,Vegetables,"Pointed Gourd","Plant Protection","FRUIT AND VINE ROT OF POINTED GOURD","Spray copper oxycloride @ 2 gram in 1 litter of water",BIHAR,SAMASTIPUR,DALSINGHSARAI,2018-05-08T13:54:13Z
JAYAD,AGRICULTURE,Others,Others,Weather,"WEATHER INFORMATION","Cloudy weather in your area, chance of rain in your area",BIHAR,SAMASTIPUR,MORWA,2018-05-08T14:51:15Z
JAYAD,AGRICULTURE,Others,Others,Weather,"WEATHER INFORMATION","Cloudy weather in your area, chance of rain in your area",BIHAR,SAMASTIPUR,SAMASTIPUR,2018-05-08T21:17:19Z
JAYAD,AGRICULTURE,Others,Others,Weather,"WEATHER INFORMATION","Cloudy weather in your area, chance of rain in your area",BIHAR,SAMASTIPUR,PATORI,2018-05-08T21:35:47Z
JAYAD,AGRICULTURE,Others,Others,Weather,"WEATHER INFORMATION","Cloudy weather in your area, chance of rain in your area",BIHAR,SAMASTIPUR,PATORI,2018-05-08T21:39:24Z
JAYAD,AGRICULTURE,Others,Others,"Field Preparation","Weather information","Cloudy weather in your area but no chance of rain in your area",BIHAR,SAMASTIPUR,SARAIRANJAN,2018-05-09T06:16:23Z
JAYAD,AGRICULTURE,Others,Others,"Field Preparation","Variety of Potato","Variety of Potato - KUFRI ASHOKA, KUFRI PUKHRAJ, KUFRI KANCHAN, KUFRI PUSHKAR, KUFRI LALIMA, RAJENDRA AALU-1,2,3, KUFRI SINDURI",BIHAR,SAMASTIPUR,TAJPUR,2018-05-09T07:18:44Z
JAYAD,AGRICULTURE,Others,Others,"Field Preparation","Weather information","CLOUDY WEATHER CHANCE OF RAIN",BIHAR,SAMASTIPUR,KALYANPUR,2018-05-09T07:23:03Z
JAYAD,AGRICULTURE,Others,Others,"Field Preparation","PEST ATTACK ON POMEGRANATE","IMIDACLOPRID- 17.8 SL-1 ML/3 LIT WATER SPRAY",BIHAR,SAMASTIPUR,SARAIRANJAN,2018-05-09T07:46:10Z
JAYAD,AGRICULTURE,Others,Others,Weather,"WEATHER INFORMATION","Cloudy weather chance of rain in your area.",BIHAR,SAMASTIPUR,PATORI,2018-05-09T09:18:42Z
JAYAD,AGRICULTURE,Others,Others,Weather,"weather information","Cloudy weather Today & tomorrow   chance of rain",BIHAR,SAMASTIPUR,SAMASTIPUR,2018-05-09T10:49:38Z
RABI,AGRICULTURE,Cereals,Wheat,Weather,"Weather information","TODAY AND TOMORROW NO CHANCE OF RAIN",BIHAR,SAMASTIPUR,UJIARPUR,2018-05-09T13:26:13Z
JAYAD,AGRICULTURE,Others,Others,Weather,"WEATHER INFORMATION","Cloudy weather in your area, chance of rain in your area",BIHAR,SAMASTIPUR,SARAIRANJAN,2018-05-09T15:33:41Z
JAYAD,AGRICULTURE,Others,Others,Weather,"WEATHER INFORMATION","Cloudy weather in your area, chance of rain in your area",BIHAR,SAMASTIPUR,SAMASTIPUR,2018-05-09T16:32:32Z
JAYAD,AGRICULTURE,Others,Others,Weather,"WEATHER INFORMATION","Cloudy weather in your area, chance of rain in your area",BIHAR,SAMASTIPUR,SAMASTIPUR,2018-05-09T18:04:18Z
JAYAD,AGRICULTURE,Others,Others,Weather,"WEATHER INFORMATION","Cloudy weather in your area, chance of rain in your area",BIHAR,SAMASTIPUR,HASANPUR,2018-05-09T21:08:03Z
RABI,AGRICULTURE,Others,Others,Weather,"weather information","23 C 
RealFeel 26

Partly sunny
  


See Hourly

> 




Today

May 10



40 Hi 
RealFeel 43

Sunshine; hot, less humid
 More  



Tonight

May 10



24 Lo 
RealFeel 26

Clear
 More  



Tomorrow

May 11



38 Hi 
RealFeel 41

Very warm with plenty",BIHAR,SAMASTIPUR,SAMASTIPUR,2018-05-10T06:10:29Z
JAYAD,AGRICULTURE,Others,Others,"Field Preparation","WEATHER INFORMATION","Cloudy weather in your area, chance of rain in your area",BIHAR,SAMASTIPUR,UJIARPUR,2018-05-10T06:44:38Z
JAYAD,AGRICULTURE,Others,Others,"Field Preparation","Weather information","Cloudy weather in your area, chance of rain in your area",BIHAR,SAMASTIPUR,ROSERA,2018-05-10T06:54:19Z
JAYAD,AGRICULTURE,Others,Others,Weather,"WEATHER INFORMATION","?? ?? ?? ???? ??????? ??? ????? ?? ???????  ??? ??",BIHAR,SAMASTIPUR,KHANPUR,2018-05-10T08:03:16Z
JAYAD,AGRICULTURE,Others,Others,Weather,"Weather information","Cloudy weather in your area chance of rain in your area",BIHAR,SAMASTIPUR,WARISNAGAR,2018-05-10T10:24:02Z
JAYAD,AGRICULTURE,Others,Others,Weather,"Weather information","Cloudy weather in your area chance of rain in your area",BIHAR,SAMASTIPUR,WARISNAGAR,2018-05-10T10:24:02Z
JAYAD,AGRICULTURE,Others,Others,Weather,"Weather information","Cloudy weather in your area chance of rain in your area",BIHAR,SAMASTIPUR,WARISNAGAR,2018-05-10T10:24:02Z
JAYAD,AGRICULTURE,Others,Others,Weather,"Weather information","Cloudy weather in your area chance of rain in your area",BIHAR,SAMASTIPUR,MORWA,2018-05-10T12:40:21Z
RABI,AGRICULTURE,Cereals,Wheat,Weather,"WEATHER INFORMATION","???? ???  ?????  ????? ????? ???? ??  ???  ???????  ??? ??",BIHAR,SAMASTIPUR,MOHIUDDINAGAR,2018-05-10T13:05:02Z
JAYAD,AGRICULTURE,Others,Others,"Field Preparation","Weather information","Cloudy weather in your area, chance of rain in your area",BIHAR,SAMASTIPUR,WARISNAGAR,2018-05-10T13:52:40Z
JAYAD,AGRICULTURE,Others,Others,Weather,"Weather information","Cloudy weather in your area but no chance of rain in your area",BIHAR,SAMASTIPUR,SARAIRANJAN,2018-05-10T15:46:09Z
KHARIF,HORTICULTURE,Vegetables,Brinjal,"Plant Protection","INSECT PROBLEM IN BRINJAL","SPRAY IMIDACHLOROPRID 1ML/3LIT OF WATER WITH MULTIPLEX 3ML/LIT OF WATER IN BRINJAL",BIHAR,SAMASTIPUR,MORWA,2018-05-10T18:28:14Z
RABI,AGRICULTURE,Others,Others,Weather,"weather information","Hazy weather in your area ,no chance of rain",BIHAR,SAMASTIPUR,TAJPUR,2018-05-10T19:29:07Z
JAYAD,HORTICULTURE,Fruits,"Pecan nut",Plasticulture,"POLY HOUSE","CONTACT TO DISTRICT HORTICULUTRE OFFICER IN YOUR DISTT FOR POLY HOUSE",BIHAR,SAMASTIPUR,SARAIRANJAN,2018-05-10T20:29:03Z
JAYAD,AGRICULTURE,Others,Others,"Field Preparation","Weather information","Cloudy weather in your area but no chance of rain in your area",BIHAR,SAMASTIPUR,SARAIRANJAN,2018-05-11T06:32:53Z
JAYAD,AGRICULTURE,Others,Others,"Field Preparation","Weather information","Heavy Cloudy weather in your area,chance of rain in your area",BIHAR,SAMASTIPUR,SAMASTIPUR,2018-05-11T07:13:53Z
JAYAD,AGRICULTURE,Others,Others,"Field Preparation","Weather information","Cloudy weather in your area but no chance of rain in your area",BIHAR,SAMASTIPUR,TAJPUR,2018-05-11T07:55:24Z
JAYAD,HORTICULTURE,Fruits,Litchi,"Plant Protection","fruit cracking of litchi","spray borax 2-2.5 gram per litre of water",BIHAR,SAMASTIPUR,UJIARPUR,2018-05-11T10:39:11Z
JAYAD,AGRICULTURE,Others,Others,Weather,"Weather information","Cloudy weather in your area but no chance of rain in your area",BIHAR,SAMASTIPUR,UJIARPUR,2018-05-11T10:45:21Z
JAYAD,AGRICULTURE,Others,Others,"Field Preparation","Weather information","Cloudy weather in your area, chance of rain in your area",BIHAR,SAMASTIPUR,UJIARPUR,2018-05-11T11:17:53Z
JAYAD,HORTICULTURE,Fruits,"Jack Fruit","Plant Protection","FRUIT BORER OF JACK FRUIT","SPRAY CARBARYL @ 1 ML PER LITRE OF WATER",BIHAR,SAMASTIPUR,WARISNAGAR,2018-05-11T12:19:12Z
JAYAD,HORTICULTURE,Fruits,Mango,"Plant Protection","MANGO FRUITFLY INFESTATION","Spray malathion @ 2 gm in 1 litre of water",BIHAR,SAMASTIPUR,WARISNAGAR,2018-05-11T12:20:26Z
JAYAD,AGRICULTURE,Others,Others,"Field Preparation","Weather information","Cloudy weather in your area, chance of rain in your area",BIHAR,SAMASTIPUR,UJIARPUR,2018-05-11T12:49:07Z
JAYAD,AGRICULTURE,Others,Others,Weather,"Weather information","There will be light clouds in the sky no chance of rain in your area.",BIHAR,SAMASTIPUR,MORWA,2018-05-11T13:00:54Z
JAYAD,AGRICULTURE,Others,Others,"Field Preparation","Weather information","Cloudy weather in your area, no  chance of rain in your area",BIHAR,SAMASTIPUR,TAJPUR,2018-05-11T13:48:56Z
RABI,AGRICULTURE,Others,Others,Weather,"WEATHER INFORMATION","Cloudy weather in your area, chance of rain in your area",BIHAR,SAMASTIPUR,UJIARPUR,2018-05-11T15:44:40Z
RABI,AGRICULTURE,Others,Others,Weather,"Weather information","Cloudy weather in your area but no chance of rain in your area",BIHAR,SAMASTIPUR,TAJPUR,2018-05-12T07:55:41Z
RABI,HORTICULTURE,Vegetables,Chillies,"Plant Protection","Gram caterpillar","Novaluron 10 % EC 7.5 ml/10 lit. 
Spinosad 45 % SC 3.2 ml/10 lit. 
Thiodicarb 75 % WP 2.0 g/lit.",BIHAR,SAMASTIPUR,ROSERA,2018-05-12T09:14:37Z
RABI,AGRICULTURE,Others,Others,Weather,"Weather information","Cloudy weather in your area but no chance of rain in your area",BIHAR,SAMASTIPUR,WARISNAGAR,2018-05-12T12:03:39Z
JAYAD,AGRICULTURE,Others,Others,"Field Preparation","WEATHER INFORMATION","NO CHANCE OF RAIN IN YOUR AREA",BIHAR,SAMASTIPUR,"SHIVAJI NAGAR",2018-05-12T12:07:04Z
JAYAD,AGRICULTURE,Others,Others,Weather,"Weather Information","Cloudy weather today and tomorrow little chance of rain.",BIHAR,SAMASTIPUR,WARISNAGAR,2018-05-12T16:33:35Z
JAYAD,AGRICULTURE,Others,Others,Weather,"Weather Information","Cloudy weather today and tomorrow little chance of rain.",BIHAR,SAMASTIPUR,WARISNAGAR,2018-05-12T16:33:35Z
JAYAD,AGRICULTURE,Others,Others,Weather,"Weather Information","Cloudy weather today and tomorrow little chance of rain.",BIHAR,SAMASTIPUR,WARISNAGAR,2018-05-12T16:37:16Z
JAYAD,AGRICULTURE,Others,Others,Weather,"Weather Information","Cloudy weather today and tomorrow little chance of rain.",BIHAR,SAMASTIPUR,SAMASTIPUR,2018-05-12T19:14:17Z
JAYAD,AGRICULTURE,Others,Others,Weather,"WEATHER INFORMATION","???? ???? ???? ??? ????? ,?? ????? ????? ???? ??  ???????? ??",BIHAR,SAMASTIPUR,TAJPUR,2018-05-13T06:56:15Z
RABI,HORTICULTURE,Vegetables,Brinjal,"Plant Protection","Chilli thrips","Imidacloprid 17.8 % SL 3.0 ml/10 lit. 
Dimethoate 30 % EC 1.0 ml/lit. 
Emamectin benzoate 5 % SG 4 g/10 lit.",BIHAR,SAMASTIPUR,WARISNAGAR,2018-05-13T09:36:09Z
JAYAD,AGRICULTURE,Others,Others,"Field Preparation","WEATHER INFORMATION","Cloudy weather in your area but no chance of rain in your area",BIHAR,SAMASTIPUR,PUSA,2018-05-13T10:45:48Z
RABI,AGRICULTURE,Cereals,Wheat,Weather,"farmer is asking about weather information ?","cloudy on till to 18 may, there is possibility to be scanty rainfall.",BIHAR,SAMASTIPUR,WARISNAGAR,2018-05-13T18:46:50Z
JAYAD,AGRICULTURE,Others,Others,Weather,"WEATHER INFORMATION","Heavy Cloudy weather in your area, chance of rain in your area",BIHAR,SAMASTIPUR,PUSA,2018-05-13T20:33:51Z
RABI,AGRICULTURE,Cereals,Wheat,Weather,"WEATHER INFORMATION","?? ?? ?? ???? ??????? ??? ???? ??? ????? ?? ????? ?? ??????? ??",BIHAR,SAMASTIPUR,BIBHUTPUR,2018-05-13T20:58:25Z
JAYAD,AGRICULTURE,Others,Others,"Field Preparation","Weather information","Cloudy weather in your area but no chance of rain in your area",BIHAR,SAMASTIPUR,KALYANPUR,2018-05-14T06:50:35Z
JAYAD,AGRICULTURE,Others,Others,"Field Preparation","Weather information","TODAY AND TOMORROW NO CHANCE OF RAIN",BIHAR,SAMASTIPUR,BITHAN,2018-05-14T07:16:42Z
JAYAD,AGRICULTURE,Others,Others,"Field Preparation","Weather information","TODAY AND TOMORROW NO CHANCE OF RAIN",BIHAR,SAMASTIPUR,MORWA,2018-05-14T07:24:33Z
JAYAD,AGRICULTURE,Others,Others,"Field Preparation","Weather information","Cloudy weather in your area but no chance of rain in your area",BIHAR,SAMASTIPUR,WARISNAGAR,2018-05-14T08:09:33Z
JAYAD,AGRICULTURE,Others,Others,"Field Preparation","Weather information","TODAY AND TOMORROW NO CHANCE OF RAIN",BIHAR,SAMASTIPUR,UJIARPUR,2018-05-14T10:06:38Z
JAYAD,AGRICULTURE,Others,Others,"Field Preparation","Weather information","TODAY AND TOMORROW NO CHANCE OF RAIN",BIHAR,SAMASTIPUR,SAMASTIPUR,2018-05-14T10:09:21Z
JAYAD,AGRICULTURE,Others,Others,Weather,"weather information","Cloudy weather in your area, chance of rain in your area.",BIHAR,SAMASTIPUR,KALYANPUR,2018-05-14T10:24:17Z
JAYAD,AGRICULTURE,Others,Others,"Field Preparation","TODAY AND TOMORROW NO CHANCE OF RAIN","TODAY AND TOMORROW NO CHANCE OF RAIN",BIHAR,SAMASTIPUR,MORWA,2018-05-14T10:28:48Z
RABI,HORTICULTURE,Vegetables,Bhindi(Okra/Ladysfinger),"Plant Protection",Aphid,"?Imidacloprid 200 SL at 100 ml/ha
?Methyl demeton 25 EC 500 ml/ha",BIHAR,SAMASTIPUR,SARAIRANJAN,2018-05-14T11:07:10Z
RABI,AGRICULTURE,Others,Others,"Fertilizer Use and Availability","fertilizer used in sugarcane","ferilizer used in sugarcane-1 kg /katta",BIHAR,SAMASTIPUR,ROSERA,2018-05-14T11:23:21Z
JAYAD,AGRICULTURE,Others,Others,Weather,"WEATHER INFORMATION","There will be weather like change, and there is a possibility of drowsiness.",BIHAR,SAMASTIPUR,UJIARPUR,2018-05-14T12:03:56Z
JAYAD,AGRICULTURE,Others,Others,Weather,"WEATHER INFORMATION","There will be weather like change, and there is a possibility of drowsiness.",BIHAR,SAMASTIPUR,SAMASTIPUR,2018-05-14T13:43:53Z
RABI,AGRICULTURE,Cereals,Wheat,Weather,"WEATHER INFORMATION","?? ?? ?? ???? ??????? ??? ???? ??? ????? ?? ????? ?? ??????? ??",BIHAR,SAMASTIPUR,KHANPUR,2018-05-14T14:27:18Z
RABI,AGRICULTURE,Cereals,Wheat,Weather,"WEATHER INFORMATION","?? ?? ?? ???? ??????? ??? ???? ??? ????? ?? ????? ?? ??????? ??",BIHAR,SAMASTIPUR,UJIARPUR,2018-05-14T15:31:21Z
RABI,AGRICULTURE,Cereals,Wheat,Weather,"WEATHER INFORMATION","?? ???? ??????? ??? ???? ??? ????? ?????  ????? ?? ???  ???????  ??? ??",BIHAR,SAMASTIPUR,BIBHUTPUR,2018-05-14T15:45:29Z
JAYAD,AGRICULTURE,Others,Others,Weather,"Weather Information","Cloudy weather today and tomorrow little chance of rain.",BIHAR,SAMASTIPUR,KHANPUR,2018-05-14T15:59:15Z
JAYAD,AGRICULTURE,Others,Others,Weather,"Weather Information","Cloudy weather today and tomorrow little chance of rain.",BIHAR,SAMASTIPUR,PUSA,2018-05-14T15:59:26Z
JAYAD,AGRICULTURE,Others,Others,Weather,"Weather Information","Cloudy weather today and tomorrow little chance of rain.",BIHAR,SAMASTIPUR,KHANPUR,2018-05-14T15:59:39Z
RABI,AGRICULTURE,Cereals,Wheat,Weather,"WEATHER INFORMATION","???? ??????? ??? ???? ??? ????? ?? ????? ????  ?? ??????? ??",BIHAR,SAMASTIPUR,SARAIRANJAN,2018-05-14T16:01:26Z
JAYAD,AGRICULTURE,Others,Others,Weather,"Weather Information","Cloudy weather today and tomorrow little chance of rain.",BIHAR,SAMASTIPUR,KALYANPUR,2018-05-14T16:05:54Z
JAYAD,AGRICULTURE,Others,Others,Weather,"Weather Information","Cloudy weather today and tomorrow little chance of rain.",BIHAR,SAMASTIPUR,KALYANPUR,2018-05-14T16:06:10Z
JAYAD,AGRICULTURE,Others,Others,Weather,"Weather Information","Cloudy weather today and tomorrow little chance of rain.",BIHAR,SAMASTIPUR,KALYANPUR,2018-05-14T16:06:25Z
RABI,AGRICULTURE,Cereals,Wheat,Weather,"WEATHER INFORMATION","?? ?? ?? ???? ??????? ??? ???? ??? ????? ?? ????? ?? ??????? ??",BIHAR,SAMASTIPUR,UJIARPUR,2018-05-14T16:10:39Z
JAYAD,AGRICULTURE,Others,Others,Weather,"Weather Information","Cloudy weather today and tomorrow little chance of rain.",BIHAR,SAMASTIPUR,UJIARPUR,2018-05-14T16:10:44Z
JAYAD,AGRICULTURE,Others,Others,Weather,"Weather Information","Cloudy weather today and tomorrow little chance of rain.",BIHAR,SAMASTIPUR,UJIARPUR,2018-05-14T16:11:02Z
JAYAD,AGRICULTURE,Others,Others,Weather,"Weather Information","Cloudy weather today and tomorrow little chance of rain.",BIHAR,SAMASTIPUR,UJIARPUR,2018-05-14T16:11:15Z
JAYAD,AGRICULTURE,Others,Others,Weather,"Weather Information","Cloudy weather today and tomorrow little chance of rain.",BIHAR,SAMASTIPUR,KALYANPUR,2018-05-14T17:39:42Z
JAYAD,AGRICULTURE,Others,Others,Weather,"Weather Information","Cloudy weather today and tomorrow little chance of rain.",BIHAR,SAMASTIPUR,KALYANPUR,2018-05-14T17:43:07Z
JAYAD,AGRICULTURE,Others,Others,Weather,"Weather Information","Cloudy weather today and tomorrow little chance of rain.",BIHAR,SAMASTIPUR,KALYANPUR,2018-05-14T17:43:09Z
RABI,AGRICULTURE,Cereals,Wheat,Weather,"WEATHER INFORMATION","?? ?? ?? ???? ??????? ??? ???? ??? ????? ?? ????? ?? ??????? ??",BIHAR,SAMASTIPUR,WARISNAGAR,2018-05-14T19:20:02Z
JAYAD,AGRICULTURE,Others,Others,"Plant Protection","WEATHER INFORMATION","Cloudy weather today and  tomorrow little chance of rain in your area.",BIHAR,SAMASTIPUR,BIBHUTPUR,2018-05-15T06:21:31Z
JAYAD,AGRICULTURE,Others,Others,"Field Preparation","Farmer Reg","Farmer Reg. & Anudan:- dbtagriculture.bihar.gov.in",BIHAR,SAMASTIPUR,SARAIRANJAN,2018-05-15T10:00:07Z
JAYAD,AGRICULTURE,Others,Others,"Field Preparation","Weather information","Cloudy weather today and  tomorrow little chance of rain in your area.",BIHAR,SAMASTIPUR,UJIARPUR,2018-05-15T10:28:03Z
JAYAD,AGRICULTURE,Others,Others,"Field Preparation","Weather information","Cloudy weather today and  tomorrow little chance of rain in your area.",BIHAR,SAMASTIPUR,ROSERA,2018-05-15T11:16:56Z
JAYAD,AGRICULTURE,Others,Others,Weather,"WEATHER INFORMATION","chance of rain in your area",BIHAR,SAMASTIPUR,UJIARPUR,2018-05-15T13:41:52Z
JAYAD,AGRICULTURE,Others,Others,Weather,"WEATHER INFORMATION","chance of rain in your area",BIHAR,SAMASTIPUR,UJIARPUR,2018-05-15T13:43:40Z
JAYAD,AGRICULTURE,Others,Others,Weather,"Weather information","Cloudy weather in your area chance of rain in your area",BIHAR,SAMASTIPUR,"VIDYAPATI NAGAR",2018-05-15T14:41:52Z
RABI,AGRICULTURE,Cereals,Wheat,Weather,"Weather information","?? ?? ??????? ??? ???? ???  ????? ??  ????? ???? ?? ??????? ??",BIHAR,SAMASTIPUR,UJIARPUR,2018-05-15T14:57:31Z
JAYAD,AGRICULTURE,Others,Others,"Soil Testing","how to take Sample for soil test","31 ???? ??? ?? ?????? ???? ?? , ??? ?? ?????? ?? 1 ????  ????? 1 ??? ?? ??? ????? ?? ???? ??? ??? ?? ???? ?????? ???? ??, ??? ??? ?? ?????? ??? ???? ???? ??? ??? ???? ?????? ??????? ?? !",BIHAR,SAMASTIPUR,TAJPUR,2018-05-15T14:58:23Z
JAYAD,AGRICULTURE,Millets,"Maize (Makka)",Varieties,"Good variety of maize","saktiman 1-4, ganga-11, suan, devki",BIHAR,SAMASTIPUR,SARAIRANJAN,2018-05-15T15:01:33Z
RABI,AGRICULTURE,Others,Others,Weather,"Weather Information","Cloudy weather today and tomorrow little chance of rain.",BIHAR,SAMASTIPUR,MOHANPUR,2018-05-15T15:35:01Z
JAYAD,AGRICULTURE,Others,Others,Weather,"WEATHER INFORMATION","Cloudy weather in your area, chance of rain in your area",BIHAR,SAMASTIPUR,WARISNAGAR,2018-05-16T07:27:49Z
JAYAD,AGRICULTURE,Others,Others,Weather,"WEATHER INFORMATION","Cloudy weather in your area, chance of rain in your area",BIHAR,SAMASTIPUR,WARISNAGAR,2018-05-16T07:29:45Z
JAYAD,AGRICULTURE,Others,Others,Weather,"weather information","Cloudy weather in your area, no chance of rain in your area.",BIHAR,SAMASTIPUR,BIBHUTPUR,2018-05-16T07:32:25Z
JAYAD,HORTICULTURE,Fruits,Papaya,"Plant Protection","Best variety of papaya-","pusa nanha, pusa dwarf, pusa delicious, pusa majesti",BIHAR,SAMASTIPUR,KHANPUR,2018-05-16T07:37:36Z
JAYAD,AGRICULTURE,Others,Others,Weather,"weather information","Cloudy weather in your area, no chance of rain in your area.",BIHAR,SAMASTIPUR,BIBHUTPUR,2018-05-16T08:28:24Z
JAYAD,AGRICULTURE,Others,Others,Weather,"weather information","Cloudy weather in your area, no chance of rain in your area.",BIHAR,SAMASTIPUR,WARISNAGAR,2018-05-16T09:47:55Z
JAYAD,AGRICULTURE,Others,Others,Weather,"Weather information","There will be light clouds in the sky no chance of rain in your area.",BIHAR,SAMASTIPUR,KHANPUR,2018-05-16T09:57:17Z
JAYAD,AGRICULTURE,Others,Others,Weather,"Weather information","There will be light clouds in the sky no chance of rain in your area.",BIHAR,SAMASTIPUR,TAJPUR,2018-05-16T09:57:35Z
RABI,HORTICULTURE,Vegetables,"Bottle Gourd","Plant Protection","Beetles, fruit flies and caterpillars","spraying Malathion 50 EC 1 ml/lit. or Dimethoate 30 EC 1 ml/lit. or Methyl demeton 25 EC 1 ml/lit.",BIHAR,SAMASTIPUR,BITHAN,2018-05-16T12:18:31Z
JAYAD,AGRICULTURE,Others,Others,Weather,"Weather information","Cloudy weather in your area chance of rain in your area",BIHAR,SAMASTIPUR,WARISNAGAR,2018-05-16T12:37:13Z
RABI,HORTICULTURE,Vegetables,Chillies,"Plant Protection","Chilli thrips","Imidacloprid 17.8 % SL 3.0 ml/10 lit. 
Dimethoate 30 % EC 1.0 ml/lit.",BIHAR,SAMASTIPUR,ROSERA,2018-05-16T15:11:30Z
