"Country/ State/ UT Name","District Name","Tribe Category","Total/ Rural/ Urban","Marital Status","Present Age","Total Ever/ Currently Married Women","Ever/ Currently Married Women of Parity - 0","Ever/ Currently Married Women of Parity - 1","Ever/ Currently Married Women of Parity - 2","Ever/ Currently Married Women of Parity - 3","Ever/ Currently Married Women of Parity - 4","Ever/ Currently Married Women of Parity - 5+","Total Children Ever Born - Persons","Total Children Ever Born - Males","Total Children Ever Born - Females"
Bihar,Sahibganj,"All Scheduled Tribes",Rural,"Ever Married","All Ages",140465,43706,20788,21144,18481,14850,21277,310337,161792,148545
Bihar,Sahibganj,"All Scheduled Tribes",Rural,"Ever Married","Less than 15",1288,1124,84,79,0,0,0,242,145,97
Bihar,Sahibganj,"All Scheduled Tribes",Rural,"Ever Married",15-19,10264,7424,2118,488,135,69,0,3775,1900,1875
Bihar,Sahibganj,"All Scheduled Tribes",Rural,"Ever Married",20-24,20114,8841,5704,3420,1250,500,361,20509,10317,10192
Bihar,Sahibganj,"All Scheduled Tribes",Rural,"Ever Married",25-29,21517,6608,4118,4781,3333,1694,946,36681,18764,17917
Bihar,Sahibganj,"All Scheduled Tribes",Rural,"Ever Married",30-34,19813,4777,2129,3715,3786,2814,2578,47350,23847,23503
Bihar,Sahibganj,"All Scheduled Tribes",Rural,"Ever Married",35-39,16013,3580,1219,2443,2948,2590,3220,44577,23183,21394
Bihar,Sahibganj,"All Scheduled Tribes",Rural,"Ever Married",40-44,14136,2600,1370,1926,2080,2183,3957,44554,23662,20892
Bihar,Sahibganj,"All Scheduled Tribes",Rural,"Ever Married",45-49,10734,2300,867,1200,1709,1566,3084,34392,18113,16279
Bihar,Sahibganj,"All Scheduled Tribes",Rural,"Ever Married",50-54,8257,1889,837,969,999,1198,2341,25376,13423,11953
Bihar,Sahibganj,"All Scheduled Tribes",Rural,"Ever Married",55-59,5333,1147,497,559,766,783,1574,16674,8955,7719
Bihar,Sahibganj,"All Scheduled Tribes",Rural,"Ever Married",60-64,6408,1501,983,783,867,673,1589,18114,9743,8371
Bihar,Sahibganj,"All Scheduled Tribes",Rural,"Ever Married",65-69,2366,627,262,258,251,289,667,7070,3672,3398
Bihar,Sahibganj,"All Scheduled Tribes",Rural,"Ever Married",70-74,1931,524,322,221,207,206,449,5184,2954,2230
Bihar,Sahibganj,"All Scheduled Tribes",Rural,"Ever Married",75-79,544,191,58,76,42,65,112,1329,784,545
Bihar,Sahibganj,"All Scheduled Tribes",Rural,"Ever Married","80 +",843,272,85,145,45,94,202,2295,1221,1074
Bihar,Sahibganj,"All Scheduled Tribes",Rural,"Currently Married","All Ages",121680,37768,18248,18659,16258,12713,17886,266499,138387,128112
Bihar,Sahibganj,"All Scheduled Tribes",Rural,"Currently Married","Less than 15",1223,1082,72,68,0,0,0,208,123,85
Bihar,Sahibganj,"All Scheduled Tribes",Rural,"Currently Married",15-19,9805,7018,2094,474,135,59,0,3683,1841,1842
Bihar,Sahibganj,"All Scheduled Tribes",Rural,"Currently Married",20-24,19414,8337,5576,3383,1237,497,360,20251,10173,10078
Bihar,Sahibganj,"All Scheduled Tribes",Rural,"Currently Married",25-29,20843,6172,4035,4710,3301,1676,920,36128,18482,17646
Bihar,Sahibganj,"All Scheduled Tribes",Rural,"Currently Married",30-34,19001,4435,2018,3584,3684,2721,2546,46090,23162,22928
Bihar,Sahibganj,"All Scheduled Tribes",Rural,"Currently Married",35-39,15023,3214,1158,2276,2760,2487,3116,42551,22145,20406
Bihar,Sahibganj,"All Scheduled Tribes",Rural,"Currently Married",40-44,12634,2208,1162,1689,1820,2016,3732,41154,21850,19304
Bihar,Sahibganj,"All Scheduled Tribes",Rural,"Currently Married",45-49,9038,1846,710,977,1429,1287,2782,30027,15927,14100
Bihar,Sahibganj,"All Scheduled Tribes",Rural,"Currently Married",50-54,5520,1215,521,590,680,830,1678,17778,9452,8326
Bihar,Sahibganj,"All Scheduled Tribes",Rural,"Currently Married",55-59,3662,758,305,334,561,499,1200,12079,6524,5555
Bihar,Sahibganj,"All Scheduled Tribes",Rural,"Currently Married",60-64,2511,512,281,234,367,327,786,8223,4160,4063
Bihar,Sahibganj,"All Scheduled Tribes",Rural,"Currently Married",65-69,1168,345,117,137,144,72,341,3483,1813,1670
Bihar,Sahibganj,"All Scheduled Tribes",Rural,"Currently Married",70-74,503,148,29,41,78,60,145,1516,925,591
Bihar,Sahibganj,"All Scheduled Tribes",Rural,"Currently Married",75-79,239,87,43,21,1,40,47,541,319,222
Bihar,Sahibganj,"All Scheduled Tribes",Rural,"Currently Married","80 +",409,163,17,90,24,39,76,1046,611,435
Bihar,Sahibganj,"All Scheduled Tribes",Urban,"Ever Married","All Ages",782,217,133,132,67,68,165,1850,1129,721
Bihar,Sahibganj,"All Scheduled Tribes",Urban,"Ever Married",15-19,69,41,28,0,0,0,0,28,2,26
Bihar,Sahibganj,"All Scheduled Tribes",Urban,"Ever Married",20-24,117,87,14,13,0,0,3,57,45,12
Bihar,Sahibganj,"All Scheduled Tribes",Urban,"Ever Married",25-29,118,17,29,56,12,3,1,195,96,99
Bihar,Sahibganj,"All Scheduled Tribes",Urban,"Ever Married",30-34,175,31,16,15,33,40,40,519,353,166
Bihar,Sahibganj,"All Scheduled Tribes",Urban,"Ever Married",35-39,60,0,4,27,8,3,18,214,89,125
Bihar,Sahibganj,"All Scheduled Tribes",Urban,"Ever Married",40-44,36,7,3,2,0,6,18,142,84,58
Bihar,Sahibganj,"All Scheduled Tribes",Urban,"Ever Married",45-49,52,4,0,4,0,1,43,259,183,76
Bihar,Sahibganj,"All Scheduled Tribes",Urban,"Ever Married",50-54,19,0,13,2,1,0,3,38,28,10
Bihar,Sahibganj,"All Scheduled Tribes",Urban,"Ever Married",55-59,45,4,13,0,13,2,13,151,93,58
Bihar,Sahibganj,"All Scheduled Tribes",Urban,"Ever Married",60-64,52,13,0,13,0,13,13,143,117,26
Bihar,Sahibganj,"All Scheduled Tribes",Urban,"Ever Married",65-69,13,0,13,0,0,0,0,13,13,0
Bihar,Sahibganj,"All Scheduled Tribes",Urban,"Ever Married",75-79,26,13,0,0,0,0,13,91,26,65
Bihar,Sahibganj,"All Scheduled Tribes",Urban,"Currently Married","All Ages",702,184,118,130,65,49,156,1695,1054,641
Bihar,Sahibganj,"All Scheduled Tribes",Urban,"Currently Married",15-19,69,41,28,0,0,0,0,28,2,26
Bihar,Sahibganj,"All Scheduled Tribes",Urban,"Currently Married",20-24,115,87,14,13,0,0,1,45,41,4
Bihar,Sahibganj,"All Scheduled Tribes",Urban,"Currently Married",25-29,118,17,29,56,12,3,1,195,96,99
Bihar,Sahibganj,"All Scheduled Tribes",Urban,"Currently Married",30-34,173,30,15,15,33,40,40,518,352,166
Bihar,Sahibganj,"All Scheduled Tribes",Urban,"Currently Married",35-39,55,0,3,27,6,3,16,197,82,115
Bihar,Sahibganj,"All Scheduled Tribes",Urban,"Currently Married",40-44,28,5,3,2,0,1,17,116,73,43
Bihar,Sahibganj,"All Scheduled Tribes",Urban,"Currently Married",45-49,44,3,0,2,0,0,39,225,170,55
Bihar,Sahibganj,"All Scheduled Tribes",Urban,"Currently Married",50-54,19,0,13,2,1,0,3,38,28,10
Bihar,Sahibganj,"All Scheduled Tribes",Urban,"Currently Married",55-59,29,1,0,0,13,2,13,138,80,58
Bihar,Sahibganj,"All Scheduled Tribes",Urban,"Currently Married",60-64,26,0,0,13,0,0,13,91,91,0
Bihar,Sahibganj,"All Scheduled Tribes",Urban,"Currently Married",65-69,13,0,13,0,0,0,0,13,13,0
Bihar,Sahibganj,"All Scheduled Tribes",Urban,"Currently Married",75-79,13,0,0,0,0,0,13,91,26,65
