Season,Sector,Category,Crop,QueryType,QueryText,KCCAns,StateName,DistrictName,BlockName,CreatedOn
RABI,AGRICULTURE,Cereals,Wheat,Weather,"Weather information","???? ??????? ??? ???? ??? ?????  ,????? ???? ?? ??? ??????? ???? ??",BIHAR,PATNA,BAKHTIARPUR,2018-03-01T06:47:07Z
RABI,AGRICULTURE,Cereals,Wheat,Weather,"Weather information","???? ??? ?????? ,????? ???? ?? ???????  ????",BIHAR,PATNA,MASAURHI,2018-03-01T08:49:56Z
RABI,AGRICULTURE,Pulses,"Bengal Gram (Gram/Chick Pea/Kabuli/Chana)","Plant Protection","POD BORER INSECT PROBLEM IN GRAM","Spray quinalphos @ 2ml/lit of water",BIHAR,PATNA,DINAPUR,2018-03-01T10:07:48Z
RABI,AGRICULTURE,Cereals,Wheat,Weather,"WEATHER INFORMATION","Cloudy weather in your area, but no chance of rain in your area",BIHAR,PATNA,FATUHA,2018-03-01T16:53:42Z
RABI,AGRICULTURE,Cereals,Wheat,Weather,"WEATHER INFORMATION","???? ??????? ??? ????? ???? ?? ??????? ???? ?? ",BIHAR,PATNA,SAMPATCHAK,2018-03-02T08:07:30Z
RABI,AGRICULTURE,Cereals,Wheat,Weather,"WEATHER INFORMATION","??? ?????  ?????",BIHAR,PATNA,FATUHA,2018-03-03T15:33:39Z
RABI,HORTICULTURE,Vegetables,Bhindi(Okra/Ladysfinger),"Plant Protection","Leaf roller","Spray carbaryl 50 WP 2 g/lit or phosalone 35 EC 2 ml/lit",BIHAR,PATNA,BARH,2018-03-03T18:28:43Z
RABI,HORTICULTURE,Vegetables,Bhindi(Okra/Ladysfinger),"Plant Protection",Whitefly,"?Phosalone 35 EC @ 2.5 l/ha
?Quinalphos 25 EC @ 2.0 l/ha
?Triazophos 40 EC @ 2.0 l/ha",BIHAR,PATNA,PALIGANJ,2018-03-03T18:31:03Z
RABI,HORTICULTURE,Vegetables,"Bitter Gourd","Plant Protection","Downy mildew","spraying Mancozeb or Chlorothalonil 2 g/lit twice at 10 days interval.",BIHAR,PATNA,"DULHIN BAZAR",2018-03-04T07:23:31Z
RABI,HORTICULTURE,Vegetables,Chillies,"Plant Protection","Tobacco cutworm","Indoxacarb 14.5 % SC 6.5 ml/10 lit. 
Novaluron 10 % EC 7.5 ml/10 lit.",BIHAR,PATNA,PALIGANJ,2018-03-04T07:54:58Z
JAYAD,HORTICULTURE,"Condiments and Spices",Coriander,"Plant Protection","lahi problem","Spray imidachloprid @1ml/3lit of water",BIHAR,PATNA,PALIGANJ,2018-03-04T08:44:40Z
RABI,AGRICULTURE,Others,Others,Weather,"WEATHER INFORMATION","NO CHANCE OF RAIN IN YOUR AREA",BIHAR,PATNA,PALIGANJ,2018-03-04T08:48:17Z
JAYAD,AGRICULTURE,Others,Others,Weather,"Weather information","Hazy weather in your area ,no chance of rain",BIHAR,PATNA,PALIGANJ,2018-03-04T10:37:05Z
JAYAD,AGRICULTURE,Pulses,"Green Gram (Moong Bean/ Moong)","Water Management","IRRIGATION IN MOONG","JAYAD MOONG SHOULD IRRIGATE 30-35 DAYS AFTER SOWING AFTER THAT AT THE INTERVAL OF 10-15 DAYS",BIHAR,PATNA,SAMPATCHAK,2018-03-04T13:34:47Z
RABI,AGRICULTURE,Others,Others,"Field Preparation","Insect problem","Spray  Imidachloprid @ 1ml/3lit of water",BIHAR,PATNA,FATUHA,2018-03-04T16:34:03Z
RABI,HORTICULTURE,Vegetables,Bhindi(Okra/Ladysfinger),"Plant Protection","Bhendi fruit borer","Spray carbaryl 50 WP 2 g/lit or B. thuringiensis 2 g/lit",BIHAR,PATNA,BARH,2018-03-06T07:33:47Z
RABI,HORTICULTURE,Vegetables,Bhindi(Okra/Ladysfinger),"Plant Protection",Whitefly,"?Phosalone 35 EC @ 2.5 l/ha
?Quinalphos 25 EC @ 2.0 l/ha
?Triazophos 40 EC @ 2.0 l/ha",BIHAR,PATNA,PUNPUN,2018-03-06T07:58:05Z
RABI,AGRICULTURE,Others,Others,Weather,"WEATHER INFORMATION","no chance of rain in your area.",BIHAR,PATNA,"DULHIN BAZAR",2018-03-06T08:46:33Z
JAYAD,AGRICULTURE,Others,Others,Credit,"diesel subsidy","consult to your block agriculture officer or district agriculture officer",BIHAR,PATNA,PALIGANJ,2018-03-06T11:49:59Z
RABI,AGRICULTURE,Others,Others,Weather,"weather information","31 /16C 

Hazy sun
  
 


Wed

Mar 7



31 /15 

Hazy sun
 More  
 


Thu

Mar 8



32 /16 

Intervals of clouds and sun
 More  
 


Fri

Mar 9



33 /17 

Hazy sunshine
 More  
 


Sat

Mar 10



34",BIHAR,PATNA,FATUHA,2018-03-06T14:07:44Z
JAYAD,HORTICULTURE,Vegetables,Bhindi(Okra/Ladysfinger),"Plant Protection","NEMATODE INFESTATION IN BHINDI FIELD","USE TRICHODERMA FOR ROOT NEMATODE",BIHAR,PATNA,NAUBATPUR,2018-03-07T12:38:06Z
RABI,AGRICULTURE,Others,Others,Weather,"Weather information","Hazy weather in your area ,no chance of rain",BIHAR,PATNA,SAMPATCHAK,2018-03-07T15:38:57Z
JAYAD,AGRICULTURE,Others,Others,"Plant Protection","plant protection","Spray imidachloprid @ 1 ml/3 liter of water",BIHAR,PATNA,PUNPUN,2018-03-07T17:42:23Z
JAYAD,AGRICULTURE,Others,Others,"Plant Protection","plant protection","Spray Carbendazim  @ 2 gm / liter of water",BIHAR,PATNA,PUNPUN,2018-03-07T17:42:54Z
JAYAD,AGRICULTURE,Pulses,"Bengal Gram (Gram/Chick Pea/Kabuli/Chana)","Plant Protection","INFESTATION OF GRAM POD BORER","Spray monocrotophos @ 1 ml in 1 litre of water",BIHAR,PATNA,NAUBATPUR,2018-03-08T11:32:00Z
JAYAD,HORTICULTURE,"Condiments and Spices",Coriander,"Plant Protection","APHID INFESTATION IN CORIANDER","Spray malathion @ 2ml/lit of water",BIHAR,PATNA,ATHAMALGOLA,2018-03-08T11:46:58Z
RABI,HORTICULTURE,Fruits,Mango,"Cultural Practices","cultural practices in mango plant","Spray Imidacloroprid @ 1 ml / 3 lit of water,Spray Planofix @ 1 ml in 5 liter of water,carbendazim @ 2 g/ litre water,mix together  then spray",BIHAR,PATNA,BAKHTIARPUR,2018-03-08T12:04:24Z
JAYAD,HORTICULTURE,Fruits,Mango,"Plant Protection","INSECTICIDE FOR MANGO","SPRAY DIMETHOATE @ 2ML PER LITRE OF WATER ALONGWITH SULPHUR 2 GM PER LITRE OF WATER",BIHAR,PATNA,PHULWARI,2018-03-08T12:26:08Z
RABI,HORTICULTURE,Vegetables,Brinjal,"Plant Protection","Brown leaf hopper","Spray with dimethoate 0.3%",BIHAR,PATNA,BARH,2018-03-08T13:01:50Z
RABI,HORTICULTURE,Vegetables,Brinjal,"Plant Protection","Tobacco mosaic virus","Spray insecticides like Dimethoate 2 ml/litre or Metasystox 1 ml/litre of water to control the insect vectors.",BIHAR,PATNA,BIHTA,2018-03-08T13:09:22Z
RABI,HORTICULTURE,Vegetables,Brinjal,"Plant Protection","Cercospora Leaf Spot","Spraying 1 per cent Bordeaux mixture or 2 g Copper oxychloride or 2.5 g Zineb per litre of water effectively controls leaf spots.",BIHAR,PATNA,PUNPUN,2018-03-08T13:10:55Z
RABI,HORTICULTURE,Vegetables,Brinjal,"Plant Protection","Cercospora Leaf Spot","Spraying 1 per cent Bordeaux mixture or 2 g Copper oxychloride or 2.5 g Zineb per litre of water effectively controls leaf spots.",BIHAR,PATNA,PALIGANJ,2018-03-08T13:11:00Z
RABI,AGRICULTURE,Cereals,Wheat,"Cultural Practices","PHYSIOLOGICAL DISEASE PROBLEM IN WHEAT","AAP KVK ME CONTACT KARE",BIHAR,PATNA,"PATNA SADAR",2018-03-08T13:19:40Z
JAYAD,AGRICULTURE,Others,Others,Weather,"Weather information","Cloudy weather, rain is not likely.",BIHAR,PATNA,MOKAMA,2018-03-08T13:45:09Z
RABI,AGRICULTURE,Others,Others,"Plant Protection","WEATHER INFORMATION","Cloudy weather in your area, but Hazy sunshine no chance of rain in your area.",BIHAR,PATNA,MASAURHI,2018-03-08T16:08:16Z
RABI,AGRICULTURE,Cereals,Wheat,Weather,"Weather information","???? ??????? ??? ???? ??? ?????  ,????? ???? ?? ??? ??????? ???? ??",BIHAR,PATNA,BIHTA,2018-03-08T17:12:33Z
RABI,AGRICULTURE,Cereals,Wheat,Weather,"Weather information","???? ??????? ??? ???? ??? ?????  ,????? ???? ?? ??? ??????? ???? ??",BIHAR,PATNA,PANDARAK,2018-03-08T19:02:27Z
RABI,HORTICULTURE,Fruits,Mango,"Plant Protection","MANGO MEALY BUG INSECT PROBLEM IN MANGO","Spray Imidacloroprid @ 1 ml / 3 lit of water",BIHAR,PATNA,BIKRAM,2018-03-09T10:59:22Z
RABI,AGRICULTURE,Others,Others,Weather,"WEATHER INFORMATION","Very low cloudy area but no chance of rain",BIHAR,PATNA,BIKRAM,2018-03-09T11:00:27Z
RABI,HORTICULTURE,Vegetables,"Bottle Gourd","Fertilizer Use and Availability","Application of fertilizers","Apply 10 kg of FYM (20 t/ha), 100 g of NPK 6:12:12 mixture/pit as basal and 10 g of N/pit 30 days after sowing.Apply Azospirillum and Phosphobacteria 2 kg/ha and Pseudomonas 2.5 kg/ha along with FYM 50 kg and neem cake @ 100 kg before last ploughing.",BIHAR,PATNA,BARH,2018-03-09T11:26:12Z
RABI,HORTICULTURE,Vegetables,Bhindi(Okra/Ladysfinger),"Bio-Pesticides and Bio-Fertilizers","Cercospora Leaf Spots","Spraying Mancozeb 0.25 % control the disease.",BIHAR,PATNA,PUNPUN,2018-03-09T11:27:54Z
RABI,AGRICULTURE,Others,Others,Weather,"WEATHER INFORMATION","Very low cloudy area but no chance of rain",BIHAR,PATNA,BIKRAM,2018-03-09T11:42:35Z
RABI,HORTICULTURE,Fruits,Mango,"Plant Protection","Growth regulator in mango","Spray Planofix @ 1 ml in 5 liter of water",BIHAR,PATNA,FATUHA,2018-03-09T12:14:12Z
JAYAD,AGRICULTURE,Others,Others,"Plant Protection","plant protection","Spray with boom flower @2ml/lit water",BIHAR,PATNA,MASAURHI,2018-03-09T15:38:37Z
RABI,AGRICULTURE,Cereals,Wheat,Weather,"WEATHER INFORMATION","???? ??? ?????? ? ?????  ????  ??  ????????  ??",BIHAR,PATNA,PHULWARI,2018-03-09T15:50:57Z
JAYAD,AGRICULTURE,Others,Others,"Plant Protection","plant protection","Spray imidachloprid @1ml/3lit of water",BIHAR,PATNA,KHUSRUPUR,2018-03-09T15:52:18Z
JAYAD,AGRICULTURE,Others,Others,"Plant Protection","plant protection","SPRAY MANCOZEB @ 2 GRAM/LITRE OF WATER",BIHAR,PATNA,KHUSRUPUR,2018-03-09T15:52:44Z
JAYAD,AGRICULTURE,Others,Others,"Plant Protection","plant protection","Spray  planofix @ 1 ml in 5 litre of water",BIHAR,PATNA,KHUSRUPUR,2018-03-09T15:57:35Z
JAYAD,AGRICULTURE,Others,Others,Weather,"WEATHER INFORMATION","Cloudy weather in your area, but Hazy sunshine no chance of rain in your area.",BIHAR,PATNA,KHUSRUPUR,2018-03-09T16:01:24Z
RABI,AGRICULTURE,Cereals,Wheat,"Plant Protection","insect problem in mango","cloropiryfos @2ml/lea of water",BIHAR,PATNA,BARH,2018-03-09T16:10:08Z
RABI,HORTICULTURE,Vegetables,Chillies,"Plant Protection","Green peach aphid","Imidacloprid 17.8 % SL 3.5 ml/10 lit. 
Oxydemeton Methyl 25% EC 1.6 ml/lit. 
Phosalone 35 % EC 2.0 ml/lit. 
Quinalphos 25 % EC 1.0 ml/lit.",BIHAR,PATNA,PALIGANJ,2018-03-09T17:29:29Z
RABI,AGRICULTURE,Cereals,Wheat,Weather,"WEATHER INFORMATION","?????  ????  ??  ????????  ????  ??",BIHAR,PATNA,NAUBATPUR,2018-03-09T18:56:29Z
KHARIF,HORTICULTURE,Fruits,Mango,"Nutrient Management","SPRAY AT FLOWER EMERGENCE","Spray Copper oxy chloride @ 2 gm / lit of water AND PLANOFIX 1 ML/5 LITRE OF WATER",BIHAR,PATNA,BIKRAM,2018-03-10T07:40:20Z
JAYAD,HORTICULTURE,Fruits,Citrus,"Plant Protection","APHID INFESTATION IN CITRUS","Spray  Imidachloprid @ 1ml/3lit of water",BIHAR,PATNA,"DULHIN BAZAR",2018-03-10T07:55:43Z
JAYAD,HORTICULTURE,Fruits,Mango,"Plant Protection","INSECT INFESTATION IN MANGO","SPRAY DIMETHOATE @ 1 ML PER LITRE OF WATER ALONGWITH SULPHUR 2 GM PER LITRE OF WATER",BIHAR,PATNA,KHUSRUPUR,2018-03-10T08:38:08Z
JAYAD,AGRICULTURE,Others,Others,"Plant Protection","plant protection","Copper oxychloride @ 2 ml in 1 liter of water",BIHAR,PATNA,MANER,2018-03-10T09:05:09Z
RABI,HORTICULTURE,Fruits,Mango,"Cultural Practices","WASHING OF MANGO TREE","Spray imidachloprid @1ml/3lit of water ,PLANOFIX @ 1 ML /4 LITRE WATER,CARBENDAZIM @ 2 G / LITRE WATER,MIX ALL MEDICINE TOGETHER THEN  DO SPRAY",BIHAR,PATNA,BIHTA,2018-03-10T12:29:41Z
JAYAD,AGRICULTURE,Others,Others,Weather,"WEATHER INFORMATION","No chance of rain in your area",BIHAR,PATNA,NAUBATPUR,2018-03-10T15:28:55Z
JAYAD,HORTICULTURE,Fruits,Mango,"Nutrient Management","fruit dropping in mango","Sprary planofix 1ml in 3 lit of water.",BIHAR,PATNA,BIKRAM,2018-03-11T06:35:15Z
JAYAD,AGRICULTURE,Others,Others,Weather,"WEATHER INFORMATION","No chance of rain in your area.",BIHAR,PATNA,BIKRAM,2018-03-11T07:11:19Z
JAYAD,AGRICULTURE,Others,Others,Weather,"WEATHER INFORMATION","No chance of rain in your area.",BIHAR,PATNA,BIKRAM,2018-03-11T07:11:32Z
JAYAD,AGRICULTURE,Others,Others,Weather,"WEATHER INFORMATION","No chance of rain in your area.",BIHAR,PATNA,BIKRAM,2018-03-11T07:11:46Z
KHARIF,HORTICULTURE,Fruits,Mango,"Plant Protection","INSECT PROBLEM IN MANGO","SPRAY IMIDACHLOROPID",BIHAR,PATNA,SAMPATCHAK,2018-03-11T11:30:44Z
RABI,AGRICULTURE,Others,Others,Weather,"WEATHER INFORMATION","TODAY AND TOMORROW NO CHANCE OF RAIN IN YOUR AREA",BIHAR,PATNA,BARH,2018-03-11T13:42:20Z
RABI,AGRICULTURE,Others,Others,Weather,"WEATHER INFORMATION","TODAY AND TOMORROW NO CHANCE OF RAIN IN YOUR AREA",BIHAR,PATNA,ATHAMALGOLA,2018-03-11T13:55:42Z
JAYAD,HORTICULTURE,Vegetables,Onion,"Cultural Practices","NUTRIENTS FOR ONION","Spray multi micro nutrients @ 2 ml in 1 liter of water",BIHAR,PATNA,MOKAMA,2018-03-12T08:04:20Z
RABI,AGRICULTURE,Others,Others,"Plant Protection","WEATHER INFORMATION","No chance of rain in your area",BIHAR,PATNA,BARH,2018-03-12T10:15:06Z
RABI,HORTICULTURE,Vegetables,Bhindi(Okra/Ladysfinger),"Plant Protection","Bhendi fruit borer","Spray carbaryl 50 WP 2 g/lit or B. thuringiensis 2 g/lit",BIHAR,PATNA,BIHTA,2018-03-12T10:19:31Z
RABI,HORTICULTURE,Fruits,Mango,"Cultural Practices","WASHING OF MANGO PLANT","Spray imidachloprid @1ml/3lit of water ,carbendazim @ 2 gram /lit of water,PLANOFIX 1 ML/4 LITRE WATER.MIX ALL MEDICINE TOGETHER THEN SPRAY",BIHAR,PATNA,DINAPUR,2018-03-12T10:30:35Z
JAYAD,HORTICULTURE,Vegetables,Onion,"Plant Protection","YELLOWING OF BRINJAL","Spray copper oxycloride @ 2 gram in 1 litter of water",BIHAR,PATNA,BAKHTIARPUR,2018-03-12T11:25:27Z
RABI,AGRICULTURE,Others,Others,"Training and Exposure Visits","query for kvk","Dr. Umesh Singh
Programme Coordinator
Krishi Vigyan Kendra (RAU)
Agwanpur
Distt Barh. (Patna)  803214
Email: drumeshsingh@yahoo.dot.com.in 09431226344",BIHAR,PATNA,NAUBATPUR,2018-03-12T14:13:05Z
RABI,AGRICULTURE,Others,Others,"Plant Protection","termit infestation in mango","Spray cloropyriphos @ 2 ml in 1 litre of water",BIHAR,PATNA,BIHTA,2018-03-12T14:28:41Z
RABI,AGRICULTURE,Others,Others,"Plant Protection","termite infestation in mango","Spray cloropyriphos @ 2 ml in 1 litre of water",BIHAR,PATNA,BIHTA,2018-03-12T14:29:39Z
RABI,AGRICULTURE,Others,Others,Weather,"weather information in patna","34 /18C 

Hazy sun and very warm
  
 


Wed

Mar 14



35 /18 

Hot with hazy sun
 More  
 


Thu

Mar 15



35 /23 

Hot with hazy sun
 More  
 


Fri

Mar 16



35 /20 

Hazy sun
 More  
 


Sat

Mar 17



35 /18 

Plenty of sunshine",BIHAR,PATNA,"PATNA SADAR",2018-03-13T06:31:03Z
RABI,AGRICULTURE,Others,Others,Weather,"WEATHER INFORMATION","Today and tomorrow no chance of rain in your area.",BIHAR,PATNA,"PATNA SADAR",2018-03-13T06:37:02Z
RABI,AGRICULTURE,Others,Others,Weather,"WEATHER INFORMATION","Today and tomorrow no chance of rain in your area.",BIHAR,PATNA,"PATNA SADAR",2018-03-13T06:38:26Z
RABI,AGRICULTURE,Others,Others,Weather,"WEATHER INFORMATION","Today and tomorrow no chance of rain in your area.",BIHAR,PATNA,"PATNA SADAR",2018-03-13T06:39:47Z
RABI,AGRICULTURE,Others,Others,Weather,"WEATHER INFORMATION","Today and tomorrow no chance of rain in your area.",BIHAR,PATNA,"PATNA SADAR",2018-03-13T07:11:58Z
JAYAD,HORTICULTURE,Vegetables,Onion,"Plant Protection","THRIPS INFESTATION IN ONION","Spray malathion @ 2 gram in 1 liter of water",BIHAR,PATNA,BELCHCHI,2018-03-13T07:46:01Z
RABI,HORTICULTURE,Vegetables,Brinjal,"Plant Protection","Shoot and fruit borer","Dimethoate 30 % EC 7.0  ml/10 lit. 
Emamectin benzoate 5 % SG 4 g/10 lit.",BIHAR,PATNA,BARH,2018-03-13T10:37:15Z
RABI,HORTICULTURE,Vegetables,Brinjal,"Plant Protection","Stem borer","Light trap @1/ha to attract and kill adults
Spray neem oil 2ml/lit",BIHAR,PATNA,"DULHIN BAZAR",2018-03-13T10:39:46Z
RABI,HORTICULTURE,Vegetables,Brinjal,"Plant Protection","Brown leaf hopper","Before transplantation dip the seedlings in 0.2% carbofuran 50 STD solution (control insect vectors)
Spray with dimethoate 0.3%",BIHAR,PATNA,NAUBATPUR,2018-03-13T10:42:28Z
RABI,AGRICULTURE,Others,Others,"Field Preparation","Pest problem","Spray imidachloprid @ 1ml/3 lit of water",BIHAR,PATNA,DINAPUR,2018-03-13T16:21:22Z
RABI,AGRICULTURE,Others,Others,"Field Preparation","YELLOWING OF LEAVES / problem fungus","spray mancozeb @ 2 gm / lit of water",BIHAR,PATNA,DINAPUR,2018-03-13T16:22:47Z
RABI,AGRICULTURE,Others,Others,"Field Preparation","WEATHER INFORMATION","Cloudy weather in your area and no chance of rain in your area",BIHAR,PATNA,BARH,2018-03-13T16:54:02Z
RABI,AGRICULTURE,Others,Others,"Field Preparation","WEATHER INFORMATION","Cloudy weather in your area and no chance of rain in your area",BIHAR,PATNA,ATHAMALGOLA,2018-03-13T17:17:12Z
JAYAD,AGRICULTURE,Others,Others,Weather,"Wilt disease of green gram","rog rodhi variety sowing kare, 3 years ka crop rotation apnye  or
carbendazim @ 1 gram par kg seed ko seed treatment kare",BIHAR,PATNA,SAMPATCHAK,2018-03-13T19:29:34Z
RABI,AGRICULTURE,Others,Others,"Field Preparation","WEATHER INFORMATION","Cloudy weather in your area and no chance of rain in your area",BIHAR,PATNA,DANIYAWAN,2018-03-13T20:18:41Z
RABI,AGRICULTURE,Others,Others,"Field Preparation","WEATHER INFORMATION","Cloudy weather in your area and no chance of rain in your area",BIHAR,PATNA,DANIYAWAN,2018-03-13T20:38:49Z
RABI,HORTICULTURE,Vegetables,Brinjal,"Plant Protection","Cercospora Leaf Spots","Spraying Mancozeb 0.25 % control the disease.",BIHAR,PATNA,PUNPUN,2018-03-14T07:39:13Z
RABI,HORTICULTURE,Vegetables,Bhindi(Okra/Ladysfinger),"Plant Protection","Powdery mildew","Spary inorganic sulphur 0.25% or Dinocap 0.1% 3 or 4 times at 15 days interval.",BIHAR,PATNA,BARH,2018-03-14T07:48:39Z
RABI,HORTICULTURE,Vegetables,Brinjal,"Plant Protection","Leaf roller","Spray carbaryl 50 WP 2 g/lit or phosalone 35 EC 2 ml/lit",BIHAR,PATNA,PALIGANJ,2018-03-14T08:10:38Z
RABI,HORTICULTURE,Vegetables,Bhindi(Okra/Ladysfinger),"Plant Protection",Whitefly,"?Phosalone 35 EC @ 2.5 l/ha
?Quinalphos 25 EC @ 2.0 l/ha
?Triazophos 40 EC @ 2.0 l/ha",BIHAR,PATNA,SAMPATCHAK,2018-03-14T08:12:38Z
RABI,HORTICULTURE,Vegetables,Bhindi(Okra/Ladysfinger),"Plant Protection",Aphid,"?Imidacloprid 200 SL at 100 ml/ha
?Methyl demeton 25 EC 500 ml/ha",BIHAR,PATNA,PALIGANJ,2018-03-14T08:19:48Z
JAYAD,AGRICULTURE,Others,Others,"Plant Protection","fruit borer in gram","Spray quinolphos @ 1 ml in 1 liter of water",BIHAR,PATNA,DHANARUA,2018-03-14T08:20:26Z
JAYAD,AGRICULTURE,Others,Others,Weather,"WEATHER INFORMATION","There will be light clouds in the sky but no chance of rain in your area",BIHAR,PATNA,"DULHIN BAZAR",2018-03-14T10:00:52Z
RABI,AGRICULTURE,Others,Others,"Plant Protection","WEATHER INFORMESION","Cloudy weather but no rain in your area",BIHAR,PATNA,PUNPUN,2018-03-14T10:47:47Z
JAYAD,HORTICULTURE,Fruits,Mango,"Nutrient Management","ASKING ABOUT THE FRUIT DROPPING IN MANGO.","SUGGESTED TO SPRAY PLANOFIX @ 1ML/4 LT OF WATER.",BIHAR,PATNA,"PATNA SADAR",2018-03-14T14:51:01Z
RABI,AGRICULTURE,Cereals,Wheat,Weather,"Weather  information","????  ??? ????? ??? ???? ??? ?????",BIHAR,PATNA,BIKRAM,2018-03-14T15:16:09Z
RABI,AGRICULTURE,Others,Others,Weather,"Asking for weather report.","Have told him according to the IMD data analysis.",BIHAR,PATNA,"PATNA SADAR",2018-03-14T15:32:41Z
RABI,AGRICULTURE,Others,Others,"Field Preparation","WEATHER INFORMATION","Cloudy weather in your area and no chance of rain in your area",BIHAR,PATNA,PALIGANJ,2018-03-14T15:46:50Z
JAYAD,AGRICULTURE,Others,Others,Varieties,"Variety of Moong -","Variety of Moong - pusa vishal, smart, sona , H.U.M.-16, P.S.-16,S.M.L.668",BIHAR,PATNA,BIKRAM,2018-03-14T16:31:31Z
JAYAD,AGRICULTURE,Others,Others,Varieties,"Variety of Moong -","Variety of Moong - pusa vishal, smart, sona , H.U.M.-16, P.S.-16,S.M.L.668",BIHAR,PATNA,BIKRAM,2018-03-14T16:31:59Z
JAYAD,AGRICULTURE,Others,Others,Varieties,"Variety of Moong -","Variety of Moong - pusa vishal, smart, sona , H.U.M.-16, P.S.-16,S.M.L.668",BIHAR,PATNA,BIKRAM,2018-03-14T16:32:19Z
JAYAD,AGRICULTURE,Others,Others,Varieties,"Variety of Moong -","Variety of Moong - pusa vishal, smart, sona , H.U.M.-16, P.S.-16,S.M.L.668",BIHAR,PATNA,BIKRAM,2018-03-14T16:33:22Z
JAYAD,AGRICULTURE,Others,Others,Varieties,"Variety of Moong -","Variety of Moong - pusa vishal, smart, sona , H.U.M.-16, P.S.-16,S.M.L.668",BIHAR,PATNA,BIKRAM,2018-03-14T16:42:52Z
JAYAD,AGRICULTURE,Others,Others,Varieties,"Variety of Moong -","Variety of Moong - pusa vishal, smart, sona , H.U.M.-16, P.S.-16,S.M.L.668",BIHAR,PATNA,BIKRAM,2018-03-14T16:43:15Z
JAYAD,AGRICULTURE,Others,Others,Varieties,"Variety of Moong -","Variety of Moong - pusa vishal, smart, sona , H.U.M.-16, P.S.-16,S.M.L.668",BIHAR,PATNA,BIKRAM,2018-03-14T16:43:36Z
JAYAD,AGRICULTURE,Pulses,"Green Gram (Moong Bean/ Moong)",Varieties,"Variety of Moong","pusa vishal, smart, sona , H.U.M.-16, P.S.-16,S.M.L.668",BIHAR,PATNA,SAMPATCHAK,2018-03-14T17:13:15Z
JAYAD,AGRICULTURE,Others,Others,Weather,"Weather information","Weather will be clear and glowing sun",BIHAR,PATNA,NAUBATPUR,2018-03-14T19:16:47Z
RABI,AGRICULTURE,Others,Others,"Field Preparation","YELLOWING OF LEAVES / problem fungus","Spray Copper oxy chloride @ 2 gm / lit of water",BIHAR,PATNA,BARH,2018-03-14T19:36:18Z
RABI,AGRICULTURE,Others,Others,"Field Preparation",NUTRIENT,"Spray boomflower @ 2 ml in 1 litre of water",BIHAR,PATNA,BARH,2018-03-14T19:37:41Z
RABI,AGRICULTURE,Others,Others,"Field Preparation","YELLOWING OF LEAVES / problem fungus","Spray Copper oxy chloride @ 2 gm / lit of water",BIHAR,PATNA,BARH,2018-03-14T19:58:45Z
RABI,AGRICULTURE,Others,Others,Weather,"WEATHER INFORMESION","???? ???? ???? ????? ????? ?? ???????  ??? ??",BIHAR,PATNA,"PATNA SADAR",2018-03-15T09:42:09Z
JAYAD,AGRICULTURE,Others,Others,Weather,"Weather information","Cloudy weather Today and tomorrow little chance of rain in your area.",BIHAR,PATNA,BIKRAM,2018-03-15T10:51:59Z
JAYAD,AGRICULTURE,Others,Others,Weather,"Weather information","Cloudy weather Today and tomorrow little chance of rain in your area.",BIHAR,PATNA,PHULWARI,2018-03-15T14:16:26Z
RABI,AGRICULTURE,Cereals,Wheat,Weather,"WEATHER INFORMATION","???? ???  ?????  ,?????  ?? ???  ???????  ??? ??",BIHAR,PATNA,PHULWARI,2018-03-15T16:53:19Z
JAYAD,AGRICULTURE,Others,Others,Weather,"Weather information","Cloudy weather Today and tomorrow little chance of rain in your area.",BIHAR,PATNA,BIHTA,2018-03-15T17:27:46Z
RABI,AGRICULTURE,Others,Others,"Field Preparation","WEATHER INFORMATION","Today and tomorrow no chance of rain in your area.",BIHAR,PATNA,KHUSRUPUR,2018-03-15T17:51:10Z
RABI,AGRICULTURE,Others,Others,Weather,"WEATHER INFORMATION","Cloudy weather in your area ,but no chance of rain",BIHAR,PATNA,KHUSRUPUR,2018-03-15T20:52:36Z
RABI,AGRICULTURE,Others,Others,Weather,"WEATHER INFORMATION","Cloudy weather in your area ,but no chance of rain",BIHAR,PATNA,KHUSRUPUR,2018-03-15T20:53:45Z
RABI,AGRICULTURE,Cereals,Wheat,Weather,"WEATHER INFORMATION","Sunny weather but no rain in your area.",BIHAR,PATNA,PHULWARI,2018-03-16T11:08:29Z
RABI,AGRICULTURE,Others,Others,Weather,"WEATHER INFORMATION","no chance of rain in your area.",BIHAR,PATNA,NAUBATPUR,2018-03-16T11:08:54Z
RABI,AGRICULTURE,Others,Others,"Government Schemes","Kisan registration","For USSD service activation please dial  *491*103#
Kisan registration - www.krishimis.in",BIHAR,PATNA,"PATNA SADAR",2018-03-16T11:43:37Z
JAYAD,AGRICULTURE,Others,Others,Weather,"Weather information","Hazy weather in your area ,no chance of rain",BIHAR,PATNA,"DULHIN BAZAR",2018-03-16T12:30:40Z
JAYAD,AGRICULTURE,Others,Others,Weather,"Weather information","Hazy weather in your area ,no chance of rain",BIHAR,PATNA,BIKRAM,2018-03-16T12:39:07Z
JAYAD,AGRICULTURE,Others,Others,Weather,"Weather information","Hazy weather in your area ,no chance of rain",BIHAR,PATNA,PANDARAK,2018-03-16T12:40:34Z
JAYAD,AGRICULTURE,Others,Others,Weather,"Weather information","Hazy weather in your area ,no chance of rain",BIHAR,PATNA,BIHTA,2018-03-16T12:47:44Z
JAYAD,AGRICULTURE,Others,Others,Weather,"Weather information","Hazy weather in your area ,no chance of rain",BIHAR,PATNA,BIHTA,2018-03-16T13:12:59Z
RABI,AGRICULTURE,Others,Others,"Field Preparation","Weather information","Very low cloudy area but no chance of rain",BIHAR,PATNA,GHOSWARI,2018-03-16T13:47:45Z
JAYAD,AGRICULTURE,Others,Others,"Plant Protection","Rhizopus rot","Spray copper oxychloride @ 2 gram in 1 litre of water",BIHAR,PATNA,BELCHCHI,2018-03-16T16:19:54Z
JAYAD,AGRICULTURE,Others,Others,Weather,"WEATHER INFORMATION","???? ??????? ??? ????? ???? ?? ??????? ???? ?? ",BIHAR,PATNA,MASAURHI,2018-03-16T19:08:41Z
JAYAD,AGRICULTURE,Others,Others,Weather,"Weather information","Cloudy weather in your area and no chance of rain in your area",BIHAR,PATNA,KHUSRUPUR,2018-03-17T07:28:48Z
JAYAD,AGRICULTURE,Millets,"Maize (Makka)",Varieties,"VARIETIES OF QUALITY PROTEIN MAIZE","SHAKTIMAN-1 AND SHAKTIMAN-2 ARE SUMMER VARIETIES OF QUALITY PROTEIN MAIZE",BIHAR,PATNA,KHUSRUPUR,2018-03-17T07:32:38Z
JAYAD,AGRICULTURE,Others,Others,Weather,"Weather information","Cloudy weather in your area and no chance of rain in your area",BIHAR,PATNA,KHUSRUPUR,2018-03-17T07:37:01Z
JAYAD,AGRICULTURE,Others,Others,Weather,"Weather information","Cloudy weather in your area and no chance of rain in your area",BIHAR,PATNA,MOKAMA,2018-03-17T08:56:59Z
RABI,HORTICULTURE,Fruits,Mango,"Plant Protection","FLOWER DROPPING","Sprary planofix 1ml in 4- 5 lit of water.  (NAA @ 20 ppm)",BIHAR,PATNA,PUNPUN,2018-03-17T11:40:06Z
JAYAD,HORTICULTURE,Vegetables,Bhindi(Okra/Ladysfinger),"Plant Protection","INSECT INFESTATION IN BHINDI","Spray malathion @ 2 gm in 1 litre of water",BIHAR,PATNA,DINAPUR,2018-03-17T12:00:43Z
RABI,HORTICULTURE,Flowers,Rose,"Plant Protection","Propagation and planting rose","The crop can be propagated by rooted cuttings or by budding on Briar root stocks in hills and on Edward Rose and Rosa indica in plains. One year old budded plants are planted in July - August at 75 cm x 75 cm spacing.",BIHAR,PATNA,"PATNA SADAR",2018-03-17T12:39:57Z
JAYAD,HORTICULTURE,Fruits,Mango,"Plant Protection","INSECT INFESTATION IN MANGO","Spray imidachloprid @ 1ml/3 lit of water",BIHAR,PATNA,BIHTA,2018-03-17T13:40:24Z
JAYAD,AGRICULTURE,Others,Others,"Plant Protection","PLANT PROTECTION","??????  ???????????  1 ml 4-5 ???? ???? ??? ?????? ??????  ??? (NAA @ 20 ppm)",BIHAR,PATNA,KHUSRUPUR,2018-03-17T14:38:35Z
RABI,AGRICULTURE,Cereals,Wheat,Weather,"Weather information","Heavy Cloudy weather in your area, no chance of rain in your area",BIHAR,PATNA,FATUHA,2018-03-17T16:31:32Z
JAYAD,AGRICULTURE,Others,Others,"Plant Protection","plant protection","Spray Planofix @ 1 ml in 5 liter of water",BIHAR,PATNA,KHUSRUPUR,2018-03-17T16:40:10Z
JAYAD,AGRICULTURE,Others,Others,"Plant Protection","plant protection","Spray Multi micro nutrient @ 2 gram in 1 liter of water",BIHAR,PATNA,KHUSRUPUR,2018-03-17T16:40:38Z
RABI,HORTICULTURE,Vegetables,Brinjal,"Plant Protection","Tobacco mosaic virus","Spray insecticides like Dimethoate 2 ml/litre or Metasystox 1 ml/litre of water to control the insect vectors.",BIHAR,PATNA,"DULHIN BAZAR",2018-03-17T17:28:48Z
RABI,HORTICULTURE,Vegetables,Brinjal,"Plant Protection","Shoot and fruit borer","Quinalphos 25 % EC 1.5 ml/lit. 
Thiodicarb 75 % WP 2.0 g/lit.",BIHAR,PATNA,BIHTA,2018-03-17T17:36:26Z
RABI,HORTICULTURE,Vegetables,Brinjal,"Plant Protection","Shoot and fruit borer","Quinalphos 25 % EC 1.5 ml/lit. 
Thiodicarb 75 % WP 2.0 g/lit.",BIHAR,PATNA,PALIGANJ,2018-03-17T17:36:32Z
JAYAD,AGRICULTURE,Others,Others,Weather,"WEATHER INFORMATION","No chance of rain in your area",BIHAR,PATNA,BIKRAM,2018-03-17T17:42:43Z
JAYAD,AGRICULTURE,Others,Others,Weather,"WEATHER INFORMATION","No chance of rain in your area",BIHAR,PATNA,BIKRAM,2018-03-17T17:42:55Z
JAYAD,AGRICULTURE,Others,Others,Weather,"WEATHER INFORMATION","No chance of rain in your area",BIHAR,PATNA,BIKRAM,2018-03-17T17:43:05Z
JAYAD,AGRICULTURE,Others,Others,Weather,"WEATHER INFORMATION","????  ??? ????? ??? ???? ??? ?????",BIHAR,PATNA,DANIYAWAN,2018-03-17T20:14:09Z
JAYAD,AGRICULTURE,Others,Others,Weather,"WEATHER INFORMATION","????  ??? ????? ??? ???? ??? ?????",BIHAR,PATNA,DANIYAWAN,2018-03-17T20:14:12Z
RABI,HORTICULTURE,Vegetables,Bhindi(Okra/Ladysfinger),"Plant Protection","Leaf roller","Spray carbaryl 50 WP 2 g/lit or phosalone 35 EC 2 ml/lit",BIHAR,PATNA,"DULHIN BAZAR",2018-03-18T06:29:04Z
RABI,AGRICULTURE,Others,Others,"Field Preparation","VARIETIES OF BHINDI","VARIETIES OF BHINDI   --PUSA SAWANI, VARSHA UPAHAR, PUSA MUKHMALI,, HISAR UNNAT",BIHAR,PATNA,BAKHTIARPUR,2018-03-18T10:05:20Z
RABI,AGRICULTURE,Others,Others,"Field Preparation","Pest problem","Spray Imidacloroprid 17.8 SL @ 1 ml /3 lit of water",BIHAR,PATNA,PHULWARI,2018-03-18T10:34:27Z
RABI,HORTICULTURE,Vegetables,Brinjal,"Plant Protection","Shoot and fruit borer","Dimethoate 30 % EC 7.0  ml/10 lit. 
Emamectin benzoate 5 % SG 4 g/10 lit. 
Flubendiamide 20 WDG 7.5 g/10 lit.",BIHAR,PATNA,BARH,2018-03-18T10:34:51Z
RABI,AGRICULTURE,Others,Others,Weather,"WEATHER INFORMESION","??? ???? ????? I ???? ??????? ??? ????? ?? ???????  ??? ??",BIHAR,PATNA,"PATNA SADAR",2018-03-18T10:55:59Z
JAYAD,AGRICULTURE,Others,Others,Weather,"weather information","Cloudy weather today and tomorrow but no chance of rain.",BIHAR,PATNA,BAKHTIARPUR,2018-03-18T16:38:12Z
RABI,AGRICULTURE,Others,Others,Weather,"WEATHER INFORMESION","?? ?? ?? ???? ??????? ??? ????? ?? ???????  ??? ??",BIHAR,PATNA,"PATNA SADAR",2018-03-19T09:56:31Z
RABI,HORTICULTURE,Vegetables,Brinjal,"Plant Protection","Cercospora Leaf","Spraying 1 per cent Bordeaux mixture or 2 g Copper oxychloride or 2.5 g Zineb per litre of water effectively controls leaf spots.",BIHAR,PATNA,DINAPUR,2018-03-19T10:13:29Z
RABI,HORTICULTURE,Vegetables,Brinjal,"Plant Protection","Alternaria leaf Spot","Spraying 1 per cent Bordeaux mixture or 2 g Copper oxychloride or 2.5 g Zineb per litre of water effectively controls leaf spots.",BIHAR,PATNA,PUNPUN,2018-03-19T10:15:23Z
RABI,HORTICULTURE,Vegetables,Brinjal,"Plant Protection","Bacterial Wilt","Spray Copper fungicides to control the disease (2% Bordeaux mixture",BIHAR,PATNA,PALIGANJ,2018-03-19T10:24:26Z
RABI,HORTICULTURE,Vegetables,"Bitter Gourd","Plant Protection","Powdery mildew","spraying Dinocap 1ml/lit or Carbendazim 0.5 g/lit.",BIHAR,PATNA,BIKRAM,2018-03-19T10:43:23Z
RABI,HORTICULTURE,Vegetables,"Bitter Gourd","Plant Protection","Powdery mildew","spraying Dinocap 1ml/lit or Carbendazim 0.5 g/lit.",BIHAR,PATNA,DHANARUA,2018-03-19T10:43:28Z
RABI,AGRICULTURE,Others,Others,Weather,"weather information","Cloudy weather Today & tomorrow no  chance of rain",BIHAR,PATNA,BIHTA,2018-03-19T12:48:06Z
RABI,AGRICULTURE,Cereals,Wheat,Weather,"Weather information","Cloudy weather Today and tomorrow little chance of rain in your area.",BIHAR,PATNA,PHULWARI,2018-03-19T13:48:09Z
RABI,AGRICULTURE,Others,Others,"Field Preparation","WEATHER INFORMATION","Cloudy weather, but chance of rain in your area",BIHAR,PATNA,DHANARUA,2018-03-19T16:19:50Z
JAYAD,AGRICULTURE,Others,Others,"Plant Protection","Fruit dropping problem in mango","??????????? @ 1 ???? ???? in 5 litre   ????? ???? ???? ??? ?????? ?????? ????",BIHAR,PATNA,PANDARAK,2018-03-19T17:11:14Z
RABI,AGRICULTURE,Others,Others,"Field Preparation","Mushroom cultivation","-Dr. Dayaram - 9430464088",BIHAR,PATNA,"PATNA SADAR",2018-03-19T19:12:28Z
RABI,AGRICULTURE,Others,Others,Weather,"weather information","Cloudy weather today and tomorrow but no chance of rain.",BIHAR,PATNA,BIHTA,2018-03-19T21:07:04Z
RABI,AGRICULTURE,Cereals,Wheat,Weather,"Weather information","????  ????  ????? ,?????? ? ????",BIHAR,PATNA,PUNPUN,2018-03-20T09:28:33Z
RABI,AGRICULTURE,Pulses,"Green Gram (Moong Bean/ Moong)",Varieties,"Varieties of Moong","H.U.M-16, pusa vishal, smart, sona, P.S-16, S.M.L-668",BIHAR,PATNA,"PATNA SADAR",2018-03-20T09:34:34Z
RABI,AGRICULTURE,Others,Others,Weather,"WEATHER INFORMESION","?? ?? ?? ???? ??????? ??? ????? ?? ???????  ??? ??",BIHAR,PATNA,"PATNA SADAR",2018-03-20T09:36:28Z
RABI,AGRICULTURE,Cereals,Wheat,"Plant Protection","fungus efct in mango","dithen m 45@2ml/lea of wather",BIHAR,PATNA,PHULWARI,2018-03-20T10:46:48Z
RABI,AGRICULTURE,Others,Others,Weather,"WEATHER INFORMESION","?? ?? ?? ???? ??????? ??? ????? ?? ???????  ??? ??",BIHAR,PATNA,MANER,2018-03-20T12:46:18Z
RABI,AGRICULTURE,Others,Others,Weather,"WEATHER INFORMATION","Cloudy weather, but chance of rain in your area",BIHAR,PATNA,DHANARUA,2018-03-20T15:25:20Z
RABI,AGRICULTURE,Others,Others,"Plant Protection","YELLOWING OF LEAVES","Spray mancozeb @ 2 gm / lit of water",BIHAR,PATNA,MOKAMA,2018-03-20T17:05:37Z
RABI,AGRICULTURE,Others,Others,Varieties,"variety of moong",H.U.M.16,BIHAR,PATNA,PANDARAK,2018-03-20T19:24:08Z
RABI,AGRICULTURE,Others,Others,"Field Preparation","Weather information","Cloudy weather in your area and no chance of rain in your area",BIHAR,PATNA,DANIYAWAN,2018-03-20T20:26:27Z
RABI,AGRICULTURE,Others,Others,"Field Preparation","Weather information","No chance of rain in your area",BIHAR,PATNA,DANIYAWAN,2018-03-20T20:42:56Z
RABI,AGRICULTURE,Others,Others,"Field Preparation","Weather information","No chance of rain in your area",BIHAR,PATNA,DANIYAWAN,2018-03-20T21:19:53Z
JAYAD,AGRICULTURE,Others,Others,Weather,"weather information","Hazy weather in your area ,no chance of rain",BIHAR,PATNA,NAUBATPUR,2018-03-21T08:13:29Z
RABI,HORTICULTURE,Vegetables,Chillies,"Plant Protection","Green peach aphid","Imidacloprid 17.8 % SL 3.5 ml/10 lit. 
Oxydemeton Methyl 25% EC 1.6 ml/lit.",BIHAR,PATNA,"DULHIN BAZAR",2018-03-21T09:11:50Z
RABI,HORTICULTURE,Vegetables,Chillies,"Plant Protection","Green peach aphid","Imidacloprid 17.8 % SL 3.5 ml/10 lit. 
Oxydemeton Methyl 25% EC 1.6 ml/lit.",BIHAR,PATNA,KHUSRUPUR,2018-03-21T09:11:55Z
RABI,HORTICULTURE,Vegetables,Chillies,"Plant Protection","Gram caterpillar","Flubendiamide 20 WDG 6.0 g /10 lit. 
Indoxacarb 14.5 % SC 6.5 ml/10 lit.",BIHAR,PATNA,PALIGANJ,2018-03-21T09:14:45Z
JAYAD,AGRICULTURE,Others,Others,"Plant Protection","plant protection","Spray Planofix @ 1 ml in 5 liter of water",BIHAR,PATNA,MOKAMA,2018-03-21T09:54:44Z
JAYAD,AGRICULTURE,Others,Others,"Plant Protection","plant protection","Spray mancozeb@2g/liter of water",BIHAR,PATNA,MOKAMA,2018-03-21T09:55:38Z
RABI,AGRICULTURE,Others,Others,"Plant Protection",NUTRIENTS,"Spray Multi micro nutrient @ 2 gram in 1 litre of water",BIHAR,PATNA,BARH,2018-03-21T14:25:23Z
RABI,AGRICULTURE,Others,Others,Seeds,"seed rate of cumine","12-16 kg/ha",BIHAR,PATNA,DHANARUA,2018-03-21T15:25:05Z
RABI,AGRICULTURE,Others,Others,Weather,"WEATHER INFORMATION","Partly cloudy.but no chance of rain",BIHAR,PATNA,PALIGANJ,2018-03-21T17:24:13Z
RABI,AGRICULTURE,Others,Others,"Field Preparation","weather information","No chance of rain in your area",BIHAR,PATNA,BIHTA,2018-03-21T17:56:47Z
RABI,AGRICULTURE,Others,Others,Weather,"WEATHER INFORMATION","???? ???  ????? ????? ?? ??????? ??",BIHAR,PATNA,"PATNA SADAR",2018-03-21T18:45:36Z
RABI,AGRICULTURE,Others,Others,"Plant Protection","Mango Hopper","Spray imidachloprid @ 1ml/3 lit of water",BIHAR,PATNA,PALIGANJ,2018-03-21T20:29:33Z
RABI,AGRICULTURE,Others,Others,"Field Preparation","weather information","No chance of rain in your area",BIHAR,PATNA,ATHAMALGOLA,2018-03-21T20:34:50Z
RABI,HORTICULTURE,Vegetables,"Bottle Gourd","Plant Protection","Beetles, fruit flies and caterpillars","spraying Malathion 50 EC 1 ml/lit. or Dimethoate 30 EC 1 ml/lit. or Methyl demeton 25 EC 1 ml/lit.",BIHAR,PATNA,KHUSRUPUR,2018-03-22T06:18:36Z
RABI,HORTICULTURE,Vegetables,"Bottle Gourd","Plant Protection","Powdery mildew","spraying Dinocap 1 ml/lit. or Carbendazim 0.5 g/lit or Tridemorph l ml/l.",BIHAR,PATNA,KHUSRUPUR,2018-03-22T06:23:29Z
RABI,AGRICULTURE,Others,Others,Weather,"WEATHER INFORMATION","???? ???? ???? ??? ????? ???? ??????? ??? ????? ?? ???????  ??? ??.",BIHAR,PATNA,"PATNA SADAR",2018-03-22T09:48:22Z
RABI,AGRICULTURE,Others,Others,Weather,"WEATHER INFORMATION","CHANCE OF RAIN IN YOUR AREA",BIHAR,PATNA,BELCHCHI,2018-03-22T11:28:22Z
RABI,AGRICULTURE,Cereals,Wheat,"Plant Protection","insect problem in gram crop","cloropiryfos@2ml/lea of wather",BIHAR,PATNA,PALIGANJ,2018-03-22T12:21:25Z
RABI,AGRICULTURE,Cereals,Wheat,"Plant Protection","insect problem in gram crop","cloro piryfos@2ml/lea of wather",BIHAR,PATNA,PALIGANJ,2018-03-22T12:23:26Z
RABI,AGRICULTURE,Cereals,Wheat,Weather,"Weather Information","Cloudy weather  today and tomorrow  no chance of  rain",BIHAR,PATNA,PALIGANJ,2018-03-22T12:30:11Z
JAYAD,HORTICULTURE,Fruits,Mango,"Nutrient Management","FRUIT DROPPING IN MANGO","Spray planofix @ 1 ml in 4.5- 5 liter of water",BIHAR,PATNA,KHUSRUPUR,2018-03-22T13:43:18Z
JAYAD,AGRICULTURE,Others,Others,Weather,"Weather information","Very low cloudy area but no chance of rain",BIHAR,PATNA,DINAPUR,2018-03-22T14:05:43Z
JAYAD,HORTICULTURE,Vegetables,Onion,"Plant Protection","thrips infestation in onion","Spray Fipronil @ 1 ml /  lit of water",BIHAR,PATNA,DINAPUR,2018-03-22T14:10:44Z
RABI,AGRICULTURE,Pulses,"Green Gram (Moong Bean/ Moong)",Varieties,"Varieties of Moong","Varieties of Moong - H.U.M-16, pusa vishal, smart, sona, P.S-16, S.M.L-668",BIHAR,PATNA,BIKRAM,2018-03-22T14:30:04Z
RABI,AGRICULTURE,Others,Others,"Plant Protection","Growth regulator in mango","Spray planofix @ 1 ml in 4.5- 5 liter of water",BIHAR,PATNA,BIKRAM,2018-03-22T14:50:19Z
JAYAD,FISHERIES,Marine,Marine,"Fish Fingerling Production","subsidy for fish farming","the subsidy component is available @ 20% with a maximum of Rs. 80,000/- per hectare for Non-Scheduled Castes / other farmers and for S.C/S.T farmers it is 1,00,000/- per hectare (25%)",BIHAR,PATNA,BIHTA,2018-03-22T15:05:41Z
JAYAD,AGRICULTURE,"Sugar and Starch Crops","Sugarcane (Noble Cane)","Plant Protection","early shoot borer in sugarcane","Spray chlorpyriphos @ 2 ml in 1 liter of water",BIHAR,PATNA,NAUBATPUR,2018-03-22T16:13:06Z
JAYAD,HORTICULTURE,Fruits,Papaya,"Nutrient Management","flower dropping in papaya","Spray Planofix @ 1 ml in 5 liter of water",BIHAR,PATNA,NAUBATPUR,2018-03-22T16:15:10Z
RABI,AGRICULTURE,Others,Others,Weather,"WEATHER INFORMATION","no chance of rain IN YOUR AREA",BIHAR,PATNA,BELCHCHI,2018-03-22T16:15:36Z
JAYAD,AGRICULTURE,Others,Others,"Plant Protection","PLANT PROTECTION","SPRAY MANCOZEB @ 2 GRAM/LITRE OF WATER",BIHAR,PATNA,"PATNA SADAR",2018-03-22T17:16:52Z
JAYAD,AGRICULTURE,Others,Others,"Plant Protection","PLANT PROTECTION","Spray  planofix @ 1 ml in 5 litre of water",BIHAR,PATNA,"PATNA SADAR",2018-03-22T17:23:12Z
RABI,AGRICULTURE,Others,Others,"Field Preparation","Weather information","Cloudy weather  today and tomorrow  no chance of  rain",BIHAR,PATNA,DANIYAWAN,2018-03-22T20:24:36Z
RABI,HORTICULTURE,Vegetables,Brinjal,"Plant Protection","Shoot and fruit borer","Chlorpyrifos 20 % EC 1.0  ml/lit. 
Dimethoate 30 % EC 7.0  ml/10 lit.",BIHAR,PATNA,MANER,2018-03-23T06:16:58Z
RABI,AGRICULTURE,Others,Others,"Field Preparation","Pest attack","Carbendazim spray imidacoloroprid 1 ml / 3litre of water @2gm/1 lit of water bhindi leaf",BIHAR,PATNA,"PATNA SADAR",2018-03-23T06:38:27Z
RABI,AGRICULTURE,Others,Others,"Field Preparation","Blight in potato","Spray Mancozeb @ 2 GM in 1 liter of water",BIHAR,PATNA,DINAPUR,2018-03-23T06:53:40Z
JAYAD,AGRICULTURE,Others,Others,Weather,"weather information","Hazy weather in your area ,no chance of rain",BIHAR,PATNA,NAUBATPUR,2018-03-23T12:02:10Z
RABI,AGRICULTURE,Others,Others,"Field Preparation","weather information","CLOUDY WEATHER BUT NO CHANCE OF RAIN",BIHAR,PATNA,DHANARUA,2018-03-23T12:18:21Z
RABI,AGRICULTURE,Cereals,Wheat,Weather,"WEATHER INFORMATION","???? ???  ?????  ,?????  ?? ???  ,?????  ?? ???  ,?????  ?? ???  ???????  ??? ??",BIHAR,PATNA,MOKAMA,2018-03-23T12:51:35Z
RABI,AGRICULTURE,Cereals,Wheat,Weather,"WEATHER INFORMATION","???? ???  ?????  ,?????  ?? ???  ,?????  ?? ???  ,?????  ?? ???  ???????  ??? ??",BIHAR,PATNA,"PATNA SADAR",2018-03-23T13:23:33Z
RABI,AGRICULTURE,Others,Others,Weather,"WEATHER INFORMATION","	Cloudy weather in your area, but no chance of rain in your area.",BIHAR,PATNA,"PATNA SADAR",2018-03-23T13:43:01Z
JAYAD,AGRICULTURE,Others,Others,Varieties,"Varieties of Moong -","Varieties of Moong - H.U.M-16, pusa vishal, smart, sona, P.S-16, S.M.L-668",BIHAR,PATNA,BIKRAM,2018-03-23T15:19:46Z
JAYAD,AGRICULTURE,Others,Others,Varieties,"Varieties of Moong -","Varieties of Moong - H.U.M-16, pusa vishal, smart, sona, P.S-16, S.M.L-668",BIHAR,PATNA,BIKRAM,2018-03-23T15:20:09Z
RABI,HORTICULTURE,Vegetables,Bhindi(Okra/Ladysfinger),"Plant Protection","Bhendi yellow vein mosaic virus","Spraying monocrotophos 1.5 ml/litre of water can restrict the disease spread.


Synthetic pyrethroids should not be used because it will aggravate the situation.


It can be controlled by application of Chlorpyriphos 2.5 ml + neem oil 2 ml lit of water.",BIHAR,PATNA,MANER,2018-03-24T09:43:28Z
RABI,HORTICULTURE,Vegetables,Bhindi(Okra/Ladysfinger),"Plant Protection","Leaf roller","Spray carbaryl 50 WP 2 g/lit or phosalone 35 EC 2 ml/lit",BIHAR,PATNA,MANER,2018-03-24T11:00:09Z
RABI,AGRICULTURE,Others,Others,"Field Preparation","Growth regulator in mango","Spray Planofix @ 1 ml in 5 liter of water",BIHAR,PATNA,"PATNA SADAR",2018-03-24T15:46:52Z
JAYAD,AGRICULTURE,Others,Others,"Plant Protection","plant protection","Spray Planofix @ 1 ml in 5 liter of water",BIHAR,PATNA,BIKRAM,2018-03-24T17:32:31Z
JAYAD,AGRICULTURE,Others,Others,"Plant Protection","plant protection","Spray mancozeb @ 2g/lit of water",BIHAR,PATNA,BIKRAM,2018-03-24T17:33:05Z
RABI,AGRICULTURE,Others,Others,"Field Preparation","Vaiety of Potato","rVaiety of Potato - KUFRI ASHOKA, KUFRI PUKHRAJ, KUFRI KANCHAN, KUFRI PUSHKAR, KUFRI LALIMA, RAJENDRA AALU-1,2,3, KUFRI SINDURI",BIHAR,PATNA,"PATNA SADAR",2018-03-24T18:43:17Z
RABI,AGRICULTURE,Others,Others,"Field Preparation","Yellow leaf problem in paddy","Spray carbendazim @ 2.5 gram in 1 litre of water",BIHAR,PATNA,BIKRAM,2018-03-25T06:14:37Z
RABI,HORTICULTURE,Vegetables,Bhindi(Okra/Ladysfinger),"Plant Protection","Bhendi yellow vein mosaic virus","application of Chlorpyriphos 2.5 ml + neem oil 2 ml lit of water.",BIHAR,PATNA,BELCHCHI,2018-03-25T06:22:14Z
RABI,HORTICULTURE,Vegetables,Bhindi(Okra/Ladysfinger),"Plant Protection","Powdery mildew","Spary inorganic sulphur 0.25% or Dinocap 0.1% 3 or 4 times at 15 days interval.",BIHAR,PATNA,KHUSRUPUR,2018-03-25T06:25:53Z
RABI,AGRICULTURE,Others,Others,"Field Preparation","Weather information","CLOUDY WEATHER BUT NO CHANCE OF RAIN",BIHAR,PATNA,BIHTA,2018-03-25T06:32:44Z
RABI,HORTICULTURE,Vegetables,Bhindi(Okra/Ladysfinger),"Plant Protection","Leaf roller","Spray carbaryl 50 WP 2 g/lit or phosalone 35 EC 2 ml/lit",BIHAR,PATNA,PALIGANJ,2018-03-25T06:35:42Z
RABI,HORTICULTURE,Vegetables,Bhindi(Okra/Ladysfinger),"Plant Protection",Whitefly,"?Phosalone 35 EC @ 2.5 l/ha
?Quinalphos 25 EC @ 2.0 l/ha
?Triazophos 40 EC @ 2.0 l/ha",BIHAR,PATNA,BELCHCHI,2018-03-25T06:37:31Z
RABI,HORTICULTURE,Vegetables,Bhindi(Okra/Ladysfinger),"Plant Protection",Aphid,"?Imidacloprid 200 SL at 100 ml/ha
?Methyl demeton 25 EC 500 ml/ha",BIHAR,PATNA,BIHTA,2018-03-25T06:42:54Z
RABI,HORTICULTURE,Vegetables,Bhindi(Okra/Ladysfinger),"Plant Protection","Red cotton bug","Spray phosphamidon 40 SL @ 600 ml/ha",BIHAR,PATNA,PUNPUN,2018-03-25T06:45:16Z
RABI,AGRICULTURE,Others,Others,"Field Preparation","Weather information","CLOUDY WEATHER BUT NO CHANCE OF RAIN",BIHAR,PATNA,DINAPUR,2018-03-25T06:46:22Z
RABI,AGRICULTURE,Others,Others,"Field Preparation","Weather information","Today and tomorrow little chance of rain in your area.",BIHAR,PATNA,"PATNA SADAR",2018-03-25T07:37:20Z
RABI,AGRICULTURE,Others,Others,"Field Preparation","pest attack on bhindi","quinalphos- 25 ec 2 ml /water",BIHAR,PATNA,NAUBATPUR,2018-03-25T07:58:46Z
RABI,AGRICULTURE,Others,Others,"Field Preparation",NUTRIENT,"Spray Planofix @ 1 ml in 5 liter of water",BIHAR,PATNA,MOKAMA,2018-03-25T11:38:54Z
RABI,AGRICULTURE,Others,Others,"Plant Protection","Insect infestation","Spray Imidacloroprid @ 1 ml /3 lit of water",BIHAR,PATNA,NAUBATPUR,2018-03-25T13:01:29Z
RABI,AGRICULTURE,Others,Others,"Field Preparation","YELLOWING OF LEAVES","Spray mancozeb @ 2g/lit of water",BIHAR,PATNA,NAUBATPUR,2018-03-25T13:02:45Z
RABI,AGRICULTURE,Others,Others,"Field Preparation","YELLOWING OF LEAVES","SPRAY COPPER OXY CHLORIDE 2 GRAM/LITRE OF WATER",BIHAR,PATNA,NAUBATPUR,2018-03-25T13:03:38Z
RABI,AGRICULTURE,Others,Others,"Field Preparation",NUTRIENT,"Spray Planofix @ 1 ml in 5 liter of water",BIHAR,PATNA,NAUBATPUR,2018-03-25T13:04:33Z
RABI,AGRICULTURE,Others,Others,"Field Preparation","Varieties of Ridge Gourd","Varieties of Ridge Gourd:-HY Aarti, NS 484, Malika F1, Rama F1",BIHAR,PATNA,NAUBATPUR,2018-03-25T13:07:01Z
RABI,AGRICULTURE,Others,Others,"Field Preparation","Weather information","No chance of rain in your area",BIHAR,PATNA,NAUBATPUR,2018-03-25T13:10:12Z
RABI,AGRICULTURE,Others,Others,Weather,"Weather information","??? ????? ????? ,????? ???? ??? ??????? ???? ??",BIHAR,PATNA,"PATNA SADAR",2018-03-25T17:30:37Z
JAYAD,AGRICULTURE,Others,Others,Weather,"WEATHER INFORMATION","no chance of rain in your area.",BIHAR,PATNA,NAUBATPUR,2018-03-25T18:42:58Z
RABI,AGRICULTURE,Others,Others,Weather,"WEATHER INFORMATION","???? ???? ???? ??? ????? ???? ??????? ??? ????? ?? ???????  ??? ??.",BIHAR,PATNA,"PATNA SADAR",2018-03-26T08:12:18Z
KHARIF,HORTICULTURE,Fruits,Mango,"Nutrient Management","FRUIT DROPPING IN MANGO","Spray Planofix 1 ml/4-5 Litre of Water",BIHAR,PATNA,"PATNA SADAR",2018-03-26T09:38:46Z
RABI,HORTICULTURE,Vegetables,Chillies,"Plant Protection","Chilli thrips","Imidacloprid 17.8 % SL 3.0 ml/10 lit. 
Dimethoate 30 % EC 1.0 ml/lit.",BIHAR,PATNA,PALIGANJ,2018-03-26T10:42:19Z
RABI,AGRICULTURE,Pulses,"Bengal Gram (Gram/Chick Pea/Kabuli/Chana)","Plant Protection","GRAM POD BORER INSECT PROBLEM IN GRAM","Spray quinolphos @ 2 ml in 1 litre of water",BIHAR,PATNA,PALIGANJ,2018-03-26T11:42:38Z
RABI,AGRICULTURE,Others,Others,Weather,"Weather information","No chance of rain in your area",BIHAR,PATNA,PALIGANJ,2018-03-26T11:45:04Z
RABI,AGRICULTURE,Others,Others,Weather,"Weather information","No chance of rain in your area",BIHAR,PATNA,PALIGANJ,2018-03-26T11:45:04Z
RABI,AGRICULTURE,Others,Others,Weather,"Weather information","No chance of rain in your area",BIHAR,PATNA,PALIGANJ,2018-03-26T11:46:03Z
JAYAD,AGRICULTURE,Millets,"Maize (Makka)","Plant Protection","STEM BORER INSECT PROBLEM IN MAIZE","?????????????? 1 ???? ????? 3 ???? ???? ?? ?????? ?????? ???",BIHAR,PATNA,DHANARUA,2018-03-26T11:57:59Z
JAYAD,AGRICULTURE,Millets,"Maize (Makka)","Plant Protection","STEM BORER INSECTPROBLEM IN MAIZE","PHORET 10 G @ 4-5 DANA / GABHA ME DE",BIHAR,PATNA,DHANARUA,2018-03-26T12:00:09Z
RABI,AGRICULTURE,Others,Others,Weather,"Weather information","TODAY AND TOMORROW NO CHANCE OF RAIN IN YOUR AREA",BIHAR,PATNA,DHANARUA,2018-03-26T12:01:21Z
JAYAD,AGRICULTURE,Pulses,"Green Gram (Moong Bean/ Moong)",Varieties,"NAME OF MOONG VARIETIES","PUSA VISHAL, SAMRAT, SONA, S.M.L-668",BIHAR,PATNA,DHANARUA,2018-03-26T12:12:49Z
RABI,HORTICULTURE,Fruits,Guava,"Plant Protection","insect problem","dusting malithion",BIHAR,PATNA,DHANARUA,2018-03-27T07:11:11Z
RABI,HORTICULTURE,Fruits,Mango,"Plant Protection","washing of mango plant","imidachloprid @ 1ml/3 lit  water,  SPRAY PLANOFIX 1 ML/4LITRE OF WATER,carbendazim @ 2 gm / lit water,then mix all medicine together then  spray",BIHAR,PATNA,PUNPUN,2018-03-27T09:03:13Z
RABI,AGRICULTURE,Others,Others,Weather,"WEATHER INFORMATION","no chance of rain in your area",BIHAR,PATNA,PUNPUN,2018-03-27T09:05:45Z
RABI,HORTICULTURE,Vegetables,Bhindi(Okra/Ladysfinger),"Plant Protection","Varieties of bhindi","Varieties of bhindi - arka anamica, arka abhay , prabhat kranti and okra-4, 
Hybrid- Anokhi, Indranil,bhawani, Krishna",BIHAR,PATNA,PUNPUN,2018-03-27T09:07:04Z
RABI,AGRICULTURE,Pulses,"Green Gram (Moong Bean/ Moong)","Cultural Practices","Varieties of Moong","Varieties of Moong - H.U.M-16, Pusa vishal, Samarat, Sona, P.S-16, S.M.L-668",BIHAR,PATNA,PUNPUN,2018-03-27T09:08:21Z
JAYAD,AGRICULTURE,Others,Others,Weather,"Varieties of Moong","?? ?? ?? ???? ??????? ??? ????? ?? ???????  ??? ??",BIHAR,PATNA,"PATNA SADAR",2018-03-27T09:55:40Z
RABI,AGRICULTURE,Millets,"Maize (Makka)","Cultural Practices","irrigation management in maize","jab ghutane bhar ka makka hojaye tab urea de",BIHAR,PATNA,MASAURHI,2018-03-27T11:56:59Z
JAYAD,AGRICULTURE,Others,Others,"Soil Testing","How to take Sample for soil test","Take soil from the farm, the farm Dibider except 1 of 1 meter is to fit coined then from top to bottom is mud, mud deposited by the space above the soil to remove a pound!",BIHAR,PATNA,BIKRAM,2018-03-27T12:38:17Z
JAYAD,AGRICULTURE,Others,Others,"Soil Testing","How to take Sample for soil test","Take soil from the farm, the farm Dibider except 1 of 1 meter is to fit coined then from top to bottom is mud, mud deposited by the space above the soil to remove a pound!",BIHAR,PATNA,BIKRAM,2018-03-27T12:39:18Z
JAYAD,AGRICULTURE,Others,Others,"Soil Testing","How to take Sample for soil test","Take soil from the farm, the farm Dibider except 1 of 1 meter is to fit coined then from top to bottom is mud, mud deposited by the space above the soil to remove a pound!",BIHAR,PATNA,BIKRAM,2018-03-27T12:40:01Z
JAYAD,AGRICULTURE,Others,Others,Weather,"How to take Sample for soil test","Take soil from the farm, the farm Dibider except 1 of 1 meter is to fit coined then from top to bottom is mud, mud deposited by the space above the soil to remove a pound!",BIHAR,PATNA,BIKRAM,2018-03-27T12:40:40Z
JAYAD,AGRICULTURE,Others,Others,Weather,WEATHER,"NO RAIN",BIHAR,PATNA,"PATNA SADAR",2018-03-27T15:49:07Z
RABI,HORTICULTURE,Vegetables,Chillies,"Plant Protection","Green peach aphid","Carbosulfan 25 % EC 1.0 ml/lit. 
Fipronil 5 % SC 1.0 ml/lit. 
Imidacloprid 17.8 % SL 3.5 ml/10 lit.",BIHAR,PATNA,PUNPUN,2018-03-28T06:19:43Z
RABI,AGRICULTURE,Others,Others,Weather,"WEATHER INFORMATION","Cloudy weather, but no chance of rain in your area",BIHAR,PATNA,NAUBATPUR,2018-03-28T07:03:08Z
KHARIF,HORTICULTURE,Fruits,Mango,"Nutrient Management","spray at pea size fruit in mango","spray planofix 1 ml/4 liter water",BIHAR,PATNA,NAUBATPUR,2018-03-28T07:10:16Z
RABI,AGRICULTURE,Others,Others,Weather,"WEATHER INFORMATION","Cloudy weather, but no chance of rain in your area",BIHAR,PATNA,"PATNA SADAR",2018-03-28T07:47:38Z
RABI,AGRICULTURE,Millets,"Maize (Makka)",Varieties,"Good variety of maize","Good variety of maize- saktiman 1-2, ganga-11, suan, devki",BIHAR,PATNA,"DULHIN BAZAR",2018-03-28T09:54:42Z
RABI,AGRICULTURE,Others,Others,Weather,"WEATHER INFORMATION","Cloudy weather, but NO chance of rain in your area",BIHAR,PATNA,"DULHIN BAZAR",2018-03-28T09:59:02Z
JAYAD,AGRICULTURE,Others,Others,Weather,"WEATHER INFORMATION","No chance of rain in your area.",BIHAR,PATNA,BIKRAM,2018-03-28T11:31:44Z
JAYAD,AGRICULTURE,Others,Others,Weather,"WEATHER INFORMATION","No chance of rain in your area.",BIHAR,PATNA,BIKRAM,2018-03-28T11:31:58Z
JAYAD,AGRICULTURE,Others,Others,Weather,"WEATHER INFORMATION","No chance of rain in your area.",BIHAR,PATNA,BIKRAM,2018-03-28T11:32:11Z
JAYAD,HORTICULTURE,Fruits,Mango,"Nutrient Management","Spray after fruit emergence in mango","Spray mancozeb 2 gram/liter, rogor 2 ml/3liter and planofix 1 ml/4 liter water",BIHAR,PATNA,"PATNA SADAR",2018-03-28T12:06:21Z
JAYAD,AGRICULTURE,Others,Others,"Soil Testing","how to take Sample for soil test","Take soil from the farm, the farm Dibider except 1 of 1 meter is to fit coined then from top to bottom is mud, mud deposited by the space above the soil to remove a pound",BIHAR,PATNA,"PATNA SADAR",2018-03-28T12:07:29Z
JAYAD,AGRICULTURE,Others,Others,Weather,"Weather information","Cloudy weather in your area and no chance of rain in your area",BIHAR,PATNA,"PATNA SADAR",2018-03-28T12:08:27Z
JAYAD,HORTICULTURE,Fruits,Mango,"Plant Protection","Spray after fruit emergence in mango","Spray mancozeb 2 gram/liter, rogor 2 ml/3 liter and planofix 1 ml/4 liter water",BIHAR,PATNA,MASAURHI,2018-03-28T12:26:43Z
JAYAD,AGRICULTURE,Others,Others,Weather,"Weather information","Cloudy weather in your area and no chance of rain in your area",BIHAR,PATNA,MASAURHI,2018-03-28T12:27:18Z
JAYAD,AGRICULTURE,Others,Others,Weather,"WEATHER INFORMATION","No chance of rain in your area.",BIHAR,PATNA,"PATNA SADAR",2018-03-28T13:41:28Z
JAYAD,HORTICULTURE,Fruits,Citrus,"Plant Protection","FLOWER DROPPING","Spray planofix 1ml in 4- 5 lit of water.  (NAA @ 20 ppm)",BIHAR,PATNA,MASAURHI,2018-03-28T14:15:17Z
RABI,AGRICULTURE,Others,Others,"Plant Protection",NUTRIENTS,"Spray Multi micro nutrient @ 2 gram in 1 litre of water",BIHAR,PATNA,DHANARUA,2018-03-28T14:36:33Z
KHARIF,HORTICULTURE,Vegetables,Onion,"Plant Protection","THRIPS ATTACK IN ONION","SPRAY PROPENOPHOS 2ML/LIT OF WATER IN ONION",BIHAR,PATNA,PUNPUN,2018-03-28T17:26:35Z
KHARIF,HORTICULTURE,Vegetables,"Cowpea (Vegetable)","Plant Protection","INSECT PROBLEM IN COWPEA","SPRAY PROPENOPHOS WITH MULTIMICRONUTRIENT IN BODI",BIHAR,PATNA,PUNPUN,2018-03-28T17:28:57Z
RABI,AGRICULTURE,Others,Others,"Field Preparation","Weather information","Cloudy weather in your area and no chance of rain in your area",BIHAR,PATNA,BARH,2018-03-28T19:18:35Z
RABI,AGRICULTURE,Others,Others,"Field Preparation","Weather information","TODAY AND TOMORROW NO CHANCE OF RAIN IN YOUR AREA",BIHAR,PATNA,BARH,2018-03-28T19:25:00Z
RABI,AGRICULTURE,Others,Others,Weather,"WEATHER INFORMATION","no chance of rain in your area.",BIHAR,PATNA,MANER,2018-03-29T07:06:36Z
RABI,AGRICULTURE,Cereals,Wheat,Weather,"Weather Information","????? ??? ???? ???? ??? ?????",BIHAR,PATNA,KHUSRUPUR,2018-03-29T08:22:06Z
JAYAD,HORTICULTURE,Fruits,Mango,"Plant Protection","insect infestation in mango","Spray imidachloprid @ 1ml/3 lit of water",BIHAR,PATNA,NAUBATPUR,2018-03-29T09:29:01Z
JAYAD,HORTICULTURE,Fruits,Mango,"Water Management, Micro Irrigation","irrigation in mango","irrigate mango tree after pea sized fruit",BIHAR,PATNA,NAUBATPUR,2018-03-29T09:32:35Z
RABI,AGRICULTURE,Others,Others,Weather,"WEATHER INFORMATION","25 C 
RealFeel 27

Mostly sunny
  


See Hourly

> 




Today

Mar 29



35 Hi 
RealFeel 37

A t-storm around in the p.m.
 More  



Tonight

Mar 29



20 Lo 
RealFeel 20

Hazy
 More  



Tomorrow

Mar 30



35 Hi 
RealFeel 36

Partly sunny and pleasant",BIHAR,PATNA,BIHTA,2018-03-29T09:51:35Z
RABI,HORTICULTURE,Vegetables,Brinjal,"Plant Protection","Brown leaf hopper","Before transplantation dip the seedlings in 0.2% carbofuran 50 STD solution (control insect vectors)
Spray with dimethoate 0.3%",BIHAR,PATNA,BARH,2018-03-29T09:59:29Z
RABI,HORTICULTURE,Vegetables,Chillies,"Plant Protection","Bacterial leaf spot","Spraying with streptomycin should not be done after fruits begin to form.",BIHAR,PATNA,PALIGANJ,2018-03-29T10:13:23Z
RABI,HORTICULTURE,Vegetables,Chillies,"Plant Protection","Tobacco cutworm","Indoxacarb 14.5 % SC 6.5 ml/10 lit. 
Novaluron 10 % EC 7.5 ml/10 lit. 
Spinosad 45 % SC 3.2 ml/10 lit.",BIHAR,PATNA,PALIGANJ,2018-03-29T10:19:24Z
KHARIF,HORTICULTURE,Fruits,Mango,"Nutrient Management","spray for flower dropping in mango","Spray planofix 1ml in 4- 5 lit of water.",BIHAR,PATNA,MASAURHI,2018-03-29T11:14:18Z
JAYAD,HORTICULTURE,Fruits,Mango,"Water Management, Micro Irrigation","irrigation in mango","irrigate mango tree after pea sized fruit",BIHAR,PATNA,DANIYAWAN,2018-03-29T12:03:51Z
JAYAD,AGRICULTURE,Millets,"Maize (Makka)",Varieties,"variety of maize","Good variety of maize- saktiman 1-2, ganga-11, suan, devki",BIHAR,PATNA,DANIYAWAN,2018-03-29T12:05:34Z
RABI,"ANIMAL HUSBANDRY",Animal,Others,"Animal Production (Piggery, Goatery, Sheep Farming etc.)","ANIMAL PRODUCTION","AAP KVK ME CONTACT KARE",BIHAR,PATNA,"PATNA SADAR",2018-03-29T12:17:53Z
RABI,AGRICULTURE,Cereals,Wheat,Weather,"Weather Information","Cloudy weather today and tomorrow little chance of rain",BIHAR,PATNA,"PATNA SADAR",2018-03-29T12:27:20Z
RABI,AGRICULTURE,Others,Others,Weather,"WEATHER INFORMATION","no chance of rain in your area.",BIHAR,PATNA,"PATNA SADAR",2018-03-29T12:29:27Z
RABI,AGRICULTURE,Cereals,Wheat,Weather,"Weather Information","????  ??? ????? ??? ???? ??? ?????",BIHAR,PATNA,PALIGANJ,2018-03-29T15:45:05Z
RABI,AGRICULTURE,Cereals,Wheat,Weather,"Weather Information","????? ??? ???? ???? ??? ?????",BIHAR,PATNA,BIKRAM,2018-03-29T17:38:03Z
RABI,AGRICULTURE,Others,Others,"Field Preparation","NUTRIENT MANAGEMENT","BOOMFLOWER-2 ML/LIT WATER",BIHAR,PATNA,BELCHCHI,2018-03-29T17:49:22Z
RABI,AGRICULTURE,Others,Others,"Field Preparation","Spray after fruit emergence in mango","Spray mancozeb 2 gram/liter, rogor 2 ml/3 liter and planofix 1 ml/4 liter water",BIHAR,PATNA,BELCHCHI,2018-03-29T18:00:58Z
JAYAD,AGRICULTURE,Others,Others,Weather,"WEATHER INFORMATION","Heavy Cloudy weather in your area, chance of rain in your area",BIHAR,PATNA,FATUHA,2018-03-30T06:27:01Z
JAYAD,AGRICULTURE,Others,Others,Weather,"Weather Information","Cloudy weather today and tomorrow little chance of rain.",BIHAR,PATNA,GHOSWARI,2018-03-30T06:45:14Z
JAYAD,AGRICULTURE,Others,Others,Weather,"Weather Information","Cloudy weather today and tomorrow little chance of rain.",BIHAR,PATNA,MASAURHI,2018-03-30T07:18:07Z
RABI,AGRICULTURE,Others,Others,"Field Preparation","WEATHER INFORMATION","???? ???? ???? ??? ????? ,?? ????? ???? ???? ??  ???????? ??",BIHAR,PATNA,"PATNA SADAR",2018-03-30T07:18:27Z
JAYAD,AGRICULTURE,Others,Others,Weather,"Weather Information","Cloudy weather today and tomorrow little chance of rain.",BIHAR,PATNA,MASAURHI,2018-03-30T07:18:48Z
JAYAD,AGRICULTURE,Others,Others,Weather,"Weather Information","Cloudy weather today and tomorrow little chance of rain.",BIHAR,PATNA,"PATNA SADAR",2018-03-30T07:59:16Z
JAYAD,AGRICULTURE,Others,Others,Weather,"WEATHER INFORMATION","Heavy Cloudy weather in your area, chance of rain in your area",BIHAR,PATNA,MOKAMA,2018-03-30T09:08:33Z
JAYAD,AGRICULTURE,Others,Others,Weather,"WEATHER INFORMATION","Heavy Cloudy weather in your area, chance of rain in your area",BIHAR,PATNA,MOKAMA,2018-03-30T09:08:38Z
JAYAD,HORTICULTURE,Vegetables,Onion,"Plant Protection","INSECT INFESTATION IN ONION","Spray malathion @ 2 gram in 1 liter of water",BIHAR,PATNA,MOKAMA,2018-03-30T09:10:39Z
JAYAD,HORTICULTURE,Vegetables,Onion,"Plant Protection","INSECT INFESTATION IN ONION","Spray malathion @ 2 gram in 1 liter of water",BIHAR,PATNA,MOKAMA,2018-03-30T09:10:51Z
JAYAD,AGRICULTURE,Others,Others,Weather,"Weather Information","Cloudy weather today and tomorrow little chance of rain.",BIHAR,PATNA,NAUBATPUR,2018-03-30T10:07:42Z
RABI,HORTICULTURE,Vegetables,Brinjal,"Plant Protection","Cercospora Leaf Spot","Spraying 1 per cent Bordeaux mixture or 2 g Copper oxychloride or 2.5 g Zineb per litre of water effectively controls leaf spots.",BIHAR,PATNA,NAUBATPUR,2018-03-30T10:26:17Z
RABI,HORTICULTURE,Vegetables,"Bitter Gourd","Fertilizer Use and Availability","Application of fertilizers","Apply 10 kg of FYM per pit (20 t/ha) 100 g of NPK 6:12:12/pit as basal and 10 g of N/pit 30 days after sowing.Apply Azospirillum and Phosphobacteria 2 kg/ha and Pseudomonas @ 2.5 kg/ha along with FYM 50 kg and neem cake @ 100 kg before last ploughing.",BIHAR,PATNA,PALIGANJ,2018-03-30T11:38:59Z
RABI,HORTICULTURE,Vegetables,Chillies,"Plant Protection","Bacterial leaf spot","Seed treatment with 0.1% mercuric chloride solution for 2 to 5 minutes is effective.


Seedlings may be sprayed with Bordeaux mixture 1. Per cent or copper oxychloride 0.25%.


Spraying with streptomycin should not be done after fruits begin to form.",BIHAR,PATNA,BARH,2018-03-30T11:42:03Z
RABI,HORTICULTURE,Vegetables,Chillies,"Plant Protection","Bacterial leaf spot","Seed treatment with 0.1% mercuric chloride solution for 2 to 5 minutes is effective.


Seedlings may be sprayed with Bordeaux mixture 1. Per cent or copper oxychloride 0.25%.


Spraying with streptomycin should not be done after fruits begin to form.",BIHAR,PATNA,"DULHIN BAZAR",2018-03-30T11:42:07Z
RABI,AGRICULTURE,Others,Others,"Field Preparation","Weather information","Cloudy weather in your area and no chance of rain in your area",BIHAR,PATNA,NAUBATPUR,2018-03-30T19:36:18Z
RABI,AGRICULTURE,Others,Others,"Field Preparation","Weather information","Cloudy weather in your area and no chance of rain in your area",BIHAR,PATNA,DHANARUA,2018-03-30T19:44:05Z
RABI,AGRICULTURE,Others,Others,Weather,"WEATHER INFORMATION","???? ???  ????? ????? ?? ??????? ??",BIHAR,PATNA,"PATNA SADAR",2018-03-31T09:13:31Z
JAYAD,AGRICULTURE,Others,Others,Weather,"WEATHER INFORMATION","???? ???  ????? ????? ?? ??????? ??",BIHAR,PATNA,FATUHA,2018-03-31T09:13:42Z
RABI,AGRICULTURE,Pulses,"Green Gram (Moong Bean/ Moong)","Cultural Practices","Weed Control","Spray Pendamethilen 50ec @ 2 gm./lt. of water.",BIHAR,PATNA,BARH,2018-03-31T10:06:10Z
JAYAD,HORTICULTURE,Vegetables,Onion,"Plant Protection","Thrips and onion fly","spraying Methyl demeton 25 EC 1 ml/lit or Dimethoate 30 EC 1 ml/lit",BIHAR,PATNA,DHANARUA,2018-03-31T10:15:02Z
RABI,AGRICULTURE,Cereals,Wheat,Weather,"weather informesion","Cloudy weather  today and tomorrow  no chance of  rain",BIHAR,PATNA,BIKRAM,2018-03-31T11:01:48Z
JAYAD,AGRICULTURE,Others,Others,"Plant Protection","plant protection","SPRAY PLANOFIX 1 ML/5LITRE OF WATER",BIHAR,PATNA,DINAPUR,2018-03-31T11:23:20Z
JAYAD,HORTICULTURE,Fruits,Banana,"Plant Protection","INSECT INFESTATION IN BANANA","Spray Monocrotophos  @ 1 ml/lit of water.",BIHAR,PATNA,DINAPUR,2018-03-31T11:37:29Z
JAYAD,HORTICULTURE,Fruits,Mango,"Nutrient Management","FRUIT DROPPING IN MANGO","Spray planofix 1ml in 4- 5 lit of water.",BIHAR,PATNA,DINAPUR,2018-03-31T11:38:45Z
RABI,HORTICULTURE,Vegetables,Brinjal,"Plant Protection","Cercospora Leaf Spot","Spraying 1 per cent Bordeaux mixture or 2 g Copper oxychloride or 2.5 g Zineb per litre of water effectively controls leaf spots.",BIHAR,PATNA,NAUBATPUR,2018-03-31T12:24:03Z
