Season,Sector,Category,Crop,QueryType,QueryText,KCCAns,StateName,DistrictName,BlockName,CreatedOn
JAYAD,HORTICULTURE,Vegetables,"Pointed Gourd","Plant Protection","insect infestation in pointed gourd","Spray neem oil, mix 2 grams in 1 liter of water and sprinkle it 
                           or,
Spray carbaril @ 2 gram in 1 litter of water",BIHAR,BHAGALPUR,ISMAILPUR,2018-04-01T06:50:50Z
JAYAD,HORTICULTURE,Vegetables,"Pointed Gourd","Nutrient Management","growth of pointed gourd","Spray multi micro nutrients @ 2 ml in 1 liter of water",BIHAR,BHAGALPUR,ISMAILPUR,2018-04-01T06:53:15Z
JAYAD,AGRICULTURE,Others,Others,"Soil Health Card","SOIL HEALTH CARD","Take soil sample from your field and meet your BAO OR BTM, KISAN MITRA",BIHAR,BHAGALPUR,ISMAILPUR,2018-04-01T06:54:57Z
JAYAD,AGRICULTURE,Others,Others,Weather,"WEATHER INFORMATION","CHANCE OF RAIN IN YOUR AREA",BIHAR,BHAGALPUR,PIRPAINTI,2018-04-01T09:04:12Z
JAYAD,AGRICULTURE,Others,Others,Weather,"Weather information","CHANCE OF RAIN IN YOUR AREA",BIHAR,BHAGALPUR,NATHNAGAR,2018-04-01T10:16:11Z
JAYAD,AGRICULTURE,Others,Others,Weather,"WEATHER INFORMATION","Cloudy weather in your area but no chance of rain in your area",BIHAR,BHAGALPUR,COLGONG,2018-04-01T11:50:16Z
KHARIF,HORTICULTURE,Fruits,Mango,"Nutrient Management","fruit dropping","Spray Planofix 1 ml/4-5 Litre of Water",BIHAR,BHAGALPUR,SONHAULA,2018-04-01T12:35:43Z
JAYAD,AGRICULTURE,Others,Others,Weather,"WEATHER INFORMATION","???? ???? ???? ??? ????? ???? ??????? ??? ????? ?? ???????  ??? ??.",BIHAR,BHAGALPUR,SABOUR,2018-04-01T13:23:01Z
JAYAD,AGRICULTURE,Others,Others,Weather,"WEATHER INFORMATION","???? ???? ???? ??? ????? ,?? ????? ???? ???? ??  ???????? ??",BIHAR,BHAGALPUR,SABOUR,2018-04-01T13:28:01Z
JAYAD,AGRICULTURE,Others,Others,Weather,"WEATHER INFORMATION","chance of rain in your area Today,",BIHAR,BHAGALPUR,PIRPAINTI,2018-04-02T06:18:56Z
JAYAD,AGRICULTURE,Others,Others,Weather,"WEATHER INFORMATION","Cloudy weather, but no chance of rain in your area",BIHAR,BHAGALPUR,NAUGACHHIA,2018-04-02T09:13:12Z
JAYAD,AGRICULTURE,Others,Others,Weather,"WEATHER INFORMATION","NO CHANCE OF RAIN IN YOUR AREA",BIHAR,BHAGALPUR,PIRPAINTI,2018-04-02T10:09:39Z
JAYAD,AGRICULTURE,Pulses,"Green Gram (Moong Bean/ Moong)",Varieties,"Varieties of Moong","Varieties of Moong - H.U.M-16, Pusa vishal, Samarat, Sona, P.S-16, S.M.L-668",BIHAR,BHAGALPUR,PIRPAINTI,2018-04-02T10:42:53Z
RABI,HORTICULTURE,Vegetables,Chillies,"Plant Protection","Tobacco cutworm","Novaluron 10 % EC 7.5 ml/10 lit. 
Spinosad 45 % SC 3.2 ml/10 lit. 
Thiodicarb 75 % WP 2.0 g/lit.",BIHAR,BHAGALPUR,GOPALPUR,2018-04-02T10:48:49Z
JAYAD,AGRICULTURE,Others,Others,Weather,"Weather information","Cloudy weather in your area and no chance of rain in your area",BIHAR,BHAGALPUR,NATHNAGAR,2018-04-02T11:14:42Z
JAYAD,AGRICULTURE,Others,Others,Weather,"WEATHER INFORMATION","NO CHANCE OF RAIN IN YOUR AREA",BIHAR,BHAGALPUR,NATHNAGAR,2018-04-02T12:30:49Z
JAYAD,AGRICULTURE,Others,Others,Weather,"WEATHER INFORMATION","no chance of rain in your area.",BIHAR,BHAGALPUR,NATHNAGAR,2018-04-02T12:32:55Z
JAYAD,AGRICULTURE,Others,Others,Weather,"WEATHER INFORMATION","no chance of rain in your area.",BIHAR,BHAGALPUR,NATHNAGAR,2018-04-02T12:33:13Z
JAYAD,HORTICULTURE,Fruits,Mango,"Cultural Practices","WASHING OF MANGO PLANT","jab aam meMATAR ke aakar ka dana ho jaye tab us time carbendazim @ 12gm / litr pani me or PLANOFIX @1 ML /4 LITRE PANI ME MIX KAR SRAY KARE",BIHAR,BHAGALPUR,NATHNAGAR,2018-04-02T12:36:55Z
JAYAD,HORTICULTURE,Vegetables,Tomato,"Plant Protection","FRUIT BORER INSECT PROBLEM","SPRAY NEEM OIL @ 5 ML/LITRE WATER",BIHAR,BHAGALPUR,COLGONG,2018-04-02T13:04:05Z
JAYAD,AGRICULTURE,Others,Others,"Plant Protection","WEATHER INFORMATION","chance of rain in your area",BIHAR,BHAGALPUR,COLGONG,2018-04-02T13:05:26Z
JAYAD,AGRICULTURE,Others,Others,Weather,"WEATHER INFORMATION","???? ??? ?????, ????? ???? ?? ??? ??????? ??? ??",BIHAR,BHAGALPUR,SABOUR,2018-04-02T15:36:08Z
RABI,AGRICULTURE,Others,Others,Weather,"WEATHER INFORMATON","35 C 
RealFeel 38

Mostly sunny
  


See Hourly

> 




Today

Apr 3



35 Hi 
RealFeel 38

Mostly sunny and pleasant
 More  



Tonight

Apr 3



20 Lo 
RealFeel 21

Clear
 More  



Tomorrow

Apr 4



36 Hi 
RealFeel 39

Very warm with hazy sun",BIHAR,BHAGALPUR,NAUGACHHIA,2018-04-03T13:28:56Z
JAYAD,AGRICULTURE,Others,Others,Weather,"Weather information","TODAY AND TOMORROW NO CHANCE OF RAIN",BIHAR,BHAGALPUR,PIRPAINTI,2018-04-03T13:50:52Z
JAYAD,AGRICULTURE,Others,Others,Weather,"WEATHER INFORMATION","NO CHANCE OF RAIN IN YOUR AREA",BIHAR,BHAGALPUR,BIHPUR,2018-04-04T10:20:28Z
JAYAD,AGRICULTURE,Others,Others,Weather,"WEATHER INFORMATION","???? ??? ?????, ????? ???? ?? ??? ??????? ??? ??",BIHAR,BHAGALPUR,SABOUR,2018-04-04T10:27:24Z
JAYAD,HORTICULTURE,Fruits,Mango,"Plant Protection","FRUIT DROPPING OF MANGO","Spray Planofix 1 ml/4 Litre of Water,CARBENDAZIM @ 2G /LITRE WATER",BIHAR,BHAGALPUR,SULTANGANJ,2018-04-04T14:08:51Z
JAYAD,HORTICULTURE,Fruits,Mango,"Plant Protection","FRUIT DROPPING OF MANGO","Spray Planofix 1 ml/4 Litre of Water,CARBENDAZIM @ 2G /LITRE WATER",BIHAR,BHAGALPUR,SULTANGANJ,2018-04-04T14:08:51Z
JAYAD,AGRICULTURE,Others,Others,Weather,"WEATHER INFORMATION","NO CHANCE OF RAIN IN YOUR AREA",BIHAR,BHAGALPUR,GOPALPUR,2018-04-04T14:08:51Z
JAYAD,AGRICULTURE,Others,Others,Weather,"WEATHER INFORMATION","NO CHANCE OF RAIN IN YOUR AREA",BIHAR,BHAGALPUR,GOPALPUR,2018-04-04T14:08:51Z
JAYAD,HORTICULTURE,Fruits,Mango,"Plant Protection","FRUIT DROPPING OF MANGO","Spray Planofix 1 ml/4 Litre of Water,CARBENDAZIM @ 2G /LITRE WATER",BIHAR,BHAGALPUR,SULTANGANJ,2018-04-04T14:08:51Z
JAYAD,AGRICULTURE,Others,Others,Weather,"WEATHER INFORMATION","NO CHANCE OF RAIN IN YOUR AREA",BIHAR,BHAGALPUR,GOPALPUR,2018-04-04T14:08:51Z
JAYAD,AGRICULTURE,Others,Others,Weather,"WEATHER INFORMATION","Heavy Cloudy weather in your area, chance of rain in your area",BIHAR,BHAGALPUR,SABOUR,2018-04-04T14:29:28Z
RABI,AGRICULTURE,Others,Others,Weather,"WEATHER INFORMATION","Cloudy weather in your area, but Hazy sunshine no chance of rain in your area.",BIHAR,BHAGALPUR,BIHPUR,2018-04-04T14:32:46Z
JAYAD,AGRICULTURE,Others,Others,Weather,"Weather information","no chance of rain in your area",BIHAR,BHAGALPUR,NAUGACHHIA,2018-04-04T15:08:01Z
RABI,AGRICULTURE,Cereals,Wheat,Weather,"weather information","???? ??? ?????? ,????? ???? ?? ???????  ????",BIHAR,BHAGALPUR,NAUGACHHIA,2018-04-04T15:10:45Z
JAYAD,AGRICULTURE,Others,Others,Weather,"Weather information","no chance of rain in your area",BIHAR,BHAGALPUR,NAUGACHHIA,2018-04-04T15:30:43Z
JAYAD,AGRICULTURE,Others,Others,Weather,"Weather information","no chance of rain in your area",BIHAR,BHAGALPUR,NAUGACHHIA,2018-04-04T15:30:43Z
RABI,AGRICULTURE,Others,Others,Weather,"WEATHER INFORMATION","Cloudy weather in your area, but Hazy sunshine no chance of rain in your area.",BIHAR,BHAGALPUR,PIRPAINTI,2018-04-04T20:40:16Z
JAYAD,AGRICULTURE,Others,Others,Weather,"Weather information","There will be light clouds in the sky chance of rain in your area.",BIHAR,BHAGALPUR,SONHAULA,2018-04-05T06:27:08Z
JAYAD,AGRICULTURE,Others,Others,Weather,"Weather information","There will be light clouds in the sky chance of rain in your area.",BIHAR,BHAGALPUR,NAUGACHHIA,2018-04-05T07:40:14Z
JAYAD,AGRICULTURE,Others,Others,Weather,"Weather information","There will be light clouds in the sky chance of rain in your area.",BIHAR,BHAGALPUR,PIRPAINTI,2018-04-05T09:37:32Z
JAYAD,AGRICULTURE,Others,Others,Weather,"WEATHER INFORMATION","Cloudy weather in your area up to 2-3 days ,chance of little rain .",BIHAR,BHAGALPUR,GORADIH,2018-04-05T15:41:59Z
JAYAD,AGRICULTURE,Others,Others,Weather,"WEATHER INFORMATION","Cloudy weather in your area,  chance of rain in your area",BIHAR,BHAGALPUR,KHARIK,2018-04-06T08:05:13Z
JAYAD,HORTICULTURE,Vegetables,"Bottle Gourd","Nutrient Management","leaf blackening and drying problem","Spray Copper oxychloride 2gm per lit of water",BIHAR,BHAGALPUR,KHARIK,2018-04-06T08:06:15Z
RABI,HORTICULTURE,Vegetables,Cucumber,"Plant Protection",vitamin,"Spray bumflower 2 gm./lt. of water.",BIHAR,BHAGALPUR,SHAHKUND,2018-04-06T09:26:40Z
JAYAD,AGRICULTURE,Others,Others,Weather,"WEATHER INFORMATION","???? ???? ???? ??? ????? ???? ??????? ??? ????? ?? ???????  ??? ??.",BIHAR,BHAGALPUR,GORADIH,2018-04-06T10:23:34Z
RABI,AGRICULTURE,Cereals,Wheat,Weather,"WEATHER INFORMATION","???? ???  ????? ????? ?? ??????? ??",BIHAR,BHAGALPUR,RANGRACHOWK,2018-04-06T11:55:09Z
RABI,AGRICULTURE,Cereals,Wheat,Weather,"WEATHER INFORMATION","???? ???  ????? ????? ?? ??????? ??",BIHAR,BHAGALPUR,RANGRACHOWK,2018-04-06T11:56:57Z
RABI,AGRICULTURE,Cereals,Wheat,Weather,"WEATHER INFORMATION","???? ???  ????? ????? ?? ??????? ??",BIHAR,BHAGALPUR,RANGRACHOWK,2018-04-06T11:57:27Z
JAYAD,AGRICULTURE,Others,Others,Weather,"WEATHER INFORMATION","TODAY AND TOMARROW CHANCE OF RAIN IN YOUR AREA",BIHAR,BHAGALPUR,PIRPAINTI,2018-04-06T14:38:27Z
JAYAD,AGRICULTURE,Others,Others,Weather,"WEATHER INFORMATION","TODAY AND TOMARROW CHANCE OF RAIN IN YOUR AREA",BIHAR,BHAGALPUR,COLGONG,2018-04-06T15:56:44Z
JAYAD,AGRICULTURE,Others,Others,Weather,"WEATHER INFORMATION","Cloudy weather in your area,  chance of rain in your area",BIHAR,BHAGALPUR,PIRPAINTI,2018-04-06T16:57:55Z
RABI,AGRICULTURE,Others,Others,Weather,"WEATHER INFORMATION","Cloudy weather in your area but no chance of rain in your area",BIHAR,BHAGALPUR,PIRPAINTI,2018-04-06T17:32:34Z
JAYAD,AGRICULTURE,Others,Others,Weather,"Weather information","????? ??? ???? ????? ??? ????? ?? ????? ???? ??? ?????? ?????????? ???? ?? ??????? ??",BIHAR,BHAGALPUR,SABOUR,2018-04-07T07:38:05Z
JAYAD,AGRICULTURE,Others,Others,Weather,"Weather information","????? ??? ???? ????? ??? ????? ?? ????? ???? ??? ?????? ?????????? ???? ?? ??????? ??",BIHAR,BHAGALPUR,SABOUR,2018-04-07T07:38:10Z
RABI,AGRICULTURE,Cereals,Wheat,Weather,"WEATHER INFORMATION","?? ?? ?? ???? ??????? ??? ???? ??? ????? ?? ????? ?? ??????? ??",BIHAR,BHAGALPUR,BIHPUR,2018-04-07T08:07:37Z
JAYAD,AGRICULTURE,Others,Others,Weather,"WEATHER INFORMATION","CHANCE OF RAIN IN YOUR AREA",BIHAR,BHAGALPUR,RANGRACHOWK,2018-04-07T08:40:04Z
JAYAD,AGRICULTURE,Others,Others,Weather,"WEATHER INFORMATION","CHANCE OF RAIN IN YOUR AREA",BIHAR,BHAGALPUR,RANGRACHOWK,2018-04-07T08:43:08Z
JAYAD,AGRICULTURE,Others,Others,Weather,"WEATHER INFORMATION","Cloudy weather in your area,  chance of rain in your area",BIHAR,BHAGALPUR,PIRPAINTI,2018-04-07T10:58:07Z
JAYAD,AGRICULTURE,Others,Others,Weather,"WEATHER INFORMATION","CHANCE OF RAIN IN YOUR AREA",BIHAR,BHAGALPUR,SABOUR,2018-04-07T11:10:02Z
RABI,AGRICULTURE,Cereals,Wheat,Weather,"WEATHER INFORMATION","? ?? ?? ???? ??????? ??? ???? ??? ????? ?? ????? ??",BIHAR,BHAGALPUR,KHARIK,2018-04-07T13:36:31Z
JAYAD,AGRICULTURE,Others,Others,Weather,"WEATHER INFORMATION","today and tomarrow chance of rain in your area",BIHAR,BHAGALPUR,KHARIK,2018-04-07T15:11:04Z
JAYAD,AGRICULTURE,Others,Others,"Plant Protection","WEATHER INFORMATION","today and tomarrow chance of rain in your area",BIHAR,BHAGALPUR,KHARIK,2018-04-07T16:02:09Z
JAYAD,AGRICULTURE,Others,Others,Weather,"WEATHER INFORMATION","today and tomarrow chance of rain in your area",BIHAR,BHAGALPUR,JAGDISHPUR,2018-04-07T16:35:17Z
JAYAD,AGRICULTURE,Others,Others,Weather,"WEATHER INFORMATION","today and tomarrow chance of rain in your area",BIHAR,BHAGALPUR,PIRPAINTI,2018-04-07T17:51:16Z
JAYAD,AGRICULTURE,Others,Others,Weather,"WEATHER INFORMATION","CHANCE OF RAIN IN YOUR AREA",BIHAR,BHAGALPUR,BIHPUR,2018-04-08T06:06:56Z
JAYAD,AGRICULTURE,Others,Others,Weather,"WEATHER INFORMATION","CHANCE OF RAIN IN YOUR AREA",BIHAR,BHAGALPUR,BIHPUR,2018-04-08T06:08:42Z
JAYAD,AGRICULTURE,Others,Others,Weather,"weather information?","kisan bhai 08 april me apke yahan halki barish ki sambhavna hai.",BIHAR,BHAGALPUR,NATHNAGAR,2018-04-08T06:36:24Z
JAYAD,AGRICULTURE,Others,Others,Weather,"weather information","Cloudy weather,rain is likely in your area.",BIHAR,BHAGALPUR,PIRPAINTI,2018-04-08T09:41:42Z
JAYAD,AGRICULTURE,Others,Others,Weather,"WEATHER INFORMATION","The weather will remain like oak, but the smoke will be feeding.",BIHAR,BHAGALPUR,PIRPAINTI,2018-04-08T11:19:57Z
JAYAD,AGRICULTURE,Others,Others,Weather,"WEATHER INFORMATION","Heavy Cloudy weather in your area, chance of rain in your area",BIHAR,BHAGALPUR,SABOUR,2018-04-08T11:41:00Z
JAYAD,AGRICULTURE,Others,Others,Weather,"WEATHER INFORMATION","The weather will remain like oak, but the smoke will be feeding.",BIHAR,BHAGALPUR,SABOUR,2018-04-08T12:02:24Z
JAYAD,AGRICULTURE,Others,Others,Weather,"WEATHER INFORMATION","The weather will remain like oak, but the smoke will be feeding.",BIHAR,BHAGALPUR,SABOUR,2018-04-08T12:04:35Z
RABI,AGRICULTURE,Cereals,Wheat,Weather,"Weather Informesion","????  ??? ????? ??? ???? ??? ?????",BIHAR,BHAGALPUR,SABOUR,2018-04-08T12:26:16Z
RABI,AGRICULTURE,Cereals,Wheat,Weather,"Weather Informesion","Cloudy weather today and tomorrow little chance of rain.",BIHAR,BHAGALPUR,SABOUR,2018-04-08T12:28:21Z
RABI,AGRICULTURE,Cereals,Wheat,Weather,"Weather Informesion","Cloudy weather today and tomorrow little chance of rain.",BIHAR,BHAGALPUR,SABOUR,2018-04-08T12:28:51Z
JAYAD,AGRICULTURE,Others,Others,Weather,"WEATHER INFORMATION","Heavy Cloudy weather in your area, chance of rain in your area",BIHAR,BHAGALPUR,GOPALPUR,2018-04-08T13:06:08Z
JAYAD,AGRICULTURE,Others,Others,Weather,"WEATHER INFORMATION","Heavy Cloudy weather in your area, chance of rain in your area",BIHAR,BHAGALPUR,ISMAILPUR,2018-04-08T17:46:54Z
JAYAD,AGRICULTURE,Others,Others,"Government Schemes","diesel subsidy","aap block me contact kare",BIHAR,BHAGALPUR,NATHNAGAR,2018-04-09T12:24:42Z
JAYAD,AGRICULTURE,Others,Others,Weather,"weather information","Cloudy weather Today & tomorrow   chance of rain",BIHAR,BHAGALPUR,NATHNAGAR,2018-04-09T12:25:40Z
JAYAD,AGRICULTURE,Others,Others,Weather,"weather information","Cloudy weather Today & tomorrow   chance of rain",BIHAR,BHAGALPUR,SULTANGANJ,2018-04-09T12:30:17Z
JAYAD,AGRICULTURE,Others,Others,Weather,"WEATHER INFORMATION","Cloudy weather today and  tomorrow little chance of rain in your area.",BIHAR,BHAGALPUR,SABOUR,2018-04-09T13:39:20Z
JAYAD,AGRICULTURE,Others,Others,Weather,"WEATHER INFORMATION","Cloudy weather today and  tomorrow little chance of rain in your area.",BIHAR,BHAGALPUR,SABOUR,2018-04-09T13:40:14Z
JAYAD,HORTICULTURE,Vegetables,Bhindi(Okra/Ladysfinger),"Plant Protection","YELLOW VEIN MOSAIC","SPRAY IMIDACHLOROPRID 1ML/3LIT OF WATER IN BHINDI",BIHAR,BHAGALPUR,COLGONG,2018-04-09T20:18:49Z
JAYAD,AGRICULTURE,Others,Others,"Plant Protection","plant protection","Spray Imidacloroprid 17.8 SL @ 1 ml /3 lit of water",BIHAR,BHAGALPUR,SHAHKUND,2018-04-10T09:00:51Z
JAYAD,AGRICULTURE,Others,Others,Weather,"WEATHER INFORMATION","Cloudy weather in your area,  chance of rain in your area",BIHAR,BHAGALPUR,PIRPAINTI,2018-04-10T12:36:06Z
JAYAD,AGRICULTURE,Others,Others,Weather,"WEATHER INFORMATION","Cloudy weather today and  tomorrow little chance of rain in your area.",BIHAR,BHAGALPUR,SABOUR,2018-04-10T12:42:01Z
JAYAD,AGRICULTURE,Others,Others,Weather,"WEATHER INFORMATION","Cloudy weather today and  tomorrow little chance of rain in your area.",BIHAR,BHAGALPUR,SABOUR,2018-04-10T12:43:38Z
JAYAD,HORTICULTURE,Vegetables,Chillies,"Plant Protection","LEAF CURL IN CHILIES","SPRAY OMITE AND DHANZIME 3-3ML/LIT OF WATER IN CHILIES",BIHAR,BHAGALPUR,COLGONG,2018-04-10T15:23:28Z
RABI,AGRICULTURE,Others,Others,Weather,"Weather Information","Cloudy weather today and tomorrow little chance of rain",BIHAR,BHAGALPUR,PIRPAINTI,2018-04-11T06:43:40Z
JAYAD,AGRICULTURE,Others,Others,Weather,"weather information","Cloudy weather Today & tomorrow   chance of rain",BIHAR,BHAGALPUR,SABOUR,2018-04-11T07:45:01Z
JAYAD,AGRICULTURE,Others,Others,Weather,"Weather information","Cloudy weather Today and tomorrow little chance of rain in your area",BIHAR,BHAGALPUR,PIRPAINTI,2018-04-11T11:29:04Z
JAYAD,AGRICULTURE,Others,Others,Weather,"Weather information","Cloudy weather Today and tomorrow little chance of rain in your area",BIHAR,BHAGALPUR,PIRPAINTI,2018-04-11T12:51:23Z
JAYAD,AGRICULTURE,Others,Others,Weather,"Weather information","Cloudy weather Today and tomorrow little chance of rain in your area",BIHAR,BHAGALPUR,KHARIK,2018-04-11T13:09:38Z
JAYAD,AGRICULTURE,Others,Others,Weather,"Weather information","Cloudy weather Today and tomorrow little chance of rain in your area",BIHAR,BHAGALPUR,NATHNAGAR,2018-04-11T13:55:23Z
RABI,AGRICULTURE,Others,Others,"Sowing Time and Weather","yielding of masur","10-12 q/ha",BIHAR,BHAGALPUR,NATHNAGAR,2018-04-11T13:56:51Z
JAYAD,AGRICULTURE,Others,Others,Weather,"Weather information","Cloudy weather Today and tomorrow little chance of rain in your area",BIHAR,BHAGALPUR,PIRPAINTI,2018-04-11T14:48:01Z
RABI,AGRICULTURE,Others,Others,"Sowing Time and Weather","SOWIG TIME OF MOONG","10 MUNG",BIHAR,BHAGALPUR,SHAHKUND,2018-04-12T10:45:39Z
JAYAD,AGRICULTURE,Others,Others,Weather,"weather information","Cloudy weather,rain is likely.",BIHAR,BHAGALPUR,PIRPAINTI,2018-04-12T11:29:37Z
JAYAD,AGRICULTURE,Others,Others,Weather,WEATHER,"NO RAIN",BIHAR,BHAGALPUR,PIRPAINTI,2018-04-12T18:31:28Z
JAYAD,HORTICULTURE,Flowers,"Hibiscus (Gurhal)","Plant Protection","MEALY BUG INFESTATION IN HIBISCUS","Spray  Imidachloprid @ 1ml/3lit of water",BIHAR,BHAGALPUR,RANGRACHOWK,2018-04-13T08:16:44Z
JAYAD,HORTICULTURE,Fruits,Mango,"Plant Protection","STONE BORER INFESTATION IN MANGO","Spray carbaril @ 1 ml in 1 liter of water",BIHAR,BHAGALPUR,RANGRACHOWK,2018-04-13T08:28:26Z
JAYAD,AGRICULTURE,Others,Others,Weather,"WEATHER INFORMATION","No chance of rain in your area",BIHAR,BHAGALPUR,GORADIH,2018-04-13T10:11:30Z
JAYAD,AGRICULTURE,Cereals,Wheat,Weather,"weather information","Hazy weather in your area ,no chance of rain",BIHAR,BHAGALPUR,NAUGACHHIA,2018-04-13T12:20:29Z
JAYAD,AGRICULTURE,Others,Others,"Plant Protection",Insecticide,"?????????????? 1 ???? ????? 3 ???? ???? ?? ?????? ?????? ???",BIHAR,BHAGALPUR,GOPALPUR,2018-04-13T15:09:31Z
JAYAD,AGRICULTURE,Others,Others,Weather,"Flower dropping problem in mango","Spray Planofix 1 ml/4-5 Litre of Water",BIHAR,BHAGALPUR,GOPALPUR,2018-04-13T15:10:34Z
RABI,AGRICULTURE,Others,Others,"Field Preparation","Cloudy weather, rain is not likely.","Cloudy weather, rain is not likely.",BIHAR,BHAGALPUR,PIRPAINTI,2018-04-13T19:57:54Z
RABI,AGRICULTURE,Others,Others,"Plant Protection",Insecticide,"MONOCRTOPHOS-2 ML/LITER OF WATER",BIHAR,BHAGALPUR,PIRPAINTI,2018-04-14T09:29:33Z
JAYAD,AGRICULTURE,Others,Others,Weather,WEATHER,"NO RAIN",BIHAR,BHAGALPUR,COLGONG,2018-04-14T16:20:50Z
JAYAD,AGRICULTURE,Others,Others,Weather,"WEATHER INFORMATION","Cloudy weather in your area, no  chance of rain in your area",BIHAR,BHAGALPUR,SONHAULA,2018-04-14T16:35:41Z
JAYAD,AGRICULTURE,Others,Others,Weather,"WEATHER INFORMATION","Cloudy weather in your area, no  chance of rain in your area",BIHAR,BHAGALPUR,NATHNAGAR,2018-04-14T18:46:32Z
RABI,HORTICULTURE,Vegetables,Chillies,"Plant Protection","Bacterial leaf spot","Spraying with streptomycin should not be done after fruits begin to form.",BIHAR,BHAGALPUR,GOPALPUR,2018-04-15T06:09:42Z
JAYAD,AGRICULTURE,Others,Others,"Plant Protection","Insect infestation","Spray Imidacloroprid @ 1 ml / 3 lit of water",BIHAR,BHAGALPUR,GOPALPUR,2018-04-15T12:23:07Z
JAYAD,AGRICULTURE,Others,Others,"Plant Protection","Growth regulator in mango","Spray Planofix @ 1 ml in 5 liter of water",BIHAR,BHAGALPUR,GOPALPUR,2018-04-15T12:25:58Z
JAYAD,AGRICULTURE,Others,Others,Weather,"Weather information","Heavy Cloudy weather in your area but no chance of rain in your area",BIHAR,BHAGALPUR,PIRPAINTI,2018-04-15T14:57:50Z
JAYAD,AGRICULTURE,Others,Others,Weather,"WEATHER INFORMATION","Cloudy weather in your area,  chance of rain in your area",BIHAR,BHAGALPUR,SONHAULA,2018-04-16T11:52:38Z
JAYAD,HORTICULTURE,Vegetables,"Bottle Gourd","Plant Protection","DOSE OF COPPER OXYCHLORIDE","Spray Copper oxy chloride @ 2 gm / lit of water",BIHAR,BHAGALPUR,NATHNAGAR,2018-04-17T06:52:54Z
RABI,AGRICULTURE,Others,Others,Weather,"INFORMATION WEATHER","Cloudy weather today and tomorrow  but no chance of rain in your area.",BIHAR,BHAGALPUR,PIRPAINTI,2018-04-17T09:38:55Z
RABI,AGRICULTURE,Cereals,Wheat,Weather,"WEATHER INFORMATION","Very low cloudy area but no chance of rain",BIHAR,BHAGALPUR,NATHNAGAR,2018-04-17T11:52:11Z
RABI,AGRICULTURE,Cereals,Wheat,Weather,"WEATHER INFORMATION","Very low cloudy area but no chance of rain",BIHAR,BHAGALPUR,PIRPAINTI,2018-04-17T12:25:09Z
JAYAD,AGRICULTURE,Others,Others,Weather,"Weather Information","Weather will be clear and glowing sun",BIHAR,BHAGALPUR,KHARIK,2018-04-17T18:32:29Z
JAYAD,HORTICULTURE,Vegetables,Pumpkin,"Plant Protection","farmer want to know information about How to control of fungal attack in pumpkin crop?","to control of fungal attack spray of carbandazim + mancozeb 40gm.and streptocyclin 2 gram at 15 liter of water. or
use copper oxy chloride 40 gram and streptocyclin 2 gram at 15 liter of water.",BIHAR,BHAGALPUR,BIHPUR,2018-04-18T17:36:17Z
JAYAD,AGRICULTURE,Others,Others,Weather,"weather information","Hazy weather in your area ,no chance of rain",BIHAR,BHAGALPUR,SULTANGANJ,2018-04-19T10:12:28Z
JAYAD,HORTICULTURE,Vegetables,Chillies,"Plant Protection","INSECT INFESTATION IN CHILLI","Spray neem oil, mix 2 ml in 1 liter of water and sprinkle it",BIHAR,BHAGALPUR,SULTANGANJ,2018-04-19T10:13:37Z
JAYAD,AGRICULTURE,Others,Others,Weather,"WEATHER INFORMATION","Cloudy weather in your area,no chance of rain in your area",BIHAR,BHAGALPUR,GORADIH,2018-04-19T13:45:03Z
JAYAD,AGRICULTURE,Others,Others,Weather,WEATHER,"NO RAIN",BIHAR,BHAGALPUR,COLGONG,2018-04-19T17:56:22Z
RABI,AGRICULTURE,Cereals,Wheat,Weather,"Weather information","???? ???  ?????, ????? ????? ???? ?? ??????? ??",BIHAR,BHAGALPUR,PIRPAINTI,2018-04-20T06:34:24Z
JAYAD,HORTICULTURE,Vegetables,Chillies,"Plant Protection","white fly insect problem in chilli","Spray imidachloprid @ 1ml/3 lit of water",BIHAR,BHAGALPUR,SULTANGANJ,2018-04-20T06:45:31Z
JAYAD,HORTICULTURE,Vegetables,Chillies,"Nutrient Management","NUTRIENT management  in chilli","spray multimicro nutrient @ 2 g/ litre water",BIHAR,BHAGALPUR,SULTANGANJ,2018-04-20T06:51:10Z
JAYAD,AGRICULTURE,Others,Others,Weather,"Weather information","Cloudy weather in your area but no chance of rain in your area",BIHAR,BHAGALPUR,SULTANGANJ,2018-04-20T06:58:02Z
RABI,AGRICULTURE,Cereals,Wheat,Weather,"Weather information","???? ???  ?????, ????? ????? ???? ?? ??????? ??",BIHAR,BHAGALPUR,GORADIH,2018-04-20T07:19:54Z
JAYAD,AGRICULTURE,Pulses,"Green Gram (Moong Bean/ Moong)","Plant Protection","pod borer infestation in moong","spray chloropyriphos @ 2ml/liter water",BIHAR,BHAGALPUR,NARAYANPUR,2018-04-20T07:23:42Z
JAYAD,AGRICULTURE,Others,Others,Weather,"weather information","TODAY chance of rain IN YOUR AREA",BIHAR,BHAGALPUR,PIRPAINTI,2018-04-21T07:22:43Z
JAYAD,AGRICULTURE,Others,Others,Weather,"weather information","TODAY chance of rain IN YOUR AREA",BIHAR,BHAGALPUR,PIRPAINTI,2018-04-21T07:25:48Z
RABI,AGRICULTURE,Cereals,Wheat,Weather,"Weather Information","?? ?? ??????? ??? ?? ?? ?? ???? ??? ????? ?? ????? ???? ?? ???????? ??",BIHAR,BHAGALPUR,KHARIK,2018-04-21T08:10:45Z
JAYAD,AGRICULTURE,Others,Others,Weather,"weather information","TODAY chance of rain IN YOUR AREA",BIHAR,BHAGALPUR,PIRPAINTI,2018-04-21T08:41:23Z
JAYAD,AGRICULTURE,Others,Others,Weather,"weather information","TODAY chance of rain IN YOUR AREA",BIHAR,BHAGALPUR,PIRPAINTI,2018-04-21T08:42:34Z
JAYAD,AGRICULTURE,Others,Others,Weather,"weather information","TODAY chance of rain IN YOUR AREA",BIHAR,BHAGALPUR,PIRPAINTI,2018-04-21T08:43:23Z
JAYAD,AGRICULTURE,Others,Others,Weather,"weather information","TODAY chance of rain IN YOUR AREA",BIHAR,BHAGALPUR,SABOUR,2018-04-21T09:37:32Z
JAYAD,AGRICULTURE,Others,Others,Weather,"weather information","TODAY chance of rain IN YOUR AREA",BIHAR,BHAGALPUR,SABOUR,2018-04-21T09:42:41Z
RABI,AGRICULTURE,Others,Others,Weather,"WEATHER INFORMATION","Cloudy weather in your area but no chance of rain in your area",BIHAR,BHAGALPUR,PIRPAINTI,2018-04-21T16:55:13Z
RABI,AGRICULTURE,Others,Others,Weather,"WEATHER INFORMATION","Cloudy weather in your area but no chance of rain in your area",BIHAR,BHAGALPUR,PIRPAINTI,2018-04-21T16:55:19Z
RABI,AGRICULTURE,Others,Others,Weather,"WEATHER INFORMATION","Cloudy weather in your area but no chance of rain in your area",BIHAR,BHAGALPUR,PIRPAINTI,2018-04-21T16:55:23Z
JAYAD,AGRICULTURE,Others,Others,Weather,"WEATHER INFORMATION","	Cloudy weather in your area, but no chance of rain in your area.",BIHAR,BHAGALPUR,KHARIK,2018-04-22T06:14:56Z
JAYAD,AGRICULTURE,Others,Others,Weather,"WEATHER INFORMATION","	Cloudy weather in your area, but no chance of rain in your area.",BIHAR,BHAGALPUR,KHARIK,2018-04-22T06:16:24Z
JAYAD,AGRICULTURE,Others,Others,Weather,"WEATHER INFORMATION","NO CHANCE OF RAIN IN YOUR AREA",BIHAR,BHAGALPUR,NARAYANPUR,2018-04-22T06:30:18Z
RABI,AGRICULTURE,Cereals,Wheat,Weather,"Weather information","????? ?? ????? ???? ??? ?????? ????? ????? ???? ?? ??? ??????? ???? ??",BIHAR,BHAGALPUR,SONHAULA,2018-04-22T17:07:36Z
JAYAD,AGRICULTURE,Others,Others,Weather,"Weather information","No chance of rain in your area",BIHAR,BHAGALPUR,PIRPAINTI,2018-04-23T14:47:27Z
JAYAD,AGRICULTURE,Others,Others,Weather,"Weather information","No chance of rain in your area",BIHAR,BHAGALPUR,BIHPUR,2018-04-23T15:12:08Z
JAYAD,AGRICULTURE,Others,Others,Weather,"Weather information","No chance of rain in your area",BIHAR,BHAGALPUR,SONHAULA,2018-04-23T16:16:52Z
JAYAD,AGRICULTURE,Others,Others,Weather,"Weather information","No chance of rain in your area",BIHAR,BHAGALPUR,PIRPAINTI,2018-04-23T16:43:47Z
JAYAD,AGRICULTURE,Others,Others,Weather,"WEATHER INFORMATION","Cloudy weather in your area but no chance of rain in your area",BIHAR,BHAGALPUR,PIRPAINTI,2018-04-24T06:41:24Z
JAYAD,AGRICULTURE,Others,Others,Weather,"WEATHER INFORMATION","Cloudy weather in your area but no chance of rain in your area",BIHAR,BHAGALPUR,GOPALPUR,2018-04-24T13:31:50Z
JAYAD,AGRICULTURE,Others,Others,Weather,"Weather Information","There will be cloud in your area but there is no possibility of rain",BIHAR,BHAGALPUR,GOPALPUR,2018-04-24T14:36:06Z
RABI,AGRICULTURE,Others,Others,Weather,"Weather information","Hazy sun and very warm",BIHAR,BHAGALPUR,PIRPAINTI,2018-04-25T15:55:59Z
RABI,AGRICULTURE,Cereals,Wheat,Weather,"Weather Information","?? ?? ??????? ??? ?? ?? ?? ???? ??? ????? ?? ????? ???? ?? ???????? ??",BIHAR,BHAGALPUR,PIRPAINTI,2018-04-25T16:55:04Z
RABI,AGRICULTURE,Cereals,Wheat,Weather,"Weather Information","?? ?? ??????? ??? ?? ?? ?? ???? ??? ????? ?? ????? ???? ?? ???????? ??",BIHAR,BHAGALPUR,PIRPAINTI,2018-04-25T16:55:06Z
JAYAD,AGRICULTURE,Others,Others,Weather,"WEATHER INFORMATION","TODAY AND TOMARROW CHANCE OF RAIN IN YOUR AREA",BIHAR,BHAGALPUR,BIHPUR,2018-04-26T06:57:04Z
RABI,HORTICULTURE,Vegetables,Chillies,"Plant Protection","Leaf curl","Apply Carbofuran 3G @ 4-5 Kg/acre in the mainfield to control sucking complex and insect vectors selectively.",BIHAR,BHAGALPUR,NAUGACHHIA,2018-04-26T12:03:54Z
RABI,AGRICULTURE,Others,Others,Weather,"Weather Information","Cloudy weather today and tomorrow little chance of rain",BIHAR,BHAGALPUR,SABOUR,2018-04-26T13:33:43Z
JAYAD,AGRICULTURE,Others,Others,"Nutrient Management","Nutritional medicine","Spray Multi micro nutrient @ 2 gram in 1 liter of water",BIHAR,BHAGALPUR,GOPALPUR,2018-04-26T15:50:35Z
JAYAD,AGRICULTURE,Others,Others,"Plant Protection","Nutritional medicine","Spray Multi micro nutrient @ 2 gram in 1 liter of water",BIHAR,BHAGALPUR,PIRPAINTI,2018-04-26T16:06:54Z
JAYAD,AGRICULTURE,Others,Others,"Plant Protection","Nutritional medicine","Spray Multi micro nutrient @ 2 gram in 1 liter of water",BIHAR,BHAGALPUR,SONHAULA,2018-04-26T16:21:08Z
JAYAD,AGRICULTURE,Others,Others,Weather,"WEATHER INFORMATION","TODAY AND TOMARROW CHANCE OF RAIN IN YOUR AREA",BIHAR,BHAGALPUR,RANGRACHOWK,2018-04-27T17:58:13Z
JAYAD,AGRICULTURE,Others,Others,Weather,"WEATHER INFORMATION","TODAY AND TOMARROW CHANCE OF RAIN IN YOUR AREA",BIHAR,BHAGALPUR,RANGRACHOWK,2018-04-27T17:59:25Z
JAYAD,AGRICULTURE,Others,Others,Weather,"WEATHER INFORMATION","TODAY AND TOMARROW CHANCE OF RAIN IN YOUR AREA",BIHAR,BHAGALPUR,GORADIH,2018-04-28T10:07:05Z
JAYAD,AGRICULTURE,Others,Others,Weather,"WEATHER INFORMATION","TODAY AND TOMARROW CHANCE OF RAIN IN YOUR AREA",BIHAR,BHAGALPUR,PIRPAINTI,2018-04-28T13:33:49Z
RABI,AGRICULTURE,Cereals,Wheat,Weather,"WEATHER INFORMATION","?? ???? ??????? ??? ???? ??? ????? ?????  ????? ?? ???  ???????  ??? ??",BIHAR,BHAGALPUR,GOPALPUR,2018-04-28T14:14:14Z
JAYAD,AGRICULTURE,Others,Others,Weather,"WEATHER INFORMATION","CLOUDY WEATHER, CHANCE OF RAIN",BIHAR,BHAGALPUR,PIRPAINTI,2018-04-28T17:05:13Z
JAYAD,AGRICULTURE,Others,Others,Weather,"WEATHER INFORMATION","TODAY AND TOMARROW CHANCE OF RAIN IN YOUR AREA",BIHAR,BHAGALPUR,RANGRACHOWK,2018-04-28T17:07:01Z
RABI,AGRICULTURE,Cereals,Wheat,Weather,"WEATHER INFORMATION","?? ?? ?? ???? ??????? ??? ???? ??? ????? ?? ????? ?? ??????? ??",BIHAR,BHAGALPUR,PIRPAINTI,2018-04-28T20:34:08Z
JAYAD,AGRICULTURE,Others,Others,Weather,"Weather information","Cloudy weather in your area chance of rain in your area",BIHAR,BHAGALPUR,NARAYANPUR,2018-04-29T08:44:48Z
JAYAD,AGRICULTURE,Others,Others,Weather,"weather information","Cloudy weather Today & tomorrow   chance of rain",BIHAR,BHAGALPUR,COLGONG,2018-04-29T17:34:00Z
JAYAD,AGRICULTURE,Others,Others,Weather,weather,"no rain",BIHAR,BHAGALPUR,COLGONG,2018-04-29T19:06:45Z
JAYAD,AGRICULTURE,Others,Others,Weather,"Weather information","????? ??  ???? ??? ?????? ????? ???? ?? ???????  ??",BIHAR,BHAGALPUR,BIHPUR,2018-04-30T11:20:14Z
