"Country/State/UT Name","District Name","Caste Category",Total/Rural/Urban,"Marital Status","Present Age","Total Ever/Currently Married Women","Ever/Currently Married Women of Parity - 0","Ever/Currently Married Women of Parity - 1","Ever/Currently Married Women of Parity - 2","Ever/Currently Married Women of Parity - 3","Ever/Currently Married Women of Parity - 4","Ever/Currently Married Women of Parity - 5+","Total Children Ever Born - Persons","Total Children Ever Born - Males","Total Children Ever Born - Females"
Bihar,Giridih,"All Scheduled Castes",Rural,"Ever Married","All ages",73203,12951,10342,10729,10594,10200,17610,213306,114229,99077
Bihar,Giridih,"All Scheduled Castes",Rural,"Ever Married","Less than 15",1289,988,34,32,0,0,0,98,65,33
Bihar,Giridih,"All Scheduled Castes",Rural,"Ever Married",15-19,7720,5124,1822,424,75,10,0,2935,1514,1421
Bihar,Giridih,"All Scheduled Castes",Rural,"Ever Married",20-24,10999,2766,3266,2688,1309,665,246,16608,8619,7989
Bihar,Giridih,"All Scheduled Castes",Rural,"Ever Married",25-29,10760,1161,1720,2431,2455,1725,1239,27810,14784,13026
Bihar,Giridih,"All Scheduled Castes",Rural,"Ever Married",30-34,9540,731,859,1403,1981,2143,2376,32106,16775,15331
Bihar,Giridih,"All Scheduled Castes",Rural,"Ever Married",35-39,7922,454,518,870,1351,1621,3076,31451,16697,14754
Bihar,Giridih,"All Scheduled Castes",Rural,"Ever Married",40-44,6699,446,450,729,897,1247,2890,27296,14459,12837
Bihar,Giridih,"All Scheduled Castes",Rural,"Ever Married",45-49,5379,348,341,615,765,837,2463,22678,12324,10354
Bihar,Giridih,"All Scheduled Castes",Rural,"Ever Married",50-54,4131,230,397,490,599,695,1680,16849,9553,7296
Bihar,Giridih,"All Scheduled Castes",Rural,"Ever Married",55-59,2636,168,234,373,359,428,1074,10807,6089,4718
Bihar,Giridih,"All Scheduled Castes",Rural,"Ever Married",60-64,2939,203,373,314,447,442,1150,11682,6293,5389
Bihar,Giridih,"All Scheduled Castes",Rural,"Ever Married",65-69,1277,128,56,192,170,165,556,5328,2749,2579
Bihar,Giridih,"All Scheduled Castes",Rural,"Ever Married",70-74,1155,94,165,113,133,121,529,4711,2689,2022
Bihar,Giridih,"All Scheduled Castes",Rural,"Ever Married",75-79,286,10,61,31,11,41,132,1150,700,450
Bihar,Giridih,"All Scheduled Castes",Rural,"Ever Married","80 +",400,81,42,10,30,50,187,1568,776,792
Bihar,Giridih,"All Scheduled Castes",Rural,"Currently Married","All ages",65270,11942,9269,9695,9387,9186,15084,186433,99626,86807
Bihar,Giridih,"All Scheduled Castes",Rural,"Currently Married","Less than 15",1279,978,34,32,0,0,0,98,65,33
Bihar,Giridih,"All Scheduled Castes",Rural,"Currently Married",15-19,7614,5062,1799,423,75,10,0,2910,1513,1397
Bihar,Giridih,"All Scheduled Castes",Rural,"Currently Married",20-24,10841,2671,3230,2664,1308,663,246,16513,8579,7934
Bihar,Giridih,"All Scheduled Castes",Rural,"Currently Married",25-29,10548,1070,1689,2394,2426,1712,1228,27481,14610,12871
Bihar,Giridih,"All Scheduled Castes",Rural,"Currently Married",30-34,9256,686,828,1350,1925,2105,2324,31387,16344,15043
Bihar,Giridih,"All Scheduled Castes",Rural,"Currently Married",35-39,7566,402,460,765,1294,1593,3021,30544,16180,14364
Bihar,Giridih,"All Scheduled Castes",Rural,"Currently Married",40-44,6261,339,407,670,804,1205,2816,26265,13897,12368
Bihar,Giridih,"All Scheduled Castes",Rural,"Currently Married",45-49,4774,324,287,493,638,770,2262,20452,11164,9288
Bihar,Giridih,"All Scheduled Castes",Rural,"Currently Married",50-54,3001,133,232,386,378,534,1298,12813,7300,5513
Bihar,Giridih,"All Scheduled Castes",Rural,"Currently Married",55-59,1944,77,93,291,281,336,866,8474,4802,3672
Bihar,Giridih,"All Scheduled Castes",Rural,"Currently Married",60-64,1243,91,159,76,158,156,593,5450,2917,2533
Bihar,Giridih,"All Scheduled Castes",Rural,"Currently Married",65-69,472,66,15,74,75,40,202,1910,1056,854
Bihar,Giridih,"All Scheduled Castes",Rural,"Currently Married",70-74,220,2,12,43,2,21,140,1200,642,558
Bihar,Giridih,"All Scheduled Castes",Rural,"Currently Married",75-79,92,0,20,20,1,21,30,337,214,123
Bihar,Giridih,"All Scheduled Castes",Rural,"Currently Married","80 +",96,29,1,0,10,10,46,371,201,170
Bihar,Giridih,"All Scheduled Castes",Urban,"Ever Married","All ages",10910,1793,1601,1359,1540,1629,2778,32985,17746,15239
Bihar,Giridih,"All Scheduled Castes",Urban,"Ever Married","Less than 15",277,211,9,3,0,0,0,15,13,2
Bihar,Giridih,"All Scheduled Castes",Urban,"Ever Married",15-19,1156,657,334,98,35,0,0,635,377,258
Bihar,Giridih,"All Scheduled Castes",Urban,"Ever Married",20-24,1814,348,480,381,283,193,84,3336,1668,1668
Bihar,Giridih,"All Scheduled Castes",Urban,"Ever Married",25-29,1741,188,197,331,389,350,276,4984,2571,2413
Bihar,Giridih,"All Scheduled Castes",Urban,"Ever Married",30-34,1463,97,144,128,232,377,484,5533,3073,2460
Bihar,Giridih,"All Scheduled Castes",Urban,"Ever Married",35-39,1263,42,100,73,196,283,548,5291,2824,2467
Bihar,Giridih,"All Scheduled Castes",Urban,"Ever Married",40-44,1009,87,45,151,125,169,431,4113,2241,1872
Bihar,Giridih,"All Scheduled Castes",Urban,"Ever Married",45-49,761,36,89,73,157,92,303,2952,1519,1433
Bihar,Giridih,"All Scheduled Castes",Urban,"Ever Married",50-54,496,51,88,14,31,50,237,2063,1195,868
Bihar,Giridih,"All Scheduled Castes",Urban,"Ever Married",55-59,465,31,81,48,39,40,226,1967,948,1019
Bihar,Giridih,"All Scheduled Castes",Urban,"Ever Married",60-64,242,29,23,47,31,23,89,1018,573,445
Bihar,Giridih,"All Scheduled Castes",Urban,"Ever Married",65-69,84,6,0,0,11,32,35,473,310,163
Bihar,Giridih,"All Scheduled Castes",Urban,"Ever Married",70-74,69,5,1,10,11,10,32,298,193,105
Bihar,Giridih,"All Scheduled Castes",Urban,"Ever Married",75-79,31,0,10,0,0,10,11,149,128,21
Bihar,Giridih,"All Scheduled Castes",Urban,"Ever Married","80 +",14,3,0,0,0,0,11,99,66,33
Bihar,Giridih,"All Scheduled Castes",Urban,"Currently Married","All ages",9990,1624,1452,1251,1433,1535,2490,29919,15988,13931
Bihar,Giridih,"All Scheduled Castes",Urban,"Currently Married","Less than 15",276,211,9,2,0,0,0,13,11,2
Bihar,Giridih,"All Scheduled Castes",Urban,"Currently Married",15-19,1125,626,334,98,35,0,0,635,377,258
Bihar,Giridih,"All Scheduled Castes",Urban,"Currently Married",20-24,1803,348,479,371,283,193,84,3315,1658,1657
Bihar,Giridih,"All Scheduled Castes",Urban,"Currently Married",25-29,1714,175,192,329,386,350,272,4940,2540,2400
Bihar,Giridih,"All Scheduled Castes",Urban,"Currently Married",30-34,1419,86,140,116,225,373,478,5437,3020,2417
Bihar,Giridih,"All Scheduled Castes",Urban,"Currently Married",35-39,1208,35,94,68,168,280,542,5147,2758,2389
Bihar,Giridih,"All Scheduled Castes",Urban,"Currently Married",40-44,956,81,36,147,117,158,416,3940,2155,1785
Bihar,Giridih,"All Scheduled Castes",Urban,"Currently Married",45-49,629,13,53,49,151,74,278,2626,1317,1309
Bihar,Giridih,"All Scheduled Castes",Urban,"Currently Married",50-54,371,19,59,4,26,37,206,1729,985,744
Bihar,Giridih,"All Scheduled Castes",Urban,"Currently Married",55-59,285,11,35,34,21,36,148,1298,655,643
Bihar,Giridih,"All Scheduled Castes",Urban,"Currently Married",60-64,134,13,21,33,21,13,33,480,261,219
Bihar,Giridih,"All Scheduled Castes",Urban,"Currently Married",65-69,32,0,0,0,0,21,11,194,130,64
Bihar,Giridih,"All Scheduled Castes",Urban,"Currently Married",70-74,12,1,0,0,0,0,11,66,55,11
Bihar,Giridih,"All Scheduled Castes",Urban,"Currently Married","80 +",14,3,0,0,0,0,11,99,66,33
