Season,Sector,Category,Crop,QueryType,QueryText,KCCAns,StateName,DistrictName,BlockName,CreatedOn
KHARIF,AGRICULTURE,Cereals,"Paddy (Dhan)",Weather,"Weather Information","?? ?? ??????? ??? ?? ?? ?? ???? ??? ????? ?? ????? ???? ?? ???????? ??",BIHAR,PATNA,BIHTA,2018-07-01T08:43:26Z
KHARIF,AGRICULTURE,Cereals,"Paddy (Dhan)",Weather,"Weather Information","?? ?? ??????? ??? ?? ?? ?? ???? ??? ????? ?? ????? ???? ?? ???????? ??",BIHAR,PATNA,BIHTA,2018-07-01T08:43:26Z
RABI,HORTICULTURE,Vegetables,Chillies,"Plant Protection","Chilli thrips","Imidacloprid 17.8 % SL 3.0 ml/10 lit. 
Dimethoate 30 % EC 1.0 ml/lit.",BIHAR,PATNA,NAUBATPUR,2018-07-02T06:04:09Z
RABI,HORTICULTURE,Vegetables,Chillies,"Plant Protection","Chilli thrips","Imidacloprid 17.8 % SL 3.0 ml/10 lit. 
Dimethoate 30 % EC 1.0 ml/lit.",BIHAR,PATNA,NAUBATPUR,2018-07-02T06:04:09Z
RABI,AGRICULTURE,Others,Others,Weather,"weather information","29° C 
RealFeel® 33°

Thunderstorm
  


See Hourly

> 




Today

Jul 2



30° Hi 
RealFeel® 35°

Showers and thunderstorms
 More  



Tonight

Jul 2



26° Lo 
RealFeel® 31°

Cloudy, a thunderstorm late
 More  



Tomorrow

Jul 3



30° Hi 
RealFeel® 37°

A p.m. thunderstorm in spots",BIHAR,PATNA,BIHTA,2018-07-02T06:06:26Z
RABI,AGRICULTURE,Others,Others,Weather,"weather information","29° C 
RealFeel® 33°

Thunderstorm
  


See Hourly

> 




Today

Jul 2



30° Hi 
RealFeel® 35°

Showers and thunderstorms
 More  



Tonight

Jul 2



26° Lo 
RealFeel® 31°

Cloudy, a thunderstorm late
 More  



Tomorrow

Jul 3



30° Hi 
RealFeel® 37°

A p.m. thunderstorm in spots",BIHAR,PATNA,BIHTA,2018-07-02T06:06:26Z
KHARIF,AGRICULTURE,Millets,"Maize (Makka)",Varieties,"Good variety of maize","saktiman 1-4, ganga-11, suan, devki",BIHAR,PATNA,NAUBATPUR,2018-07-02T15:16:32Z
KHARIF,AGRICULTURE,Millets,"Maize (Makka)",Varieties,"Good variety of maize","saktiman 1-4, ganga-11, suan, devki",BIHAR,PATNA,NAUBATPUR,2018-07-02T15:16:32Z
KHARIF,AGRICULTURE,Cereals,"Paddy (Dhan)",Weather,"WEATHER INFORMATION","???? ???  ????? ????? ???? ?? ??????? ??",BIHAR,PATNA,MASAURHI,2018-07-02T15:30:53Z
KHARIF,AGRICULTURE,Cereals,"Paddy (Dhan)",Weather,"WEATHER INFORMATION","???? ???  ????? ????? ???? ?? ??????? ??",BIHAR,PATNA,MASAURHI,2018-07-02T15:30:53Z
KHARIF,AGRICULTURE,Others,Others,"Field Preparation","weather information","Cloudy weather Today & tomorrow   chance of rain",BIHAR,PATNA,NAUBATPUR,2018-07-02T18:03:20Z
KHARIF,AGRICULTURE,Others,Others,"Field Preparation","weather information","Cloudy weather Today & tomorrow   chance of rain",BIHAR,PATNA,NAUBATPUR,2018-07-02T18:03:20Z
KHARIF,AGRICULTURE,Others,Others,"Field Preparation","weather information","Cloudy weather Today & tomorrow   chance of rain",BIHAR,PATNA,NAUBATPUR,2018-07-02T18:36:32Z
KHARIF,AGRICULTURE,Others,Others,"Field Preparation","weather information","Cloudy weather Today & tomorrow   chance of rain",BIHAR,PATNA,NAUBATPUR,2018-07-02T18:36:32Z
KHARIF,AGRICULTURE,Others,Others,Weather,"Weather information","Cloudy weather today and  tomorrow little chance of rain in your area.",BIHAR,PATNA,DINAPUR,2018-07-02T21:03:25Z
KHARIF,AGRICULTURE,Others,Others,Weather,"Weather information","Cloudy weather today and  tomorrow little chance of rain in your area.",BIHAR,PATNA,DINAPUR,2018-07-02T21:03:25Z
KHARIF,AGRICULTURE,Others,Others,"Field Preparation","weather information","Cloudy weather,rain is likely in your area.",BIHAR,PATNA,MANER,2018-07-02T21:58:08Z
KHARIF,AGRICULTURE,Others,Others,"Field Preparation","weather information","Cloudy weather,rain is likely in your area.",BIHAR,PATNA,MANER,2018-07-02T21:58:08Z
KHARIF,AGRICULTURE,Others,Others,Weather,"WEATHER INFORMATION","Cloudy weather in your area, chance of rain in your area",BIHAR,PATNA,ATHAMALGOLA,2018-07-03T06:19:40Z
KHARIF,AGRICULTURE,Others,Others,Weather,"WEATHER INFORMATION","Cloudy weather in your area, chance of rain in your area",BIHAR,PATNA,ATHAMALGOLA,2018-07-03T06:19:40Z
RABI,HORTICULTURE,Vegetables,Chillies,"Plant Protection","Green peach aphid","Imidacloprid 17.8 % SL 3.5 ml/10 lit. 
Oxydemeton –Methyl 25% EC 1.6 ml/lit. 
Phosalone 35 % EC 2.0 ml/lit.",BIHAR,PATNA,KHUSRUPUR,2018-07-03T06:55:10Z
RABI,HORTICULTURE,Vegetables,Chillies,"Plant Protection","Green peach aphid","Imidacloprid 17.8 % SL 3.5 ml/10 lit. 
Oxydemeton –Methyl 25% EC 1.6 ml/lit. 
Phosalone 35 % EC 2.0 ml/lit.",BIHAR,PATNA,KHUSRUPUR,2018-07-03T06:55:10Z
RABI,HORTICULTURE,Vegetables,Chillies,"Plant Protection","Gram caterpillar","Indoxacarb 14.5 % SC 6.5 ml/10 lit. 
Novaluron 10 % EC 7.5 ml/10 lit. 
Indoxacarb 14.5 % SC 6.5 ml/10 lit. 
Novaluron 10 % EC 7.5 ml/10 lit.",BIHAR,PATNA,BARH,2018-07-03T07:00:46Z
RABI,HORTICULTURE,Vegetables,Chillies,"Plant Protection","Gram caterpillar","Indoxacarb 14.5 % SC 6.5 ml/10 lit. 
Novaluron 10 % EC 7.5 ml/10 lit. 
Indoxacarb 14.5 % SC 6.5 ml/10 lit. 
Novaluron 10 % EC 7.5 ml/10 lit.",BIHAR,PATNA,BARH,2018-07-03T07:00:46Z
KHARIF,AGRICULTURE,Cereals,"Paddy (Dhan)",Weather,"WEATHER INFORMATION","?? ?? ??????? ??? ???? ???  ????? ??  ????? ???? ?? ??????? ??",BIHAR,PATNA,PHULWARI,2018-07-04T06:49:21Z
KHARIF,AGRICULTURE,Cereals,"Paddy (Dhan)",Weather,"WEATHER INFORMATION","?? ?? ??????? ??? ???? ???  ????? ??  ????? ???? ?? ??????? ??",BIHAR,PATNA,PHULWARI,2018-07-04T06:49:21Z
KHARIF,AGRICULTURE,Others,Others,Weather,"WEATHER INFORMATION","Cloudy weather in your area, chance of rain in your area .",BIHAR,PATNA,NAUBATPUR,2018-07-04T16:17:13Z
KHARIF,AGRICULTURE,Others,Others,Weather,"WEATHER INFORMATION","Cloudy weather in your area, chance of rain in your area .",BIHAR,PATNA,NAUBATPUR,2018-07-04T16:17:13Z
KHARIF,AGRICULTURE,Others,Others,"Plant Protection","plant protection","Spray saaf @2gm /lit of water",BIHAR,PATNA,DHANARUA,2018-07-04T18:51:42Z
KHARIF,AGRICULTURE,Others,Others,"Plant Protection","plant protection","Spray saaf @2gm /lit of water",BIHAR,PATNA,DHANARUA,2018-07-04T18:51:42Z
KHARIF,AGRICULTURE,Others,Others,"Field Preparation","weather information","Cloudy weather in your area, chance of rain in your area.",BIHAR,PATNA,"DULHIN BAZAR",2018-07-04T20:58:45Z
KHARIF,AGRICULTURE,Others,Others,"Field Preparation","weather information","Cloudy weather in your area, chance of rain in your area.",BIHAR,PATNA,"DULHIN BAZAR",2018-07-04T20:58:45Z
KHARIF,HORTICULTURE,Fruits,"Acid Lime","Plant Protection","pest attack on citrus","Monocrotophos 36 WSC @ 1.5 ml/lit +planofix @ 1 ml/5 lit water",BIHAR,PATNA,"DULHIN BAZAR",2018-07-05T16:45:01Z
KHARIF,HORTICULTURE,Fruits,"Acid Lime","Plant Protection","pest attack on citrus","Monocrotophos 36 WSC @ 1.5 ml/lit +planofix @ 1 ml/5 lit water",BIHAR,PATNA,"DULHIN BAZAR",2018-07-05T16:45:01Z
KHARIF,AGRICULTURE,Others,Others,Weather,"WEATHER INFORMATION","Cloudy weather in your area, chance of rain in your area",BIHAR,PATNA,BELCHCHI,2018-07-05T19:11:37Z
KHARIF,AGRICULTURE,Others,Others,Weather,"WEATHER INFORMATION","Cloudy weather in your area, chance of rain in your area",BIHAR,PATNA,BELCHCHI,2018-07-05T19:11:37Z
KHARIF,AGRICULTURE,Others,Others,"Field Preparation","WEATHER INFORMATION","Heavy Cloudy weather in your area,chance of rain in your area",BIHAR,PATNA,"DULHIN BAZAR",2018-07-05T20:29:43Z
KHARIF,AGRICULTURE,Others,Others,"Field Preparation","WEATHER INFORMATION","Heavy Cloudy weather in your area,chance of rain in your area",BIHAR,PATNA,"DULHIN BAZAR",2018-07-05T20:29:43Z
KHARIF,AGRICULTURE,Others,Others,"Field Preparation","FERTILIZER DOZE IN MANGO","VERMICOMPOST 10 KG ,UREA- 2 KG,DAP- 1.5 KG ,POTAS-1 KG",BIHAR,PATNA,MASAURHI,2018-07-05T21:47:44Z
KHARIF,AGRICULTURE,Others,Others,"Field Preparation","FERTILIZER DOZE IN MANGO","VERMICOMPOST 10 KG ,UREA- 2 KG,DAP- 1.5 KG ,POTAS-1 KG",BIHAR,PATNA,MASAURHI,2018-07-05T21:47:44Z
KHARIF,AGRICULTURE,Others,Others,Weather,"WEATHER INFORMATION","Cloudy weather in your area, chance of rain in your area",BIHAR,PATNA,DHANARUA,2018-07-06T16:26:58Z
KHARIF,AGRICULTURE,Others,Others,Weather,"WEATHER INFORMATION","Cloudy weather in your area, chance of rain in your area",BIHAR,PATNA,DHANARUA,2018-07-06T16:26:58Z
KHARIF,AGRICULTURE,Others,Others,Weather,"WEATHER INFORMATION","Cloudy weather in your area, chance of rain in your area",BIHAR,PATNA,BIHTA,2018-07-06T18:41:53Z
KHARIF,AGRICULTURE,Others,Others,Weather,"WEATHER INFORMATION","Cloudy weather in your area, chance of rain in your area",BIHAR,PATNA,BIHTA,2018-07-06T18:41:53Z
KHARIF,AGRICULTURE,Others,Others,Weather,"WEATHER INFORMATION","Cloudy weather in your area, chance of rain in your area",BIHAR,PATNA,BIHTA,2018-07-06T18:42:08Z
KHARIF,AGRICULTURE,Others,Others,Weather,"WEATHER INFORMATION","Cloudy weather in your area, chance of rain in your area",BIHAR,PATNA,BIHTA,2018-07-06T18:42:08Z
KHARIF,AGRICULTURE,Others,Others,Weather,"WEATHER INFORMATION","Cloudy weather in your area, chance of rain in your area",BIHAR,PATNA,BIHTA,2018-07-06T18:42:19Z
KHARIF,AGRICULTURE,Others,Others,Weather,"WEATHER INFORMATION","Cloudy weather in your area, chance of rain in your area",BIHAR,PATNA,BIHTA,2018-07-06T18:42:19Z
KHARIF,AGRICULTURE,Others,Others,Weather,"WEATHER INFORMATION","Cloudy weather in your area, chance of rain in your area",BIHAR,PATNA,BIHTA,2018-07-07T15:03:21Z
KHARIF,AGRICULTURE,Others,Others,Weather,"WEATHER INFORMATION","Cloudy weather in your area, chance of rain in your area",BIHAR,PATNA,BIHTA,2018-07-07T15:03:21Z
KHARIF,AGRICULTURE,Others,Others,Weather,"WEATHER INFORMATION","Cloudy weather in your area, chance of rain in your area",BIHAR,PATNA,BIHTA,2018-07-07T15:03:41Z
KHARIF,AGRICULTURE,Others,Others,Weather,"WEATHER INFORMATION","Cloudy weather in your area, chance of rain in your area",BIHAR,PATNA,BIHTA,2018-07-07T15:03:41Z
KHARIF,AGRICULTURE,Others,Others,Weather,"Weather information","Cloudy weather today and tomorrow little chance of rain",BIHAR,PATNA,FATUHA,2018-07-07T17:18:56Z
KHARIF,AGRICULTURE,Others,Others,Weather,"Weather information","Cloudy weather today and tomorrow little chance of rain",BIHAR,PATNA,FATUHA,2018-07-07T17:18:56Z
KHARIF,AGRICULTURE,Others,Others,Weather,"Weather information","Cloudy weather today and tomorrow little chance of rain",BIHAR,PATNA,DHANARUA,2018-07-07T18:45:14Z
KHARIF,AGRICULTURE,Others,Others,Weather,"Weather information","Cloudy weather today and tomorrow little chance of rain",BIHAR,PATNA,DHANARUA,2018-07-07T18:45:14Z
KHARIF,AGRICULTURE,Others,Others,Weather,"WEATHER INFORMATION","Cloudy weather in your area, chance of rain in your area .",BIHAR,PATNA,NAUBATPUR,2018-07-08T10:13:02Z
KHARIF,AGRICULTURE,Others,Others,Weather,"WEATHER INFORMATION","Cloudy weather in your area, chance of rain in your area .",BIHAR,PATNA,NAUBATPUR,2018-07-08T10:13:02Z
KHARIF,AGRICULTURE,Others,Others,Weather,"WEATHER INFORMATION","Cloudy weather in your area, chance of rain in your area .",BIHAR,PATNA,FATUHA,2018-07-08T13:38:50Z
KHARIF,AGRICULTURE,Others,Others,Weather,"WEATHER INFORMATION","Cloudy weather in your area, chance of rain in your area .",BIHAR,PATNA,FATUHA,2018-07-08T13:38:50Z
KHARIF,AGRICULTURE,Others,Others,"Field Preparation","Yellowing of leaves /Rotting problem","Spray copper oxychloride @ 2 gram in 1 litre of water",BIHAR,PATNA,DHANARUA,2018-07-08T16:53:59Z
KHARIF,AGRICULTURE,Others,Others,"Field Preparation","Yellowing of leaves /Rotting problem","Spray copper oxychloride @ 2 gram in 1 litre of water",BIHAR,PATNA,DHANARUA,2018-07-08T16:53:59Z
KHARIF,HORTICULTURE,Fruits,Guava,"Nutrient Management","FLOWER DROPPING PROBLEM OF GUAVA CROP","SPRAY PLANOFIX @ 1 ML / 4 LITRE WATER",BIHAR,PATNA,BIKRAM,2018-07-09T08:06:32Z
KHARIF,HORTICULTURE,Fruits,Guava,"Nutrient Management","FLOWER DROPPING PROBLEM OF GUAVA CROP","SPRAY PLANOFIX @ 1 ML / 4 LITRE WATER",BIHAR,PATNA,BIKRAM,2018-07-09T08:06:32Z
KHARIF,HORTICULTURE,Vegetables,"Bottle Gourd","Plant Protection","premature fruit rot problem in bottelgourd","Spray copper oxychloride @ 2 gram in 1 litre of water",BIHAR,PATNA,FATUHA,2018-07-09T08:31:25Z
KHARIF,HORTICULTURE,Vegetables,"Bottle Gourd","Plant Protection","premature fruit rot problem in bottelgourd","Spray copper oxychloride @ 2 gram in 1 litre of water",BIHAR,PATNA,FATUHA,2018-07-09T08:31:25Z
KHARIF,AGRICULTURE,Others,Others,Weather,"WEATHER INFORMATION","Cloudy weather in your area Today and tomorrow little chance of rain.",BIHAR,PATNA,BELCHCHI,2018-07-09T09:08:48Z
KHARIF,AGRICULTURE,Others,Others,Weather,"WEATHER INFORMATION","Cloudy weather in your area Today and tomorrow little chance of rain.",BIHAR,PATNA,BELCHCHI,2018-07-09T09:08:48Z
KHARIF,HORTICULTURE,Vegetables,"Ridge Gourd","Plant Protection","YELLOWING LEAF PROBLEM IN RIDGE GOURD","Spray copper oxychloride @ 2 gram in 1 litre of water",BIHAR,PATNA,MASAURHI,2018-07-09T12:19:38Z
KHARIF,HORTICULTURE,Vegetables,"Ridge Gourd","Plant Protection","YELLOWING LEAF PROBLEM IN RIDGE GOURD","Spray copper oxychloride @ 2 gram in 1 litre of water",BIHAR,PATNA,MASAURHI,2018-07-09T12:19:38Z
KHARIF,AGRICULTURE,Cereals,"Paddy (Dhan)","Plant Protection","bacterial leaf blight problem in rice nursey field","Spray copper oxychloride @ 2 gram in 1 litre of water  and streptocyclin @ 1 gram / 10 litre water",BIHAR,PATNA,NAUBATPUR,2018-07-09T13:13:20Z
KHARIF,AGRICULTURE,Cereals,"Paddy (Dhan)","Plant Protection","bacterial leaf blight problem in rice nursey field","Spray copper oxychloride @ 2 gram in 1 litre of water  and streptocyclin @ 1 gram / 10 litre water",BIHAR,PATNA,NAUBATPUR,2018-07-09T13:13:20Z
KHARIF,AGRICULTURE,Others,Others,Weather,"WEATHER INFORMATION","Cloudy weather in your area, chance of rain in your area .",BIHAR,PATNA,DHANARUA,2018-07-09T17:05:35Z
KHARIF,AGRICULTURE,Others,Others,Weather,"WEATHER INFORMATION","Cloudy weather in your area, chance of rain in your area .",BIHAR,PATNA,DHANARUA,2018-07-09T17:05:35Z
KHARIF,AGRICULTURE,Others,Others,Weather,"Weather information","Cloudy weather in your area chance of rain in your area",BIHAR,PATNA,PANDARAK,2018-07-10T10:55:23Z
KHARIF,AGRICULTURE,Others,Others,Weather,"Weather information","Cloudy weather in your area chance of rain in your area",BIHAR,PATNA,PANDARAK,2018-07-10T10:55:23Z
KHARIF,AGRICULTURE,Others,Others,Weather,"Weather information","Cloudy weather in your area,today is chance of moderate rain.",BIHAR,PATNA,BIHTA,2018-07-10T15:04:08Z
KHARIF,AGRICULTURE,Others,Others,Weather,"Weather information","Cloudy weather in your area,today is chance of moderate rain.",BIHAR,PATNA,BIHTA,2018-07-10T15:04:08Z
KHARIF,AGRICULTURE,Others,Others,Weather,"Weather information","Cloudy weather in your area,today is chance of moderate rain.",BIHAR,PATNA,BIHTA,2018-07-10T15:04:22Z
KHARIF,AGRICULTURE,Others,Others,Weather,"Weather information","Cloudy weather in your area,today is chance of moderate rain.",BIHAR,PATNA,BIHTA,2018-07-10T15:04:22Z
KHARIF,AGRICULTURE,Cereals,"Paddy (Dhan)",Weather,"Weather information","Cloudy weather today and tomorrow little chance of rain in your area.",BIHAR,PATNA,"DULHIN BAZAR",2018-07-10T16:59:26Z
KHARIF,AGRICULTURE,Cereals,"Paddy (Dhan)",Weather,"Weather information","Cloudy weather today and tomorrow little chance of rain in your area.",BIHAR,PATNA,"DULHIN BAZAR",2018-07-10T16:59:26Z
KHARIF,AGRICULTURE,Others,Others,Weather,"WEATHER INFORMATION","Cloudy weather in your area, chance of rain in your area",BIHAR,PATNA,BAKHTIARPUR,2018-07-10T17:05:56Z
KHARIF,AGRICULTURE,Others,Others,Weather,"WEATHER INFORMATION","Cloudy weather in your area, chance of rain in your area",BIHAR,PATNA,BAKHTIARPUR,2018-07-10T17:05:56Z
KHARIF,HORTICULTURE,Vegetables,"Bitter Gourd","Plant Protection","Insect infestation in  bittergourd","Spray malathion @ 2 gram in 1 liter of water",BIHAR,PATNA,BAKHTIARPUR,2018-07-10T17:07:50Z
KHARIF,HORTICULTURE,Vegetables,"Bitter Gourd","Plant Protection","Insect infestation in  bittergourd","Spray malathion @ 2 gram in 1 liter of water",BIHAR,PATNA,BAKHTIARPUR,2018-07-10T17:07:50Z
KHARIF,AGRICULTURE,Others,Others,"Field Preparation","Weather information","Cloudy weather no chance of rain",BIHAR,PATNA,NAUBATPUR,2018-07-10T21:59:48Z
KHARIF,AGRICULTURE,Others,Others,"Field Preparation","Weather information","Cloudy weather no chance of rain",BIHAR,PATNA,NAUBATPUR,2018-07-10T21:59:48Z
KHARIF,AGRICULTURE,Others,Others,Weather,"WEATHER INFORMATION","TODAY CHANCE OF RAIN IN YOUR AREA",BIHAR,PATNA,BELCHCHI,2018-07-11T06:50:27Z
KHARIF,AGRICULTURE,Others,Others,Weather,"WEATHER INFORMATION","TODAY CHANCE OF RAIN IN YOUR AREA",BIHAR,PATNA,BELCHCHI,2018-07-11T06:50:27Z
KHARIF,AGRICULTURE,Others,Others,"Field Preparation","CONTACT TO BLOCK","CONTACT TO BLOCK",BIHAR,PATNA,MANER,2018-07-11T15:55:48Z
KHARIF,AGRICULTURE,Others,Others,"Field Preparation","CONTACT TO BLOCK","CONTACT TO BLOCK",BIHAR,PATNA,MANER,2018-07-11T15:55:48Z
KHARIF,AGRICULTURE,Others,Others,"Field Preparation","WEATHER INFORMATION","Cloudy weather in your area, chance of rain in your area .",BIHAR,PATNA,BIHTA,2018-07-11T16:15:19Z
KHARIF,AGRICULTURE,Others,Others,"Field Preparation","WEATHER INFORMATION","Cloudy weather in your area, chance of rain in your area .",BIHAR,PATNA,BIHTA,2018-07-11T16:15:19Z
KHARIF,AGRICULTURE,Others,Others,"Field Preparation","WEATHER INFORMATION","Cloudy weather in your area, no chance of rain in your area .",BIHAR,PATNA,BIHTA,2018-07-11T16:41:55Z
KHARIF,AGRICULTURE,Others,Others,"Field Preparation","WEATHER INFORMATION","Cloudy weather in your area, no chance of rain in your area .",BIHAR,PATNA,BIHTA,2018-07-11T16:41:55Z
KHARIF,AGRICULTURE,Others,Others,"Plant Protection","weed problem in radis","hoeing can be done as and when necessary. At the second weeding, thinning of densely sown plants should be done.",BIHAR,PATNA,FATUHA,2018-07-11T17:20:08Z
KHARIF,AGRICULTURE,Others,Others,"Plant Protection","weed problem in radis","hoeing can be done as and when necessary. At the second weeding, thinning of densely sown plants should be done.",BIHAR,PATNA,FATUHA,2018-07-11T17:20:08Z
KHARIF,AGRICULTURE,Others,Others,"Plant Protection","redness of leaf paddy nursery","10 gram zinc sulphate+5 gram urea in 1 liter of water",BIHAR,PATNA,NAUBATPUR,2018-07-11T19:51:48Z
KHARIF,AGRICULTURE,Others,Others,"Plant Protection","redness of leaf paddy nursery","10 gram zinc sulphate+5 gram urea in 1 liter of water",BIHAR,PATNA,NAUBATPUR,2018-07-11T19:51:48Z
KHARIF,AGRICULTURE,Others,Others,Weather,"WEATHER INFORMATION","Cloudy weather in your area, chance of rain in your area .",BIHAR,PATNA,DHANARUA,2018-07-12T08:42:39Z
KHARIF,AGRICULTURE,Others,Others,Weather,"WEATHER INFORMATION","Cloudy weather in your area, chance of rain in your area .",BIHAR,PATNA,DHANARUA,2018-07-12T08:42:39Z
KHARIF,AGRICULTURE,Others,Others,"Market Information","WEATHER INFORMATION","Today & tomorrow little chance of rain",BIHAR,PATNA,KHUSRUPUR,2018-07-12T14:35:20Z
KHARIF,AGRICULTURE,Others,Others,"Market Information","WEATHER INFORMATION","Today & tomorrow little chance of rain",BIHAR,PATNA,KHUSRUPUR,2018-07-12T14:35:20Z
KHARIF,AGRICULTURE,Cereals,"Paddy (Dhan)",Weather,"WEATHER INFORMATION","???? ???  ????? ????? ???? ?? ??????? ??",BIHAR,PATNA,BIHTA,2018-07-12T15:46:17Z
KHARIF,AGRICULTURE,Cereals,"Paddy (Dhan)",Weather,"WEATHER INFORMATION","???? ???  ????? ????? ???? ?? ??????? ??",BIHAR,PATNA,BIHTA,2018-07-12T15:46:17Z
KHARIF,AGRICULTURE,Others,Others,Weather,"WEATHER INFORMATION","Cloudy weather in your area, chance of rain in your area .",BIHAR,PATNA,FATUHA,2018-07-12T17:51:26Z
KHARIF,AGRICULTURE,Others,Others,Weather,"WEATHER INFORMATION","Cloudy weather in your area, chance of rain in your area .",BIHAR,PATNA,FATUHA,2018-07-12T17:51:26Z
KHARIF,AGRICULTURE,Others,Others,"Field Preparation","Insect problem IN BRINJAL","NEEM OIL-2ML/LITER OF WATER",BIHAR,PATNA,BAKHTIARPUR,2018-07-12T18:20:23Z
KHARIF,AGRICULTURE,Others,Others,"Field Preparation","Insect problem IN BRINJAL","NEEM OIL-2ML/LITER OF WATER",BIHAR,PATNA,BAKHTIARPUR,2018-07-12T18:20:23Z
KHARIF,AGRICULTURE,Others,Others,"Field Preparation","contact bao","contact bao",BIHAR,PATNA,ATHAMALGOLA,2018-07-12T19:08:07Z
KHARIF,AGRICULTURE,Others,Others,"Field Preparation","contact bao","contact bao",BIHAR,PATNA,ATHAMALGOLA,2018-07-12T19:08:07Z
KHARIF,AGRICULTURE,Others,Others,"Field Preparation","WEATHER INFORMATION","Heavy Cloudy weather in your area,no chance of rain in your area",BIHAR,PATNA,ATHAMALGOLA,2018-07-12T19:12:51Z
KHARIF,AGRICULTURE,Others,Others,"Field Preparation","WEATHER INFORMATION","Heavy Cloudy weather in your area,no chance of rain in your area",BIHAR,PATNA,ATHAMALGOLA,2018-07-12T19:12:51Z
KHARIF,AGRICULTURE,Others,Others,Weather,"WEATHER INFORMATION","Today & tomorrow little chance of rain",BIHAR,PATNA,DHANARUA,2018-07-12T19:35:14Z
KHARIF,AGRICULTURE,Others,Others,Weather,"WEATHER INFORMATION","Today & tomorrow little chance of rain",BIHAR,PATNA,DHANARUA,2018-07-12T19:35:14Z
KHARIF,AGRICULTURE,Others,Others,"Agriculture Mechanization","Kisan registration for seed","Kisan registration –www.krishimis.in",BIHAR,PATNA,MOKAMA,2018-07-13T10:11:16Z
KHARIF,AGRICULTURE,Others,Others,"Agriculture Mechanization","Kisan registration for seed","Kisan registration –www.krishimis.in",BIHAR,PATNA,MOKAMA,2018-07-13T10:11:16Z
KHARIF,AGRICULTURE,Others,Others,Weather,"WEATHER INFORMATION","Cloudy weather in your area, chance of rain in your area",BIHAR,PATNA,MOKAMA,2018-07-13T10:15:31Z
KHARIF,AGRICULTURE,Others,Others,Weather,"WEATHER INFORMATION","Cloudy weather in your area, chance of rain in your area",BIHAR,PATNA,MOKAMA,2018-07-13T10:15:31Z
KHARIF,AGRICULTURE,Others,Others,Weather,"DISEALE SUBSIDY SITE","SITE ----www.dbtagriculture.bihar.gov.in",BIHAR,PATNA,PALIGANJ,2018-07-13T16:31:38Z
KHARIF,AGRICULTURE,Others,Others,Weather,"DISEALE SUBSIDY SITE","SITE ----www.dbtagriculture.bihar.gov.in",BIHAR,PATNA,PALIGANJ,2018-07-13T16:31:38Z
KHARIF,AGRICULTURE,Others,Others,Weather,"DISEALE SUBSIDY",SITE---------www.dbtagriculture.bihar.gov.in,BIHAR,PATNA,PALIGANJ,2018-07-13T16:36:37Z
KHARIF,AGRICULTURE,Others,Others,Weather,"DISEALE SUBSIDY",SITE---------www.dbtagriculture.bihar.gov.in,BIHAR,PATNA,PALIGANJ,2018-07-13T16:36:37Z
KHARIF,AGRICULTURE,Others,Others,Weather,"DISEASLE SUBSIDY",www.dbtagriculture.bihar.gov.in,BIHAR,PATNA,PALIGANJ,2018-07-13T16:38:33Z
KHARIF,AGRICULTURE,Others,Others,Weather,"DISEASLE SUBSIDY",www.dbtagriculture.bihar.gov.in,BIHAR,PATNA,PALIGANJ,2018-07-13T16:38:33Z
KHARIF,AGRICULTURE,Others,Others,"Field Preparation","WEATHER INFORMATION","Heavy Cloudy weather in your area,chance of rain in your area",BIHAR,PATNA,DANIYAWAN,2018-07-13T18:35:16Z
KHARIF,AGRICULTURE,Others,Others,"Field Preparation","WEATHER INFORMATION","Heavy Cloudy weather in your area,chance of rain in your area",BIHAR,PATNA,DANIYAWAN,2018-07-13T18:35:16Z
KHARIF,AGRICULTURE,Others,Others,"Field Preparation","WEATHER INFORMATION","Heavy Cloudy weather in your area,chance of rain in your area",BIHAR,PATNA,MANER,2018-07-13T19:37:46Z
KHARIF,AGRICULTURE,Others,Others,"Field Preparation","WEATHER INFORMATION","Heavy Cloudy weather in your area,chance of rain in your area",BIHAR,PATNA,MANER,2018-07-13T19:37:46Z
KHARIF,AGRICULTURE,Others,Others,"Field Preparation","WEED MANAGEMENT IN PADDY","BUTACHLOR@ 2 G/LIT WATER SPRAY",BIHAR,PATNA,DHANARUA,2018-07-13T20:17:47Z
KHARIF,AGRICULTURE,Others,Others,"Field Preparation","WEED MANAGEMENT IN PADDY","BUTACHLOR@ 2 G/LIT WATER SPRAY",BIHAR,PATNA,DHANARUA,2018-07-13T20:17:47Z
KHARIF,AGRICULTURE,Others,Others,"Plant Protection","plant protection","Spray copper oxycloride @ 2 gram in 1 litter of water",BIHAR,PATNA,PUNPUN,2018-07-14T07:09:54Z
KHARIF,AGRICULTURE,Others,Others,"Plant Protection","plant protection","Spray copper oxycloride @ 2 gram in 1 litter of water",BIHAR,PATNA,PUNPUN,2018-07-14T07:09:54Z
KHARIF,AGRICULTURE,Others,Others,Weather,"WEATHER INFORMATION","Cloudy weather in your area, chance of rain in your area",BIHAR,PATNA,FATUHA,2018-07-14T10:20:09Z
KHARIF,AGRICULTURE,Others,Others,Weather,"WEATHER INFORMATION","Cloudy weather in your area, chance of rain in your area",BIHAR,PATNA,FATUHA,2018-07-14T10:20:09Z
KHARIF,AGRICULTURE,Others,Others,Weather,"Weather Information","Cloudy weather in your area, chance of  rain in your area",BIHAR,PATNA,PANDARAK,2018-07-14T11:10:35Z
KHARIF,AGRICULTURE,Others,Others,Weather,"Weather Information","Cloudy weather in your area, chance of  rain in your area",BIHAR,PATNA,PANDARAK,2018-07-14T11:10:35Z
KHARIF,AGRICULTURE,Others,Others,Weather,"Weather Information","Cloudy weather in your area, chance of  rain in your area",BIHAR,PATNA,PANDARAK,2018-07-14T11:13:04Z
KHARIF,AGRICULTURE,Others,Others,Weather,"Weather Information","Cloudy weather in your area, chance of  rain in your area",BIHAR,PATNA,PANDARAK,2018-07-14T11:13:04Z
KHARIF,AGRICULTURE,Others,Others,"Government Schemes","Kisan registration","Kisan registration –www.krishimis.in",BIHAR,PATNA,"DULHIN BAZAR",2018-07-14T11:58:32Z
KHARIF,AGRICULTURE,Others,Others,"Government Schemes","Kisan registration","Kisan registration –www.krishimis.in",BIHAR,PATNA,"DULHIN BAZAR",2018-07-14T11:58:32Z
KHARIF,AGRICULTURE,Others,Others,Weather,"WEATHER INFORMATION","Cloudy weather in your area, chance of rain in your area",BIHAR,PATNA,BARH,2018-07-14T13:05:52Z
KHARIF,AGRICULTURE,Others,Others,Weather,"WEATHER INFORMATION","Cloudy weather in your area, chance of rain in your area",BIHAR,PATNA,BARH,2018-07-14T13:05:52Z
KHARIF,AGRICULTURE,Others,Others,"Agriculture Mechanization","Kisan registration","Kisan registration –www.krishimis.in",BIHAR,PATNA,BARH,2018-07-14T13:06:13Z
KHARIF,AGRICULTURE,Others,Others,"Agriculture Mechanization","Kisan registration","Kisan registration –www.krishimis.in",BIHAR,PATNA,BARH,2018-07-14T13:06:13Z
KHARIF,AGRICULTURE,Others,Others,Weather,"WEATHER INFORMATION","Cloudy weather in your area, chance of rain in your area",BIHAR,PATNA,PHULWARI,2018-07-14T13:20:01Z
KHARIF,AGRICULTURE,Others,Others,Weather,"WEATHER INFORMATION","Cloudy weather in your area, chance of rain in your area",BIHAR,PATNA,PHULWARI,2018-07-14T13:20:01Z
KHARIF,AGRICULTURE,Others,Others,"Plant Protection","NUTRIENTS DEFICIENCY","Spray Multi micro nutrient @ 2 gram in 1 litre of water",BIHAR,PATNA,BIKRAM,2018-07-14T19:34:50Z
KHARIF,AGRICULTURE,Others,Others,"Plant Protection","NUTRIENTS DEFICIENCY","Spray Multi micro nutrient @ 2 gram in 1 litre of water",BIHAR,PATNA,BIKRAM,2018-07-14T19:34:50Z
KHARIF,AGRICULTURE,Others,Others,"Field Preparation","pest problem in bhindi","Spray Imidacloprid @ 1 ml /3 lit of water+copperoxychlorid@ 2g/lit water",BIHAR,PATNA,BIKRAM,2018-07-15T12:16:48Z
KHARIF,AGRICULTURE,Others,Others,"Field Preparation","pest problem in bhindi","Spray Imidacloprid @ 1 ml /3 lit of water+copperoxychlorid@ 2g/lit water",BIHAR,PATNA,BIKRAM,2018-07-15T12:16:48Z
KHARIF,AGRICULTURE,Others,Others,"Plant Protection","Yellow leaf problem","Spray Imidacloroprid @ 1 ml / 3 lit of water",BIHAR,PATNA,PANDARAK,2018-07-15T13:52:21Z
KHARIF,AGRICULTURE,Others,Others,"Plant Protection","Yellow leaf problem","Spray Imidacloroprid @ 1 ml / 3 lit of water",BIHAR,PATNA,PANDARAK,2018-07-15T13:52:21Z
KHARIF,AGRICULTURE,Cereals,"Paddy (Dhan)",Weather,"Weather Information","Cloudy weather today and tomorrow no chance of rain",BIHAR,PATNA,DHANARUA,2018-07-15T16:58:52Z
KHARIF,AGRICULTURE,Cereals,"Paddy (Dhan)",Weather,"Weather Information","Cloudy weather today and tomorrow no chance of rain",BIHAR,PATNA,DHANARUA,2018-07-15T16:58:52Z
KHARIF,AGRICULTURE,Cereals,"Paddy (Dhan)",Weather,"Weather Information","?? ?? ??????? ??? ?? ?? ?? ???? ??? ????? ?? ????? ???? ?? ???????? ??",BIHAR,PATNA,NAUBATPUR,2018-07-15T17:05:34Z
KHARIF,AGRICULTURE,Cereals,"Paddy (Dhan)",Weather,"Weather Information","?? ?? ??????? ??? ?? ?? ?? ???? ??? ????? ?? ????? ???? ?? ???????? ??",BIHAR,PATNA,NAUBATPUR,2018-07-15T17:05:34Z
KHARIF,AGRICULTURE,Others,Others,"Field Preparation","WEATHER INFORMATION","Heavy Cloudy weather in your area,chance of rain in your area",BIHAR,PATNA,MANER,2018-07-16T07:16:16Z
KHARIF,AGRICULTURE,Others,Others,"Field Preparation","WEATHER INFORMATION","Heavy Cloudy weather in your area,chance of rain in your area",BIHAR,PATNA,MANER,2018-07-16T07:16:16Z
KHARIF,AGRICULTURE,Cereals,"Paddy (Dhan)",Weather,"WEATHER INFORMATION","?? ?? ??????? ??? ???? ???  ????? ??  ????? ???? ?? ??????? ??",BIHAR,PATNA,BIHTA,2018-07-17T13:31:32Z
KHARIF,AGRICULTURE,Cereals,"Paddy (Dhan)",Weather,"WEATHER INFORMATION","?? ?? ??????? ??? ???? ???  ????? ??  ????? ???? ?? ??????? ??",BIHAR,PATNA,BIHTA,2018-07-17T13:31:32Z
KHARIF,AGRICULTURE,Others,Others,Weather,"WEATHER INFORMATION","SHOWER OF RAIN IN YOUR AREA",BIHAR,PATNA,MASAURHI,2018-07-17T18:36:26Z
KHARIF,AGRICULTURE,Others,Others,Weather,"WEATHER INFORMATION","SHOWER OF RAIN IN YOUR AREA",BIHAR,PATNA,MASAURHI,2018-07-17T18:36:26Z
KHARIF,AGRICULTURE,Others,Others,"Government Schemes","Farmer want to know information about govt scheme ?","To contact agriculture department for more detail",BIHAR,PATNA,"DULHIN BAZAR",2018-07-17T21:33:04Z
KHARIF,AGRICULTURE,Others,Others,"Government Schemes","Farmer want to know information about govt scheme ?","To contact agriculture department for more detail",BIHAR,PATNA,"DULHIN BAZAR",2018-07-17T21:33:04Z
KHARIF,AGRICULTURE,Others,Others,"Field Preparation","WEATHER INFORMATION","Heavy Cloudy weather in your area,chance of rain in your area",BIHAR,PATNA,BARH,2018-07-18T07:54:42Z
KHARIF,AGRICULTURE,Others,Others,"Field Preparation","WEATHER INFORMATION","Heavy Cloudy weather in your area,chance of rain in your area",BIHAR,PATNA,BARH,2018-07-18T07:54:42Z
KHARIF,AGRICULTURE,Others,Others,"Field Preparation","WEATHER INFORMATION","Heavy Cloudy weather in your area,chance of rain in your area",BIHAR,PATNA,PALIGANJ,2018-07-18T10:38:40Z
KHARIF,AGRICULTURE,Others,Others,"Field Preparation","WEATHER INFORMATION","Heavy Cloudy weather in your area,chance of rain in your area",BIHAR,PATNA,PALIGANJ,2018-07-18T10:38:40Z
KHARIF,AGRICULTURE,Others,Others,"Field Preparation","WEATHER INFORMATION","Heavy Cloudy weather in your area,chance of rain in your area",BIHAR,PATNA,PALIGANJ,2018-07-18T10:51:52Z
KHARIF,AGRICULTURE,Others,Others,"Field Preparation","WEATHER INFORMATION","Heavy Cloudy weather in your area,chance of rain in your area",BIHAR,PATNA,PALIGANJ,2018-07-18T10:51:52Z
KHARIF,AGRICULTURE,Cereals,"Paddy (Dhan)",Weather,"Weather information","Very low Cloudy weather in your area and no chance of rain",BIHAR,PATNA,MASAURHI,2018-07-18T14:39:44Z
KHARIF,AGRICULTURE,Cereals,"Paddy (Dhan)",Weather,"Weather information","Very low Cloudy weather in your area and no chance of rain",BIHAR,PATNA,MASAURHI,2018-07-18T14:39:44Z
KHARIF,AGRICULTURE,Others,Others,Weather,"WEATHER INFORMATION","today and tomorrow there is a possibility of light rain in your area.",BIHAR,PATNA,MASAURHI,2018-07-19T13:24:54Z
KHARIF,AGRICULTURE,Others,Others,Weather,"WEATHER INFORMATION","today and tomorrow there is a possibility of light rain in your area.",BIHAR,PATNA,MASAURHI,2018-07-19T13:24:54Z
KHARIF,AGRICULTURE,Cereals,"Paddy (Dhan)",Weather,"weather information","???? ??? ?????? ,???? ?????????? ???? ?? ???????  ????",BIHAR,PATNA,KHUSRUPUR,2018-07-19T15:39:00Z
KHARIF,AGRICULTURE,Cereals,"Paddy (Dhan)",Weather,"weather information","???? ??? ?????? ,???? ?????????? ???? ?? ???????  ????",BIHAR,PATNA,KHUSRUPUR,2018-07-19T15:39:00Z
KHARIF,AGRICULTURE,Others,Others,Weather,"WEATHER INFORMATION","Cloudy weather in your area, chance of rain in your area",BIHAR,PATNA,FATUHA,2018-07-20T12:03:22Z
KHARIF,AGRICULTURE,Others,Others,Weather,"WEATHER INFORMATION","Cloudy weather in your area, chance of rain in your area",BIHAR,PATNA,FATUHA,2018-07-20T12:03:22Z
RABI,HORTICULTURE,Vegetables,Chillies,"Plant Protection","Chilli thrips","Imidacloprid 17.8 % SL 3.0 ml/10 lit. 
Dimethoate 30 % EC 1.0 ml/lit.",BIHAR,PATNA,NAUBATPUR,2018-07-20T12:57:18Z
RABI,HORTICULTURE,Vegetables,Chillies,"Plant Protection","Chilli thrips","Imidacloprid 17.8 % SL 3.0 ml/10 lit. 
Dimethoate 30 % EC 1.0 ml/lit.",BIHAR,PATNA,NAUBATPUR,2018-07-20T12:57:18Z
RABI,HORTICULTURE,Vegetables,Chillies,"Plant Protection","Chilli thrips","Imidacloprid 17.8 % SL 3.0 ml/10 lit. 
Dimethoate 30 % EC 1.0 ml/lit.",BIHAR,PATNA,BIHTA,2018-07-20T12:57:25Z
RABI,HORTICULTURE,Vegetables,Chillies,"Plant Protection","Chilli thrips","Imidacloprid 17.8 % SL 3.0 ml/10 lit. 
Dimethoate 30 % EC 1.0 ml/lit.",BIHAR,PATNA,BIHTA,2018-07-20T12:57:25Z
RABI,HORTICULTURE,Vegetables,Chillies,"Plant Protection","Tobacco cutworm","Emamectin benzoate 5 % SG 4 g/10 lit. 
Flubendiamide 20 WDG 6.0 g /10 lit. 
Indoxacarb 14.5 % SC 6.5 ml/10 lit.",BIHAR,PATNA,KHUSRUPUR,2018-07-20T13:07:18Z
RABI,HORTICULTURE,Vegetables,Chillies,"Plant Protection","Tobacco cutworm","Emamectin benzoate 5 % SG 4 g/10 lit. 
Flubendiamide 20 WDG 6.0 g /10 lit. 
Indoxacarb 14.5 % SC 6.5 ml/10 lit.",BIHAR,PATNA,KHUSRUPUR,2018-07-20T13:07:18Z
KHARIF,AGRICULTURE,Others,Others,"Field Preparation","WEATHER INFORMATION","Heavy Cloudy weather in your area,chance of rain in your area",BIHAR,PATNA,NAUBATPUR,2018-07-20T13:40:48Z
KHARIF,AGRICULTURE,Others,Others,"Field Preparation","WEATHER INFORMATION","Heavy Cloudy weather in your area,chance of rain in your area",BIHAR,PATNA,NAUBATPUR,2018-07-20T13:40:48Z
KHARIF,AGRICULTURE,Others,Others,"Field Preparation","WEATHER INFORMATION","Heavy Cloudy weather in your area,chance of rain in your area",BIHAR,PATNA,NAUBATPUR,2018-07-20T13:46:08Z
KHARIF,AGRICULTURE,Others,Others,"Field Preparation","WEATHER INFORMATION","Heavy Cloudy weather in your area,chance of rain in your area",BIHAR,PATNA,NAUBATPUR,2018-07-20T13:46:08Z
KHARIF,AGRICULTURE,Others,Others,Weather,"WEATHER INFORMATION","Heavy Cloudy weather in your area,chance of rain in your area",BIHAR,PATNA,BIHTA,2018-07-20T14:32:05Z
KHARIF,AGRICULTURE,Others,Others,Weather,"WEATHER INFORMATION","Heavy Cloudy weather in your area,chance of rain in your area",BIHAR,PATNA,BIHTA,2018-07-20T14:32:05Z
KHARIF,AGRICULTURE,Others,Others,Weather,"WEATHER INFORMATION","Heavy Cloudy weather in your area,chance of rain in your area",BIHAR,PATNA,"PATNA SADAR",2018-07-20T17:16:21Z
KHARIF,AGRICULTURE,Others,Others,Weather,"WEATHER INFORMATION","Heavy Cloudy weather in your area,chance of rain in your area",BIHAR,PATNA,"PATNA SADAR",2018-07-20T17:16:21Z
KHARIF,AGRICULTURE,Others,Others,Weather,WEATHER,"NO RAIN",BIHAR,PATNA,DHANARUA,2018-07-20T19:31:32Z
KHARIF,AGRICULTURE,Others,Others,Weather,WEATHER,"NO RAIN",BIHAR,PATNA,DHANARUA,2018-07-20T19:31:32Z
RABI,HORTICULTURE,Vegetables,Chillies,"Plant Protection","Green peach aphid","Carbosulfan 25 % EC 1.0 ml/lit. 
Fipronil 5 % SC 1.0 ml/lit. 
Imidacloprid 17.8 % SL 3.5 ml/10 lit.",BIHAR,PATNA,SAMPATCHAK,2018-07-21T11:53:47Z
RABI,HORTICULTURE,Vegetables,Chillies,"Plant Protection","Green peach aphid","Carbosulfan 25 % EC 1.0 ml/lit. 
Fipronil 5 % SC 1.0 ml/lit. 
Imidacloprid 17.8 % SL 3.5 ml/10 lit.",BIHAR,PATNA,SAMPATCHAK,2018-07-21T11:53:47Z
RABI,HORTICULTURE,Vegetables,Chillies,"Plant Protection","Tobacco cutworm","Flubendiamide 20 WDG 6.0 g /10 lit. 
Indoxacarb 14.5 % SC 6.5 ml/10 lit. 
Novaluron 10 % EC 7.5 ml/10 lit.",BIHAR,PATNA,BARH,2018-07-21T11:56:16Z
RABI,HORTICULTURE,Vegetables,Chillies,"Plant Protection","Tobacco cutworm","Flubendiamide 20 WDG 6.0 g /10 lit. 
Indoxacarb 14.5 % SC 6.5 ml/10 lit. 
Novaluron 10 % EC 7.5 ml/10 lit.",BIHAR,PATNA,BARH,2018-07-21T11:56:16Z
RABI,HORTICULTURE,Vegetables,Brinjal,"Plant Protection","Shoot and fruit borer","Dimethoate 30 % EC 7.0  ml/10 lit. 
Emamectin benzoate 5 % SG 4 g/10 lit. 
Flubendiamide 20 WDG 7.5 g/10 lit.",BIHAR,PATNA,PALIGANJ,2018-07-21T12:26:25Z
RABI,HORTICULTURE,Vegetables,Brinjal,"Plant Protection","Shoot and fruit borer","Dimethoate 30 % EC 7.0  ml/10 lit. 
Emamectin benzoate 5 % SG 4 g/10 lit. 
Flubendiamide 20 WDG 7.5 g/10 lit.",BIHAR,PATNA,PALIGANJ,2018-07-21T12:26:25Z
RABI,HORTICULTURE,Vegetables,Brinjal,"Plant Protection","Brown leaf hopper","•Spray with dimethoate 0.3%",BIHAR,PATNA,PALIGANJ,2018-07-21T12:29:19Z
RABI,HORTICULTURE,Vegetables,Brinjal,"Plant Protection","Brown leaf hopper","•Spray with dimethoate 0.3%",BIHAR,PATNA,PALIGANJ,2018-07-21T12:29:19Z
RABI,HORTICULTURE,Vegetables,Brinjal,"Plant Protection","Stem borer","•Light trap @1/ha to attract and kill adults
•Spray neem oil 2ml/lit",BIHAR,PATNA,KHUSRUPUR,2018-07-21T12:31:33Z
RABI,HORTICULTURE,Vegetables,Brinjal,"Plant Protection","Stem borer","•Light trap @1/ha to attract and kill adults
•Spray neem oil 2ml/lit",BIHAR,PATNA,KHUSRUPUR,2018-07-21T12:31:33Z
KHARIF,AGRICULTURE,Cereals,"Paddy (Dhan)",Weather,"WEATHER INFORMATION","???? ??????? ??? ???? ??? ????? ?? ????? ???? ?? ??????? ??",BIHAR,PATNA,BIKRAM,2018-07-21T15:45:22Z
KHARIF,AGRICULTURE,Cereals,"Paddy (Dhan)",Weather,"WEATHER INFORMATION","???? ??????? ??? ???? ??? ????? ?? ????? ???? ?? ??????? ??",BIHAR,PATNA,BIKRAM,2018-07-21T15:45:22Z
RABI,HORTICULTURE,Vegetables,Chillies,"Plant Protection","Chilli thrips","Imidacloprid 17.8 % SL 3.0 ml/10 lit. 
Dimethoate 30 % EC 1.0 ml/lit.",BIHAR,PATNA,NAUBATPUR,2018-07-22T06:10:24Z
RABI,HORTICULTURE,Vegetables,Chillies,"Plant Protection","Chilli thrips","Imidacloprid 17.8 % SL 3.0 ml/10 lit. 
Dimethoate 30 % EC 1.0 ml/lit.",BIHAR,PATNA,NAUBATPUR,2018-07-22T06:10:24Z
RABI,HORTICULTURE,Vegetables,Chillies,"Plant Protection","Gram caterpillar","Emamectin benzoate 5 % SG 4 g/10 lit. 
Flubendiamide 20 WDG 6.0 g /10 lit. 
Indoxacarb 14.5 % SC 6.5 ml/10 lit.",BIHAR,PATNA,NAUBATPUR,2018-07-22T06:53:03Z
RABI,HORTICULTURE,Vegetables,Chillies,"Plant Protection","Gram caterpillar","Emamectin benzoate 5 % SG 4 g/10 lit. 
Flubendiamide 20 WDG 6.0 g /10 lit. 
Indoxacarb 14.5 % SC 6.5 ml/10 lit.",BIHAR,PATNA,NAUBATPUR,2018-07-22T06:53:03Z
KHARIF,AGRICULTURE,Others,Others,Weather,"WEATHER INFORMATION","Cloudy weather in your area, chance of rain in your area .",BIHAR,PATNA,FATUHA,2018-07-22T08:35:28Z
KHARIF,AGRICULTURE,Others,Others,Weather,"WEATHER INFORMATION","Cloudy weather in your area, chance of rain in your area .",BIHAR,PATNA,FATUHA,2018-07-22T08:35:28Z
KHARIF,AGRICULTURE,Cereals,"Paddy (Dhan)",Weather,"WEATHER INFORMATION","???? ???  ?????, ????? ????? ???? ?? ??????? ??",BIHAR,PATNA,FATUHA,2018-07-22T09:25:16Z
KHARIF,AGRICULTURE,Cereals,"Paddy (Dhan)",Weather,"WEATHER INFORMATION","???? ???  ?????, ????? ????? ???? ?? ??????? ??",BIHAR,PATNA,FATUHA,2018-07-22T09:25:16Z
KHARIF,AGRICULTURE,Others,Others,Weather,"WEATHER INFORMATION","Cloudy weather in your area, chance of rain in your area .",BIHAR,PATNA,NAUBATPUR,2018-07-22T10:05:16Z
KHARIF,AGRICULTURE,Others,Others,Weather,"WEATHER INFORMATION","Cloudy weather in your area, chance of rain in your area .",BIHAR,PATNA,NAUBATPUR,2018-07-22T10:05:16Z
KHARIF,AGRICULTURE,Others,Others,Weather,"WEATHER INFORMATION","Cloudy weather in your area, chance of rain in your area .",BIHAR,PATNA,NAUBATPUR,2018-07-22T10:06:56Z
KHARIF,AGRICULTURE,Others,Others,Weather,"WEATHER INFORMATION","Cloudy weather in your area, chance of rain in your area .",BIHAR,PATNA,NAUBATPUR,2018-07-22T10:06:56Z
KHARIF,AGRICULTURE,Others,Others,"Government Schemes","For farmer registration","For farmer registration : www.krishimis.in",BIHAR,PATNA,PALIGANJ,2018-07-22T10:59:43Z
KHARIF,AGRICULTURE,Others,Others,"Government Schemes","For farmer registration","For farmer registration : www.krishimis.in",BIHAR,PATNA,PALIGANJ,2018-07-22T10:59:43Z
KHARIF,AGRICULTURE,Others,Others,Weather,"WEATHER INFORMATION","Cloudy weather in your area, chance of rain in your area .",BIHAR,PATNA,MANER,2018-07-22T11:18:05Z
KHARIF,AGRICULTURE,Others,Others,Weather,"WEATHER INFORMATION","Cloudy weather in your area, chance of rain in your area .",BIHAR,PATNA,MANER,2018-07-22T11:18:05Z
KHARIF,AGRICULTURE,Others,Others,"Government Schemes","PROBLEM RELATED TO DBT ERROR","AAP BLOCK ME BLOCK AGRICULTURE  OFFICER SE CONTACT KARE",BIHAR,PATNA,"DULHIN BAZAR",2018-07-22T13:47:49Z
KHARIF,AGRICULTURE,Others,Others,"Government Schemes","PROBLEM RELATED TO DBT ERROR","AAP BLOCK ME BLOCK AGRICULTURE  OFFICER SE CONTACT KARE",BIHAR,PATNA,"DULHIN BAZAR",2018-07-22T13:47:49Z
KHARIF,AGRICULTURE,Others,Others,Weather,"WEATHER INFORMATION","Cloudy weather in your area, chance of rain in your area",BIHAR,PATNA,BIHTA,2018-07-22T15:01:39Z
KHARIF,AGRICULTURE,Others,Others,Weather,"WEATHER INFORMATION","Cloudy weather in your area, chance of rain in your area",BIHAR,PATNA,BIHTA,2018-07-22T15:01:39Z
KHARIF,AGRICULTURE,Others,Others,Weather,"WEATHER INFORMATION","Cloudy weather in your area, chance of rain in your area",BIHAR,PATNA,BIHTA,2018-07-22T15:02:02Z
KHARIF,AGRICULTURE,Others,Others,Weather,"WEATHER INFORMATION","Cloudy weather in your area, chance of rain in your area",BIHAR,PATNA,BIHTA,2018-07-22T15:02:02Z
KHARIF,AGRICULTURE,Others,Others,Weather,"WEATHER INFORMATION","Cloudy weather in your area, chance of rain in your area",BIHAR,PATNA,BIHTA,2018-07-22T15:02:26Z
KHARIF,AGRICULTURE,Others,Others,Weather,"WEATHER INFORMATION","Cloudy weather in your area, chance of rain in your area",BIHAR,PATNA,BIHTA,2018-07-22T15:02:26Z
KHARIF,AGRICULTURE,Others,Others,Weather,"WEATHER INFORMATION","Cloudy weather in your area, chance of rain in your area",BIHAR,PATNA,BIHTA,2018-07-22T15:02:42Z
KHARIF,AGRICULTURE,Others,Others,Weather,"WEATHER INFORMATION","Cloudy weather in your area, chance of rain in your area",BIHAR,PATNA,BIHTA,2018-07-22T15:02:42Z
KHARIF,AGRICULTURE,Others,Others,Weather,"WEATHER INFORMATION","Cloudy weather in your area, chance of rain in your area",BIHAR,PATNA,BIHTA,2018-07-22T15:02:55Z
KHARIF,AGRICULTURE,Others,Others,Weather,"WEATHER INFORMATION","Cloudy weather in your area, chance of rain in your area",BIHAR,PATNA,BIHTA,2018-07-22T15:02:55Z
KHARIF,AGRICULTURE,Others,Others,"Field Preparation","Weather Information","Cloudy weather today and tomorrow little chance of rain.",BIHAR,PATNA,DHANARUA,2018-07-22T18:48:16Z
KHARIF,AGRICULTURE,Others,Others,"Field Preparation","Weather Information","Cloudy weather today and tomorrow little chance of rain.",BIHAR,PATNA,DHANARUA,2018-07-22T18:48:16Z
KHARIF,AGRICULTURE,Others,Others,Weather,"WEATHER INFORMATION","Cloudy weather in your area, chance of rain in your area",BIHAR,PATNA,DANIYAWAN,2018-07-22T19:25:36Z
KHARIF,AGRICULTURE,Others,Others,Weather,"WEATHER INFORMATION","Cloudy weather in your area, chance of rain in your area",BIHAR,PATNA,DANIYAWAN,2018-07-22T19:25:36Z
KHARIF,AGRICULTURE,Others,Others,Weather,"WEATHER INFORMATION","Cloudy weather in your area, chance of rain in your area",BIHAR,PATNA,DANIYAWAN,2018-07-22T19:25:46Z
KHARIF,AGRICULTURE,Others,Others,Weather,"WEATHER INFORMATION","Cloudy weather in your area, chance of rain in your area",BIHAR,PATNA,DANIYAWAN,2018-07-22T19:25:46Z
KHARIF,AGRICULTURE,Others,Others,"Field Preparation","WEED PROBLEM IN BHINDI","HAND WEEDING IN BHINDI SOWING AFTER 30 DAYS",BIHAR,PATNA,BIKRAM,2018-07-22T19:58:39Z
KHARIF,AGRICULTURE,Others,Others,"Field Preparation","WEED PROBLEM IN BHINDI","HAND WEEDING IN BHINDI SOWING AFTER 30 DAYS",BIHAR,PATNA,BIKRAM,2018-07-22T19:58:39Z
KHARIF,AGRICULTURE,Others,Others,"Soil Testing","information about soil test","aap apni block me contact kare",BIHAR,PATNA,KHUSRUPUR,2018-07-23T06:51:41Z
KHARIF,AGRICULTURE,Others,Others,"Soil Testing","information about soil test","aap apni block me contact kare",BIHAR,PATNA,KHUSRUPUR,2018-07-23T06:51:41Z
KHARIF,AGRICULTURE,Others,Others,Weather,"WEATHER INFORMATION","Cloudy weather in your area, chance of rain in your area .",BIHAR,PATNA,BIHTA,2018-07-23T09:25:50Z
KHARIF,AGRICULTURE,Others,Others,Weather,"WEATHER INFORMATION","Cloudy weather in your area, chance of rain in your area .",BIHAR,PATNA,BIHTA,2018-07-23T09:25:50Z
KHARIF,AGRICULTURE,Others,Others,Weather,"WEATHER INFORMATION","Cloudy weather in your area, chance of rain in your area .",BIHAR,PATNA,BIHTA,2018-07-23T09:27:09Z
KHARIF,AGRICULTURE,Others,Others,Weather,"WEATHER INFORMATION","Cloudy weather in your area, chance of rain in your area .",BIHAR,PATNA,BIHTA,2018-07-23T09:27:09Z
KHARIF,AGRICULTURE,Others,Others,"Fertilizer Use and Availability","fertilizer used in paddy","DAP-130KG/HA,UREA-80KG/HA,MOP-66KG/HA",BIHAR,PATNA,BIKRAM,2018-07-23T12:50:11Z
KHARIF,AGRICULTURE,Others,Others,"Fertilizer Use and Availability","fertilizer used in paddy","DAP-130KG/HA,UREA-80KG/HA,MOP-66KG/HA",BIHAR,PATNA,BIKRAM,2018-07-23T12:50:11Z
KHARIF,AGRICULTURE,Cereals,"Paddy (Dhan)",Weather,"WEATHER INFORMATION","?? ?? ?? ???? ??????? ??? ???? ??? ????? ?? ????? ?? ??????? ??",BIHAR,PATNA,NAUBATPUR,2018-07-23T14:04:28Z
KHARIF,AGRICULTURE,Cereals,"Paddy (Dhan)",Weather,"WEATHER INFORMATION","?? ?? ?? ???? ??????? ??? ???? ??? ????? ?? ????? ?? ??????? ??",BIHAR,PATNA,NAUBATPUR,2018-07-23T14:04:28Z
RABI,HORTICULTURE,Vegetables,Chillies,"Plant Protection","Yellow mite or muranai mite","Buprofezin 25 % SC 8.0 ml/10 lit. 
Chlorfenapyr 10 % SC 1.5 ml/lit. 
Diafenthiuron 50 % WP 8.0 g/10 lit. 
Dimethoate 30 % EC 1.0 ml/lit.",BIHAR,PATNA,PUNPUN,2018-07-24T11:30:43Z
RABI,HORTICULTURE,Vegetables,Chillies,"Plant Protection","Yellow mite or muranai mite","Buprofezin 25 % SC 8.0 ml/10 lit. 
Chlorfenapyr 10 % SC 1.5 ml/lit. 
Diafenthiuron 50 % WP 8.0 g/10 lit. 
Dimethoate 30 % EC 1.0 ml/lit.",BIHAR,PATNA,PUNPUN,2018-07-24T11:30:43Z
KHARIF,AGRICULTURE,Others,Others,Weather,"WEATHER INFORMATION","Cloudy weather in your area, chance of rain in your area .",BIHAR,PATNA,FATUHA,2018-07-24T11:45:35Z
KHARIF,AGRICULTURE,Others,Others,Weather,"WEATHER INFORMATION","Cloudy weather in your area, chance of rain in your area .",BIHAR,PATNA,FATUHA,2018-07-24T11:45:35Z
KHARIF,AGRICULTURE,Others,Others,Weather,"WEATHER INFORMATION","Cloudy weather in your area, chance of rain in your area.",BIHAR,PATNA,KHUSRUPUR,2018-07-24T14:17:30Z
KHARIF,AGRICULTURE,Others,Others,Weather,"WEATHER INFORMATION","Cloudy weather in your area, chance of rain in your area.",BIHAR,PATNA,KHUSRUPUR,2018-07-24T14:17:30Z
KHARIF,AGRICULTURE,Others,Others,Weather,"WEATHER INFORMATION","Cloudy weather in your area, chance of rain in your area.",BIHAR,PATNA,MASAURHI,2018-07-24T15:46:31Z
KHARIF,AGRICULTURE,Others,Others,Weather,"WEATHER INFORMATION","Cloudy weather in your area, chance of rain in your area.",BIHAR,PATNA,MASAURHI,2018-07-24T15:46:31Z
KHARIF,AGRICULTURE,Others,Others,Weather,"WEATHER INFORMATION","Cloudy weather in your area, chance of rain in your area.",BIHAR,PATNA,SAMPATCHAK,2018-07-24T16:58:59Z
KHARIF,AGRICULTURE,Others,Others,Weather,"WEATHER INFORMATION","Cloudy weather in your area, chance of rain in your area.",BIHAR,PATNA,SAMPATCHAK,2018-07-24T16:58:59Z
KHARIF,AGRICULTURE,Others,Others,Weather,"WEATHER INFORMATION","Cloudy weather in your area, chance of rain in your area",BIHAR,PATNA,BIHTA,2018-07-27T17:12:10Z
KHARIF,AGRICULTURE,Others,Others,Weather,"WEATHER INFORMATION","Cloudy weather in your area, chance of rain in your area",BIHAR,PATNA,BIHTA,2018-07-27T17:12:10Z
KHARIF,AGRICULTURE,Others,Others,Weather,"WEATHER INFORMATION","Cloudy weather in your area, chance of rain in your area",BIHAR,PATNA,BIHTA,2018-07-27T17:12:23Z
KHARIF,AGRICULTURE,Others,Others,Weather,"WEATHER INFORMATION","Cloudy weather in your area, chance of rain in your area",BIHAR,PATNA,BIHTA,2018-07-27T17:12:23Z
KHARIF,AGRICULTURE,Others,Others,Weather,"WEATHER INFORMATION","Cloudy weather in your area, chance of rain in your area",BIHAR,PATNA,BIHTA,2018-07-27T17:12:44Z
KHARIF,AGRICULTURE,Others,Others,Weather,"WEATHER INFORMATION","Cloudy weather in your area, chance of rain in your area",BIHAR,PATNA,BIHTA,2018-07-27T17:12:44Z
KHARIF,AGRICULTURE,Others,Others,"Field Preparation","weather information","Hazy weather in your area ,no chance of rain",BIHAR,PATNA,MASAURHI,2018-07-27T19:20:21Z
KHARIF,AGRICULTURE,Others,Others,"Field Preparation","weather information","Hazy weather in your area ,no chance of rain",BIHAR,PATNA,MASAURHI,2018-07-27T19:20:21Z
RABI,AGRICULTURE,Others,Others,Weather,"weather information","26° C 
RealFeel® 32°

Rain
  


See Hourly

> 




Today

Jul 28



32° Hi 
RealFeel® 39°

Showers and a heavier t-storm
 More  



Tonight

Jul 28



26° Lo 
RealFeel® 31°

Periods of rain, some heavy
 More  



Tomorrow

Jul 29



33° Hi 
RealFeel® 39°

Showers and a heavier t-storm",BIHAR,PATNA,MASAURHI,2018-07-28T06:31:35Z
RABI,AGRICULTURE,Others,Others,Weather,"weather information","26° C 
RealFeel® 32°

Rain
  


See Hourly

> 




Today

Jul 28



32° Hi 
RealFeel® 39°

Showers and a heavier t-storm
 More  



Tonight

Jul 28



26° Lo 
RealFeel® 31°

Periods of rain, some heavy
 More  



Tomorrow

Jul 29



33° Hi 
RealFeel® 39°

Showers and a heavier t-storm",BIHAR,PATNA,MASAURHI,2018-07-28T06:31:35Z
KHARIF,AGRICULTURE,Others,Others,Weather,"WEATHER INFORMATION","Cloudy weather in your area, chance of rain in your area .",BIHAR,PATNA,DHANARUA,2018-07-28T06:40:05Z
KHARIF,AGRICULTURE,Others,Others,Weather,"WEATHER INFORMATION","Cloudy weather in your area, chance of rain in your area .",BIHAR,PATNA,DHANARUA,2018-07-28T06:40:05Z
JAYAD,AGRICULTURE,Others,Others,Weather,"WEATHER INFORMATION","Cloudy weather in your area, chance of rain in your area .",BIHAR,PATNA,PALIGANJ,2018-07-28T07:42:31Z
JAYAD,AGRICULTURE,Others,Others,Weather,"WEATHER INFORMATION","Cloudy weather in your area, chance of rain in your area .",BIHAR,PATNA,PALIGANJ,2018-07-28T07:42:31Z
RABI,HORTICULTURE,Vegetables,Chillies,"Plant Protection","Chilli thrips","Imidacloprid 17.8 % SL 3.0 ml/10 lit. 
Dimethoate 30 % EC 1.0 ml/lit. 
Emamectin benzoate 5 % SG 4 g/10 lit.",BIHAR,PATNA,MANER,2018-07-28T09:35:05Z
RABI,HORTICULTURE,Vegetables,Chillies,"Plant Protection","Chilli thrips","Imidacloprid 17.8 % SL 3.0 ml/10 lit. 
Dimethoate 30 % EC 1.0 ml/lit. 
Emamectin benzoate 5 % SG 4 g/10 lit.",BIHAR,PATNA,MANER,2018-07-28T09:35:05Z
RABI,AGRICULTURE,Others,Others,Weather,"WEATHER INFORMATION","25° C 
RealFeel® 27°

Cloudy
  


See Hourly

> 




Today

Jul 29



30° Hi 
RealFeel® 33°

A little morning rain; cloudy
 More  



Tonight

Jul 29



24° Lo 
RealFeel® 24°

Some rain and a t-storm late
 More  



Tomorrow

Jul 30



28° Hi 
RealFeel® 32°",BIHAR,PATNA,PUNPUN,2018-07-29T07:33:59Z
RABI,AGRICULTURE,Others,Others,Weather,"WEATHER INFORMATION","25° C 
RealFeel® 27°

Cloudy
  


See Hourly

> 




Today

Jul 29



30° Hi 
RealFeel® 33°

A little morning rain; cloudy
 More  



Tonight

Jul 29



24° Lo 
RealFeel® 24°

Some rain and a t-storm late
 More  



Tomorrow

Jul 30



28° Hi 
RealFeel® 32°",BIHAR,PATNA,PUNPUN,2018-07-29T07:33:59Z
KHARIF,AGRICULTURE,Others,Others,Weather,"WEATHER INFORMATION","Cloudy weather in your area, chance of rain in your area .",BIHAR,PATNA,DINAPUR,2018-07-29T08:11:17Z
KHARIF,AGRICULTURE,Others,Others,Weather,"WEATHER INFORMATION","Cloudy weather in your area, chance of rain in your area .",BIHAR,PATNA,DINAPUR,2018-07-29T08:11:17Z
KHARIF,AGRICULTURE,Others,Others,"Government Schemes","problem related to dbt","aap sahaj kendra me jaye",BIHAR,PATNA,"DULHIN BAZAR",2018-07-29T11:05:20Z
KHARIF,AGRICULTURE,Others,Others,"Government Schemes","problem related to dbt","aap sahaj kendra me jaye",BIHAR,PATNA,"DULHIN BAZAR",2018-07-29T11:05:20Z
KHARIF,AGRICULTURE,Others,Others,Weather,"WEATHER INFORMATION","Cloudy weather in your area, chance of rain in your area .",BIHAR,PATNA,"DULHIN BAZAR",2018-07-29T11:06:53Z
KHARIF,AGRICULTURE,Others,Others,Weather,"WEATHER INFORMATION","Cloudy weather in your area, chance of rain in your area .",BIHAR,PATNA,"DULHIN BAZAR",2018-07-29T11:06:53Z
KHARIF,AGRICULTURE,Others,Others,Weather,"problem related to dbt","aap sahaj kendra me jaye",BIHAR,PATNA,PALIGANJ,2018-07-29T12:57:32Z
KHARIF,AGRICULTURE,Others,Others,Weather,"problem related to dbt","aap sahaj kendra me jaye",BIHAR,PATNA,PALIGANJ,2018-07-29T12:57:32Z
KHARIF,AGRICULTURE,Others,Others,Weather,"Weather Information","Cloudy weather today and tomorrow little chance of rain.",BIHAR,PATNA,BIHTA,2018-07-29T12:58:20Z
KHARIF,AGRICULTURE,Others,Others,Weather,"Weather Information","Cloudy weather today and tomorrow little chance of rain.",BIHAR,PATNA,BIHTA,2018-07-29T12:58:20Z
RABI,HORTICULTURE,Vegetables,Bhindi(Okra/Ladysfinger),"Plant Protection","Shoot and fruit borer","Phosalone 35 % EC 1.5 ml /lit 
Pyridalyl 10 % EC 1.0  ml/lit 
Quinalphos 25 % EC 8.0  ml/10 lit",BIHAR,PATNA,NAUBATPUR,2018-07-30T10:29:34Z
RABI,HORTICULTURE,Vegetables,Bhindi(Okra/Ladysfinger),"Plant Protection","Shoot and fruit borer","Phosalone 35 % EC 1.5 ml /lit 
Pyridalyl 10 % EC 1.0  ml/lit 
Quinalphos 25 % EC 8.0  ml/10 lit",BIHAR,PATNA,NAUBATPUR,2018-07-30T10:29:34Z
RABI,HORTICULTURE,Vegetables,Bhindi(Okra/Ladysfinger),"Plant Protection","Leaf roller","•Spray carbaryl 50 WP 2 g/lit or phosalone 35 EC 2 ml/lit",BIHAR,PATNA,BELCHCHI,2018-07-30T10:33:00Z
RABI,HORTICULTURE,Vegetables,Bhindi(Okra/Ladysfinger),"Plant Protection","Leaf roller","•Spray carbaryl 50 WP 2 g/lit or phosalone 35 EC 2 ml/lit",BIHAR,PATNA,BELCHCHI,2018-07-30T10:33:00Z
KHARIF,AGRICULTURE,Others,Others,Weather,"weather information","Cloudy weather in your area, chance of rain in your area.",BIHAR,PATNA,NAUBATPUR,2018-07-30T11:01:53Z
KHARIF,AGRICULTURE,Others,Others,Weather,"weather information","Cloudy weather in your area, chance of rain in your area.",BIHAR,PATNA,NAUBATPUR,2018-07-30T11:01:53Z
KHARIF,AGRICULTURE,Others,Others,Weather,"Weather Information","There will be cloud in your area today and tomorrow and there is a possibility of rain",BIHAR,PATNA,KHUSRUPUR,2018-07-30T13:09:38Z
KHARIF,AGRICULTURE,Others,Others,Weather,"Weather Information","There will be cloud in your area today and tomorrow and there is a possibility of rain",BIHAR,PATNA,KHUSRUPUR,2018-07-30T13:09:38Z
KHARIF,AGRICULTURE,Others,Others,"Government Schemes","PROBLEM RELATED TO DBT","AAP SAHAZ KENDRA ME CONTACT KARE",BIHAR,PATNA,BAKHTIARPUR,2018-07-30T13:18:09Z
KHARIF,AGRICULTURE,Others,Others,"Government Schemes","PROBLEM RELATED TO DBT","AAP SAHAZ KENDRA ME CONTACT KARE",BIHAR,PATNA,BAKHTIARPUR,2018-07-30T13:18:09Z
KHARIF,AGRICULTURE,Others,Others,"Field Preparation","weed problem in paddy","butachlor@ 2 ml/lit water spray",BIHAR,PATNA,BIKRAM,2018-07-30T16:18:21Z
KHARIF,AGRICULTURE,Others,Others,"Field Preparation","weed problem in paddy","butachlor@ 2 ml/lit water spray",BIHAR,PATNA,BIKRAM,2018-07-30T16:18:21Z
KHARIF,AGRICULTURE,Others,Others,Weather,"Weather Information","There will be cloud in your area today and tomorrow and there is a possibility of rain",BIHAR,PATNA,MASAURHI,2018-07-30T16:20:47Z
KHARIF,AGRICULTURE,Others,Others,Weather,"Weather Information","There will be cloud in your area today and tomorrow and there is a possibility of rain",BIHAR,PATNA,MASAURHI,2018-07-30T16:20:47Z
KHARIF,AGRICULTURE,Cereals,"Paddy (Dhan)",Weather,"WEATHER INFORMATION","?? ?? ?? ???? ??????? ??? ???? ??? ????? ?? ????? ?? ??????? ??",BIHAR,PATNA,KHUSRUPUR,2018-07-30T16:28:23Z
KHARIF,AGRICULTURE,Cereals,"Paddy (Dhan)",Weather,"WEATHER INFORMATION","?? ?? ?? ???? ??????? ??? ???? ??? ????? ?? ????? ?? ??????? ??",BIHAR,PATNA,KHUSRUPUR,2018-07-30T16:28:23Z
KHARIF,AGRICULTURE,Others,Others,Weather,"Weather Information","There will be cloud in your area today and tomorrow and there is a possibility of rain",BIHAR,PATNA,GHOSWARI,2018-07-30T18:05:13Z
KHARIF,AGRICULTURE,Others,Others,Weather,"Weather Information","There will be cloud in your area today and tomorrow and there is a possibility of rain",BIHAR,PATNA,GHOSWARI,2018-07-30T18:05:13Z
KHARIF,AGRICULTURE,Others,Others,"Field Preparation","Government scheme website","Government scheme website- www.krishi.bih.nic.in.",BIHAR,PATNA,BARH,2018-07-31T14:36:32Z
KHARIF,AGRICULTURE,Others,Others,"Field Preparation","Government scheme website","Government scheme website- www.krishi.bih.nic.in.",BIHAR,PATNA,BARH,2018-07-31T14:36:32Z
KHARIF,AGRICULTURE,Cereals,"Paddy (Dhan)",Weather,"Weather Information","????  ??? ????? ??? ???? ??? ?????",BIHAR,PATNA,DANIYAWAN,2018-07-31T16:36:13Z
KHARIF,AGRICULTURE,Cereals,"Paddy (Dhan)",Weather,"Weather Information","????  ??? ????? ??? ???? ??? ?????",BIHAR,PATNA,DANIYAWAN,2018-07-31T16:36:13Z
KHARIF,AGRICULTURE,Others,Others,Weather,"weather information","Cloudy weather in your area, chance of rain in your area.",BIHAR,PATNA,MASAURHI,2018-07-31T21:21:29Z
KHARIF,AGRICULTURE,Others,Others,Weather,"weather information","Cloudy weather in your area, chance of rain in your area.",BIHAR,PATNA,MASAURHI,2018-07-31T21:21:29Z
