"Country/ State/ UT Name","District Name","Tribe Category","Total/ Rural/ Urban","Marital Status","Present Age","Total Ever/ Currently Married Women","Ever/ Currently Married Women with Number of Surviving Children - 0","Ever/ Currently Married Women with Number of Surviving Children - 1","Ever/ Currently Married Women with Number of Surviving Children - 2","Ever/ Currently Married Women with Number of Surviving Children - 3","Ever/ Currently Married Women with Number of Surviving Children - 4","Ever/ Currently Married Women with Number of Surviving Children - 5+","Total Surviving Children","Total Surviving Children - Males","Total Surviving Children - Females"
Bihar,Ranchi,"All Scheduled Tribes",Rural,"Ever Married","All Ages",215100,41384,34683,38710,37681,28734,33436,532386,283828,248558
Bihar,Ranchi,"All Scheduled Tribes",Rural,"Ever Married","Less Than 15",1769,1579,59,100,0,0,0,259,118,141
Bihar,Ranchi,"All Scheduled Tribes",Rural,"Ever Married",15-19,11948,7919,3017,736,111,81,0,5146,2688,2458
Bihar,Ranchi,"All Scheduled Tribes",Rural,"Ever Married",20-24,25931,9013,8012,5738,2272,592,230,29933,15343,14590
Bihar,Ranchi,"All Scheduled Tribes",Rural,"Ever Married",25-29,29978,5676,6280,7882,6049,2849,1199,58256,29592,28664
Bihar,Ranchi,"All Scheduled Tribes",Rural,"Ever Married",30-34,29681,4303,3869,5877,6863,4922,3810,76713,39088,37625
Bihar,Ranchi,"All Scheduled Tribes",Rural,"Ever Married",35-39,25658,2524,2201,4100,5682,5204,5916,81390,42282,39108
Bihar,Ranchi,"All Scheduled Tribes",Rural,"Ever Married",40-44,22654,2589,2229,3492,4282,4070,5971,72659,37726,34933
Bihar,Ranchi,"All Scheduled Tribes",Rural,"Ever Married",45-49,18209,1760,1884,2698,3607,3470,4778,60049,32871,27178
Bihar,Ranchi,"All Scheduled Tribes",Rural,"Ever Married",50-54,15279,1646,1862,2574,2871,2604,3712,47866,26739,21127
Bihar,Ranchi,"All Scheduled Tribes",Rural,"Ever Married",55-59,11076,1081,1402,1767,2165,1698,2933,35864,20341,15523
Bihar,Ranchi,"All Scheduled Tribes",Rural,"Ever Married",60-64,11109,1516,1770,1882,1921,1489,2501,31606,18422,13184
Bihar,Ranchi,"All Scheduled Tribes",Rural,"Ever Married",65-69,4966,679,775,681,810,898,1103,14670,8309,6361
Bihar,Ranchi,"All Scheduled Tribes",Rural,"Ever Married",70-74,3742,529,757,641,595,438,761,10189,5830,4359
Bihar,Ranchi,"All Scheduled Tribes",Rural,"Ever Married",75-79,1449,199,260,277,220,189,286,3864,2243,1621
Bihar,Ranchi,"All Scheduled Tribes",Rural,"Ever Married","80 +",1598,323,304,264,232,229,236,3911,2232,1679
Bihar,Ranchi,"All Scheduled Tribes",Rural,"Currently Married","All Ages",188007,36209,29560,33978,32783,25444,29701,468545,247633,220912
Bihar,Ranchi,"All Scheduled Tribes",Rural,"Currently Married","Less Than 15",1686,1525,49,100,0,0,0,249,108,141
Bihar,Ranchi,"All Scheduled Tribes",Rural,"Currently Married",15-19,11650,7676,2983,726,111,81,0,5092,2647,2445
Bihar,Ranchi,"All Scheduled Tribes",Rural,"Currently Married",20-24,25211,8512,7900,5675,2257,572,230,29570,15173,14397
Bihar,Ranchi,"All Scheduled Tribes",Rural,"Currently Married",25-29,29244,5311,6074,7817,5973,2832,1195,57602,29288,28314
Bihar,Ranchi,"All Scheduled Tribes",Rural,"Currently Married",30-34,28644,3888,3699,5682,6697,4884,3768,75286,38423,36863
Bihar,Ranchi,"All Scheduled Tribes",Rural,"Currently Married",35-39,24225,2154,1911,3906,5390,5058,5785,78482,40764,37718
Bihar,Ranchi,"All Scheduled Tribes",Rural,"Currently Married",40-44,20652,2186,1845,3138,3888,3849,5726,68138,35392,32746
Bihar,Ranchi,"All Scheduled Tribes",Rural,"Currently Married",45-49,15845,1388,1472,2232,3124,3159,4458,54251,29660,24591
Bihar,Ranchi,"All Scheduled Tribes",Rural,"Currently Married",50-54,11781,1154,1209,1777,2193,2162,3276,39323,21803,17520
Bihar,Ranchi,"All Scheduled Tribes",Rural,"Currently Married",55-59,8297,726,893,1344,1545,1304,2475,28421,16115,12306
Bihar,Ranchi,"All Scheduled Tribes",Rural,"Currently Married",60-64,5774,785,830,854,994,761,1541,17459,10033,7426
Bihar,Ranchi,"All Scheduled Tribes",Rural,"Currently Married",65-69,2373,367,321,305,273,400,696,7596,4202,3394
Bihar,Ranchi,"All Scheduled Tribes",Rural,"Currently Married",70-74,1320,227,208,203,179,196,296,3792,2216,1576
Bihar,Ranchi,"All Scheduled Tribes",Rural,"Currently Married",75-79,613,77,74,143,40,109,170,1899,1013,886
Bihar,Ranchi,"All Scheduled Tribes",Rural,"Currently Married","80 +",664,208,91,76,118,76,85,1377,793,584
Bihar,Ranchi,"All Scheduled Tribes",Urban,"Ever Married","All Ages",38468,6278,4953,6414,7378,5593,7412,105562,55304,50258
Bihar,Ranchi,"All Scheduled Tribes",Urban,"Ever Married","Less Than 15",180,133,12,1,0,0,0,14,1,13
Bihar,Ranchi,"All Scheduled Tribes",Urban,"Ever Married",15-19,1479,980,348,70,12,4,0,540,273,267
Bihar,Ranchi,"All Scheduled Tribes",Urban,"Ever Married",20-24,4679,1352,1269,1048,662,214,53,6492,3467,3025
Bihar,Ranchi,"All Scheduled Tribes",Urban,"Ever Married",25-29,6099,1152,1094,1465,1306,648,371,12551,6625,5926
Bihar,Ranchi,"All Scheduled Tribes",Urban,"Ever Married",30-34,6028,650,612,1155,1530,1145,902,17134,8967,8167
Bihar,Ranchi,"All Scheduled Tribes",Urban,"Ever Married",35-39,5611,539,428,893,1305,1003,1412,18330,9404,8926
Bihar,Ranchi,"All Scheduled Tribes",Urban,"Ever Married",40-44,4275,375,299,548,853,961,1218,14894,7609,7285
Bihar,Ranchi,"All Scheduled Tribes",Urban,"Ever Married",45-49,3413,291,259,423,676,561,1170,12302,6511,5791
Bihar,Ranchi,"All Scheduled Tribes",Urban,"Ever Married",50-54,2386,253,210,294,369,471,769,8347,4310,4037
Bihar,Ranchi,"All Scheduled Tribes",Urban,"Ever Married",55-59,1461,132,101,134,322,265,477,5163,2738,2425
Bihar,Ranchi,"All Scheduled Tribes",Urban,"Ever Married",60-64,1425,190,143,204,160,187,535,5125,2684,2441
Bihar,Ranchi,"All Scheduled Tribes",Urban,"Ever Married",65-69,514,96,39,61,44,21,231,1682,1012,670
Bihar,Ranchi,"All Scheduled Tribes",Urban,"Ever Married",70-74,522,66,122,63,48,70,153,1677,916,761
Bihar,Ranchi,"All Scheduled Tribes",Urban,"Ever Married",75-79,140,10,0,10,63,13,44,495,290,205
Bihar,Ranchi,"All Scheduled Tribes",Urban,"Ever Married","80 +",245,59,12,44,23,30,77,794,486,308
Bihar,Ranchi,"All Scheduled Tribes",Urban,"Currently Married","All Ages",34653,5531,4316,5918,6738,5104,6668,95585,50106,45479
Bihar,Ranchi,"All Scheduled Tribes",Urban,"Currently Married","Less Than 15",164,117,12,1,0,0,0,14,1,13
Bihar,Ranchi,"All Scheduled Tribes",Urban,"Currently Married",15-19,1446,958,337,70,12,4,0,529,262,267
Bihar,Ranchi,"All Scheduled Tribes",Urban,"Currently Married",20-24,4574,1310,1248,1048,627,214,53,6366,3400,2966
Bihar,Ranchi,"All Scheduled Tribes",Urban,"Currently Married",25-29,5940,1084,1067,1454,1271,635,366,12305,6479,5826
Bihar,Ranchi,"All Scheduled Tribes",Urban,"Currently Married",30-34,5838,603,572,1120,1483,1127,899,16794,8833,7961
Bihar,Ranchi,"All Scheduled Tribes",Urban,"Currently Married",35-39,5340,464,366,855,1281,968,1377,17790,9121,8669
Bihar,Ranchi,"All Scheduled Tribes",Urban,"Currently Married",40-44,3883,336,233,463,750,903,1177,13860,7050,6810
Bihar,Ranchi,"All Scheduled Tribes",Urban,"Currently Married",45-49,2944,242,208,357,544,507,1053,10842,5711,5131
Bihar,Ranchi,"All Scheduled Tribes",Urban,"Currently Married",50-54,1937,195,135,234,288,385,694,7116,3684,3432
Bihar,Ranchi,"All Scheduled Tribes",Urban,"Currently Married",55-59,1120,71,55,93,273,228,397,4268,2305,1963
Bihar,Ranchi,"All Scheduled Tribes",Urban,"Currently Married",60-64,847,84,56,132,105,85,379,3420,1893,1527
Bihar,Ranchi,"All Scheduled Tribes",Urban,"Currently Married",65-69,279,30,12,41,30,9,147,1024,633,391
Bihar,Ranchi,"All Scheduled Tribes",Urban,"Currently Married",70-74,176,16,10,35,20,29,66,650,381,269
Bihar,Ranchi,"All Scheduled Tribes",Urban,"Currently Married",75-79,66,0,0,0,36,0,30,258,152,106
Bihar,Ranchi,"All Scheduled Tribes",Urban,"Currently Married","80 +",88,21,0,14,13,10,30,327,190,137
