"Country/State/UT Name","District Name","Caste Category",Total/Rural/Urban,"Marital Status","Present Age","Total Ever/Currently Married Women","Ever/Currently Married Women of Parity - 0","Ever/Currently Married Women of Parity - 1","Ever/Currently Married Women of Parity - 2","Ever/Currently Married Women of Parity - 3","Ever/Currently Married Women of Parity - 4","Ever/Currently Married Women of Parity - 5+","Total Children Ever Born - Persons","Total Children Ever Born - Males","Total Children Ever Born - Females"
Bihar,Khagaria,"All Scheduled Castes",Rural,"Ever Married","All ages",37132,12600,4380,4224,4655,4171,7052,87369,47484,39885
Bihar,Khagaria,"All Scheduled Castes",Rural,"Ever Married","Less than 15",732,688,31,13,0,0,0,57,43,14
Bihar,Khagaria,"All Scheduled Castes",Rural,"Ever Married",15-19,3789,3131,434,153,29,32,0,955,465,490
Bihar,Khagaria,"All Scheduled Castes",Rural,"Ever Married",20-24,5487,2548,1457,770,433,173,86,5472,2957,2515
Bihar,Khagaria,"All Scheduled Castes",Rural,"Ever Married",25-29,5406,1353,992,1045,1027,579,410,10809,5553,5256
Bihar,Khagaria,"All Scheduled Castes",Rural,"Ever Married",30-34,5105,1097,389,665,967,844,1143,14927,8055,6872
Bihar,Khagaria,"All Scheduled Castes",Rural,"Ever Married",35-39,3937,709,266,304,599,750,1309,13612,7365,6247
Bihar,Khagaria,"All Scheduled Castes",Rural,"Ever Married",40-44,3614,724,163,279,482,667,1299,12803,7186,5617
Bihar,Khagaria,"All Scheduled Castes",Rural,"Ever Married",45-49,2378,581,107,302,319,326,743,7897,4429,3468
Bihar,Khagaria,"All Scheduled Castes",Rural,"Ever Married",50-54,1808,357,119,142,279,244,657,6433,3477,2956
Bihar,Khagaria,"All Scheduled Castes",Rural,"Ever Married",55-59,1328,289,84,159,146,189,461,4493,2569,1924
Bihar,Khagaria,"All Scheduled Castes",Rural,"Ever Married",60-64,2000,653,192,197,180,177,601,5812,3149,2663
Bihar,Khagaria,"All Scheduled Castes",Rural,"Ever Married",65-69,813,250,74,67,118,124,170,2079,1052,1027
Bihar,Khagaria,"All Scheduled Castes",Rural,"Ever Married",70-74,449,162,30,76,32,43,106,1181,660,521
Bihar,Khagaria,"All Scheduled Castes",Rural,"Ever Married",75-79,142,43,10,12,13,20,44,461,334,127
Bihar,Khagaria,"All Scheduled Castes",Rural,"Ever Married","80 +",119,13,32,31,20,1,22,314,164,150
Bihar,Khagaria,"All Scheduled Castes",Rural,"Currently Married","All ages",34512,11731,4004,3848,4311,3934,6644,81690,44309,37381
Bihar,Khagaria,"All Scheduled Castes",Rural,"Currently Married","Less than 15",722,688,21,13,0,0,0,47,33,14
Bihar,Khagaria,"All Scheduled Castes",Rural,"Currently Married",15-19,3782,3124,434,153,29,32,0,955,465,490
Bihar,Khagaria,"All Scheduled Castes",Rural,"Currently Married",20-24,5474,2537,1455,770,433,173,86,5470,2955,2515
Bihar,Khagaria,"All Scheduled Castes",Rural,"Currently Married",25-29,5369,1341,980,1045,1014,579,410,10758,5528,5230
Bihar,Khagaria,"All Scheduled Castes",Rural,"Currently Married",30-34,5037,1074,378,654,946,842,1143,14823,8008,6815
Bihar,Khagaria,"All Scheduled Castes",Rural,"Currently Married",35-39,3885,708,245,303,585,749,1295,13470,7292,6178
Bihar,Khagaria,"All Scheduled Castes",Rural,"Currently Married",40-44,3427,664,124,244,459,658,1278,12451,6978,5473
Bihar,Khagaria,"All Scheduled Castes",Rural,"Currently Married",45-49,2123,474,81,232,297,311,728,7514,4194,3320
Bihar,Khagaria,"All Scheduled Castes",Rural,"Currently Married",50-54,1475,288,80,100,216,196,585,5470,2945,2525
Bihar,Khagaria,"All Scheduled Castes",Rural,"Currently Married",55-59,1189,234,62,138,135,186,434,4192,2402,1790
Bihar,Khagaria,"All Scheduled Castes",Rural,"Currently Married",60-64,1272,381,109,96,106,152,428,4123,2154,1969
Bihar,Khagaria,"All Scheduled Castes",Rural,"Currently Married",65-69,387,92,24,35,46,42,148,1291,615,676
Bihar,Khagaria,"All Scheduled Castes",Rural,"Currently Married",70-74,188,89,0,34,11,1,53,497,321,176
Bihar,Khagaria,"All Scheduled Castes",Rural,"Currently Married",75-79,99,22,0,11,13,10,43,402,300,102
Bihar,Khagaria,"All Scheduled Castes",Rural,"Currently Married","80 +",58,13,11,11,10,1,12,163,93,70
Bihar,Khagaria,"All Scheduled Castes",Urban,"Ever Married","All ages",1053,267,118,108,161,55,344,3204,1739,1465
Bihar,Khagaria,"All Scheduled Castes",Urban,"Ever Married","Less than 15",24,24,0,0,0,0,0,0,0,0
Bihar,Khagaria,"All Scheduled Castes",Urban,"Ever Married",15-19,107,83,24,0,0,0,0,24,13,11
Bihar,Khagaria,"All Scheduled Castes",Urban,"Ever Married",20-24,121,48,57,16,0,0,0,89,51,38
Bihar,Khagaria,"All Scheduled Castes",Urban,"Ever Married",25-29,163,38,11,29,71,2,12,350,209,141
Bihar,Khagaria,"All Scheduled Castes",Urban,"Ever Married",30-34,135,16,11,23,11,25,49,481,252,229
Bihar,Khagaria,"All Scheduled Castes",Urban,"Ever Married",35-39,84,0,0,11,19,11,43,420,215,205
Bihar,Khagaria,"All Scheduled Castes",Urban,"Ever Married",40-44,124,26,1,15,22,11,49,413,265,148
Bihar,Khagaria,"All Scheduled Castes",Urban,"Ever Married",45-49,65,2,11,0,12,5,35,287,153,134
Bihar,Khagaria,"All Scheduled Castes",Urban,"Ever Married",50-54,60,18,3,0,1,0,38,268,100,168
Bihar,Khagaria,"All Scheduled Castes",Urban,"Ever Married",55-59,38,0,0,12,13,0,13,150,92,58
Bihar,Khagaria,"All Scheduled Castes",Urban,"Ever Married",60-64,40,12,0,0,0,0,28,194,106,88
Bihar,Khagaria,"All Scheduled Castes",Urban,"Ever Married",65-69,25,0,0,2,0,1,22,140,94,46
Bihar,Khagaria,"All Scheduled Castes",Urban,"Ever Married",70-74,23,0,0,0,12,0,11,91,57,34
Bihar,Khagaria,"All Scheduled Castes",Urban,"Ever Married",75-79,11,0,0,0,0,0,11,99,55,44
Bihar,Khagaria,"All Scheduled Castes",Urban,"Ever Married","80 +",11,0,0,0,0,0,11,77,33,44
Bihar,Khagaria,"All Scheduled Castes",Urban,"Currently Married","All ages",963,267,117,94,159,52,274,2762,1487,1275
Bihar,Khagaria,"All Scheduled Castes",Urban,"Currently Married","Less than 15",24,24,0,0,0,0,0,0,0,0
Bihar,Khagaria,"All Scheduled Castes",Urban,"Currently Married",15-19,107,83,24,0,0,0,0,24,13,11
Bihar,Khagaria,"All Scheduled Castes",Urban,"Currently Married",20-24,121,48,57,16,0,0,0,89,51,38
Bihar,Khagaria,"All Scheduled Castes",Urban,"Currently Married",25-29,162,38,11,28,71,2,12,348,208,140
Bihar,Khagaria,"All Scheduled Castes",Urban,"Currently Married",30-34,135,16,11,23,11,25,49,481,252,229
Bihar,Khagaria,"All Scheduled Castes",Urban,"Currently Married",35-39,83,0,0,11,18,11,43,417,214,203
Bihar,Khagaria,"All Scheduled Castes",Urban,"Currently Married",40-44,111,26,0,14,22,11,38,355,230,125
Bihar,Khagaria,"All Scheduled Castes",Urban,"Currently Married",45-49,62,2,11,0,11,3,35,276,146,130
Bihar,Khagaria,"All Scheduled Castes",Urban,"Currently Married",50-54,49,18,3,0,1,0,27,213,67,146
Bihar,Khagaria,"All Scheduled Castes",Urban,"Currently Married",55-59,25,0,0,0,13,0,12,110,70,40
Bihar,Khagaria,"All Scheduled Castes",Urban,"Currently Married",60-64,37,12,0,0,0,0,25,178,98,80
Bihar,Khagaria,"All Scheduled Castes",Urban,"Currently Married",65-69,13,0,0,2,0,0,11,70,37,33
Bihar,Khagaria,"All Scheduled Castes",Urban,"Currently Married",70-74,12,0,0,0,12,0,0,36,24,12
Bihar,Khagaria,"All Scheduled Castes",Urban,"Currently Married",75-79,11,0,0,0,0,0,11,99,55,44
