Season,Sector,Category,Crop,QueryType,QueryText,KCCAns,StateName,DistrictName,BlockName,CreatedOn
KHARIF,AGRICULTURE,Others,Others,"Plant Protection","Rotting problem  in cauliflower","Spray saaf @2gm /lit of water",BIHAR,GAYA,BODHGAYA,2018-09-02T20:22:49Z
KHARIF,AGRICULTURE,Others,Others,"Plant Protection","Rotting problem  in cauliflower","Spray saaf @2gm /lit of water",BIHAR,GAYA,BODHGAYA,2018-09-02T20:22:49Z
KHARIF,AGRICULTURE,Others,Others,Weather,"WEATHER INFORMATION","CHANCE OF RAIN IN YOUR AREA",BIHAR,GAYA,"GAYA TOWN",2018-09-03T10:20:08Z
KHARIF,AGRICULTURE,Others,Others,Weather,"WEATHER INFORMATION","CHANCE OF RAIN IN YOUR AREA",BIHAR,GAYA,"GAYA TOWN",2018-09-03T10:20:08Z
KHARIF,AGRICULTURE,Others,Others,"Plant Protection","Tobacco mosaic virus (TMV","Spray insecticides like Dimethoate 2 ml/litre",BIHAR,GAYA,"BANKEY BAZAR",2018-09-03T15:20:38Z
KHARIF,AGRICULTURE,Others,Others,"Plant Protection","Tobacco mosaic virus (TMV","Spray insecticides like Dimethoate 2 ml/litre",BIHAR,GAYA,"BANKEY BAZAR",2018-09-03T15:20:38Z
KHARIF,AGRICULTURE,Others,Others,Weather,"WEATHER INFORMATION","Today and tomorrow cloudy weather in your area,chance of moderate rain.",BIHAR,GAYA,TANKUPPA,2018-09-03T16:42:55Z
KHARIF,AGRICULTURE,Others,Others,Weather,"WEATHER INFORMATION","Today and tomorrow cloudy weather in your area,chance of moderate rain.",BIHAR,GAYA,TANKUPPA,2018-09-03T16:42:55Z
KHARIF,AGRICULTURE,Others,Others,Weather,"WEATHER INFORMATION","Today and tomorrow cloudy weather in your area,chance of moderate rain.",BIHAR,GAYA,BELAGANJ,2018-09-03T16:56:21Z
KHARIF,AGRICULTURE,Others,Others,Weather,"WEATHER INFORMATION","Today and tomorrow cloudy weather in your area,chance of moderate rain.",BIHAR,GAYA,BELAGANJ,2018-09-03T16:56:21Z
KHARIF,AGRICULTURE,Cereals,"Paddy (Dhan)","Plant Protection","CASEWORM INSECT PROBLEM IN RICE FIELD","CARTAP HYDROCHLORIDE 4G @ 10 KG / ha me de",BIHAR,GAYA,"NEEMCHAK BATHANI",2018-09-04T12:33:35Z
KHARIF,AGRICULTURE,Cereals,"Paddy (Dhan)","Plant Protection","CASEWORM INSECT PROBLEM IN RICE FIELD","CARTAP HYDROCHLORIDE 4G @ 10 KG / ha me de",BIHAR,GAYA,"NEEMCHAK BATHANI",2018-09-04T12:33:35Z
KHARIF,HORTICULTURE,Fruits,Guava,"Cultural Practices","GROWTH REGULANT IN GUAVA CROP","SPRAY BOOMFLOWER @ 2 ML / LITRE WATER",BIHAR,GAYA,IMAMGANJ,2018-09-04T15:51:21Z
KHARIF,HORTICULTURE,Fruits,Guava,"Cultural Practices","GROWTH REGULANT IN GUAVA CROP","SPRAY BOOMFLOWER @ 2 ML / LITRE WATER",BIHAR,GAYA,IMAMGANJ,2018-09-04T15:51:21Z
KHARIF,AGRICULTURE,Others,Others,Weather,"WEATHER INFORMATION","Cloudy weather in your area, chance of rain in your area .",BIHAR,GAYA,IMAMGANJ,2018-09-05T10:21:45Z
KHARIF,AGRICULTURE,Others,Others,Weather,"WEATHER INFORMATION","Cloudy weather in your area, chance of rain in your area .",BIHAR,GAYA,IMAMGANJ,2018-09-05T10:21:45Z
KHARIF,AGRICULTURE,Others,Others,Weather,"WEATHER INFORMATION","Cloudy weather in your area, chance of rain in your area .",BIHAR,GAYA,"NEEMCHAK BATHANI",2018-09-05T11:38:16Z
KHARIF,AGRICULTURE,Others,Others,Weather,"WEATHER INFORMATION","Cloudy weather in your area, chance of rain in your area .",BIHAR,GAYA,"NEEMCHAK BATHANI",2018-09-05T11:38:16Z
KHARIF,AGRICULTURE,Others,Others,Weather,"WEATHER INFORMATION","Cloudy weather in your area, chance of rain in your area .",BIHAR,GAYA,BODHGAYA,2018-09-05T11:57:28Z
KHARIF,AGRICULTURE,Others,Others,Weather,"WEATHER INFORMATION","Cloudy weather in your area, chance of rain in your area .",BIHAR,GAYA,BODHGAYA,2018-09-05T11:57:28Z
KHARIF,AGRICULTURE,Cereals,"Paddy (Dhan)","Plant Protection","STEM BORER INSECT PROBLEM IN RICE CROP","SPRAY ACEPHATE 75 % SP 1 GRAM/LITRE WATER",BIHAR,GAYA,BODHGAYA,2018-09-05T12:01:01Z
KHARIF,AGRICULTURE,Cereals,"Paddy (Dhan)","Plant Protection","STEM BORER INSECT PROBLEM IN RICE CROP","SPRAY ACEPHATE 75 % SP 1 GRAM/LITRE WATER",BIHAR,GAYA,BODHGAYA,2018-09-05T12:01:01Z
KHARIF,AGRICULTURE,Others,Others,Weather,"Weather Information","cloudy weather in your area ,little chance of rain",BIHAR,GAYA,"GAYA TOWN",2018-09-05T14:29:09Z
KHARIF,AGRICULTURE,Others,Others,Weather,"Weather Information","cloudy weather in your area ,little chance of rain",BIHAR,GAYA,"GAYA TOWN",2018-09-05T14:29:09Z
KHARIF,AGRICULTURE,Others,Others,Weather,"Weather Information","cloudy weather in your area ,little chance of rain",BIHAR,GAYA,"GAYA TOWN",2018-09-05T14:33:06Z
KHARIF,AGRICULTURE,Others,Others,Weather,"Weather Information","cloudy weather in your area ,little chance of rain",BIHAR,GAYA,"GAYA TOWN",2018-09-05T14:33:06Z
KHARIF,AGRICULTURE,Others,Others,Weather,"Weather Information","Cloudy weather in your area, chance of rain in your area.",BIHAR,GAYA,"GAYA TOWN",2018-09-05T14:39:31Z
KHARIF,AGRICULTURE,Others,Others,Weather,"Weather Information","Cloudy weather in your area, chance of rain in your area.",BIHAR,GAYA,"GAYA TOWN",2018-09-05T14:39:31Z
KHARIF,AGRICULTURE,Cereals,"Paddy (Dhan)",Weather,"WEED MANAGEMENT IN RICE FIELD","SPRAY BISPARIBACK SODIUM @ 20-25 GRAM/500-600 LITRE WATER",BIHAR,GAYA,GURARU,2018-09-06T07:11:18Z
KHARIF,AGRICULTURE,Cereals,"Paddy (Dhan)",Weather,"WEED MANAGEMENT IN RICE FIELD","SPRAY BISPARIBACK SODIUM @ 20-25 GRAM/500-600 LITRE WATER",BIHAR,GAYA,GURARU,2018-09-06T07:11:18Z
KHARIF,AGRICULTURE,Others,Others,Weather,"WEATHER INFORMATION","Cloudy weather in your area, chance of rain in your area .",BIHAR,GAYA,BELAGANJ,2018-09-06T12:33:47Z
KHARIF,AGRICULTURE,Others,Others,Weather,"WEATHER INFORMATION","Cloudy weather in your area, chance of rain in your area .",BIHAR,GAYA,BELAGANJ,2018-09-06T12:33:47Z
KHARIF,HORTICULTURE,Vegetables,Brinjal,"Plant Protection","shoot and fruit borer insect problem in brinjal","sprayb quinalphos @ 2 ml / litre water",BIHAR,GAYA,MANPUR,2018-09-07T11:46:51Z
KHARIF,HORTICULTURE,Vegetables,Brinjal,"Plant Protection","shoot and fruit borer insect problem in brinjal","sprayb quinalphos @ 2 ml / litre water",BIHAR,GAYA,MANPUR,2018-09-07T11:46:51Z
KHARIF,AGRICULTURE,Cereals,"Paddy (Dhan)","Plant Protection","YELLOW LEAF IN PADDY","Spray imidacloprid 1 ml / 3 litre of water",BIHAR,GAYA,KONCH,2018-09-08T09:52:38Z
KHARIF,AGRICULTURE,Cereals,"Paddy (Dhan)","Plant Protection","YELLOW LEAF IN PADDY","Spray imidacloprid 1 ml / 3 litre of water",BIHAR,GAYA,KONCH,2018-09-08T09:52:38Z
KHARIF,AGRICULTURE,Others,Others,Weather,"WEATHER INFORMATION","Cloudy weather in your area, chance of rain in your area .",BIHAR,GAYA,TEKARI,2018-09-08T12:12:05Z
KHARIF,AGRICULTURE,Others,Others,Weather,"WEATHER INFORMATION","Cloudy weather in your area, chance of rain in your area .",BIHAR,GAYA,TEKARI,2018-09-08T12:12:05Z
KHARIF,AGRICULTURE,Cereals,"Paddy (Dhan)","Plant Protection","false smut in rice","Copper oxychloride @ 2 gram in 1 liter of water",BIHAR,GAYA,TEKARI,2018-09-08T12:17:12Z
KHARIF,AGRICULTURE,Cereals,"Paddy (Dhan)","Plant Protection","false smut in rice","Copper oxychloride @ 2 gram in 1 liter of water",BIHAR,GAYA,TEKARI,2018-09-08T12:17:12Z
KHARIF,HORTICULTURE,Flowers,Marigold,"Plant Protection","MEALY BUG IN MARIGOLD","•Spray prophenophos or dimethoate @ 2ml/litre.
•Spray Fish oil rosin soap @ 25g/litre",BIHAR,GAYA,PARAIYA,2018-09-08T12:42:53Z
KHARIF,HORTICULTURE,Flowers,Marigold,"Plant Protection","MEALY BUG IN MARIGOLD","•Spray prophenophos or dimethoate @ 2ml/litre.
•Spray Fish oil rosin soap @ 25g/litre",BIHAR,GAYA,PARAIYA,2018-09-08T12:42:53Z
KHARIF,AGRICULTURE,Cereals,"Paddy (Dhan)","Weed Management","WEED MANAGEMENT IN RICE","SPRAY BISPARIBACK SODIUM @ 20-25 GRAM /500-600 LITRE WATER",BIHAR,GAYA,DUMARIA,2018-09-08T16:45:27Z
KHARIF,AGRICULTURE,Cereals,"Paddy (Dhan)","Weed Management","WEED MANAGEMENT IN RICE","SPRAY BISPARIBACK SODIUM @ 20-25 GRAM /500-600 LITRE WATER",BIHAR,GAYA,DUMARIA,2018-09-08T16:45:27Z
KHARIF,AGRICULTURE,Others,Others,"Plant Protection","stem borer in paddy","acephate-1 gram/liter of watewr",BIHAR,GAYA,FATEHPUR,2018-09-09T15:38:58Z
KHARIF,HORTICULTURE,Flowers,Marigold,"Plant Protection","WHITE PATCHES","Spray imidacoloroprid 1 ml / 3litre of water",BIHAR,GAYA,DOBHI,2018-09-10T09:56:26Z
KHARIF,HORTICULTURE,Flowers,Marigold,"Plant Protection","WHITE PATCHES","Spray imidacoloroprid 1 ml / 3litre of water",BIHAR,GAYA,DOBHI,2018-09-10T09:56:26Z
KHARIF,AGRICULTURE,Others,Others,Weather,"WEATHER INFORMATION","Cloud will remain but there is no chance of rain",BIHAR,GAYA,DOBHI,2018-09-10T10:02:55Z
KHARIF,AGRICULTURE,Others,Others,Weather,"WEATHER INFORMATION","Cloud will remain but there is no chance of rain",BIHAR,GAYA,DOBHI,2018-09-10T10:02:55Z
KHARIF,AGRICULTURE,Cereals,"Paddy (Dhan)","Plant Protection","rice blast disease problem in rice","spray carbendazim @ 2 gram / litre water",BIHAR,GAYA,TEKARI,2018-09-10T10:35:14Z
KHARIF,AGRICULTURE,Cereals,"Paddy (Dhan)","Plant Protection","rice blast disease problem in rice","spray carbendazim @ 2 gram / litre water",BIHAR,GAYA,TEKARI,2018-09-10T10:35:14Z
KHARIF,AGRICULTURE,Cereals,"Paddy (Dhan)","Plant Protection","LEAF BLIGHT DISEASE  PROBLEM  IN RICE FIELD","SPRAY CARBENDAZIM @ 2 GRAM / LITRE WATER",BIHAR,GAYA,KHIZARSARAI,2018-09-10T11:17:04Z
KHARIF,AGRICULTURE,Cereals,"Paddy (Dhan)","Plant Protection","LEAF BLIGHT DISEASE  PROBLEM  IN RICE FIELD","SPRAY CARBENDAZIM @ 2 GRAM / LITRE WATER",BIHAR,GAYA,KHIZARSARAI,2018-09-10T11:17:04Z
KHARIF,AGRICULTURE,Others,Others,"Government Schemes","Kisan registration","Kisan registration –www.krishi.bih.nic.in",BIHAR,GAYA,DUMARIA,2018-09-10T11:56:02Z
KHARIF,AGRICULTURE,Others,Others,"Government Schemes","Kisan registration","Kisan registration –www.krishi.bih.nic.in",BIHAR,GAYA,DUMARIA,2018-09-10T11:56:02Z
KHARIF,AGRICULTURE,Cereals,"Paddy (Dhan)","Weed Management","WEED MANAGEMENT IN RICE FIELD","AAP NIKAUNI KARWAYE",BIHAR,GAYA,BARACHATTI,2018-09-10T14:19:50Z
KHARIF,AGRICULTURE,Cereals,"Paddy (Dhan)","Weed Management","WEED MANAGEMENT IN RICE FIELD","AAP NIKAUNI KARWAYE",BIHAR,GAYA,BARACHATTI,2018-09-10T14:19:50Z
0,AGRICULTURE,Others,Others,NA,"WEATHER INFORMATION","CHANCE OF RAIN YOUR AREA",BIHAR,GAYA,NA,2018-09-13T16:09:47Z
0,AGRICULTURE,Others,Others,NA,"govt  schemes",cooperative.bih.nic.in,BIHAR,GAYA,BELAGANJ,2018-09-14T10:13:45Z
0,AGRICULTURE,Others,Others,NA,"govt  schemes",cooperative.bih.nic.in,BIHAR,GAYA,BELAGANJ,2018-09-14T10:13:45Z
0,AGRICULTURE,Others,Others,NA,"QUARY FOR DBT","TO MEET NEAREST BLOCK OFFICER",BIHAR,GAYA,BELAGANJ,2018-09-14T15:26:50Z
0,AGRICULTURE,Others,Others,NA,"QUARY FOR DBT","TO MEET NEAREST BLOCK OFFICER",BIHAR,GAYA,BELAGANJ,2018-09-14T15:26:50Z
0,AGRICULTURE,Others,Others,NA,"DBT PROBLEM","AAP BLOCK ME CONTACT KARE",BIHAR,GAYA,DOBHI,2018-09-14T15:37:08Z
0,AGRICULTURE,Others,Others,NA,"DBT PROBLEM","AAP BLOCK ME CONTACT KARE",BIHAR,GAYA,DOBHI,2018-09-14T15:37:08Z
0,AGRICULTURE,Others,Others,NA,"GOVT SCHEMES",krishi.bih.nic.in,BIHAR,GAYA,IMAMGANJ,2018-09-14T15:55:38Z
0,AGRICULTURE,Others,Others,NA,"GOVT SCHEMES",krishi.bih.nic.in,BIHAR,GAYA,IMAMGANJ,2018-09-14T15:55:38Z
0,AGRICULTURE,Others,Others,NA,"Yellowing of leaf /Rotting problem","ZINK SULPHAT 200GM IN 1 KATHA",BIHAR,GAYA,BELAGANJ,2018-09-14T19:03:38Z
0,AGRICULTURE,Others,Others,NA,"Yellowing of leaf /Rotting problem","ZINK SULPHAT 200GM IN 1 KATHA",BIHAR,GAYA,BELAGANJ,2018-09-14T19:03:38Z
0,AGRICULTURE,Cereals,"Paddy (Dhan)",NA,"time of  potash application after paddy transplanting","time of  potash application after paddy transplanting at panicle emergence stage",BIHAR,GAYA,TEKARI,2018-09-15T07:58:31Z
0,AGRICULTURE,Cereals,"Paddy (Dhan)",NA,"time of  potash application after paddy transplanting","time of  potash application after paddy transplanting at panicle emergence stage",BIHAR,GAYA,TEKARI,2018-09-15T07:58:31Z
0,AGRICULTURE,Others,Others,NA,"govt schemes","contact AC",BIHAR,GAYA,KONCH,2018-09-15T15:31:54Z
0,AGRICULTURE,Others,Others,NA,"govt schemes","contact AC",BIHAR,GAYA,KONCH,2018-09-15T15:31:54Z
0,AGRICULTURE,Others,Others,NA,"insect problem in paddy","Cartap hydrochloride (4g) 4 kg per acre",BIHAR,GAYA,BODHGAYA,2018-09-15T17:06:04Z
0,AGRICULTURE,Others,Others,NA,"insect problem in paddy","Cartap hydrochloride (4g) 4 kg per acre",BIHAR,GAYA,BODHGAYA,2018-09-15T17:06:04Z
0,AGRICULTURE,Others,Others,NA,"Weather information","chance to light rain in your area",BIHAR,GAYA,MOHRA,2018-09-16T11:03:35Z
0,AGRICULTURE,Others,Others,NA,"Weather information","chance to light rain in your area",BIHAR,GAYA,MOHRA,2018-09-16T11:03:35Z
0,AGRICULTURE,Others,Others,NA,"GOVT SCHEMES","CONTACT ac",BIHAR,GAYA,MOHRA,2018-09-16T11:06:35Z
0,AGRICULTURE,Others,Others,NA,"GOVT SCHEMES","CONTACT ac",BIHAR,GAYA,MOHRA,2018-09-16T11:06:35Z
0,HORTICULTURE,Vegetables,"Bitter Gourd",NA,"leaf curl in bitter gourd","Spray Imidachloprid @ 0.5 ml/lit",BIHAR,GAYA,GURARU,2018-09-16T12:35:15Z
0,HORTICULTURE,Vegetables,"Bitter Gourd",NA,"leaf curl in bitter gourd","Spray Imidachloprid @ 0.5 ml/lit",BIHAR,GAYA,GURARU,2018-09-16T12:35:15Z
0,AGRICULTURE,Others,Others,NA,"Weather information","chance to light rain in your area",BIHAR,GAYA,WAZIRGANJ,2018-09-16T14:00:22Z
0,AGRICULTURE,Others,Others,NA,"Weather information","chance to light rain in your area",BIHAR,GAYA,WAZIRGANJ,2018-09-16T14:00:22Z
0,AGRICULTURE,Others,Others,NA,"Weather information","No chance of rain in your area",BIHAR,GAYA,NA,2018-09-16T15:13:30Z
0,AGRICULTURE,Others,Others,NA,"ONLINE DBT REGISTRATION","CONTACT TO AGRICULTURE COORDINATOR",BIHAR,GAYA,NA,2018-09-17T07:54:35Z
0,AGRICULTURE,Others,Others,NA,"Weather information","Partly cloudy in your area,but no chance of rain.",BIHAR,GAYA,IMAMGANJ,2018-09-17T12:08:45Z
0,AGRICULTURE,Others,Others,NA,"Weather information","Partly cloudy in your area,but no chance of rain.",BIHAR,GAYA,IMAMGANJ,2018-09-17T12:08:45Z
0,AGRICULTURE,Others,Others,NA,"Online dbt registration","contact to agriculture coordinator",BIHAR,GAYA,NA,2018-09-17T17:26:50Z
0,AGRICULTURE,Others,Others,NA,"Weather information","no chance of rain in your area",BIHAR,GAYA,BELAGANJ,2018-09-18T12:07:44Z
0,AGRICULTURE,Others,Others,NA,"Weather information","no chance of rain in your area",BIHAR,GAYA,BELAGANJ,2018-09-18T12:07:44Z
0,AGRICULTURE,Cereals,"Paddy (Dhan)",NA,"yellow leaf","Spray  Imidachloprid @ 1ml/3lit of water",BIHAR,GAYA,WAZIRGANJ,2018-09-18T13:57:30Z
0,AGRICULTURE,Cereals,"Paddy (Dhan)",NA,"yellow leaf","Spray  Imidachloprid @ 1ml/3lit of water",BIHAR,GAYA,WAZIRGANJ,2018-09-18T13:57:30Z
0,AGRICULTURE,Others,Others,NA,"DBT related","Contact agricultire coordinator of your block",BIHAR,GAYA,PARAIYA,2018-09-19T06:48:15Z
0,AGRICULTURE,Others,Others,NA,"DBT related","Contact agricultire coordinator of your block",BIHAR,GAYA,PARAIYA,2018-09-19T06:48:15Z
0,AGRICULTURE,Others,Others,NA,"DBT related","contact agriculture coordinator of your block",BIHAR,GAYA,GURUA,2018-09-19T10:25:01Z
0,AGRICULTURE,Others,Others,NA,"DBT related","contact agriculture coordinator of your block",BIHAR,GAYA,GURUA,2018-09-19T10:25:01Z
0,AGRICULTURE,Others,Others,NA,"STEM BORER IN PADDY","ACEPHATE-2 GRAM/LITER OF WTER",BIHAR,GAYA,"NEEMCHAK BATHANI",2018-09-19T14:31:06Z
0,AGRICULTURE,Others,Others,NA,"STEM BORER IN PADDY","ACEPHATE-2 GRAM/LITER OF WTER",BIHAR,GAYA,"NEEMCHAK BATHANI",2018-09-19T14:31:06Z
0,AGRICULTURE,Others,Others,NA,"asking for threshor","to contact for block",BIHAR,GAYA,"GAYA TOWN",2018-09-19T15:56:24Z
0,AGRICULTURE,Others,Others,NA,"asking for threshor","to contact for block",BIHAR,GAYA,"GAYA TOWN",2018-09-19T15:56:24Z
0,NA,NA,NA,NA,"DBT  PROBLEM","contact in your block",BIHAR,GAYA,TEKARI,2018-09-19T16:13:28Z
0,NA,NA,NA,NA,"DBT  PROBLEM","contact in your block",BIHAR,GAYA,TEKARI,2018-09-19T16:13:28Z
0,AGRICULTURE,Others,Others,NA,"Weather information","Cloudy weather, rain likely",BIHAR,GAYA,SHERGHATTY,2018-09-20T08:31:48Z
0,AGRICULTURE,Others,Others,NA,"Weather information","Cloudy weather, rain likely",BIHAR,GAYA,SHERGHATTY,2018-09-20T08:31:48Z
0,AGRICULTURE,Others,Others,NA,"Weather information","chance to light rain in your area",BIHAR,GAYA,KHIZARSARAI,2018-09-20T11:03:07Z
0,AGRICULTURE,Others,Others,NA,"Weather information","chance to light rain in your area",BIHAR,GAYA,KHIZARSARAI,2018-09-20T11:03:07Z
0,AGRICULTURE,Others,Others,NA,"`Weather information","Cloudy weather, rain likely.",BIHAR,GAYA,NA,2018-09-20T11:13:49Z
0,AGRICULTURE,Others,Others,NA,"GOVT SCHEMES","CONTACT ac",BIHAR,GAYA,DOBHI,2018-09-20T16:31:53Z
0,AGRICULTURE,Others,Others,NA,"GOVT SCHEMES","CONTACT ac",BIHAR,GAYA,DOBHI,2018-09-20T16:31:53Z
0,AGRICULTURE,Cereals,"Paddy (Dhan)",NA,"About kcc","contact to your  bank",BIHAR,GAYA,BODHGAYA,2018-09-20T18:32:26Z
0,AGRICULTURE,Cereals,"Paddy (Dhan)",NA,"About kcc","contact to your  bank",BIHAR,GAYA,BODHGAYA,2018-09-20T18:32:26Z
0,AGRICULTURE,Cereals,"Paddy (Dhan)",NA,"About kcc","contact to your  bank",BIHAR,GAYA,BODHGAYA,2018-09-20T18:32:42Z
0,AGRICULTURE,Cereals,"Paddy (Dhan)",NA,"About kcc","contact to your  bank",BIHAR,GAYA,BODHGAYA,2018-09-20T18:32:42Z
0,AGRICULTURE,Others,Others,NA,"Weather information","Cloudy weather  in your area,chance of little rain.",BIHAR,GAYA,BELAGANJ,2018-09-21T13:09:23Z
0,AGRICULTURE,Others,Others,NA,"Weather information","Cloudy weather  in your area,chance of little rain.",BIHAR,GAYA,BELAGANJ,2018-09-21T13:09:23Z
0,AGRICULTURE,Others,Others,NA,"GOVT SCHEMES",KRISHI.BIH.NIC.IN,BIHAR,GAYA,TANKUPPA,2018-09-21T19:00:47Z
0,AGRICULTURE,Others,Others,NA,"GOVT SCHEMES",KRISHI.BIH.NIC.IN,BIHAR,GAYA,TANKUPPA,2018-09-21T19:00:47Z
0,AGRICULTURE,Others,Others,NA,"Weather information","Cloudy weather no chance of rain in your area",BIHAR,GAYA,IMAMGANJ,2018-09-22T06:59:10Z
0,AGRICULTURE,Others,Others,NA,"Weather information","Cloudy weather no chance of rain in your area",BIHAR,GAYA,IMAMGANJ,2018-09-22T06:59:10Z
0,HORTICULTURE,Fruits,Mango,NA,"insect problem in mango","Spray chloropyriphos @ 2g/lit of water",BIHAR,GAYA,PARAIYA,2018-09-22T13:41:00Z
0,HORTICULTURE,Fruits,Mango,NA,"insect problem in mango","Spray chloropyriphos @ 2g/lit of water",BIHAR,GAYA,PARAIYA,2018-09-22T13:41:00Z
0,AGRICULTURE,Others,Others,NA,"Insect infestation","Spray dainocap @ 2 ml in 1 litter of water",BIHAR,GAYA,DOBHI,2018-09-22T15:57:58Z
0,AGRICULTURE,Others,Others,NA,"Insect infestation","Spray dainocap @ 2 ml in 1 litter of water",BIHAR,GAYA,DOBHI,2018-09-22T15:57:58Z
0,AGRICULTURE,Others,Others,NA,"Weather information","No chance of rain in your area",BIHAR,GAYA,"NEEMCHAK BATHANI",2018-09-23T10:46:58Z
0,AGRICULTURE,Others,Others,NA,"Weather information","No chance of rain in your area",BIHAR,GAYA,"NEEMCHAK BATHANI",2018-09-23T10:46:58Z
0,AGRICULTURE,Others,Others,NA,"Weather information","no chance of rain in your area",BIHAR,GAYA,KONCH,2018-09-23T13:11:49Z
0,AGRICULTURE,Others,Others,NA,"Weather information","no chance of rain in your area",BIHAR,GAYA,KONCH,2018-09-23T13:11:49Z
0,AGRICULTURE,Others,Others,NA,"information about rice sell","aap block me contact kare",BIHAR,GAYA,MOHANPUR,2018-09-24T08:49:58Z
0,AGRICULTURE,Others,Others,NA,"information about rice sell","aap block me contact kare",BIHAR,GAYA,MOHANPUR,2018-09-24T08:49:58Z
0,AGRICULTURE,Others,Others,NA,"dbt problem","aap CSC me contact kare",BIHAR,GAYA,KHIZARSARAI,2018-09-24T13:55:06Z
0,AGRICULTURE,Others,Others,NA,"dbt problem","aap CSC me contact kare",BIHAR,GAYA,KHIZARSARAI,2018-09-24T13:55:06Z
0,AGRICULTURE,Others,Others,NA,"DBT PROBLEM","BLOCK ME CONTACT KARE",BIHAR,GAYA,KHIZARSARAI,2018-09-25T13:27:34Z
0,AGRICULTURE,Others,Others,NA,"DBT PROBLEM","BLOCK ME CONTACT KARE",BIHAR,GAYA,KHIZARSARAI,2018-09-25T13:27:34Z
0,AGRICULTURE,Others,Others,NA,"WEATHER INFORMATION","no chance of rain in your area.",BIHAR,GAYA,KHIZARSARAI,2018-09-25T13:47:08Z
0,AGRICULTURE,Others,Others,NA,"WEATHER INFORMATION","no chance of rain in your area.",BIHAR,GAYA,KHIZARSARAI,2018-09-25T13:47:08Z
0,AGRICULTURE,Others,Others,NA,"dbt problem","25 din ke bad  aayega",BIHAR,GAYA,FATEHPUR,2018-09-26T07:06:11Z
0,AGRICULTURE,Others,Others,NA,"dbt problem","25 din ke bad  aayega",BIHAR,GAYA,FATEHPUR,2018-09-26T07:06:11Z
0,AGRICULTURE,Others,Others,NA,"dbt error","contact to agriculture cordinator",BIHAR,GAYA,TEKARI,2018-09-26T12:36:26Z
0,AGRICULTURE,Others,Others,NA,"dbt error","contact to agriculture cordinator",BIHAR,GAYA,TEKARI,2018-09-26T12:36:26Z
0,AGRICULTURE,Others,Others,NA,"Insect infestation","Spray  Imidachloprid @ 1ml/3lit of water",BIHAR,GAYA,DUMARIA,2018-09-27T10:27:22Z
0,AGRICULTURE,Others,Others,NA,"Insect infestation","Spray  Imidachloprid @ 1ml/3lit of water",BIHAR,GAYA,DUMARIA,2018-09-27T10:27:22Z
0,AGRICULTURE,Cereals,"Paddy (Dhan)",NA,"GREEN LEAF HOPPER","Carbofuran 3 G 3.5 kg",BIHAR,GAYA,MOHRA,2018-09-27T11:09:31Z
0,AGRICULTURE,Cereals,"Paddy (Dhan)",NA,"GREEN LEAF HOPPER","Carbofuran 3 G 3.5 kg",BIHAR,GAYA,MOHRA,2018-09-27T11:09:31Z
0,AGRICULTURE,Cereals,"Paddy (Dhan)",NA,"SUCKING  TYPE PEST IN PADDY","Spray imidachloprid @ 1 ml/3 liter of water",BIHAR,GAYA,KONCH,2018-09-27T11:36:35Z
0,AGRICULTURE,Cereals,"Paddy (Dhan)",NA,"SUCKING  TYPE PEST IN PADDY","Spray imidachloprid @ 1 ml/3 liter of water",BIHAR,GAYA,KONCH,2018-09-27T11:36:35Z
0,AGRICULTURE,Others,Others,NA,"Weather information","Cloudy weather in your area,but no chance of rain.",BIHAR,GAYA,KONCH,2018-09-27T15:13:02Z
0,AGRICULTURE,Others,Others,NA,"Weather information","Cloudy weather in your area,but no chance of rain.",BIHAR,GAYA,KONCH,2018-09-27T15:13:02Z
0,AGRICULTURE,Others,Others,NA,"DBT problem","contact to your agriculture coordinator",BIHAR,GAYA,PARAIYA,2018-09-27T17:54:12Z
0,AGRICULTURE,Others,Others,NA,"DBT problem","contact to your agriculture coordinator",BIHAR,GAYA,PARAIYA,2018-09-27T17:54:12Z
0,AGRICULTURE,Others,Others,NA,"dbt problem","aap csc me contact kare",BIHAR,GAYA,SHERGHATTY,2018-09-28T07:06:07Z
0,AGRICULTURE,Others,Others,NA,"dbt problem","aap csc me contact kare",BIHAR,GAYA,SHERGHATTY,2018-09-28T07:06:07Z
0,AGRICULTURE,Cereals,"Paddy (Dhan)",NA,"blb infestation","spray streptocyclin(0.5g)+copper oxychloride()2.5g) in 1 litre of water",BIHAR,GAYA,IMAMGANJ,2018-09-28T09:07:03Z
0,AGRICULTURE,Cereals,"Paddy (Dhan)",NA,"blb infestation","spray streptocyclin(0.5g)+copper oxychloride()2.5g) in 1 litre of water",BIHAR,GAYA,IMAMGANJ,2018-09-28T09:07:03Z
0,AGRICULTURE,Cereals,"Paddy (Dhan)",NA,"FERTILIZER MANAGEMENT IN RICE","UREA @ 1 KG / kattha ME DE",BIHAR,GAYA,KHIZARSARAI,2018-09-29T08:07:10Z
0,AGRICULTURE,Cereals,"Paddy (Dhan)",NA,"FERTILIZER MANAGEMENT IN RICE","UREA @ 1 KG / kattha ME DE",BIHAR,GAYA,KHIZARSARAI,2018-09-29T08:07:10Z
0,AGRICULTURE,Others,Others,NA,"TELL ME ABOUT WEATHER INFORMATION ?","NO RAIN POSSIBILITY IN NEXT 3-4 DAYS BUT CLOUDY SKY",BIHAR,GAYA,BODHGAYA,2018-09-30T10:49:56Z
0,AGRICULTURE,Others,Others,NA,"TELL ME ABOUT WEATHER INFORMATION ?","NO RAIN POSSIBILITY IN NEXT 3-4 DAYS BUT CLOUDY SKY",BIHAR,GAYA,BODHGAYA,2018-09-30T10:49:56Z
0,AGRICULTURE,Others,Others,NA,"DBT PROBLEM","contact in your CSC",BIHAR,GAYA,TEKARI,2018-09-30T14:36:34Z
0,AGRICULTURE,Others,Others,NA,"DBT PROBLEM","contact in your CSC",BIHAR,GAYA,TEKARI,2018-09-30T14:36:34Z
