Season,Sector,Category,Crop,QueryType,QueryText,KCCAns,StateName,DistrictName,BlockName,CreatedOn
JAYAD,HORTICULTURE,Vegetables,Chillies,"Plant Protection","thrips infestation in chilli","Spray imidachloprid @ 1ml/3 lit of water",BIHAR,KATIHAR,DANDKHORA,2018-04-01T07:44:49Z
JAYAD,AGRICULTURE,Others,Others,Weather,"WEATHER INFORMATION","CHANCE OF RAIN IN YOUR AREA",BIHAR,KATIHAR,DANDKHORA,2018-04-01T07:46:21Z
JAYAD,AGRICULTURE,Others,Others,Weather,"Weather information","chance of rain in your area",BIHAR,KATIHAR,KORHA,2018-04-01T08:45:54Z
JAYAD,AGRICULTURE,Others,Others,Weather,"Weather information","chance of rain in your area",BIHAR,KATIHAR,KORHA,2018-04-01T08:46:05Z
JAYAD,AGRICULTURE,Others,Others,Weather,"Weather information","chance of rain in your area",BIHAR,KATIHAR,KORHA,2018-04-01T08:46:15Z
JAYAD,AGRICULTURE,Others,Others,Weather,"WEATHER INFORMATION","CHANCE OF RAIN IN YOUR AREA",BIHAR,KATIHAR,DANDKHORA,2018-04-01T09:16:48Z
RABI,AGRICULTURE,Others,Others,"Field Preparation",nutrient,"Spray boom flower @ 2 ml / lit of water",BIHAR,KATIHAR,MANSAHI,2018-04-01T14:40:15Z
KHARIF,AGRICULTURE,Others,Others,Weather,WEATHER,"NO RAIN",BIHAR,KATIHAR,AZAMNAGAR,2018-04-01T15:55:52Z
RABI,AGRICULTURE,Others,Others,"Field Preparation","WEATHER INFORMATION","Today and tomorrow no chance of rain in your area.",BIHAR,KATIHAR,FALKA,2018-04-01T17:18:34Z
JAYAD,AGRICULTURE,Others,Others,Weather,"WEATHER INFORMATION","Cloudy weather in your area but no chance of rain in your area",BIHAR,KATIHAR,KORHA,2018-04-01T17:23:36Z
JAYAD,AGRICULTURE,Cereals,Wheat,"Plant Protection",weather,"no rain",BIHAR,KATIHAR,AZAMNAGAR,2018-04-01T17:48:12Z
JAYAD,AGRICULTURE,Others,Others,Weather,"WEATHER INFORMATION","Cloudy weather, but no chance of rain in your area",BIHAR,KATIHAR,DANDKHORA,2018-04-02T06:44:07Z
JAYAD,AGRICULTURE,Others,Others,Weather,"WEATHER INFORMATION","no chance of rain in your area",BIHAR,KATIHAR,SAMELI,2018-04-02T08:22:33Z
JAYAD,AGRICULTURE,Pulses,"Green Gram (Moong Bean/ Moong)",Varieties,"mmong variety","Varieties of Moong - H.U.M-16, Pusa vishal, Samarat, Sona, P.S-16, S.M.L-668",BIHAR,KATIHAR,SAMELI,2018-04-02T08:23:32Z
JAYAD,AGRICULTURE,Others,Others,Weather,WEATHER,"NO RAIN",BIHAR,KATIHAR,BARARI,2018-04-02T09:06:44Z
KHARIF,AGRICULTURE,Others,Others,Weather,WEATHER,"NO RAIN",BIHAR,KATIHAR,BARARI,2018-04-02T09:23:38Z
RABI,HORTICULTURE,Vegetables,Bhindi(Okra/Ladysfinger),"Plant Protection","Bhendi fruit borer","Spray carbaryl 50 WP 2 g/lit or B. thuringiensis 2 g/lit",BIHAR,KATIHAR,MANSAHI,2018-04-02T10:15:18Z
RABI,HORTICULTURE,Vegetables,Chillies,"Plant Protection","Chilli thrips","Imidacloprid 17.8 % SL 3.0 ml/10 lit. 
Dimethoate 30 % EC 1.0 ml/lit. 
Emamectin benzoate 5 % SG 4 g/10 lit.",BIHAR,KATIHAR,SAMELI,2018-04-02T10:44:24Z
RABI,HORTICULTURE,Vegetables,Chillies,"Plant Protection","Gram caterpillar","Novaluron 10 % EC 7.5 ml/10 lit. 
Spinosad 45 % SC 3.2 ml/10 lit. 
Thiodicarb 75 % WP 2.0 g/lit.",BIHAR,KATIHAR,AZAMNAGAR,2018-04-02T10:51:05Z
JAYAD,AGRICULTURE,Others,Others,Weather,"WEATHER INFORMATION","Cloudy weather in your area, chance of rain in your area",BIHAR,KATIHAR,SAMELI,2018-04-02T11:08:04Z
JAYAD,HORTICULTURE,Fruits,Mango,"Plant Protection","INSECT INFESTATION IN MANGO","Spray malathion @ 2 gm in 1 litre of water",BIHAR,KATIHAR,BARSOI,2018-04-02T12:34:57Z
JAYAD,AGRICULTURE,Others,Others,Weather,"WEATHER INFORMATION","no rain in your area.",BIHAR,KATIHAR,KORHA,2018-04-02T12:46:11Z
JAYAD,AGRICULTURE,Others,Others,Weather,"WEATHER INFORMATION","no rain in your area.",BIHAR,KATIHAR,KORHA,2018-04-02T12:47:57Z
JAYAD,HORTICULTURE,Fruits,Mango,"Plant Protection","SPRAY IN MANGO","Imidachloprid @ 1 ml/3 liter of water
Carbendazim @ 2 gram/liter of water
Planofix @ 1 ml/5 liter of water(fruit dropping)",BIHAR,KATIHAR,FALKA,2018-04-03T08:55:14Z
RABI,AGRICULTURE,Others,Others,Weather,"WEATHER INFORMATION","Cloudy weather in your area but no chance of rain in your area",BIHAR,KATIHAR,BARARI,2018-04-03T12:32:15Z
RABI,AGRICULTURE,Others,Others,Weather,"WEATHER INFORMATION","Cloudy weather in your area,chance of little",BIHAR,KATIHAR,BARARI,2018-04-03T14:07:06Z
JAYAD,AGRICULTURE,Others,Others,Varieties,"WEATHER INFORMATION","Today and tomorrow no chance of rain in your area.",BIHAR,KATIHAR,KORHA,2018-04-04T18:29:34Z
RABI,AGRICULTURE,Cereals,Wheat,Weather,"WEATHER INFORMATION","Cloudy weather in your area up to 5 days,chance of little rain.",BIHAR,KATIHAR,KATIHAR,2018-04-04T20:40:11Z
RABI,AGRICULTURE,Others,Others,Weather,"WEATHER INFORMATION","Cloudy weather, but chance of rain in your area",BIHAR,KATIHAR,KORHA,2018-04-05T10:41:50Z
RABI,AGRICULTURE,Cereals,Wheat,Weather,"Weather information","There will be light clouds in the sky chance of rain in your area.",BIHAR,KATIHAR,MANIHARI,2018-04-05T15:37:19Z
RABI,AGRICULTURE,Cereals,Wheat,Weather,"Weather information","There will be light clouds in the sky chance of rain in your area.",BIHAR,KATIHAR,MANIHARI,2018-04-05T15:37:37Z
RABI,AGRICULTURE,Others,Others,"Field Preparation","Yellow leaf problem","SPRAY COPPER OXY CHLORIDE 2 GRAM/LITRE OF WATER",BIHAR,KATIHAR,KORHA,2018-04-05T17:46:38Z
RABI,HORTICULTURE,Vegetables,Chillies,"Plant Protection","Fruit Rot and Die Back","Good control of the disease has been reported by three sprayings with Ziram O. 25% Captan 0.2% or miltox 0.2%. Chemicals like wettable sulphur 0.2%, copper oxychloride 0.25% and Zineb 0.15% not only reduced the disease incidence but also increased the yield of fruits.",BIHAR,KATIHAR,MANSAHI,2018-04-06T06:33:20Z
JAYAD,AGRICULTURE,Cereals,"Paddy (Dhan)","Plant Protection","STEM BORER INSECT PROBLEM OF RICE","ACEPHATE 75 % SP @ 1 GM/LITRE WATER",BIHAR,KATIHAR,DANDKHORA,2018-04-06T07:17:27Z
RABI,AGRICULTURE,Others,Others,"Field Preparation","Weather information","Cloudy weather in your area but no chance of rain in your area",BIHAR,KATIHAR,KADWA,2018-04-06T07:20:03Z
JAYAD,HORTICULTURE,Vegetables,Chillies,"Plant Protection","INSECT PROBLEM IN CHILLI","Spray malathion @ 2G/lit of water",BIHAR,KATIHAR,DANDKHORA,2018-04-06T07:21:16Z
JAYAD,AGRICULTURE,Others,Others,Weather,"WEATHER INFORMATION","TODAY AND TOMARROW CHANCE OF RAIN IN YOUR AREA",BIHAR,KATIHAR,DANDKHORA,2018-04-06T07:25:41Z
JAYAD,AGRICULTURE,Others,Others,Weather,"WEATHER INFORMATION","Cloudy weather in your area,  chance of rain in your area",BIHAR,KATIHAR,FALKA,2018-04-06T07:47:03Z
JAYAD,AGRICULTURE,Others,Others,Weather,"WEATHER INFORMATION","Cloudy weather in your area,  chance of rain in your area",BIHAR,KATIHAR,HASANGANJ,2018-04-06T10:48:05Z
JAYAD,AGRICULTURE,Others,Others,Weather,"WEATHER INFORMATION","Cloudy weather in your area,  chance of rain in your area",BIHAR,KATIHAR,DANDKHORA,2018-04-06T15:13:51Z
JAYAD,AGRICULTURE,Others,Others,Weather,"WEATHER INFORMATION","Cloudy weather in your area,  chance of rain in your area",BIHAR,KATIHAR,DANDKHORA,2018-04-06T15:14:04Z
JAYAD,AGRICULTURE,Others,Others,Weather,"WEATHER INFORMATION","Cloudy weather in your area,  chance of rain in your area",BIHAR,KATIHAR,DANDKHORA,2018-04-06T15:14:16Z
JAYAD,AGRICULTURE,Others,Others,Weather,"WEATHER INFORMATION","TODAY AND TOMARROW CHANCE OF RAIN IN YOUR AREA",BIHAR,KATIHAR,BARARI,2018-04-06T17:08:12Z
JAYAD,AGRICULTURE,Others,Others,Weather,"WEATHER INFORMATION","TODAY AND TOMARROW CHANCE OF RAIN IN YOUR AREA",BIHAR,KATIHAR,DANDKHORA,2018-04-06T17:12:52Z
RABI,AGRICULTURE,Others,Others,Weather,"Weather information","Cloudy weather in your area but no chance of rain in your area",BIHAR,KATIHAR,KADWA,2018-04-06T19:00:56Z
RABI,HORTICULTURE,Vegetables,Bhindi(Okra/Ladysfinger),"Plant Protection","Leaf roller","Spray carbaryl 50 WP 2 g/lit or phosalone 35 EC 2 ml/lit",BIHAR,KATIHAR,MANSAHI,2018-04-07T10:07:34Z
JAYAD,AGRICULTURE,Others,Others,Weather,"WEATHER INFORMATION","CHANCE OF RAIN IN YOUR AREA",BIHAR,KATIHAR,MANSAHI,2018-04-07T10:07:39Z
JAYAD,AGRICULTURE,Others,Others,Weather,"WEATHER INFORMATION","Heavy Cloudy weather in your area, chance of rain in your area",BIHAR,KATIHAR,AZAMNAGAR,2018-04-07T11:09:02Z
JAYAD,"ANIMAL HUSBANDRY",Animal,"Bovine(Cow,Buffalo)","Animal Breeding","ANIMAL BREEDING OF COW",NA,BIHAR,KATIHAR,AZAMNAGAR,2018-04-07T11:11:13Z
JAYAD,AGRICULTURE,Others,Others,Weather,"WEATHER INFORMATION","CHANCE OF RAIN IN YOUR AREA",BIHAR,KATIHAR,AZAMNAGAR,2018-04-07T11:12:27Z
JAYAD,AGRICULTURE,Millets,"Maize (Makka)","Nutrient Management","NUTRIENT MANAGEMENT IN MAIZE CROP","SPRAY MULTIMICRO NUTRIENT @ 2 G/ LITRE WATER",BIHAR,KATIHAR,AZAMNAGAR,2018-04-07T12:25:01Z
JAYAD,AGRICULTURE,Others,Others,Weather,"WEATHER INFORMATION","Cloudy weather in your area,  chance of rain in your area",BIHAR,KATIHAR,AZAMNAGAR,2018-04-07T12:26:52Z
JAYAD,AGRICULTURE,Others,Others,Weather,"WEATHER INFORMATION","Cloudy weather in your area,  chance of rain in your area",BIHAR,KATIHAR,AZAMNAGAR,2018-04-07T12:35:48Z
RABI,HORTICULTURE,Vegetables,"Bitter Gourd","Plant Protection","Beetles, fruit flies and caterpillars","spraying Malathion 50 EC 1ml/lit or Dimethoate 30 EC 1ml/lit or Methyl demeton 25 EC 1ml/lit.",BIHAR,KATIHAR,SAMELI,2018-04-08T06:10:48Z
JAYAD,AGRICULTURE,Others,Others,Weather,"WEATHER INFORMATION","CHANCE OF RAIN IN YOUR AREA",BIHAR,KATIHAR,FALKA,2018-04-08T06:47:32Z
RABI,AGRICULTURE,Cereals,Wheat,Weather,"Weather Information","????? ??? ???? ???? ??? ?????",BIHAR,KATIHAR,KADWA,2018-04-08T06:50:37Z
RABI,AGRICULTURE,Cereals,Wheat,Weather,"Weather Information","Cloudy weather  today and tomorrow  no chance of  rain",BIHAR,KATIHAR,KADWA,2018-04-08T06:51:47Z
JAYAD,AGRICULTURE,Others,Others,Weather,"weather information","Cloudy weather,rain is likely in your area.",BIHAR,KATIHAR,KADWA,2018-04-08T08:54:56Z
RABI,AGRICULTURE,Cereals,Wheat,Weather,"Weather Informesion","????  ??? ????? ??? ???? ??? ?????",BIHAR,KATIHAR,KORHA,2018-04-08T12:39:12Z
KHARIF,HORTICULTURE,Fruits,Mango,"Plant Protection","GAMOSIS IN MANGO","USE ZINCSULPHATE AND COPURSULPHATE",BIHAR,KATIHAR,AZAMNAGAR,2018-04-08T18:50:28Z
JAYAD,AGRICULTURE,Others,Others,Weather,"WEATHER INFORMATION","Cloudy weather in your area,  chance of rain in your area",BIHAR,KATIHAR,BARARI,2018-04-09T07:03:48Z
JAYAD,AGRICULTURE,Others,Others,Weather,"WEATHER INFORMATION","Cloudy weather in your area,  chance of rain in your area",BIHAR,KATIHAR,DANDKHORA,2018-04-09T08:53:43Z
JAYAD,AGRICULTURE,Others,Others,Weather,"weather information","Cloudy weather Today & tomorrow   chance of rain",BIHAR,KATIHAR,AZAMNAGAR,2018-04-09T09:51:46Z
JAYAD,AGRICULTURE,Others,Others,Weather,"weather information","Cloudy weather Today & tomorrow   chance of rain",BIHAR,KATIHAR,AZAMNAGAR,2018-04-09T09:53:05Z
JAYAD,AGRICULTURE,Others,Others,Weather,"weather information","Cloudy weather Today & tomorrow   chance of rain",BIHAR,KATIHAR,KATIHAR,2018-04-09T13:20:26Z
RABI,AGRICULTURE,Others,Others,"Plant Protection","INSECT INFESTATION IN PADDY","ACEPHATE 75% SP-2 GRAM/LITER OF WATER",BIHAR,KATIHAR,MANIHARI,2018-04-09T15:08:36Z
JAYAD,HORTICULTURE,Vegetables,Chillies,"Plant Protection","VARIETIES OF CHILIES","VARIETIES ARE AGNI REKHA,KALYAN PUR CHAMAN,UJALA FOR CHILIES",BIHAR,KATIHAR,AZAMNAGAR,2018-04-09T18:33:52Z
JAYAD,AGRICULTURE,Pulses,"Green Gram (Moong Bean/ Moong)",Varieties,"varieties of moong","VARIETIES ARE PUSA VISHAL,SONA,SAMRAT FOR MOONG",BIHAR,KATIHAR,BARARI,2018-04-09T20:03:07Z
JAYAD,AGRICULTURE,Others,Others,Weather,"WEATHER INFORMATION","Cloudy weather in your area,  chance of rain in your area",BIHAR,KATIHAR,DANDKHORA,2018-04-10T07:51:22Z
RABI,HORTICULTURE,Vegetables,Bhindi(Okra/Ladysfinger),"Plant Protection","Leaf roller","Spray carbaryl 50 WP 2 g/lit or phosalone 35 EC 2 ml/lit",BIHAR,KATIHAR,MANSAHI,2018-04-10T10:49:52Z
RABI,HORTICULTURE,Vegetables,Bhindi(Okra/Ladysfinger),"Plant Protection","Leaf roller","Spray carbaryl 50 WP 2 g/lit or phosalone 35 EC 2 ml/lit",BIHAR,KATIHAR,KORHA,2018-04-10T10:49:57Z
JAYAD,AGRICULTURE,Others,Others,"Plant Protection","PLANT PROTECTION","Spray Imidacloroprid 17.8 SL @ 1 ml /3 lit of water",BIHAR,KATIHAR,AMDABAD,2018-04-10T11:03:18Z
JAYAD,HORTICULTURE,Fruits,Mango,"Nutrient Management","fruit rotting and dropping in mango","Spray Planofix 1 ml/4-5 Litre of Water",BIHAR,KATIHAR,BARARI,2018-04-10T11:03:25Z
KHARIF,HORTICULTURE,Fruits,Mango,"Nutrient Management","fruit rotting","Spray boron 2 gram/liter water or Copper oxychloride @2 gm per lit of water",BIHAR,KATIHAR,BARARI,2018-04-10T11:05:26Z
JAYAD,AGRICULTURE,Others,Others,Weather,"WEATHER INFORMATION","Cloudy weather in your area,  chance of rain in your area",BIHAR,KATIHAR,BARARI,2018-04-10T11:06:53Z
JAYAD,AGRICULTURE,Pulses,"Green Gram (Moong Bean/ Moong)",Varieties,"Varieties of Moong","Varieties of Moong - H.U.M-16, Pusa vishal, Samarat, Sona, P.S-16, S.M.L-668",BIHAR,KATIHAR,BARARI,2018-04-10T11:49:54Z
JAYAD,AGRICULTURE,Cereals,"Paddy (Dhan)","Field Preparation","rice weeding","HAND WEEDING",BIHAR,KATIHAR,HASANGANJ,2018-04-10T12:31:07Z
JAYAD,HORTICULTURE,Vegetables,Chillies,"Vegetative Propagation and Tissue Culture","VARIETIES OF CHILIES","VARIETIES ARE PUSA JWALA,PANT CHILI,FOR CHILIES",BIHAR,KATIHAR,BARARI,2018-04-10T14:58:10Z
JAYAD,HORTICULTURE,Vegetables,Brinjal,"Plant Protection","FRUIT BORER IN BRINJAL","SPRAY ROGOR 2ML/LIT OF WATER FOR BRINJAL",BIHAR,KATIHAR,BARARI,2018-04-10T15:21:00Z
RABI,AGRICULTURE,Others,Others,"Plant Protection","Shoot and fruit borer in brinjal","Spray cloropyriphos @ 2 ml in 1 litre of water",BIHAR,KATIHAR,KADWA,2018-04-10T15:49:15Z
JAYAD,AGRICULTURE,Pulses,"Green Gram (Moong Bean/ Moong)",Varieties,"VARIETIS OF MOONG","VARIEITES ARE P.S-16,PUSA VISHAL FOR MOONG",BIHAR,KATIHAR,BARARI,2018-04-10T20:22:41Z
RABI,AGRICULTURE,Others,Others,Weather,"weather information","22 C 
RealFeel 24

Partly sunny
  


See Hourly

> 




Today

Apr 11



33 Hi 
RealFeel 36

A stray afternoon t-storm
 More  



Tonight

Apr 11



22 Lo 
RealFeel 24

Mainly clear and humid
 More  



Tomorrow

Apr 12



36 Hi 
RealFeel 39

A p.m. t-storm in spots",BIHAR,KATIHAR,KADWA,2018-04-11T06:04:17Z
RABI,HORTICULTURE,Vegetables,Chillies,"Plant Protection","Chilli thrips","Imidacloprid 17.8 % SL 3.0 ml/10 lit. 
Dimethoate 30 % EC 1.0 ml/lit. 
Emamectin benzoate 5 % SG 4 g/10 lit.",BIHAR,KATIHAR,BARARI,2018-04-11T06:12:47Z
JAYAD,AGRICULTURE,Others,Others,Weather,"weather information","Cloudy weather Today & tomorrow   chance of rain",BIHAR,KATIHAR,KATIHAR,2018-04-11T07:27:28Z
JAYAD,HORTICULTURE,Vegetables,"Bottle Gourd","Cultural Practices","FERTILIZER DOSE FOR BOTTLE GOURD","250-300 QUINTAL FYM, 40-50 KG NITROGEN, 40-60 KG PHOSPHORUS, 20-40 KG POTASH PER HECTARE AREA",BIHAR,KATIHAR,AZAMNAGAR,2018-04-11T08:24:16Z
JAYAD,HORTICULTURE,Vegetables,"Bitter Gourd","Plant Protection","FUNGICIDE FOR SEED TREATMENT","TREAT SEED WITH CAPTAN @ 2GM PER KG OF SEED",BIHAR,KATIHAR,AZAMNAGAR,2018-04-11T08:28:05Z
JAYAD,HORTICULTURE,Vegetables,"Pointed Gourd","Cultural Practices","SUITABLE CUTTINGS OF POINTED GOURD FOR SOWING","1-1.5 METER LONG CUTTING WITH 8-9 NODES ARE SUITABLE FOR SOWING OF POINTED GOURD",BIHAR,KATIHAR,AZAMNAGAR,2018-04-11T08:30:46Z
JAYAD,AGRICULTURE,Others,Others,Weather,"weather information","Cloudy weather Today & tomorrow   chance of rain",BIHAR,KATIHAR,AZAMNAGAR,2018-04-11T08:31:50Z
JAYAD,AGRICULTURE,Others,Others,Weather,"WEATHER INFORMATION","Cloudy weather in your area,  chance of rain in your area",BIHAR,KATIHAR,MANSAHI,2018-04-11T11:56:47Z
JAYAD,AGRICULTURE,Others,Others,Weather,"WEATHER INFORMATION","Cloudy weather in your area,  chance of rain in your area",BIHAR,KATIHAR,MANSAHI,2018-04-11T11:58:54Z
RABI,AGRICULTURE,Cereals,Wheat,Weather,"weather information","?? ?? ?? ????? ?? ??????? ?? ",BIHAR,KATIHAR,KATIHAR,2018-04-11T15:28:36Z
RABI,AGRICULTURE,Cereals,Wheat,Weather,"weather information","?? ?? ?? ????? ?? ??????? ?? ",BIHAR,KATIHAR,KATIHAR,2018-04-11T15:28:36Z
RABI,AGRICULTURE,Cereals,Wheat,Weather,"weather information","?? ?? ?? ????? ?? ??????? ?? ",BIHAR,KATIHAR,KATIHAR,2018-04-11T15:28:36Z
RABI,AGRICULTURE,Cereals,Wheat,Weather,"weather information","?? ?? ?? ????? ?? ??????? ?? ",BIHAR,KATIHAR,KATIHAR,2018-04-11T15:29:10Z
RABI,AGRICULTURE,Cereals,Wheat,Weather,"weather information","?? ?? ?? ????? ?? ??????? ?? ",BIHAR,KATIHAR,KATIHAR,2018-04-11T15:29:10Z
RABI,AGRICULTURE,Cereals,Wheat,Weather,"weather information","?? ?? ?? ????? ?? ??????? ?? ",BIHAR,KATIHAR,KATIHAR,2018-04-11T15:29:10Z
KHARIF,HORTICULTURE,Vegetables,Brinjal,"Plant Protection","FRUIT BORER IN BRINJAL","SPRAY ROGOR 2ML/LIT OF WATER IN BRINJAL",BIHAR,KATIHAR,BARARI,2018-04-11T16:56:01Z
KHARIF,AGRICULTURE,Pulses,"Green Gram (Moong Bean/ Moong)",Varieties,"VARIETIES OF MOONG","VARIETIES ARE PUSA VISHAL,SMRAT,SONA FOR MOONG",BIHAR,KATIHAR,BARARI,2018-04-11T17:53:52Z
JAYAD,HORTICULTURE,Vegetables,Bhindi(Okra/Ladysfinger),"Plant Protection","YELLOW VEIN MOSAIC","SPRAY ROGOR 2ML/LTI OF WATER IN BHINDI",BIHAR,KATIHAR,BARARI,2018-04-11T17:59:54Z
RABI,AGRICULTURE,Cereals,Wheat,Weather,"weather information","?? ?? ?? ????? ?? ??????? ?? ",BIHAR,KATIHAR,PRANPUR,2018-04-11T20:32:39Z
JAYAD,AGRICULTURE,Others,Others,Weather,"WEATHER INFORMATION","Cloudy weather in your area,  chance of rain in your area",BIHAR,KATIHAR,KADWA,2018-04-12T12:56:59Z
RABI,AGRICULTURE,Cereals,Wheat,Weather,"weather information","?? ?? ?? ????? ?? ??????? ?? ",BIHAR,KATIHAR,DANDKHORA,2018-04-12T18:55:54Z
RABI,AGRICULTURE,Cereals,Wheat,Weather,"weather information","?? ?? ?? ????? ?? ??????? ?? ",BIHAR,KATIHAR,KORHA,2018-04-12T20:11:41Z
JAYAD,AGRICULTURE,Others,Others,Weather,"WEATHER INFORMATION","No chance of rain in your area",BIHAR,KATIHAR,FALKA,2018-04-13T09:10:28Z
RABI,HORTICULTURE,Vegetables,Chillies,"Plant Protection","Leaf curl","Raise 2-3 rows of maize or sorghum as border crop to restrict the spread of aphid vectors.


Apply Carbofuran 3G @ 4-5 Kg/acre in the mainfield to control sucking complex and insect vectors selectively",BIHAR,KATIHAR,MANSAHI,2018-04-13T13:18:39Z
RABI,AGRICULTURE,Others,Others,"Field Preparation","fruit dropping in mango","borex-2g/lit water spray",BIHAR,KATIHAR,MANSAHI,2018-04-13T15:39:50Z
RABI,AGRICULTURE,Others,Others,"Field Preparation","Insect infestation","Spray  Imidachloprid @ 1ml/3lit of water",BIHAR,KATIHAR,MANSAHI,2018-04-13T15:40:52Z
JAYAD,AGRICULTURE,Others,Others,Weather,"WEATHER INFORMATION","Partly cloudy in your area,no chance of rain.",BIHAR,KATIHAR,DANDKHORA,2018-04-13T16:04:24Z
JAYAD,AGRICULTURE,Others,Others,Weather,"WEATHER INFORMATION","Partly cloudy in your area,no chance of rain.",BIHAR,KATIHAR,BARARI,2018-04-13T16:09:36Z
JAYAD,HORTICULTURE,Vegetables,Chillies,"Seeds and Planting Material","VARIETIES OF CHILIES","VARIETIES ARE PANT CHILIES,ARKA MOHINI,UJALA FOR CHILIES",BIHAR,KATIHAR,AZAMNAGAR,2018-04-13T20:35:19Z
JAYAD,HORTICULTURE,Fruits,Mango,"Plant Protection","MANGO STEM BORER INFESTATION","Spray carbaril @ 2 gram in 1 litter of water",BIHAR,KATIHAR,KORHA,2018-04-14T09:32:09Z
JAYAD,HORTICULTURE,Fruits,Mango,"Plant Protection","YELLOWING OF MANGO FRUIT","Spray mancozeb @ 2g/lit of water",BIHAR,KATIHAR,KORHA,2018-04-14T09:33:56Z
RABI,AGRICULTURE,Others,Others,"Plant Protection","Fruit dropping problem in mango","SPRAY PLANOFIX 1 ML/5LITRE OF WATER",BIHAR,KATIHAR,BARARI,2018-04-14T09:57:35Z
JAYAD,AGRICULTURE,Others,Others,Weather,"WEATHER INFORMATION","NO CHANCE OF RAIN IN YOUR AREA",BIHAR,KATIHAR,BARARI,2018-04-14T10:09:27Z
RABI,HORTICULTURE,Vegetables,Brinjal,"Plant Protection","Ash weevils","Spray carbaryl 50 WP @3g + wettable sulphur 2g/litre",BIHAR,KATIHAR,BARARI,2018-04-14T10:59:01Z
JAYAD,AGRICULTURE,Others,Others,Weather,"weather information","Hazy weather in your area ,no chance of rain",BIHAR,KATIHAR,BARARI,2018-04-14T13:53:14Z
JAYAD,AGRICULTURE,Others,Others,Weather,weather,"no rain",BIHAR,KATIHAR,BARARI,2018-04-14T14:44:00Z
JAYAD,AGRICULTURE,Others,Others,Weather,"WEATHER INFORMATION","Partly cloudy in your area,no chance of rain.",BIHAR,KATIHAR,DANDKHORA,2018-04-14T14:58:38Z
JAYAD,AGRICULTURE,Others,Others,Weather,WEATHER,"NO RAIN",BIHAR,KATIHAR,BARARI,2018-04-14T16:06:03Z
JAYAD,AGRICULTURE,Pulses,"Green Gram (Moong Bean/ Moong)","Plant Protection","WHITE FLY ATTACK IN MOONG","SPRAY IMIDACHLOROPRID 1ML/3LIT OF WATER IN MOONG",BIHAR,KATIHAR,BARARI,2018-04-14T16:12:52Z
RABI,HORTICULTURE,Vegetables,Chillies,"Plant Protection","Chilli thrips","Imidacloprid 17.8 % SL 3.0 ml/10 lit. 
Dimethoate 30 % EC 1.0 ml/lit. 
Emamectin benzoate 5 % SG 4 g/10 lit.",BIHAR,KATIHAR,MANSAHI,2018-04-15T06:55:01Z
JAYAD,AGRICULTURE,Others,Others,Weather,"weather information","Hazy weather in your area ,no chance of rain",BIHAR,KATIHAR,KORHA,2018-04-15T07:17:41Z
RABI,AGRICULTURE,Others,Others,Weather,"Weather information","Cloudy weather in your area but no chance of rain in your area",BIHAR,KATIHAR,PRANPUR,2018-04-15T07:21:43Z
JAYAD,AGRICULTURE,Others,Others,Weather,"WEATHER INFORMATION","no  chance of rain in your area",BIHAR,KATIHAR,HASANGANJ,2018-04-15T08:42:41Z
JAYAD,AGRICULTURE,Pulses,"Green Gram (Moong Bean/ Moong)",Varieties,"Varieties of Moong","H.U.M-16, Pusa vishal, Samarat, Sona, P.S-16, S.M.L-668",BIHAR,KATIHAR,HASANGANJ,2018-04-15T08:47:21Z
JAYAD,AGRICULTURE,Others,Others,"Plant Protection","Insect infestation","spray imidacoloroprid 1 ml / 3litre of water",BIHAR,KATIHAR,DANDKHORA,2018-04-15T10:50:16Z
JAYAD,HORTICULTURE,Vegetables,Bhindi(Okra/Ladysfinger),"Plant Protection","FRUIT BORER OF BHINDI","Spray neem oil, mix 2 ml in 1 liter of water and sprinkle it",BIHAR,KATIHAR,BARARI,2018-04-15T12:46:43Z
KHARIF,AGRICULTURE,Others,Others,Weather,weather,"no rain",BIHAR,KATIHAR,AZAMNAGAR,2018-04-15T19:43:37Z
KHARIF,AGRICULTURE,Others,Others,Varieties,weather,"no rain",BIHAR,KATIHAR,BARARI,2018-04-15T20:11:24Z
KHARIF,HORTICULTURE,Vegetables,Bhindi(Okra/Ladysfinger),"Plant Protection","yellow vein mosaic","spray rogor 2ml/lit of water in bhindi",BIHAR,KATIHAR,AZAMNAGAR,2018-04-15T20:36:11Z
KHARIF,HORTICULTURE,Vegetables,Brinjal,"Plant Protection","FRUIT BORER IN BRINJAL","SPRAY IMIDACHLOROPRID 1ML/3LIT OF WATER IN BRINJAL",BIHAR,KATIHAR,BARARI,2018-04-15T21:52:13Z
RABI,HORTICULTURE,Vegetables,Brinjal,"Plant Protection","Brown leaf hopper","Before transplantation dip the seedlings in 0.2% carbofuran 50 STD solution (control insect vectors)
Spray with dimethoate 0.3%",BIHAR,KATIHAR,MANSAHI,2018-04-16T11:45:49Z
RABI,AGRICULTURE,Others,Others,"Field Preparation","Insect infestation","Spray Imidacloroprid @ 1 ml /3 lit of water",BIHAR,KATIHAR,DANDKHORA,2018-04-16T18:44:03Z
RABI,AGRICULTURE,Others,Others,"Field Preparation","Fruit cracking","Spray borax @ 2 gram in 1 liter of water",BIHAR,KATIHAR,DANDKHORA,2018-04-16T18:50:27Z
JAYAD,HORTICULTURE,Vegetables,Brinjal,"Plant Protection","fruit and shoot borer in brijal","spray rogor 2ml/lit of water in brinjal",BIHAR,KATIHAR,BARARI,2018-04-16T19:14:07Z
JAYAD,HORTICULTURE,Vegetables,Chillies,"Vegetative Propagation and Tissue Culture","varieties of chilies","varieties are pant chilies,ujala,arka mohini for chilies",BIHAR,KATIHAR,BARARI,2018-04-16T19:18:09Z
JAYAD,AGRICULTURE,Others,Others,Weather,WEATHER,"NO RAIN",BIHAR,KATIHAR,BALRAMPUR,2018-04-16T21:00:47Z
JAYAD,HORTICULTURE,Vegetables,Brinjal,"Plant Protection","FRUIT AND SHOOT BORER IN BRINJAL","SPRAY ROGOR 2ML/LIT OF WATER IN BRINJAL",BIHAR,KATIHAR,AZAMNAGAR,2018-04-16T21:11:11Z
JAYAD,HORTICULTURE,Vegetables,Bhindi(Okra/Ladysfinger),"Seeds and Planting Material","variety of bhindi","variety of bhindi-arka abhay, arka anamika, bersha uphar, okra-4",BIHAR,KATIHAR,FALKA,2018-04-17T07:40:47Z
RABI,HORTICULTURE,Vegetables,Bhindi(Okra/Ladysfinger),"Plant Protection","Cercospora Leaf Spots","Spraying Mancozeb 0.25 % control the disease.",BIHAR,KATIHAR,AZAMNAGAR,2018-04-17T08:57:57Z
RABI,HORTICULTURE,Vegetables,Bhindi(Okra/Ladysfinger),"Plant Protection",Whitefly,"?Phosalone 35 EC @ 2.5 l/ha
?Quinalphos 25 EC @ 2.0 l/ha
?Triazophos 40 EC @ 2.0 l/ha",BIHAR,KATIHAR,MANSAHI,2018-04-17T11:15:57Z
RABI,AGRICULTURE,Others,Others,Weather,"INFORMATION WEATHER","Cloudy weather today and  tomorrow little chance of rain in your area.",BIHAR,KATIHAR,KATIHAR,2018-04-17T11:29:35Z
JAYAD,HORTICULTURE,Vegetables,Chillies,"Plant Protection","WHITE FLY INSECT PROBLEM IN CHILLI","SPRAY IMIDACHLOROPRID @ 1 ML / 3 LITRE WATER",BIHAR,KATIHAR,KADWA,2018-04-17T12:50:06Z
JAYAD,AGRICULTURE,Pulses,"Green Gram (Moong Bean/ Moong)","Plant Protection","APHID INSECT PROBLEM IN MOONG","Spray Malathion @ 2 G in 1 litre of water",BIHAR,KATIHAR,KADWA,2018-04-17T12:52:02Z
JAYAD,AGRICULTURE,Others,Others,Weather,"WEATHER INFORMATION","CHANCE OF RAIN IN YOUR AREA",BIHAR,KATIHAR,KADWA,2018-04-17T12:53:58Z
JAYAD,AGRICULTURE,Pulses,"Pigeon pea (red gram/arhar/tur)",Varieties,"VARIETIES OF ARAHAR","PUSA ARAHR 16 KE LIYE KVK ME CONTACT KARE",BIHAR,KATIHAR,KATIHAR,2018-04-17T13:08:47Z
RABI,AGRICULTURE,Cereals,Wheat,Weather,"WEATHER INFORMATION","Very low cloudy area but no chance of rain",BIHAR,KATIHAR,PRANPUR,2018-04-17T14:04:58Z
RABI,AGRICULTURE,Cereals,Wheat,Weather,"WEATHER INFORMATION","Very low cloudy area but no chance of rain",BIHAR,KATIHAR,FALKA,2018-04-17T14:08:08Z
RABI,AGRICULTURE,Cereals,Wheat,Weather,"WEATHER INFORMATION","???? ???  ????? ????? ???? ?? ??????? ??",BIHAR,KATIHAR,MANIHARI,2018-04-17T16:45:35Z
JAYAD,AGRICULTURE,Others,Others,Weather,WEATHER,"NO RAIN",BIHAR,KATIHAR,BARARI,2018-04-17T20:01:01Z
JAYAD,AGRICULTURE,Others,Others,Weather,"WEATHER INFORMATION","no  chance of rain in your area",BIHAR,KATIHAR,SAMELI,2018-04-18T07:53:18Z
JAYAD,AGRICULTURE,Cereals,"Paddy (Dhan)","Plant Protection","FALSE SMUT DISEASE PROBLEM IN RICE","SPRAY CARBENDAZIM @ 2 GRAM/LITRE OF WATER",BIHAR,KATIHAR,KADWA,2018-04-18T10:51:15Z
JAYAD,AGRICULTURE,Others,Others,Weather,"WEATHER INFORMATION","but no chance of rain in your area.",BIHAR,KATIHAR,KADWA,2018-04-18T10:52:27Z
JAYAD,AGRICULTURE,Others,Others,Weather,WEATHER,"NO RAIN",BIHAR,KATIHAR,AZAMNAGAR,2018-04-18T12:52:42Z
JAYAD,HORTICULTURE,Vegetables,Bhindi(Okra/Ladysfinger),"Plant Protection","YELLOW VEIN MOSAIC","SPRAY TRIZOPHOS 2ML/LIT OF WATER IN BHINID",BIHAR,KATIHAR,BARARI,2018-04-18T13:21:24Z
RABI,AGRICULTURE,Others,Others,"Fertilizer Use and Availability","WEATHER INFORMATION","Partly cloudy in your area,but no chance of rain",BIHAR,KATIHAR,KADWA,2018-04-18T15:24:02Z
KHARIF,HORTICULTURE,Vegetables,Brinjal,"Plant Protection","fruit borer in brinjal","spray rogor 2ml/lit of water in brinjal",BIHAR,KATIHAR,AZAMNAGAR,2018-04-18T17:52:37Z
KHARIF,HORTICULTURE,Vegetables,Chillies,"Plant Protection","LEAF CURL IN CHILIES","SPRAY OMITE AND DHANZIME 3-3ML/LIT OF WATER IN CHILIES",BIHAR,KATIHAR,AZAMNAGAR,2018-04-18T17:59:20Z
JAYAD,AGRICULTURE,Others,Others,Weather,"weather information","Hazy weather in your area ,no chance of rain",BIHAR,KATIHAR,FALKA,2018-04-19T08:50:16Z
RABI,HORTICULTURE,Vegetables,Chillies,"Plant Protection","Green peach aphid","Fipronil 5 % SC 1.0 ml/lit. 
Imidacloprid 17.8 % SL 3.5 ml/10 lit.",BIHAR,KATIHAR,MANSAHI,2018-04-19T10:30:42Z
RABI,AGRICULTURE,Others,Others,Weather,"WEAHER INFORMATION","32 C 
RealFeel 33

Cloudy
  


See Hourly

> 




Today

Apr 19



35 Hi 
RealFeel 38

Increasing amounts of sun
 More  



Tonight

Apr 19



23 Lo 
RealFeel 24

Mostly cloudy and humid
 More  



Tomorrow

Apr 20



37 Hi 
RealFeel 40

Partly sunny and very",BIHAR,KATIHAR,HASANGANJ,2018-04-19T12:09:18Z
RABI,AGRICULTURE,Others,Others,Weather,"WEAHER INFORMATION","32 C 
RealFeel 33

Cloudy
  


See Hourly

> 




Today

Apr 19



35 Hi 
RealFeel 38

Increasing amounts of sun
 More  



Tonight

Apr 19



23 Lo 
RealFeel 24

Mostly cloudy and humid
 More  



Tomorrow

Apr 20



37 Hi 
RealFeel 40

Partly sunny and very",BIHAR,KATIHAR,SAMELI,2018-04-19T12:09:23Z
JAYAD,AGRICULTURE,Others,Others,Weather,"WEATHER INFORMATION","Cloudy weather in your area,no chance of rain in your area",BIHAR,KATIHAR,KORHA,2018-04-19T12:51:23Z
JAYAD,AGRICULTURE,Others,Others,Weather,weather,"no rain",BIHAR,KATIHAR,BARARI,2018-04-19T14:41:49Z
JAYAD,HORTICULTURE,Vegetables,Brinjal,"Plant Protection","FRUIT BORER IN BRINJAL","SPRAY ROGOR 2ML/LIT OF WATER FOR BRINJAL",BIHAR,KATIHAR,BARARI,2018-04-19T14:57:42Z
RABI,AGRICULTURE,Others,Others,"Plant Protection","Yellowing of leaves","Spray saaf @2gm /lit of water",BIHAR,KATIHAR,MANSAHI,2018-04-19T16:11:37Z
KHARIF,HORTICULTURE,Vegetables,Chillies,"Plant Protection","LEAF CURL IN CHILIES","SPRAY OMITE AND DHANZIME 3-3ML/LIT OF WATER IN CHILIES",BIHAR,KATIHAR,BARARI,2018-04-19T17:55:37Z
JAYAD,AGRICULTURE,Others,Others,"Weed Management","WEED MANAGEMENT RICE","Butachlore @ 2ml in 1 liter of water 2-3 days",BIHAR,KATIHAR,BARARI,2018-04-20T19:09:42Z
KHARIF,HORTICULTURE,Vegetables,Brinjal,"Plant Protection","fruit broer in brinjal","spray rogor 2ml/lit of water in brinjal",BIHAR,KATIHAR,BARARI,2018-04-20T19:50:40Z
JAYAD,AGRICULTURE,Others,Others,Weather,weather,"no rain",BIHAR,KATIHAR,BALRAMPUR,2018-04-20T21:28:27Z
JAYAD,AGRICULTURE,Others,Others,Weather,"weather information","TODAY chance of rain IN YOUR AREA",BIHAR,KATIHAR,FALKA,2018-04-21T07:34:50Z
JAYAD,AGRICULTURE,Others,Others,Weather,"weather information","TODAY chance of rain IN YOUR AREA",BIHAR,KATIHAR,FALKA,2018-04-21T07:36:51Z
JAYAD,AGRICULTURE,Others,Others,Weather,"Weather information","There will be light clouds in the sky chance of rain in your area.",BIHAR,KATIHAR,KADWA,2018-04-21T08:30:42Z
JAYAD,AGRICULTURE,Others,Others,"Soil Testing","How to take Sample for soil test","Take soil from the farm, the farm Dibider except 1 of 1 meter is to fit coined then from top to bottom is mud, mud deposited by the space above the soil to remove a pound!",BIHAR,KATIHAR,BARSOI,2018-04-21T08:39:15Z
JAYAD,AGRICULTURE,Others,Others,"Soil Health Card","SOIL TEST","CONSULT TO KISAN SALAHKAR",BIHAR,KATIHAR,DANDKHORA,2018-04-21T09:02:40Z
JAYAD,AGRICULTURE,Others,Others,Weather,"WEATHER INFORMATION","chance of rain in your area",BIHAR,KATIHAR,FALKA,2018-04-21T09:25:45Z
KHARIF,HORTICULTURE,Vegetables,Bhindi(Okra/Ladysfinger),"Nutrient Management","fruit dropping","Spray Planofix 1 ml/4-5 Litre of Water",BIHAR,KATIHAR,DANDKHORA,2018-04-21T11:09:15Z
JAYAD,HORTICULTURE,Vegetables,Chillies,"Plant Protection","WHITE FLY INSECT PROBLEM INCHILLI","Spray  Imidachloprid @ 1ml/3lit of water",BIHAR,KATIHAR,KORHA,2018-04-21T11:13:55Z
JAYAD,HORTICULTURE,Vegetables,Chillies,"Plant Protection","FLOWER DROPPING  IN CHILLI","Spray planofix @ 1ml in 4- 5 lit of water.",BIHAR,KATIHAR,KORHA,2018-04-21T11:16:46Z
JAYAD,AGRICULTURE,Others,Others,Weather,"weather information","TODAY chance of rain IN YOUR AREA",BIHAR,KATIHAR,KORHA,2018-04-21T11:19:06Z
JAYAD,AGRICULTURE,Others,Others,Weather,"Weather information","Sunny weather but no rain in your area.",BIHAR,KATIHAR,DANDKHORA,2018-04-21T14:48:00Z
JAYAD,AGRICULTURE,Others,Others,Weather,"Weather information","Sunny weather but no rain in your area.",BIHAR,KATIHAR,DANDKHORA,2018-04-21T17:00:20Z
JAYAD,AGRICULTURE,Others,Others,Weather,"Weather information","Sunny weather but no rain in your area.",BIHAR,KATIHAR,DANDKHORA,2018-04-21T21:56:30Z
RABI,HORTICULTURE,Vegetables,Brinjal,"Plant Protection","Cercospora Leaf Spot","Spraying 1 per cent Bordeaux mixture or 2 g Copper oxychloride or 2.5 g Zineb per litre of water effectively controls leaf spots.",BIHAR,KATIHAR,MANSAHI,2018-04-22T07:02:56Z
JAYAD,AGRICULTURE,Others,Others,Weather,"weather information","Hazy weather in your area ,no chance of rain",BIHAR,KATIHAR,AZAMNAGAR,2018-04-22T10:25:28Z
JAYAD,AGRICULTURE,Others,Others,Weather,"weather information","Hazy weather in your area ,no chance of rain",BIHAR,KATIHAR,KORHA,2018-04-22T13:00:57Z
KHARIF,HORTICULTURE,Vegetables,Brinjal,"Plant Protection","FRUIT BORER IN BRINJAL","SPRAY ROGOR 2ML/LIT OF WATER FOR BRINJAL",BIHAR,KATIHAR,AZAMNAGAR,2018-04-22T16:36:05Z
RABI,AGRICULTURE,Cereals,Wheat,Weather,"Weather information","????? ?? ????? ???? ??? ?????? ? ???? ?????????? ?? ??????? ??",BIHAR,KATIHAR,MANSAHI,2018-04-22T16:44:22Z
JAYAD,HORTICULTURE,Vegetables,Chillies,"Plant Protection","LEAF CURL IN CHILIES","SPRAY OMITE AND DHANZIME 3-3ML/LIT OF WATER IN CHILIES",BIHAR,KATIHAR,BARARI,2018-04-22T16:46:46Z
RABI,AGRICULTURE,Cereals,Wheat,Weather,"Weather Information","????  ??? ????? ??? ???? ??? ?????",BIHAR,KATIHAR,BARARI,2018-04-23T08:16:39Z
RABI,AGRICULTURE,Cereals,Wheat,Weather,"Weather Information","????  ??? ????? ??? ???? ??? ?????",BIHAR,KATIHAR,KURSELA,2018-04-23T10:18:55Z
JAYAD,HORTICULTURE,Fruits,Mango,"Plant Protection","FRUIT DROPPING OF MANGO","SPRAY PLANOFIX 1 ML/4-5 LITRE OF WATER",BIHAR,KATIHAR,KADWA,2018-04-23T11:48:18Z
JAYAD,HORTICULTURE,Vegetables,Bhindi(Okra/Ladysfinger),"Plant Protection","FRUIT BORER OF BHINDI","Spray Neem Oil 1500 ppm @ 2ml/ litre of water",BIHAR,KATIHAR,SAMELI,2018-04-23T13:45:55Z
RABI,AGRICULTURE,Others,Others,Weather,"Weather information","Cloudy weather in your area but no chance of rain in your area",BIHAR,KATIHAR,BARSOI,2018-04-23T15:15:38Z
JAYAD,AGRICULTURE,Others,Others,Weather,"Weather information","No chance of rain in your area",BIHAR,KATIHAR,FALKA,2018-04-23T15:37:10Z
JAYAD,HORTICULTURE,Vegetables,Bhindi(Okra/Ladysfinger),"Vegetative Propagation and Tissue Culture","VARIETIES OF BHINDI","VARIETIES ARE BHAWANI,KRISHNA,SONAL,SONAKSHI AND INDRANIL FOR BHINDI",BIHAR,KATIHAR,BARARI,2018-04-23T18:28:36Z
JAYAD,AGRICULTURE,Others,Others,Weather,weather,"NO RAIN",BIHAR,KATIHAR,AZAMNAGAR,2018-04-23T18:39:04Z
JAYAD,AGRICULTURE,Others,Others,Weather,WEATHER,"NO RAIN",BIHAR,KATIHAR,AZAMNAGAR,2018-04-23T18:49:06Z
JAYAD,HORTICULTURE,Vegetables,Bhindi(Okra/Ladysfinger),"Plant Protection","BLIGHT OF BHINDI","spray mancozeb @ 2 gm / lit of water",BIHAR,KATIHAR,KADWA,2018-04-24T09:31:32Z
JAYAD,AGRICULTURE,Others,Others,Weather,"Weather information","no chance of rain in your area",BIHAR,KATIHAR,KADWA,2018-04-24T09:32:59Z
RABI,HORTICULTURE,Vegetables,Chillies,"Plant Protection","Green peach aphid","Imidacloprid 17.8 % SL 3.5 ml/10 lit. 
Oxydemeton Methyl 25% EC 1.6 ml/lit.",BIHAR,KATIHAR,MANSAHI,2018-04-24T10:41:52Z
JAYAD,"ANIMAL HUSBANDRY",Animal,"Bovine(Cow,Buffalo)","Disease Management","disease management in animal",NA,BIHAR,KATIHAR,KATIHAR,2018-04-24T11:16:46Z
JAYAD,HORTICULTURE,Vegetables,Chillies,"Plant Protection","ROOT ROT PROBLEM IN CHILLI","Copper oxychloride @ 2 gram in 1 liter of water",BIHAR,KATIHAR,KORHA,2018-04-24T11:35:49Z
JAYAD,HORTICULTURE,Vegetables,Cucumber,"Plant Protection","WHITE FLY INSECT PROBLEM IN CUCUMBER","Spray Imidacloroprid 17.8 SL @ 1 ml / 3 lit of water",BIHAR,KATIHAR,KORHA,2018-04-24T11:38:41Z
JAYAD,HORTICULTURE,Vegetables,Cucumber,"Plant Protection","BLIGHT DISEASE PROBLEM IN CUCUMBER","Spray mancozeb @ 2g/lit of water",BIHAR,KATIHAR,KORHA,2018-04-24T11:39:59Z
JAYAD,HORTICULTURE,Vegetables,Cucumber,"Nutrient Management","NUTRIENT MANAGEMENT IN CUCUMBER","SPRAT MULTIMICRO NUTRIENT @ 2 G / LITRE WATER",BIHAR,KATIHAR,KORHA,2018-04-24T11:41:33Z
JAYAD,HORTICULTURE,Vegetables,"Pointed Gourd","Plant Protection","YELLOWING OF LEAVES OF POINTED GOURD","Spray mancozeb @ 2g/lit of water",BIHAR,KATIHAR,BARSOI,2018-04-24T13:41:11Z
JAYAD,AGRICULTURE,Others,Others,Weather,"WEATHER INFORMATION","Clear weather in your area,no chance of  rain",BIHAR,KATIHAR,BARARI,2018-04-24T15:45:48Z
JAYAD,AGRICULTURE,Others,Others,Weather,WEATHER,"NO RAIN",BIHAR,KATIHAR,AZAMNAGAR,2018-04-24T16:44:52Z
JAYAD,AGRICULTURE,Others,Others,Weather,"weather information","Cloudy weather Today & tomorrow   chance of rain",BIHAR,KATIHAR,KADWA,2018-04-25T17:00:01Z
JAYAD,AGRICULTURE,Others,Others,Weather,"weather information","Cloudy weather Today & tomorrow   chance of rain",BIHAR,KATIHAR,KADWA,2018-04-25T17:02:56Z
KHARIF,AGRICULTURE,Others,Others,"Field Preparation","WEATHER INFORMATION","Cloudy weather today and tomorrow  but no chance of rain in your area.",BIHAR,KATIHAR,MANIHARI,2018-04-25T17:29:35Z
JAYAD,AGRICULTURE,Others,Others,"Plant Protection","plant protection","Spray sulphur @ 2 gram in 1 litre of water.",BIHAR,KATIHAR,MANIHARI,2018-04-25T17:35:11Z
JAYAD,AGRICULTURE,Others,Others,"Plant Protection","plant protection","Spray planofix @ 1ml in 4- 5 lit of water.  (NAA @ 20 ppm)",BIHAR,KATIHAR,MANIHARI,2018-04-25T17:36:48Z
JAYAD,AGRICULTURE,Others,Others,Weather,"weather information","Cloudy weather Today & tomorrow   chance of rain",BIHAR,KATIHAR,KADWA,2018-04-25T18:20:35Z
KHARIF,AGRICULTURE,Others,Others,"Field Preparation","WEATHER INFORMATION","Cloudy weather today and  tomorrow little chance of rain in your area.",BIHAR,KATIHAR,BALRAMPUR,2018-04-25T19:07:47Z
KHARIF,AGRICULTURE,Others,Others,"Field Preparation","WEATHER INFORMATION","Cloudy weather today and tomorrow  but no chance of rain in your area.",BIHAR,KATIHAR,HASANGANJ,2018-04-25T19:27:09Z
KHARIF,AGRICULTURE,Others,Others,"Field Preparation","WEATHER INFORMATION","Cloudy weather today and tomorrow  but no chance of rain in your area.",BIHAR,KATIHAR,BALRAMPUR,2018-04-25T19:37:59Z
KHARIF,AGRICULTURE,Others,Others,"Field Preparation","WEATHER INFORMATION","Cloudy weather today and tomorrow  but no chance of rain in your area.",BIHAR,KATIHAR,KADWA,2018-04-25T19:49:23Z
RABI,AGRICULTURE,Others,Others,Weather,"Weather Information","Cloudy weather today and tomorrow little chance of rain.",BIHAR,KATIHAR,SAMELI,2018-04-26T08:36:09Z
JAYAD,AGRICULTURE,Others,Others,"Plant Protection","Growth regulator in mango","Spray Planofix @ 1 ml in 5 liter of water",BIHAR,KATIHAR,DANDKHORA,2018-04-26T11:04:22Z
RABI,HORTICULTURE,Vegetables,Chillies,"Plant Protection","Gram caterpillar","Indoxacarb 14.5 % SC 6.5 ml/10 lit. 
Novaluron 10 % EC 7.5 ml/10 lit.",BIHAR,KATIHAR,MANSAHI,2018-04-26T11:58:27Z
JAYAD,AGRICULTURE,Others,Others,"Nutrient Management","NUTRIENT  MANAGEMENT IN MAKHANA","Spray multi micro nutrients @ 2 G in 1 liter of water",BIHAR,KATIHAR,MANIHARI,2018-04-26T12:19:07Z
JAYAD,AGRICULTURE,Others,Others,Weather,"WEATHER INFORMATION","TODAY AND TOMARROW CHANCE OF RAIN IN YOUR AREA",BIHAR,KATIHAR,MANIHARI,2018-04-26T12:22:31Z
JAYAD,AGRICULTURE,Others,Others,Weather,"Insect infestation","Spray malathion @ 2 gram in 1 liter of water",BIHAR,KATIHAR,AZAMNAGAR,2018-04-26T12:30:12Z
JAYAD,AGRICULTURE,Others,Others,"Plant Protection","Yellow leaf problem","Copper oxychloride @ 2 gram in 1 liter of water",BIHAR,KATIHAR,AZAMNAGAR,2018-04-26T12:34:10Z
JAYAD,AGRICULTURE,Others,Others,"Plant Protection","Insect infestation","Spray Imidacloroprid @ 1 ml / 3 lit of water",BIHAR,KATIHAR,KORHA,2018-04-26T14:16:09Z
JAYAD,AGRICULTURE,Others,Others,Weather,"Weather Information","Cloudy weather today and tomorrow little chance of rain.",BIHAR,KATIHAR,BARARI,2018-04-26T15:10:19Z
RABI,AGRICULTURE,Cereals,Wheat,Weather,"WEATHER INFORMATION","?? ???? ??????? ??? ???? ??? ????? ?????  ????? ?? ???  ???????  ??? ??",BIHAR,KATIHAR,KADWA,2018-04-26T15:38:29Z
RABI,AGRICULTURE,Cereals,Wheat,Weather,"WEATHER INFORMATION","?? ???? ??????? ??? ???? ??? ????? ?????  ????? ?? ???  ???????  ??? ??",BIHAR,KATIHAR,PRANPUR,2018-04-26T15:53:28Z
RABI,HORTICULTURE,Vegetables,Brinjal,"Plant Protection","Stem borer","Light trap @1/ha to attract and kill adults
Spray neem oil 2ml/lit",BIHAR,KATIHAR,MANSAHI,2018-04-27T06:16:03Z
RABI,HORTICULTURE,Vegetables,"Bottle Gourd","Fertilizer Use and Availability","Application of fertilizers","Apply 10 kg of FYM (20 t/ha), 100 g of NPK 6:12:12 mixture/pit as basal and 10 g of N/pit 30 days after sowing.Apply Azospirillum and Phosphobacteria 2 kg/ha and Pseudomonas 2.5 kg/ha along with FYM 50 kg and neem cake @ 100 kg before last ploughing",BIHAR,KATIHAR,KATIHAR,2018-04-27T07:04:53Z
KHARIF,HORTICULTURE,Fruits,Mango,"Nutrient Management","FRUIT BLACKENING","Spray borex @2 ml in 1 litre of water",BIHAR,KATIHAR,KADWA,2018-04-27T11:01:21Z
KHARIF,HORTICULTURE,Fruits,Mango,"Nutrient Management","FRUIT DROPPING IN MANGO","Spray planofix @ 1 ml in 4.5- 5 liter of water",BIHAR,KATIHAR,KADWA,2018-04-27T11:04:11Z
JAYAD,AGRICULTURE,Others,Others,Weather,"WEATHER INFORMATION","TODAY AND TOMARROW CHANCE OF RAIN IN YOUR AREA",BIHAR,KATIHAR,BARARI,2018-04-27T13:51:08Z
JAYAD,AGRICULTURE,Others,Others,Weather,"WEATHER INFORMATION","TODAY AND TOMARROW CHANCE OF RAIN IN YOUR AREA",BIHAR,KATIHAR,FALKA,2018-04-27T13:54:40Z
JAYAD,HORTICULTURE,Vegetables,Chillies,"Plant Protection","LEAF CURL IN CHILIES","SPRAY OMITE AND DHANZIME 3-3ML/LIT OF WATER IN CHILIES",BIHAR,KATIHAR,BARARI,2018-04-27T16:29:49Z
JAYAD,"ANIMAL HUSBANDRY",Animal,"Bovine(Cow,Buffalo)","Disease Management","DISEASE PROBLEM IN COW","CONTACT TO VETNARY DOCTOR IN YOUR BLOCK",BIHAR,KATIHAR,BARARI,2018-04-27T16:31:47Z
JAYAD,AGRICULTURE,Others,Others,Weather,"WEATHER INFORMATION","TODAY AND TOMARROW CHANCE OF RAIN IN YOUR AREA",BIHAR,KATIHAR,KORHA,2018-04-27T18:34:37Z
JAYAD,AGRICULTURE,Others,Others,Weather,"WEATHER INFORMATION","TODAY AND TOMARROW CHANCE OF RAIN IN YOUR AREA",BIHAR,KATIHAR,KORHA,2018-04-27T18:37:10Z
JAYAD,HORTICULTURE,Vegetables,Chillies,"Plant Protection","LEAF CURL IN CHILIES","SPRAY OMITE AND DHANZIME 3-3ML/LIT OF WATER IN CHILIES",BIHAR,KATIHAR,AZAMNAGAR,2018-04-27T21:04:27Z
JAYAD,AGRICULTURE,Others,Others,Weather,WEATHER,"NO RAIN",BIHAR,KATIHAR,KORHA,2018-04-27T21:17:12Z
JAYAD,AGRICULTURE,Others,Others,Weather,"WEATHER INFORMATION","TODAY AND TOMARROW CHANCE OF RAIN IN YOUR AREA",BIHAR,KATIHAR,KORHA,2018-04-27T21:30:43Z
RABI,HORTICULTURE,Vegetables,Bhindi(Okra/Ladysfinger),"Plant Protection","Cercospora Leaf Spots","Spraying Mancozeb 0.25 % control the disease.",BIHAR,KATIHAR,MANSAHI,2018-04-28T09:15:20Z
JAYAD,AGRICULTURE,Others,Others,Weather,"WEATHER INFORMATION","TODAY AND TOMORROW CHANCE OF RAIN",BIHAR,KATIHAR,FALKA,2018-04-28T10:33:41Z
JAYAD,AGRICULTURE,Others,Others,Weather,"WEATHER INFORMATION","TODAY AND TOMORROW CHANCE OF RAIN",BIHAR,KATIHAR,HASANGANJ,2018-04-28T10:41:01Z
JAYAD,AGRICULTURE,"Fiber Crops",Jute,"Cultural Practices","FERTILIZER DOSE FOR JUTE","Apply 10 kg of N at 20 - 25 days after first weeding(3-4 weeks) and then again on 35 - 40 days after second weeding as top dressing.",BIHAR,KATIHAR,AZAMNAGAR,2018-04-28T12:00:09Z
JAYAD,AGRICULTURE,Others,Others,Weather,"WEATHER INFORMATION","TODAY AN TOMORROW CHANCE OF RAIN",BIHAR,KATIHAR,DANDKHORA,2018-04-28T12:07:13Z
JAYAD,HORTICULTURE,Vegetables,Chillies,"Plant Protection","INSECT INFESTATION IN CHILLY","SPRAY NEEM OIL @ 2 ML PER LITRE WATER",BIHAR,KATIHAR,DANDKHORA,2018-04-28T12:08:44Z
JAYAD,AGRICULTURE,Others,Others,Weather,"WEATHER INFORMATION","TODAY AND TOMARROW CHANCE OF RAIN IN YOUR AREA",BIHAR,KATIHAR,MANSAHI,2018-04-28T12:40:22Z
JAYAD,AGRICULTURE,Cereals,"Paddy (Dhan)","Plant Protection","GUNDHI BUG INSECT PROBLEM IN RICE","Spray imidachloprid @1ml/3lit of water",BIHAR,KATIHAR,MANIHARI,2018-04-28T12:53:45Z
JAYAD,"ANIMAL HUSBANDRY",Animal,"Bovine(Cow,Buffalo)","Livestock Products Processing and Packaging","animal husbandry  Toll Free","18001805444/5666 1800 425 0012,080-23417100",BIHAR,KATIHAR,SAMELI,2018-04-28T13:03:36Z
JAYAD,AGRICULTURE,Others,Others,Weather,"WEATHER INFORMATION","CLOUDY WEATHER, CHANCE OF RAIN",BIHAR,KATIHAR,BALRAMPUR,2018-04-28T16:27:15Z
RABI,AGRICULTURE,Cereals,Wheat,Weather,"WEATHER INFORMATION","?? ???? ??????? ??? ???? ??? ????? ?????  ????? ?? ???  ???????  ??? ??",BIHAR,KATIHAR,KURSELA,2018-04-28T16:53:52Z
JAYAD,AGRICULTURE,Pulses,"Green Gram (Moong Bean/ Moong)",Varieties,"VARIETIES OF MOONG","VARIETIES ARE SONA,SMRAT,PUSA VISHAL FOR MOONG",BIHAR,KATIHAR,AZAMNAGAR,2018-04-28T21:01:30Z
RABI,HORTICULTURE,Vegetables,Chillies,"Plant Protection","Yellow mite or muranai mite","Chlorfenapyr 10 % SC 1.5 ml/lit. 
Diafenthiuron 50 % WP 8.0 g/10 lit. 
Dimethoate 30 % EC 1.0 ml/lit.",BIHAR,KATIHAR,MANSAHI,2018-04-29T06:15:38Z
JAYAD,AGRICULTURE,Others,Others,Weather,"Weather information","TODAY AND TOMORROW CHANCE OF RAIN",BIHAR,KATIHAR,KORHA,2018-04-29T08:03:02Z
JAYAD,AGRICULTURE,Others,Others,Weather,"WEATHER INFORMATION","TODAY AND TOMARROW CHANCE OF RAIN IN YOUR AREA",BIHAR,KATIHAR,KADWA,2018-04-29T11:42:46Z
JAYAD,AGRICULTURE,Others,Others,Weather,"WEATHER INFORMATION","Cloudy weather in your area, chance of rain in your area",BIHAR,KATIHAR,KORHA,2018-04-29T13:40:17Z
JAYAD,AGRICULTURE,Others,Others,Weather,"WEATHER INFORMATION","Cloudy weather in your area, chance of rain in your area",BIHAR,KATIHAR,KORHA,2018-04-29T13:41:33Z
JAYAD,AGRICULTURE,Others,Others,Weather,"weather information","Cloudy weather Today & tomorrow   chance of rain",BIHAR,KATIHAR,AZAMNAGAR,2018-04-29T16:32:52Z
JAYAD,AGRICULTURE,Others,Others,Weather,"weather information","Cloudy weather Today & tomorrow   chance of rain",BIHAR,KATIHAR,AZAMNAGAR,2018-04-29T16:33:07Z
JAYAD,AGRICULTURE,Others,Others,Weather,"weather information","Cloudy weather Today & tomorrow   chance of rain",BIHAR,KATIHAR,AZAMNAGAR,2018-04-29T16:33:21Z
JAYAD,AGRICULTURE,Others,Others,Weather,"weather information","Cloudy weather Today & tomorrow   chance of rain",BIHAR,KATIHAR,AZAMNAGAR,2018-04-29T16:33:35Z
JAYAD,AGRICULTURE,Others,Others,Weather,"weather information","Cloudy weather Today & tomorrow   chance of rain",BIHAR,KATIHAR,AZAMNAGAR,2018-04-29T16:33:47Z
JAYAD,AGRICULTURE,Others,Others,Weather,"Weather information","Heavy Cloudy weather in your area, chance of rain in your area",BIHAR,KATIHAR,KURSELA,2018-04-29T17:23:48Z
JAYAD,AGRICULTURE,Oilseeds,"Sunflower (suryamukhi)",Varieties,"varieties of sunflower","varieties are morden,surya,for sunflowre",BIHAR,KATIHAR,BARARI,2018-04-29T18:12:41Z
JAYAD,HORTICULTURE,Vegetables,Brinjal,"Plant Protection","FRUIT BORER IN BRINJAL","SPRAY IMIDACHLOROPRID 1ML/3LIT OF WATER IN BRINJAL",BIHAR,KATIHAR,AZAMNAGAR,2018-04-29T20:16:09Z
JAYAD,AGRICULTURE,Millets,"FingerMillet  (Ragi/Mandika)",Varieties,"varieties of fingermillet","varieties are v.r-708,352,r.a.u-3 for minger milet",BIHAR,KATIHAR,BARARI,2018-04-29T20:33:25Z
JAYAD,AGRICULTURE,Millets,"FingerMillet  (Ragi/Mandika)",Varieties,"varieties of millet","varieties are v.r-708,352,r.a.u-3 for minger milet",BIHAR,KATIHAR,BARARI,2018-04-29T21:03:54Z
RABI,AGRICULTURE,Cereals,Wheat,Weather,"WEATHER INFORMATION","TODAY AND TOMARROW CHANCE OF RAIN IN YOUR AREA",BIHAR,KATIHAR,KORHA,2018-04-29T21:14:45Z
JAYAD,AGRICULTURE,Others,Others,Weather,"WEATHER INFORMATION","Cloudy weather in your area,no chance of rain in your area",BIHAR,KATIHAR,HASANGANJ,2018-04-30T10:20:19Z
JAYAD,AGRICULTURE,Others,Others,Weather,weather,"no rain",BIHAR,KATIHAR,AZAMNAGAR,2018-04-30T10:30:07Z
JAYAD,AGRICULTURE,Others,Others,Weather,"Weather information","Cloudy weather in your area and there of chance of rain in",BIHAR,KATIHAR,BARARI,2018-04-30T10:35:09Z
JAYAD,AGRICULTURE,Others,Others,Weather,"Weather information","Cloudy weather in your area chance of rain in your area",BIHAR,KATIHAR,HASANGANJ,2018-04-30T10:47:27Z
JAYAD,AGRICULTURE,Others,Others,Weather,"Weather information","????? ??  ???? ??? ?????? ????? ???? ?? ???????  ??",BIHAR,KATIHAR,AZAMNAGAR,2018-04-30T10:59:13Z
JAYAD,AGRICULTURE,Others,Others,Weather,"Weather information","Cloudy weather in your area, chance of rain in your",BIHAR,KATIHAR,HASANGANJ,2018-04-30T12:19:10Z
JAYAD,AGRICULTURE,Others,Others,Weather,"Weather information","Cloudy weather in your area, chance of rain in your area",BIHAR,KATIHAR,HASANGANJ,2018-04-30T12:21:06Z
JAYAD,AGRICULTURE,Others,Others,"Plant Protection","Insect infestation","Spray Neem Oil 1500 ppm @ 2ml/ liter of water",BIHAR,KATIHAR,DANDKHORA,2018-04-30T15:31:50Z
JAYAD,HORTICULTURE,Vegetables,Brinjal,"Plant Protection","FRUIT BORRER in brinjal","spray imidachloroprid 1ml/3lit of water inbrinjal",BIHAR,KATIHAR,AZAMNAGAR,2018-04-30T16:02:12Z
JAYAD,AGRICULTURE,Others,Others,"Nutrient Management","Nutritional medicine","Spray Multi micro nutrient @ 2 gram in 1 liter of water",BIHAR,KATIHAR,DANDKHORA,2018-04-30T20:08:26Z
