Season,Sector,Category,Crop,QueryType,QueryText,KCCAns,StateName,DistrictName,BlockName,CreatedOn
RABI,HORTICULTURE,Vegetables,Chillies,"Plant Protection","Gram caterpillar","Novaluron 10 % EC 7.5 ml/10 lit. 
Spinosad 45 % SC 3.2 ml/10 lit. 
Thiodicarb 75 % WP 2.0 g/lit.",BIHAR,BHOJPUR,CHARPOKHARI,2018-08-01T13:22:49Z
RABI,HORTICULTURE,Vegetables,Chillies,"Plant Protection","Gram caterpillar","Novaluron 10 % EC 7.5 ml/10 lit. 
Spinosad 45 % SC 3.2 ml/10 lit. 
Thiodicarb 75 % WP 2.0 g/lit.",BIHAR,BHOJPUR,CHARPOKHARI,2018-08-01T13:22:49Z
RABI,HORTICULTURE,Vegetables,Brinjal,"Plant Protection","Cercospora Leaf Spots","•Spraying Mancozeb 0.25 % control the disease.",BIHAR,BHOJPUR,TARARI,2018-08-02T10:42:26Z
RABI,HORTICULTURE,Vegetables,Brinjal,"Plant Protection","Cercospora Leaf Spots","•Spraying Mancozeb 0.25 % control the disease.",BIHAR,BHOJPUR,TARARI,2018-08-02T10:42:26Z
KHARIF,AGRICULTURE,Others,Others,Weather,"WEATHER INFORMATION","Heavy Cloudy weather in your area,chance of rain in your area",BIHAR,BHOJPUR,ARA,2018-08-02T16:00:52Z
KHARIF,AGRICULTURE,Others,Others,Weather,"WEATHER INFORMATION","Heavy Cloudy weather in your area,chance of rain in your area",BIHAR,BHOJPUR,ARA,2018-08-02T16:00:52Z
KHARIF,AGRICULTURE,Others,Others,Weather,"WEATHER INFORMATION","Heavy Cloudy weather in your area,chance of rain in your area",BIHAR,BHOJPUR,ARA,2018-08-02T16:01:05Z
KHARIF,AGRICULTURE,Others,Others,Weather,"WEATHER INFORMATION","Heavy Cloudy weather in your area,chance of rain in your area",BIHAR,BHOJPUR,ARA,2018-08-02T16:01:05Z
KHARIF,AGRICULTURE,Others,Others,Weather,"WEATHER INFORMATION","Heavy Cloudy weather in your area,chance of rain in your area",BIHAR,BHOJPUR,ARA,2018-08-02T16:01:20Z
KHARIF,AGRICULTURE,Others,Others,Weather,"WEATHER INFORMATION","Heavy Cloudy weather in your area,chance of rain in your area",BIHAR,BHOJPUR,ARA,2018-08-02T16:01:20Z
KHARIF,AGRICULTURE,Others,Others,Weather,"fertilizer used in mango","compost-60 kg,urea-2kg,ssp-5kg mop-2kg,arandi cake-5g/tree",BIHAR,BHOJPUR,ARA,2018-08-03T11:31:42Z
KHARIF,AGRICULTURE,Others,Others,Weather,"fertilizer used in mango","compost-60 kg,urea-2kg,ssp-5kg mop-2kg,arandi cake-5g/tree",BIHAR,BHOJPUR,ARA,2018-08-03T11:31:42Z
RABI,HORTICULTURE,Vegetables,Brinjal,"Plant Protection","Brown leaf hopper","•Spray with dimethoate 0.3%",BIHAR,BHOJPUR,TARARI,2018-08-03T11:42:40Z
RABI,HORTICULTURE,Vegetables,Brinjal,"Plant Protection","Brown leaf hopper","•Spray with dimethoate 0.3%",BIHAR,BHOJPUR,TARARI,2018-08-03T11:42:40Z
KHARIF,AGRICULTURE,Others,Others,"Weed Management","weed management in bajara","atrazine-1 kg/ha",BIHAR,BHOJPUR,KOILWAR,2018-08-03T12:07:18Z
KHARIF,AGRICULTURE,Others,Others,"Weed Management","weed management in bajara","atrazine-1 kg/ha",BIHAR,BHOJPUR,KOILWAR,2018-08-03T12:07:18Z
KHARIF,AGRICULTURE,Others,Others,Weather,"WEATHER INFORMATION","Cloudy weather in your area, chance of rain in your area .",BIHAR,BHOJPUR,PIRO,2018-08-06T07:25:29Z
KHARIF,AGRICULTURE,Others,Others,Weather,"WEATHER INFORMATION","Cloudy weather in your area, chance of rain in your area .",BIHAR,BHOJPUR,PIRO,2018-08-06T07:25:29Z
RABI,HORTICULTURE,Vegetables,Chillies,"Plant Protection","Chilli thrips","Imidacloprid 17.8 % SL 3.0 ml/10 lit. 
Dimethoate 30 % EC 1.0 ml/lit.",BIHAR,BHOJPUR,TARARI,2018-08-07T07:00:10Z
RABI,HORTICULTURE,Vegetables,Chillies,"Plant Protection","Chilli thrips","Imidacloprid 17.8 % SL 3.0 ml/10 lit. 
Dimethoate 30 % EC 1.0 ml/lit.",BIHAR,BHOJPUR,TARARI,2018-08-07T07:00:10Z
KHARIF,AGRICULTURE,Others,Others,"Field Preparation","yellow leaf on chilli","copperoxychlorid@ 2 g/lit water spray",BIHAR,BHOJPUR,BARHARA,2018-08-07T17:33:40Z
KHARIF,AGRICULTURE,Others,Others,"Field Preparation","yellow leaf on chilli","copperoxychlorid@ 2 g/lit water spray",BIHAR,BHOJPUR,BARHARA,2018-08-07T17:33:40Z
KHARIF,AGRICULTURE,Others,Others,"Government Schemes","DBT PROBLEM","consult to bashudha or C.S.C. centre",BIHAR,BHOJPUR,BEHEA,2018-08-08T09:34:28Z
KHARIF,AGRICULTURE,Others,Others,"Government Schemes","DBT PROBLEM","consult to bashudha or C.S.C. centre",BIHAR,BHOJPUR,BEHEA,2018-08-08T09:34:28Z
RABI,HORTICULTURE,Vegetables,Brinjal,"Plant Protection","Brown leaf hopper","•Before transplantation dip the seedlings in 0.2% carbofuran 50 STD solution (control insect vectors)
•Spray with dimethoate 0.3%",BIHAR,BHOJPUR,TARARI,2018-08-08T11:27:57Z
RABI,HORTICULTURE,Vegetables,Brinjal,"Plant Protection","Brown leaf hopper","•Before transplantation dip the seedlings in 0.2% carbofuran 50 STD solution (control insect vectors)
•Spray with dimethoate 0.3%",BIHAR,BHOJPUR,TARARI,2018-08-08T11:27:57Z
KHARIF,AGRICULTURE,Others,Others,"Government Schemes","PROBLEM RELATED  TO DBT","consult to bashudha or C.S.C. centre",BIHAR,BHOJPUR,ARA,2018-08-08T11:48:14Z
KHARIF,AGRICULTURE,Others,Others,"Government Schemes","PROBLEM RELATED  TO DBT","consult to bashudha or C.S.C. centre",BIHAR,BHOJPUR,ARA,2018-08-08T11:48:14Z
KHARIF,AGRICULTURE,Others,Others,"Government Schemes","farmer registration","For farmer registration : www.krishimis.in",BIHAR,BHOJPUR,TARARI,2018-08-08T12:29:52Z
KHARIF,AGRICULTURE,Others,Others,"Government Schemes","farmer registration","For farmer registration : www.krishimis.in",BIHAR,BHOJPUR,TARARI,2018-08-08T12:29:52Z
KHARIF,AGRICULTURE,Others,Others,"Field Preparation","Weather information","Cloudy weather, no rain likely.",BIHAR,BHOJPUR,PIRO,2018-08-08T21:46:20Z
KHARIF,AGRICULTURE,Others,Others,"Field Preparation","Weather information","Cloudy weather, no rain likely.",BIHAR,BHOJPUR,PIRO,2018-08-08T21:46:20Z
KHARIF,AGRICULTURE,Cereals,"Paddy (Dhan)",Weather,"Weather information","???? ???  ????? ????? ???? ?? ??????? ??",BIHAR,BHOJPUR,PIRO,2018-08-09T10:26:56Z
KHARIF,AGRICULTURE,Cereals,"Paddy (Dhan)",Weather,"Weather information","???? ???  ????? ????? ???? ?? ??????? ??",BIHAR,BHOJPUR,PIRO,2018-08-09T10:26:56Z
KHARIF,AGRICULTURE,Cereals,"Paddy (Dhan)",Weather,"Weather information","???? ???  ????? ????? ???? ?? ??????? ??",BIHAR,BHOJPUR,PIRO,2018-08-09T10:53:46Z
KHARIF,AGRICULTURE,Cereals,"Paddy (Dhan)",Weather,"Weather information","???? ???  ????? ????? ???? ?? ??????? ??",BIHAR,BHOJPUR,PIRO,2018-08-09T10:53:46Z
KHARIF,AGRICULTURE,Cereals,"Paddy (Dhan)",Weather,"Weather information","???? ???  ????? ????? ???? ?? ??????? ??",BIHAR,BHOJPUR,UDWANTNAGAR,2018-08-09T12:52:02Z
KHARIF,AGRICULTURE,Cereals,"Paddy (Dhan)",Weather,"Weather information","???? ???  ????? ????? ???? ?? ??????? ??",BIHAR,BHOJPUR,UDWANTNAGAR,2018-08-09T12:52:02Z
KHARIF,AGRICULTURE,Cereals,"Paddy (Dhan)",Weather,"Weather information","???? ???  ????? ????? ???? ?? ??????? ??",BIHAR,BHOJPUR,UDWANTNAGAR,2018-08-09T12:52:15Z
KHARIF,AGRICULTURE,Cereals,"Paddy (Dhan)",Weather,"Weather information","???? ???  ????? ????? ???? ?? ??????? ??",BIHAR,BHOJPUR,UDWANTNAGAR,2018-08-09T12:52:15Z
KHARIF,AGRICULTURE,Cereals,"Paddy (Dhan)",Weather,"Weather information","???? ???  ????? ????? ???? ?? ??????? ??",BIHAR,BHOJPUR,UDWANTNAGAR,2018-08-09T12:52:27Z
KHARIF,AGRICULTURE,Cereals,"Paddy (Dhan)",Weather,"Weather information","???? ???  ????? ????? ???? ?? ??????? ??",BIHAR,BHOJPUR,UDWANTNAGAR,2018-08-09T12:52:27Z
KHARIF,AGRICULTURE,Cereals,"Paddy (Dhan)",Weather,"Weather information","???? ???  ????? ????? ???? ?? ??????? ??",BIHAR,BHOJPUR,UDWANTNAGAR,2018-08-09T12:52:33Z
KHARIF,AGRICULTURE,Cereals,"Paddy (Dhan)",Weather,"Weather information","???? ???  ????? ????? ???? ?? ??????? ??",BIHAR,BHOJPUR,UDWANTNAGAR,2018-08-09T12:52:33Z
KHARIF,AGRICULTURE,Cereals,"Paddy (Dhan)",Weather,"Weather information","???? ???  ????? ????? ???? ?? ??????? ??",BIHAR,BHOJPUR,UDWANTNAGAR,2018-08-09T12:52:45Z
KHARIF,AGRICULTURE,Cereals,"Paddy (Dhan)",Weather,"Weather information","???? ???  ????? ????? ???? ?? ??????? ??",BIHAR,BHOJPUR,UDWANTNAGAR,2018-08-09T12:52:45Z
KHARIF,AGRICULTURE,Others,Others,"Government Schemes","PROBLEM RELATED TO DBT","AAP BLOCK ME CONTACT KARE",BIHAR,BHOJPUR,ARA,2018-08-10T07:32:02Z
KHARIF,AGRICULTURE,Others,Others,"Government Schemes","PROBLEM RELATED TO DBT","AAP BLOCK ME CONTACT KARE",BIHAR,BHOJPUR,ARA,2018-08-10T07:32:02Z
KHARIF,AGRICULTURE,Cereals,"Paddy (Dhan)",Weather,"Weather information","???? ???  ????? ????? ???? ?? ??????? ??",BIHAR,BHOJPUR,PIRO,2018-08-10T12:31:00Z
KHARIF,AGRICULTURE,Cereals,"Paddy (Dhan)",Weather,"Weather information","???? ???  ????? ????? ???? ?? ??????? ??",BIHAR,BHOJPUR,PIRO,2018-08-10T12:31:00Z
KHARIF,WEATHER,Weather,Weather,Weather,"WEATHER INFORMATION","Cloudy weather in your area, chance of rain in your area .",BIHAR,BHOJPUR,KOILWAR,2018-08-11T12:38:42Z
KHARIF,WEATHER,Weather,Weather,Weather,"WEATHER INFORMATION","Cloudy weather in your area, chance of rain in your area .",BIHAR,BHOJPUR,KOILWAR,2018-08-11T12:38:42Z
KHARIF,WEATHER,Weather,Weather,Weather,"WEATHER INFORMATION","CHANCE OF RAIN IN YOUR AREA",BIHAR,BHOJPUR,TARARI,2018-08-13T08:38:01Z
KHARIF,WEATHER,Weather,Weather,Weather,"WEATHER INFORMATION","CHANCE OF RAIN IN YOUR AREA",BIHAR,BHOJPUR,TARARI,2018-08-13T08:38:01Z
KHARIF,AGRICULTURE,Others,Others,"Field Preparation","weed problem in paddy","nomnigold@2 ml/lit water spray",BIHAR,BHOJPUR,KOILWAR,2018-08-13T16:01:15Z
KHARIF,AGRICULTURE,Others,Others,"Field Preparation","weed problem in paddy","nomnigold@2 ml/lit water spray",BIHAR,BHOJPUR,KOILWAR,2018-08-13T16:01:15Z
KHARIF,WEATHER,Weather,Weather,Weather,"WEATHER INFORMATION","???? ??? ????? ????? ???? ?? ??????? ??",BIHAR,BHOJPUR,PIRO,2018-08-13T16:02:58Z
KHARIF,WEATHER,Weather,Weather,Weather,"WEATHER INFORMATION","???? ??? ????? ????? ???? ?? ??????? ??",BIHAR,BHOJPUR,PIRO,2018-08-13T16:02:58Z
KHARIF,HORTICULTURE,Vegetables,Chillies,"Plant Protection","leaf curl in chilies","spray omite and dhanzime 3-3ml/lit of water in chilies",BIHAR,BHOJPUR,ARA,2018-08-13T21:48:22Z
KHARIF,HORTICULTURE,Vegetables,Chillies,"Plant Protection","leaf curl in chilies","spray omite and dhanzime 3-3ml/lit of water in chilies",BIHAR,BHOJPUR,ARA,2018-08-13T21:48:22Z
KHARIF,WEATHER,Weather,Weather,Weather,"Weather Information","There will be cloud in your area today and tomorrow and there is a possibility of rain",BIHAR,BHOJPUR,TARARI,2018-08-14T21:10:25Z
KHARIF,WEATHER,Weather,Weather,Weather,"Weather Information","There will be cloud in your area today and tomorrow and there is a possibility of rain",BIHAR,BHOJPUR,TARARI,2018-08-14T21:10:25Z
KHARIF,WEATHER,Weather,Weather,Weather,"WEATHER INFORMATION","Cloudy weather in your area, chance of rain in your area",BIHAR,BHOJPUR,AGIAON,2018-08-15T13:23:45Z
KHARIF,WEATHER,Weather,Weather,Weather,"WEATHER INFORMATION","Cloudy weather in your area, chance of rain in your area",BIHAR,BHOJPUR,AGIAON,2018-08-15T13:23:45Z
KHARIF,HORTICULTURE,Vegetables,Cabbage,"Vegetative Propagation and Tissue Culture","VARIETIES OF TOMATO","VARIETIES ARE VAISHALI,RUPALI,ARKA RAKSHAK,ARKA VISHAL FOR TOMATO",BIHAR,BHOJPUR,TARARI,2018-08-15T20:08:54Z
KHARIF,HORTICULTURE,Vegetables,Cabbage,"Vegetative Propagation and Tissue Culture","VARIETIES OF TOMATO","VARIETIES ARE VAISHALI,RUPALI,ARKA RAKSHAK,ARKA VISHAL FOR TOMATO",BIHAR,BHOJPUR,TARARI,2018-08-15T20:08:54Z
KHARIF,AGRICULTURE,Others,Others,"Government Schemes","problem related to dbt","aap cse me contact kare",BIHAR,BHOJPUR,KOILWAR,2018-08-16T12:42:28Z
KHARIF,AGRICULTURE,Others,Others,"Government Schemes","problem related to dbt","aap cse me contact kare",BIHAR,BHOJPUR,KOILWAR,2018-08-16T12:42:28Z
KHARIF,AGRICULTURE,Others,Others,Weather,"Weather Information","Cloudy weather in your area, chance of rain in your area.",BIHAR,BHOJPUR,UDWANTNAGAR,2018-08-17T13:26:41Z
KHARIF,AGRICULTURE,Others,Others,Weather,"Weather Information","Cloudy weather in your area, chance of rain in your area.",BIHAR,BHOJPUR,UDWANTNAGAR,2018-08-17T13:26:41Z
KHARIF,AGRICULTURE,Others,Others,"Field Preparation","yellow leaf on paddy","copperoxychlorid@2 g/lit water spray",BIHAR,BHOJPUR,PIRO,2018-08-17T16:12:59Z
KHARIF,AGRICULTURE,Others,Others,"Field Preparation","yellow leaf on paddy","copperoxychlorid@2 g/lit water spray",BIHAR,BHOJPUR,PIRO,2018-08-17T16:12:59Z
KHARIF,AGRICULTURE,Others,Others,Weather,"Weather information","Cloudy weather in your area,but no chance of rain.",BIHAR,BHOJPUR,CHARPOKHARI,2018-08-17T18:58:17Z
KHARIF,AGRICULTURE,Others,Others,Weather,"Weather information","Cloudy weather in your area,but no chance of rain.",BIHAR,BHOJPUR,CHARPOKHARI,2018-08-17T18:58:17Z
KHARIF,WEATHER,Weather,Weather,Weather,"Weather Information","Cloudy weather in your area, chance of rain in your area.",BIHAR,BHOJPUR,JAGDISHPUR,2018-08-18T12:18:43Z
KHARIF,WEATHER,Weather,Weather,Weather,"Weather Information","Cloudy weather in your area, chance of rain in your area.",BIHAR,BHOJPUR,JAGDISHPUR,2018-08-18T12:18:43Z
KHARIF,WEATHER,Weather,Weather,Weather,"Weather Information","Cloudy weather in your area, chance of rain in your area.",BIHAR,BHOJPUR,JAGDISHPUR,2018-08-18T12:20:36Z
KHARIF,WEATHER,Weather,Weather,Weather,"Weather Information","Cloudy weather in your area, chance of rain in your area.",BIHAR,BHOJPUR,JAGDISHPUR,2018-08-18T12:20:36Z
KHARIF,WEATHER,Weather,Weather,Weather,"PROBLEM RELATED TO DBT","AAP CSC  ME CONTACT KARE",BIHAR,BHOJPUR,TARARI,2018-08-18T13:33:48Z
KHARIF,WEATHER,Weather,Weather,Weather,"PROBLEM RELATED TO DBT","AAP CSC  ME CONTACT KARE",BIHAR,BHOJPUR,TARARI,2018-08-18T13:33:48Z
KHARIF,WEATHER,Weather,Weather,Weather,"WEATHER INFORMATION","NO RAIN FALL.",BIHAR,BHOJPUR,KOILWAR,2018-08-18T16:21:56Z
KHARIF,WEATHER,Weather,Weather,Weather,"WEATHER INFORMATION","NO RAIN FALL.",BIHAR,BHOJPUR,KOILWAR,2018-08-18T16:21:56Z
KHARIF,WEATHER,Weather,Weather,Weather,"WEATHER INFORMATION","NO RAIN FALL.",BIHAR,BHOJPUR,UDWANTNAGAR,2018-08-18T16:22:03Z
KHARIF,WEATHER,Weather,Weather,Weather,"WEATHER INFORMATION","NO RAIN FALL.",BIHAR,BHOJPUR,UDWANTNAGAR,2018-08-18T16:22:03Z
KHARIF,AGRICULTURE,Others,Others,"Field Preparation","Weather Information","Cloudy weather Today & tomorrow  no   chance of rain",BIHAR,BHOJPUR,PIRO,2018-08-19T16:13:33Z
KHARIF,AGRICULTURE,Others,Others,"Field Preparation","Weather Information","Cloudy weather Today & tomorrow  no   chance of rain",BIHAR,BHOJPUR,PIRO,2018-08-19T16:13:33Z
KHARIF,AGRICULTURE,Others,Others,"Field Preparation","Weather Information","Cloudy weather Today & tomorrow  no   chance of rain",BIHAR,BHOJPUR,PIRO,2018-08-19T16:13:37Z
KHARIF,AGRICULTURE,Others,Others,"Field Preparation","Weather Information","Cloudy weather Today & tomorrow  no   chance of rain",BIHAR,BHOJPUR,PIRO,2018-08-19T16:13:37Z
RABI,WEATHER,Weather,Weather,Weather,weather,"no rain",BIHAR,BHOJPUR,BEHEA,2018-08-19T17:39:40Z
RABI,WEATHER,Weather,Weather,Weather,weather,"no rain",BIHAR,BHOJPUR,BEHEA,2018-08-19T17:39:40Z
RABI,HORTICULTURE,Vegetables,Brinjal,"Plant Protection","Brown leaf hopper","•Before transplantation dip the seedlings in 0.2% carbofuran 50 STD solution (control insect vectors)
•Spray with dimethoate 0.3%",BIHAR,BHOJPUR,TARARI,2018-08-20T06:16:13Z
RABI,HORTICULTURE,Vegetables,Brinjal,"Plant Protection","Brown leaf hopper","•Before transplantation dip the seedlings in 0.2% carbofuran 50 STD solution (control insect vectors)
•Spray with dimethoate 0.3%",BIHAR,BHOJPUR,TARARI,2018-08-20T06:16:13Z
KHARIF,AGRICULTURE,Others,Others,"Government Schemes","DBT PROBLEM","AAP CSC ME CONTACT KARE",BIHAR,BHOJPUR,BARHARA,2018-08-20T11:32:48Z
KHARIF,AGRICULTURE,Others,Others,"Government Schemes","DBT PROBLEM","AAP CSC ME CONTACT KARE",BIHAR,BHOJPUR,BARHARA,2018-08-20T11:32:48Z
KHARIF,WEATHER,Weather,Weather,Weather,"WEATHER INFORMATION","CHANCE OF RAIN IN YOUR AREA",BIHAR,BHOJPUR,GARHANI,2018-08-20T11:42:33Z
KHARIF,WEATHER,Weather,Weather,Weather,"WEATHER INFORMATION","CHANCE OF RAIN IN YOUR AREA",BIHAR,BHOJPUR,GARHANI,2018-08-20T11:42:33Z
KHARIF,AGRICULTURE,Others,Others,"Field Preparation","Weather Information","Cloudy weather Today & tomorrow  no   chance of rain",BIHAR,BHOJPUR,SANDESH,2018-08-21T19:57:00Z
KHARIF,AGRICULTURE,Others,Others,"Field Preparation","Weather Information","Cloudy weather Today & tomorrow  no   chance of rain",BIHAR,BHOJPUR,SANDESH,2018-08-21T19:57:00Z
KHARIF,AGRICULTURE,Cereals,"Paddy (Dhan)","Plant Protection","STEM BORER INSECT PROBLEM IN RICE CROP","PHORATE 10 G @ 10 KG / ha me de",BIHAR,BHOJPUR,BEHEA,2018-08-23T13:49:20Z
KHARIF,AGRICULTURE,Cereals,"Paddy (Dhan)","Plant Protection","STEM BORER INSECT PROBLEM IN RICE CROP","PHORATE 10 G @ 10 KG / ha me de",BIHAR,BHOJPUR,BEHEA,2018-08-23T13:49:20Z
KHARIF,AGRICULTURE,Cereals,"Paddy (Dhan)","Plant Protection","STEM BORER INSECT PROBLEM IN RICE CROP","PHORATE 10 G @ 10 KG / ha me de",BIHAR,BHOJPUR,BEHEA,2018-08-23T13:49:33Z
KHARIF,AGRICULTURE,Cereals,"Paddy (Dhan)","Plant Protection","STEM BORER INSECT PROBLEM IN RICE CROP","PHORATE 10 G @ 10 KG / ha me de",BIHAR,BHOJPUR,BEHEA,2018-08-23T13:49:33Z
KHARIF,WEATHER,Weather,Weather,Weather,"WEATHER INFORMATION","Cloudy weather in your area, chance of rain in your area",BIHAR,BHOJPUR,PIRO,2018-08-23T14:19:05Z
KHARIF,WEATHER,Weather,Weather,Weather,"WEATHER INFORMATION","Cloudy weather in your area, chance of rain in your area",BIHAR,BHOJPUR,PIRO,2018-08-23T14:19:05Z
KHARIF,WEATHER,Weather,Weather,Weather,"WEATHER INFORMATION","???? ??? ????? ????? ???? ?? ??????? ??",BIHAR,BHOJPUR,PIRO,2018-08-23T14:26:49Z
KHARIF,WEATHER,Weather,Weather,Weather,"WEATHER INFORMATION","???? ??? ????? ????? ???? ?? ??????? ??",BIHAR,BHOJPUR,PIRO,2018-08-23T14:26:49Z
KHARIF,AGRICULTURE,Others,Others,"Government Schemes","DBT PROBLEM","CSC ME CONTACT KARE",BIHAR,BHOJPUR,PIRO,2018-08-24T09:36:54Z
KHARIF,AGRICULTURE,Others,Others,"Government Schemes","DBT PROBLEM","CSC ME CONTACT KARE",BIHAR,BHOJPUR,PIRO,2018-08-24T09:36:54Z
KHARIF,AGRICULTURE,Others,Others,"Government Schemes","DBT PROBLEM","CSC ME CONTACT KARE",BIHAR,BHOJPUR,TARARI,2018-08-24T11:12:07Z
KHARIF,AGRICULTURE,Others,Others,"Government Schemes","DBT PROBLEM","CSC ME CONTACT KARE",BIHAR,BHOJPUR,TARARI,2018-08-24T11:12:07Z
KHARIF,AGRICULTURE,Others,Others,"Plant Protection","stem borer in paddy","carbofuran -25 kg/ha",BIHAR,BHOJPUR,SAHAR,2018-08-24T16:01:09Z
KHARIF,AGRICULTURE,Others,Others,"Plant Protection","stem borer in paddy","carbofuran -25 kg/ha",BIHAR,BHOJPUR,SAHAR,2018-08-24T16:01:09Z
KHARIF,AGRICULTURE,Others,Others,Weather,"WEATHER INFORMATION","Cloudy weather in your area, chance of rain in your area",BIHAR,BHOJPUR,PIRO,2018-08-25T13:54:41Z
KHARIF,AGRICULTURE,Others,Others,Weather,"WEATHER INFORMATION","Cloudy weather in your area, chance of rain in your area",BIHAR,BHOJPUR,PIRO,2018-08-25T13:54:41Z
KHARIF,AGRICULTURE,Others,Others,Weather,"WEATHER INFORMATION","AAJ AAPKE YAHA HALKI BARISH KI SAMBHAWNA HAI",BIHAR,BHOJPUR,CHARPOKHARI,2018-08-28T12:42:14Z
KHARIF,AGRICULTURE,Others,Others,Weather,"WEATHER INFORMATION","AAJ AAPKE YAHA HALKI BARISH KI SAMBHAWNA HAI",BIHAR,BHOJPUR,CHARPOKHARI,2018-08-28T12:42:14Z
KHARIF,HORTICULTURE,Vegetables,Brinjal,"Plant Protection","white fly  insect problem in brinjal","Spray  Imidachloprid @ 1ml/3lit of water",BIHAR,BHOJPUR,PIRO,2018-08-29T10:47:07Z
KHARIF,HORTICULTURE,Vegetables,Brinjal,"Plant Protection","white fly  insect problem in brinjal","Spray  Imidachloprid @ 1ml/3lit of water",BIHAR,BHOJPUR,PIRO,2018-08-29T10:47:07Z
KHARIF,AGRICULTURE,Others,Others,Weather,"Weather Information","Cloudy weather in your area, chance of rain in your area.",BIHAR,BHOJPUR,KOILWAR,2018-08-30T07:51:51Z
KHARIF,AGRICULTURE,Others,Others,Weather,"Weather Information","Cloudy weather in your area, chance of rain in your area.",BIHAR,BHOJPUR,KOILWAR,2018-08-30T07:51:51Z
KHARIF,AGRICULTURE,Others,Others,Weather,"WEATHER INFORMATION","chance of rain in your area .",BIHAR,BHOJPUR,GARHANI,2018-08-31T08:35:55Z
KHARIF,AGRICULTURE,Others,Others,Weather,"WEATHER INFORMATION","chance of rain in your area .",BIHAR,BHOJPUR,GARHANI,2018-08-31T08:35:55Z
KHARIF,AGRICULTURE,Others,Others,Weather,"WEATHER INFORMATION","???? ??????? ??? ????? ???? ?? ???????  ??",BIHAR,BHOJPUR,GARHANI,2018-08-31T08:37:26Z
KHARIF,AGRICULTURE,Others,Others,Weather,"WEATHER INFORMATION","???? ??????? ??? ????? ???? ?? ???????  ??",BIHAR,BHOJPUR,GARHANI,2018-08-31T08:37:26Z
KHARIF,AGRICULTURE,Others,Others,Weather,"DBT PROBLEM","BLOCK  ME CONTACT KARE",BIHAR,BHOJPUR,ARA,2018-08-31T11:33:26Z
KHARIF,AGRICULTURE,Others,Others,Weather,"DBT PROBLEM","BLOCK  ME CONTACT KARE",BIHAR,BHOJPUR,ARA,2018-08-31T11:33:26Z
KHARIF,AGRICULTURE,Others,Others,Weather,"WEATHER INFORMATION","Cloudy weather in your area, chance of rain in your area .",BIHAR,BHOJPUR,PIRO,2018-08-31T11:56:33Z
KHARIF,AGRICULTURE,Others,Others,Weather,"WEATHER INFORMATION","Cloudy weather in your area, chance of rain in your area .",BIHAR,BHOJPUR,PIRO,2018-08-31T11:56:33Z
KHARIF,AGRICULTURE,Others,Others,Weather,"WEATHER INFORMATION","Cloudy weather in your area, chance of rain in your area .",BIHAR,BHOJPUR,PIRO,2018-08-31T11:59:32Z
KHARIF,AGRICULTURE,Others,Others,Weather,"WEATHER INFORMATION","Cloudy weather in your area, chance of rain in your area .",BIHAR,BHOJPUR,PIRO,2018-08-31T11:59:32Z
