Season,Sector,Category,Crop,QueryType,QueryText,KCCAns,StateName,DistrictName,BlockName,CreatedOn
RABI,AGRICULTURE,Others,Others,Weather,"WEATHER INFORMATION","26° C 
RealFeel® 32°

Cloudy
  


See Hourly

> 




Today

Sep 2



31° Hi 
RealFeel® 38°

Cloudy, a heavy thunderstorm
 More  



Tonight

Sep 2



24° Lo 
RealFeel® 26°

Cloudy, thunderstorms
 More  



Tomorrow

Sep 3



30° Hi 
RealFeel® 37°

Overcast, a shower or t-storm",BIHAR,ROHTAS,SHEOSAGAR,2018-09-02T07:06:17Z
RABI,AGRICULTURE,Others,Others,Weather,"WEATHER INFORMATION","26° C 
RealFeel® 32°

Cloudy
  


See Hourly

> 




Today

Sep 2



31° Hi 
RealFeel® 38°

Cloudy, a heavy thunderstorm
 More  



Tonight

Sep 2



24° Lo 
RealFeel® 26°

Cloudy, thunderstorms
 More  



Tomorrow

Sep 3



30° Hi 
RealFeel® 37°

Overcast, a shower or t-storm",BIHAR,ROHTAS,SHEOSAGAR,2018-09-02T07:06:17Z
KHARIF,AGRICULTURE,Others,Others,"Plant Protection","stem borer in paddy","acephate 75%-1 ml/liter of water",BIHAR,ROHTAS,KARGAHAR,2018-09-02T15:54:56Z
KHARIF,AGRICULTURE,Others,Others,"Plant Protection","stem borer in paddy","acephate 75%-1 ml/liter of water",BIHAR,ROHTAS,KARGAHAR,2018-09-02T15:54:56Z
KHARIF,HORTICULTURE,Vegetables,Tomato,"Plant Protection","DAMPING OFF DISEASE PROBLEM IN TOMATO SEEDLING CROP","Spray Copper Oxychloride @ 2 gram /litre of water",BIHAR,ROHTAS,NAWHATTA,2018-09-03T07:11:43Z
KHARIF,HORTICULTURE,Vegetables,Tomato,"Plant Protection","DAMPING OFF DISEASE PROBLEM IN TOMATO SEEDLING CROP","Spray Copper Oxychloride @ 2 gram /litre of water",BIHAR,ROHTAS,NAWHATTA,2018-09-03T07:11:43Z
KHARIF,HORTICULTURE,Vegetables,Chillies,"Plant Protection","WHITE FLY INSECT PROBLEM IN CHILLI FIELD","spray imidachloprid 1 ml/3 liter water",BIHAR,ROHTAS,NAWHATTA,2018-09-03T07:13:21Z
KHARIF,HORTICULTURE,Vegetables,Chillies,"Plant Protection","WHITE FLY INSECT PROBLEM IN CHILLI FIELD","spray imidachloprid 1 ml/3 liter water",BIHAR,ROHTAS,NAWHATTA,2018-09-03T07:13:21Z
KHARIF,AGRICULTURE,Others,Others,"Weed Management","WEED MANAGEMENT IN BARREN LAND","SPRAY GLYPHOSET @ 2 ML / LITRE WATER",BIHAR,ROHTAS,NAWHATTA,2018-09-03T07:15:09Z
KHARIF,AGRICULTURE,Others,Others,"Weed Management","WEED MANAGEMENT IN BARREN LAND","SPRAY GLYPHOSET @ 2 ML / LITRE WATER",BIHAR,ROHTAS,NAWHATTA,2018-09-03T07:15:09Z
KHARIF,AGRICULTURE,Others,Others,Weather,"WEATHER INFORMATION","Today and tomorrow cloudy weather in your area,chance of moderate rain.",BIHAR,ROHTAS,SASARAM,2018-09-03T15:36:38Z
KHARIF,AGRICULTURE,Others,Others,Weather,"WEATHER INFORMATION","Today and tomorrow cloudy weather in your area,chance of moderate rain.",BIHAR,ROHTAS,SASARAM,2018-09-03T15:36:38Z
KHARIF,AGRICULTURE,Others,Others,Weather,"WEATHER INFORMATION","Today and tomorrow cloudy weather in your area,chance of moderate rain.",BIHAR,ROHTAS,KOCHAS,2018-09-03T17:39:16Z
KHARIF,AGRICULTURE,Others,Others,Weather,"WEATHER INFORMATION","Today and tomorrow cloudy weather in your area,chance of moderate rain.",BIHAR,ROHTAS,KOCHAS,2018-09-03T17:39:16Z
KHARIF,AGRICULTURE,Others,Others,"Weed Management","Weed problem","GLYPHOSATE-1ML/3 LITER OF WATER",BIHAR,ROHTAS,TILOUTHU,2018-09-03T20:03:28Z
KHARIF,AGRICULTURE,Others,Others,"Weed Management","Weed problem","GLYPHOSATE-1ML/3 LITER OF WATER",BIHAR,ROHTAS,TILOUTHU,2018-09-03T20:03:28Z
KHARIF,AGRICULTURE,Others,Others,Varieties,"VARIETY OF TORI",BHAVANI,BIHAR,ROHTAS,ROHTAS,2018-09-04T15:44:12Z
KHARIF,AGRICULTURE,Others,Others,Varieties,"VARIETY OF TORI",BHAVANI,BIHAR,ROHTAS,ROHTAS,2018-09-04T15:44:12Z
KHARIF,AGRICULTURE,Cereals,"Paddy (Dhan)","Plant Protection","TERMITE INSECT PROBLEM IN RICE FIELD","SPRAY CHLOROPYRIPHOS 20 EC @ 2ML /LITRE WATER",BIHAR,ROHTAS,NAWHATTA,2018-09-05T07:23:57Z
KHARIF,AGRICULTURE,Cereals,"Paddy (Dhan)","Plant Protection","TERMITE INSECT PROBLEM IN RICE FIELD","SPRAY CHLOROPYRIPHOS 20 EC @ 2ML /LITRE WATER",BIHAR,ROHTAS,NAWHATTA,2018-09-05T07:23:57Z
KHARIF,AGRICULTURE,Cereals,"Paddy (Dhan)","Plant Protection","YELLOWING LEAF PROBLEM IN RICE CROP","SPRAY MANCOZEB @ 2 GRAM / LITRE WATER",BIHAR,ROHTAS,NAWHATTA,2018-09-05T07:26:28Z
KHARIF,AGRICULTURE,Cereals,"Paddy (Dhan)","Plant Protection","YELLOWING LEAF PROBLEM IN RICE CROP","SPRAY MANCOZEB @ 2 GRAM / LITRE WATER",BIHAR,ROHTAS,NAWHATTA,2018-09-05T07:26:28Z
KHARIF,AGRICULTURE,Others,Others,Weather,"WEATHER INFORMATION","Cloudy weather in your area, chance of rain in your area .",BIHAR,ROHTAS,SHEOSAGAR,2018-09-05T11:26:00Z
KHARIF,AGRICULTURE,Others,Others,Weather,"WEATHER INFORMATION","Cloudy weather in your area, chance of rain in your area .",BIHAR,ROHTAS,SHEOSAGAR,2018-09-05T11:26:00Z
KHARIF,AGRICULTURE,Others,Others,"Fertilizer Use and Availability","quaery for fertilizer used in paddy","urea-1 kg/ha",BIHAR,ROHTAS,SASARAM,2018-09-05T15:50:42Z
KHARIF,AGRICULTURE,Others,Others,"Fertilizer Use and Availability","quaery for fertilizer used in paddy","urea-1 kg/ha",BIHAR,ROHTAS,SASARAM,2018-09-05T15:50:42Z
KHARIF,AGRICULTURE,Others,Others,"Plant Protection","/ Rotting problem","Spray mancozeb @ 2g/lit of water",BIHAR,ROHTAS,BIKRAMGANJ,2018-09-06T13:25:26Z
KHARIF,AGRICULTURE,Others,Others,"Plant Protection","/ Rotting problem","Spray mancozeb @ 2g/lit of water",BIHAR,ROHTAS,BIKRAMGANJ,2018-09-06T13:25:26Z
KHARIF,AGRICULTURE,Cereals,"Paddy (Dhan)","Plant Protection","STEM BORER INSECT PROBLEM IN RICE FIELD","SPRAY ACEPHATE 75 % SP @ 1 GRAM /LITRE WATER",BIHAR,ROHTAS,RAJPUR,2018-09-08T08:02:42Z
KHARIF,AGRICULTURE,Cereals,"Paddy (Dhan)","Plant Protection","STEM BORER INSECT PROBLEM IN RICE FIELD","SPRAY ACEPHATE 75 % SP @ 1 GRAM /LITRE WATER",BIHAR,ROHTAS,RAJPUR,2018-09-08T08:02:42Z
KHARIF,AGRICULTURE,Cereals,"Paddy (Dhan)","Plant Protection","Yellow leaf problem in paddy","Spray Imidacloprid @ 1 ml / 3 lit of water",BIHAR,ROHTAS,NAWHATTA,2018-09-11T08:30:48Z
KHARIF,AGRICULTURE,Cereals,"Paddy (Dhan)","Plant Protection","Yellow leaf problem in paddy","Spray Imidacloprid @ 1 ml / 3 lit of water",BIHAR,ROHTAS,NAWHATTA,2018-09-11T08:30:48Z
KHARIF,HORTICULTURE,Fruits,Papaya,"Plant Protection","FOOT ROT DISEASE PROBLEM IN PAPAYA CROP","SPRAY COPPER OXYCHLORIDE 50WP @ 2 GRAM / LITRE WATER",BIHAR,ROHTAS,SASARAM,2018-09-12T08:46:10Z
KHARIF,AGRICULTURE,Others,Others,Weather,"weather information","chance to rain in your area",BIHAR,ROHTAS,NOKHA,2018-09-12T13:20:52Z
0,AGRICULTURE,Others,Others,NA,"govt schemes",www.krishi.bih.nic.in,BIHAR,ROHTAS,BIKRAMGANJ,2018-09-13T16:43:40Z
0,AGRICULTURE,Others,Others,NA,"govt schemes",www.krishi.bih.nic.in,BIHAR,ROHTAS,BIKRAMGANJ,2018-09-13T16:43:40Z
0,AGRICULTURE,Others,Others,NA,"dbt information","consult to agriculture oordinator",BIHAR,ROHTAS,DEHRI,2018-09-14T07:08:03Z
0,AGRICULTURE,Others,Others,NA,"dbt information","consult to agriculture oordinator",BIHAR,ROHTAS,DEHRI,2018-09-14T07:08:03Z
0,HORTICULTURE,Vegetables,Brinjal,NA,"WHITE FLY INSECT PROBLEM IN BRINJAL CROP","SPRAY  IMIDACHLOROPRID 17.8SL @ 1 ML / 3 LITRE WATER",BIHAR,ROHTAS,NASRIGANJ,2018-09-14T14:07:00Z
0,HORTICULTURE,Vegetables,Brinjal,NA,"WHITE FLY INSECT PROBLEM IN BRINJAL CROP","SPRAY  IMIDACHLOROPRID 17.8SL @ 1 ML / 3 LITRE WATER",BIHAR,ROHTAS,NASRIGANJ,2018-09-14T14:07:00Z
0,AGRICULTURE,Cereals,"Paddy (Dhan)",NA,"PLANT PROTECTION","CARTAP HYDRO CHLORIDE 4KG PER ACRE",BIHAR,ROHTAS,TILOUTHU,2018-09-15T07:02:39Z
0,AGRICULTURE,Cereals,"Paddy (Dhan)",NA,"PLANT PROTECTION","CARTAP HYDRO CHLORIDE 4KG PER ACRE",BIHAR,ROHTAS,TILOUTHU,2018-09-15T07:02:39Z
0,AGRICULTURE,Cereals,"Paddy (Dhan)",NA,"PLANT PROTECTION","SPRAY OF HEXACONAZOLE 2ML PER  LIT OF WATERF",BIHAR,ROHTAS,DEHRI,2018-09-15T08:28:05Z
0,AGRICULTURE,Cereals,"Paddy (Dhan)",NA,"PLANT PROTECTION","SPRAY OF HEXACONAZOLE 2ML PER  LIT OF WATERF",BIHAR,ROHTAS,DEHRI,2018-09-15T08:28:05Z
0,"ANIMAL HUSBANDRY",Animal,"Bovine(Cow,Buffalo)",NA,"information of dairy production","contact animal husbandry department - 18001805444/5666",BIHAR,ROHTAS,NASRIGANJ,2018-09-15T10:24:33Z
0,"ANIMAL HUSBANDRY",Animal,"Bovine(Cow,Buffalo)",NA,"information of dairy production","contact animal husbandry department - 18001805444/5666",BIHAR,ROHTAS,NASRIGANJ,2018-09-15T10:24:33Z
0,AGRICULTURE,Cereals,"Paddy (Dhan)",NA,"insect attack in paddy earhead","spray Malathion 50 EC 500 ml/ha",BIHAR,ROHTAS,KARAKAT,2018-09-15T12:18:42Z
0,AGRICULTURE,Cereals,"Paddy (Dhan)",NA,"insect attack in paddy earhead","spray Malathion 50 EC 500 ml/ha",BIHAR,ROHTAS,KARAKAT,2018-09-15T12:18:42Z
0,AGRICULTURE,Others,Others,NA,"stem borer in paddy","acephate-1 gram/liter of water",BIHAR,ROHTAS,DINARA,2018-09-15T19:44:32Z
0,AGRICULTURE,Others,Others,NA,"stem borer in paddy","acephate-1 gram/liter of water",BIHAR,ROHTAS,DINARA,2018-09-15T19:44:32Z
0,AGRICULTURE,Others,Others,NA,"Online dbt registration","Contact to sahaj vasudha kendra",BIHAR,ROHTAS,NA,2018-09-16T08:43:44Z
0,AGRICULTURE,Others,Others,NA,"dbt  error","consult to basudha centre",BIHAR,ROHTAS,KARGAHAR,2018-09-16T10:15:30Z
0,AGRICULTURE,Others,Others,NA,"dbt  error","consult to basudha centre",BIHAR,ROHTAS,KARGAHAR,2018-09-16T10:15:30Z
0,HORTICULTURE,Vegetables,Chillies,NA,"Insect infestation in chilli","Spray  Imidachloprid @ 1ml/3lit of water",BIHAR,ROHTAS,CHENARI,2018-09-16T13:39:31Z
0,HORTICULTURE,Vegetables,Chillies,NA,"Insect infestation in chilli","Spray  Imidachloprid @ 1ml/3lit of water",BIHAR,ROHTAS,CHENARI,2018-09-16T13:39:31Z
0,AGRICULTURE,Cereals,"Paddy (Dhan)",NA,"BLIGHT DISEASE IN PADDY","Hexaconazole 75% WG @ 100mg/ lit 1st spray at the time of disease appearance and 2nd spray 15 days later",BIHAR,ROHTAS,KARGAHAR,2018-09-16T13:42:51Z
0,AGRICULTURE,Cereals,"Paddy (Dhan)",NA,"BLIGHT DISEASE IN PADDY","Hexaconazole 75% WG @ 100mg/ lit 1st spray at the time of disease appearance and 2nd spray 15 days later",BIHAR,ROHTAS,KARGAHAR,2018-09-16T13:42:51Z
0,HORTICULTURE,Vegetables,Brinjal,NA,"YELLOW LEAF IN BRINJAL","NEEM OIL SPRAY",BIHAR,ROHTAS,KARGAHAR,2018-09-17T10:04:44Z
0,HORTICULTURE,Vegetables,Brinjal,NA,"YELLOW LEAF IN BRINJAL","NEEM OIL SPRAY",BIHAR,ROHTAS,KARGAHAR,2018-09-17T10:04:44Z
0,AGRICULTURE,Others,Others,NA,"Insect infestation","Spray cloropyriphos @ 2 ml in 1 litre of water",BIHAR,ROHTAS,SASARAM,2018-09-17T19:02:31Z
0,AGRICULTURE,Others,Others,NA,"Insect infestation","Spray cloropyriphos @ 2 ml in 1 litre of water",BIHAR,ROHTAS,SASARAM,2018-09-17T19:02:31Z
0,NA,NA,NA,NA,"Stem borer in paddy","Apply cartap hydrochloride  4 G @ 4 kg with sand/acre",BIHAR,ROHTAS,KARGAHAR,2018-09-18T10:46:35Z
0,NA,NA,NA,NA,"Stem borer in paddy","Apply cartap hydrochloride  4 G @ 4 kg with sand/acre",BIHAR,ROHTAS,KARGAHAR,2018-09-18T10:46:35Z
0,AGRICULTURE,Others,Others,NA,"Weather information","Partly cloudy weather in your area,but no chance of rain.",BIHAR,ROHTAS,TILOUTHU,2018-09-18T14:17:33Z
0,AGRICULTURE,Others,Others,NA,"Weather information","Partly cloudy weather in your area,but no chance of rain.",BIHAR,ROHTAS,TILOUTHU,2018-09-18T14:17:33Z
0,AGRICULTURE,Others,Others,NA,"Weather information","Partly cloudy weather in your area,but no chance of rain.",BIHAR,ROHTAS,TILOUTHU,2018-09-18T14:19:58Z
0,AGRICULTURE,Others,Others,NA,"Weather information","Partly cloudy weather in your area,but no chance of rain.",BIHAR,ROHTAS,TILOUTHU,2018-09-18T14:19:58Z
0,AGRICULTURE,Cereals,"Paddy (Dhan)",NA,"insect problem in paddy","use cartap hydrochloride 4 G @ 10 kg/hactare",BIHAR,ROHTAS,SHEOSAGAR,2018-09-19T08:02:11Z
0,AGRICULTURE,Cereals,"Paddy (Dhan)",NA,"insect problem in paddy","use cartap hydrochloride 4 G @ 10 kg/hactare",BIHAR,ROHTAS,SHEOSAGAR,2018-09-19T08:02:11Z
0,AGRICULTURE,Others,Others,NA,"Weather information","chance to light rain in your area",BIHAR,ROHTAS,KARAKAT,2018-09-20T09:54:12Z
0,AGRICULTURE,Others,Others,NA,"Weather information","chance to light rain in your area",BIHAR,ROHTAS,KARAKAT,2018-09-20T09:54:12Z
0,AGRICULTURE,Others,Others,NA,"Weather information","Cloudy weather, Today & tomorrow little chance of rain",BIHAR,ROHTAS,KARGAHAR,2018-09-20T14:45:46Z
0,AGRICULTURE,Others,Others,NA,"Weather information","Cloudy weather, Today & tomorrow little chance of rain",BIHAR,ROHTAS,KARGAHAR,2018-09-20T14:45:46Z
0,AGRICULTURE,Others,Others,NA,"dbt problem","CSC ME CONTACT KARE",BIHAR,ROHTAS,DINARA,2018-09-20T15:36:56Z
0,AGRICULTURE,Others,Others,NA,"dbt problem","CSC ME CONTACT KARE",BIHAR,ROHTAS,DINARA,2018-09-20T15:36:56Z
0,AGRICULTURE,Cereals,"Paddy (Dhan)",NA,"insect attack in paddy","CartapHydrochloride 4% G7.50 kg/ acre",BIHAR,ROHTAS,KOCHAS,2018-09-21T13:01:44Z
0,AGRICULTURE,Cereals,"Paddy (Dhan)",NA,"insect attack in paddy","CartapHydrochloride 4% G7.50 kg/ acre",BIHAR,ROHTAS,KOCHAS,2018-09-21T13:01:44Z
0,AGRICULTURE,Others,Others,NA,"ROTTEN PROBLEM IN PADDY","STREPTOCYCLINE 0.5 GRAM+HEXACONAZOL-2 GRAM PER LITER OF WATER",BIHAR,ROHTAS,SHEOSAGAR,2018-09-24T14:16:17Z
0,AGRICULTURE,Others,Others,NA,"ROTTEN PROBLEM IN PADDY","STREPTOCYCLINE 0.5 GRAM+HEXACONAZOL-2 GRAM PER LITER OF WATER",BIHAR,ROHTAS,SHEOSAGAR,2018-09-24T14:16:17Z
0,AGRICULTURE,Others,Others,NA,"WEATHER INFORMATION","no chance of rain in your area.",BIHAR,ROHTAS,SHEOSAGAR,2018-09-25T08:37:20Z
0,AGRICULTURE,Others,Others,NA,"WEATHER INFORMATION","no chance of rain in your area.",BIHAR,ROHTAS,SHEOSAGAR,2018-09-25T08:37:20Z
0,AGRICULTURE,Cereals,"Paddy (Dhan)",NA,"Stem borer of paddy","Apply cartap hydrochloride @ 4 kilogram per acre area",BIHAR,ROHTAS,DINARA,2018-09-26T08:18:58Z
0,AGRICULTURE,Cereals,"Paddy (Dhan)",NA,"Stem borer of paddy","Apply cartap hydrochloride @ 4 kilogram per acre area",BIHAR,ROHTAS,DINARA,2018-09-26T08:18:58Z
0,AGRICULTURE,Cereals,"Paddy (Dhan)",NA,"Sheath blight of paddy","Spray Hexaconazole @ 2 ml per litre of water",BIHAR,ROHTAS,DINARA,2018-09-26T08:22:35Z
0,AGRICULTURE,Cereals,"Paddy (Dhan)",NA,"Sheath blight of paddy","Spray Hexaconazole @ 2 ml per litre of water",BIHAR,ROHTAS,DINARA,2018-09-26T08:22:35Z
0,AGRICULTURE,Others,Others,NA,"weather information","no chance to rain in your area",BIHAR,ROHTAS,KOCHAS,2018-09-27T06:33:16Z
0,AGRICULTURE,Others,Others,NA,"weather information","no chance to rain in your area",BIHAR,ROHTAS,KOCHAS,2018-09-27T06:33:16Z
0,AGRICULTURE,Others,Others,NA,"weather information","no chance to rain in your area",BIHAR,ROHTAS,RAJPUR,2018-09-27T07:23:29Z
0,AGRICULTURE,Others,Others,NA,"weather information","no chance to rain in your area",BIHAR,ROHTAS,RAJPUR,2018-09-27T07:23:29Z
0,AGRICULTURE,Others,Others,NA,"weather information","no chance to rain in your area",BIHAR,ROHTAS,DEHRI,2018-09-27T08:15:27Z
0,AGRICULTURE,Others,Others,NA,"weather information","no chance to rain in your area",BIHAR,ROHTAS,DEHRI,2018-09-27T08:15:27Z
0,AGRICULTURE,Cereals,"Paddy (Dhan)",NA,"insect attack in paddy","spray acephate 75% @ 1 gram/liter water",BIHAR,ROHTAS,SHEOSAGAR,2018-09-28T06:37:51Z
0,AGRICULTURE,Cereals,"Paddy (Dhan)",NA,"insect attack in paddy","spray acephate 75% @ 1 gram/liter water",BIHAR,ROHTAS,SHEOSAGAR,2018-09-28T06:37:51Z
0,AGRICULTURE,Pulses,"Lentil (Masur)",NA,"WEED MANAGEMET IN CHANA","SPRAY PENDAMITHALIN @ 2 ML / LITRE WATER",BIHAR,ROHTAS,KARGAHAR,2018-09-28T10:32:29Z
0,AGRICULTURE,Pulses,"Lentil (Masur)",NA,"WEED MANAGEMET IN CHANA","SPRAY PENDAMITHALIN @ 2 ML / LITRE WATER",BIHAR,ROHTAS,KARGAHAR,2018-09-28T10:32:29Z
0,AGRICULTURE,Pulses,"Lentil (Masur)",NA,"WEED MANAGEMET IN CHANA","SPRAY PENDAMITHALIN @ 2 ML / LITRE WATER",BIHAR,ROHTAS,KARGAHAR,2018-09-28T10:32:30Z
0,AGRICULTURE,Pulses,"Lentil (Masur)",NA,"WEED MANAGEMET IN CHANA","SPRAY PENDAMITHALIN @ 2 ML / LITRE WATER",BIHAR,ROHTAS,KARGAHAR,2018-09-28T10:32:30Z
0,NA,NA,NA,NA,NA,NA,BIHAR,ROHTAS,NA,2018-09-28T12:18:07Z
0,AGRICULTURE,Cereals,"Paddy (Dhan)",NA,"NUTRIENT MANAGEMENT IN RICE FIELD+","SPRAY MULTIMICRO NUTRIENT @ 2 GRAM / LITRE WATER",BIHAR,ROHTAS,DEHRI,2018-09-29T08:46:44Z
0,AGRICULTURE,Cereals,"Paddy (Dhan)",NA,"NUTRIENT MANAGEMENT IN RICE FIELD+","SPRAY MULTIMICRO NUTRIENT @ 2 GRAM / LITRE WATER",BIHAR,ROHTAS,DEHRI,2018-09-29T08:46:44Z
0,AGRICULTURE,Others,Others,NA,PADDY,"AP COPPER OXY CHLORIDE@2 GRAM+ STEPTOCYCLINE@0.5 GRAM/LITRE",BIHAR,ROHTAS,BIKRAMGANJ,2018-09-29T16:18:58Z
0,AGRICULTURE,Others,Others,NA,PADDY,"AP COPPER OXY CHLORIDE@2 GRAM+ STEPTOCYCLINE@0.5 GRAM/LITRE",BIHAR,ROHTAS,BIKRAMGANJ,2018-09-29T16:18:58Z
