Season,Sector,Category,Crop,QueryType,QueryText,KCCAns,StateName,DistrictName,BlockName,CreatedOn
JAYAD,AGRICULTURE,Others,Others,Weather,"WEATHER INFORMATION","today and tomarrow chance of rain in your area",BIHAR,MUNGER,DHARHARA,2018-06-01T07:50:54Z
JAYAD,AGRICULTURE,Others,Others,Weather,"WEATHER INFORMATION","today and tomarrow chance of rain in your area",BIHAR,MUNGER,DHARHARA,2018-06-01T07:50:54Z
JAYAD,AGRICULTURE,Others,Others,Weather,"WEATHER INFORMATION","today and tomarrow chance of rain in your area",BIHAR,MUNGER,DHARHARA,2018-06-01T07:51:05Z
JAYAD,AGRICULTURE,Others,Others,Weather,"WEATHER INFORMATION","today and tomarrow chance of rain in your area",BIHAR,MUNGER,DHARHARA,2018-06-01T07:51:05Z
JAYAD,AGRICULTURE,Others,Others,Weather,"WEATHER INFORMATION","today and tomarrow chance of rain in your area",BIHAR,MUNGER,DHARHARA,2018-06-01T07:51:25Z
JAYAD,AGRICULTURE,Others,Others,Weather,"WEATHER INFORMATION","today and tomarrow chance of rain in your area",BIHAR,MUNGER,DHARHARA,2018-06-01T07:51:25Z
JAYAD,AGRICULTURE,Others,Others,Weather,"WEATHER INFORMATION","today and tomarrow chance of rain in your area",BIHAR,MUNGER,DHARHARA,2018-06-01T08:04:51Z
JAYAD,AGRICULTURE,Others,Others,Weather,"WEATHER INFORMATION","today and tomarrow chance of rain in your area",BIHAR,MUNGER,DHARHARA,2018-06-01T08:04:51Z
JAYAD,"ANIMAL HUSBANDRY",Animal,Goat,"Animal Nutrition","goatry training","Dr. Gopal Ram Sharma
Programme Coordinator
Krishi Vigyan Kendra (RAU)
P.O. Shankerpur
Distt. Munger-811201
9431249908",BIHAR,MUNGER,JAMALPUR,2018-06-01T08:09:59Z
JAYAD,"ANIMAL HUSBANDRY",Animal,Goat,"Animal Nutrition","goatry training","Dr. Gopal Ram Sharma
Programme Coordinator
Krishi Vigyan Kendra (RAU)
P.O. Shankerpur
Distt. Munger-811201
9431249908",BIHAR,MUNGER,JAMALPUR,2018-06-01T08:09:59Z
KHARIF,AGRICULTURE,Others,Others,"Field Preparation","Weather information","Cloudy weather in your area, chance of rain in your area",BIHAR,MUNGER,JAMALPUR,2018-06-01T10:34:57Z
KHARIF,AGRICULTURE,Others,Others,"Field Preparation","Weather information","Cloudy weather in your area, chance of rain in your area",BIHAR,MUNGER,JAMALPUR,2018-06-01T10:34:57Z
JAYAD,AGRICULTURE,Others,Others,Weather,"Weather information","There will be weather like change, and there is a possibility of drowsiness.",BIHAR,MUNGER,KHARAGPUR,2018-06-01T11:46:18Z
JAYAD,AGRICULTURE,Others,Others,Weather,"Weather information","There will be weather like change, and there is a possibility of drowsiness.",BIHAR,MUNGER,KHARAGPUR,2018-06-01T11:46:18Z
KHARIF,AGRICULTURE,Others,Others,Weather,"WEATHER INFORMATION","chance of rain in your area",BIHAR,MUNGER,SANGRAMPUR,2018-06-02T16:42:28Z
KHARIF,AGRICULTURE,Others,Others,Weather,"WEATHER INFORMATION","chance of rain in your area",BIHAR,MUNGER,SANGRAMPUR,2018-06-02T16:42:28Z
JAYAD,AGRICULTURE,Others,Others,Weather,"WEATHER INFORMATION","Cloudy weather in your area, chance of rain in your area",BIHAR,MUNGER,KHARAGPUR,2018-06-03T07:01:32Z
JAYAD,AGRICULTURE,Others,Others,Weather,"WEATHER INFORMATION","Cloudy weather in your area, chance of rain in your area",BIHAR,MUNGER,KHARAGPUR,2018-06-03T07:01:32Z
JAYAD,AGRICULTURE,Others,Others,Weather,"WEATHER INFORMATION","Cloudy weather in your area, chance of rain in your area",BIHAR,MUNGER,KHARAGPUR,2018-06-03T07:01:48Z
JAYAD,AGRICULTURE,Others,Others,Weather,"WEATHER INFORMATION","Cloudy weather in your area, chance of rain in your area",BIHAR,MUNGER,KHARAGPUR,2018-06-03T07:01:48Z
JAYAD,AGRICULTURE,Others,Others,Weather,"WEATHER INFORMATION","Cloudy weather in your area, chance of rain in your area",BIHAR,MUNGER,KHARAGPUR,2018-06-03T07:02:05Z
JAYAD,AGRICULTURE,Others,Others,Weather,"WEATHER INFORMATION","Cloudy weather in your area, chance of rain in your area",BIHAR,MUNGER,KHARAGPUR,2018-06-03T07:02:05Z
JAYAD,AGRICULTURE,Others,Others,Weather,"WEATHER INFORMATION","Cloudy weather in your area, chance of rain in your area",BIHAR,MUNGER,KHARAGPUR,2018-06-03T07:02:20Z
JAYAD,AGRICULTURE,Others,Others,Weather,"WEATHER INFORMATION","Cloudy weather in your area, chance of rain in your area",BIHAR,MUNGER,KHARAGPUR,2018-06-03T07:02:20Z
RABI,AGRICULTURE,Cereals,Wheat,Weather,"Weather information","???? ??????? ??? ???? ??? ????? ?? ????? ????  ?? ??????? ??",BIHAR,MUNGER,JAMALPUR,2018-06-04T08:07:15Z
RABI,AGRICULTURE,Cereals,Wheat,Weather,"Weather information","???? ??????? ??? ???? ??? ????? ?? ????? ????  ?? ??????? ??",BIHAR,MUNGER,JAMALPUR,2018-06-04T08:07:15Z
RABI,AGRICULTURE,Cereals,Wheat,Weather,"Weather information","???? ??????? ??? ???? ??? ????? ?? ????? ????  ?? ??????? ??",BIHAR,MUNGER,KHARAGPUR,2018-06-04T11:44:25Z
RABI,AGRICULTURE,Cereals,Wheat,Weather,"Weather information","???? ??????? ??? ???? ??? ????? ?? ????? ????  ?? ??????? ??",BIHAR,MUNGER,KHARAGPUR,2018-06-04T11:44:25Z
KHARIF,AGRICULTURE,Others,Others,Weather,"WEATHER INFORMATION","chance of rain in your area",BIHAR,MUNGER,KHARAGPUR,2018-06-04T11:45:53Z
KHARIF,AGRICULTURE,Others,Others,Weather,"WEATHER INFORMATION","chance of rain in your area",BIHAR,MUNGER,KHARAGPUR,2018-06-04T11:45:53Z
JAYAD,AGRICULTURE,Cereals,"Barley (Jau)",Varieties,"Variety of Paddy","– Rajendra swati, Rajendra subhasini, Sabour ardjal, Sabour shree.",BIHAR,MUNGER,DHARHARA,2018-06-04T12:14:26Z
JAYAD,AGRICULTURE,Cereals,"Barley (Jau)",Varieties,"Variety of Paddy","– Rajendra swati, Rajendra subhasini, Sabour ardjal, Sabour shree.",BIHAR,MUNGER,DHARHARA,2018-06-04T12:14:26Z
KHARIF,AGRICULTURE,Oilseeds,"Soybean (bhat)","Cultural Practices","sowing time of  soyabean","sowing time of  soyabean-jun-mid of july",BIHAR,MUNGER,JAMALPUR,2018-06-04T17:01:30Z
KHARIF,AGRICULTURE,Oilseeds,"Soybean (bhat)","Cultural Practices","sowing time of  soyabean","sowing time of  soyabean-jun-mid of july",BIHAR,MUNGER,JAMALPUR,2018-06-04T17:01:30Z
KHARIF,AGRICULTURE,Others,Others,Weather,"weather information","Hazy weather in your area ,no chance of rain",BIHAR,MUNGER,ASARGANJ,2018-06-04T17:58:37Z
KHARIF,AGRICULTURE,Others,Others,Weather,"weather information","Hazy weather in your area ,no chance of rain",BIHAR,MUNGER,ASARGANJ,2018-06-04T17:58:37Z
KHARIF,AGRICULTURE,Others,Others,Weather,"Yellowing of leaf","Spray saaf @2gm /lit of water",BIHAR,MUNGER,KHARAGPUR,2018-06-07T12:23:17Z
KHARIF,AGRICULTURE,Others,Others,Weather,"Yellowing of leaf","Spray saaf @2gm /lit of water",BIHAR,MUNGER,KHARAGPUR,2018-06-07T12:23:17Z
KHARIF,AGRICULTURE,Others,Others,Weather,"WEATHER INFORMATION","chance of rain in your area",BIHAR,MUNGER,KHARAGPUR,2018-06-08T06:11:33Z
KHARIF,AGRICULTURE,Others,Others,Weather,"WEATHER INFORMATION","chance of rain in your area",BIHAR,MUNGER,KHARAGPUR,2018-06-08T06:11:33Z
JAYAD,AGRICULTURE,Others,Others,Weather,"Weather information","Today & tomorrow little chance of rain",BIHAR,MUNGER,TARAPUR,2018-06-09T07:02:28Z
JAYAD,AGRICULTURE,Others,Others,Weather,"Weather information","Today & tomorrow little chance of rain",BIHAR,MUNGER,TARAPUR,2018-06-09T07:02:28Z
JAYAD,AGRICULTURE,Others,Others,Weather,"Weather information","Today & tomorrow little chance of rain",BIHAR,MUNGER,DHARHARA,2018-06-09T07:33:34Z
JAYAD,AGRICULTURE,Others,Others,Weather,"Weather information","Today & tomorrow little chance of rain",BIHAR,MUNGER,DHARHARA,2018-06-09T07:33:34Z
JAYAD,AGRICULTURE,Others,Others,Weather,"Weather information","Today & tomorrow little chance of rain",BIHAR,MUNGER,ASARGANJ,2018-06-09T12:25:51Z
JAYAD,AGRICULTURE,Others,Others,Weather,"Weather information","Today & tomorrow little chance of rain",BIHAR,MUNGER,ASARGANJ,2018-06-09T12:25:51Z
KHARIF,AGRICULTURE,Others,Others,"Field Preparation","Weather information","Cloudy weather in your area but no chance of rain in your area",BIHAR,MUNGER,JAMALPUR,2018-06-09T14:32:15Z
KHARIF,AGRICULTURE,Others,Others,"Field Preparation","Weather information","Cloudy weather in your area but no chance of rain in your area",BIHAR,MUNGER,JAMALPUR,2018-06-09T14:32:15Z
RABI,AGRICULTURE,Cereals,Wheat,Weather,"Weather information","????  ??? ????? ??? ???? ??? ?????",BIHAR,MUNGER,KHARAGPUR,2018-06-10T13:08:48Z
RABI,AGRICULTURE,Cereals,Wheat,Weather,"Weather information","????  ??? ????? ??? ???? ??? ?????",BIHAR,MUNGER,KHARAGPUR,2018-06-10T13:08:48Z
JAYAD,AGRICULTURE,Others,Others,Weather,"WEATHER INFORMATION","Today and tomarrow little chance of rain in your area",BIHAR,MUNGER,TARAPUR,2018-06-11T11:57:18Z
JAYAD,AGRICULTURE,Others,Others,Weather,"WEATHER INFORMATION","Today and tomarrow little chance of rain in your area",BIHAR,MUNGER,TARAPUR,2018-06-11T11:57:18Z
KHARIF,AGRICULTURE,Others,Others,"Field Preparation","Weather information","Cloudy weather, rain likely.",BIHAR,MUNGER,TARAPUR,2018-06-11T17:59:09Z
KHARIF,AGRICULTURE,Others,Others,"Field Preparation","Weather information","Cloudy weather, rain likely.",BIHAR,MUNGER,TARAPUR,2018-06-11T17:59:09Z
JAYAD,AGRICULTURE,Others,Others,Weather,"weather information","Cloudy weather in your area, chance of rain in your area",BIHAR,MUNGER,KHARAGPUR,2018-06-12T06:42:59Z
JAYAD,AGRICULTURE,Others,Others,Weather,"weather information","Cloudy weather in your area, chance of rain in your area",BIHAR,MUNGER,KHARAGPUR,2018-06-12T06:42:59Z
JAYAD,AGRICULTURE,Cereals,"Paddy (Dhan)",Varieties,"Hybrid variety of paddy","Rajendra Kasturi , Rajendra Suwasini, Rajendra Mahsuri-1, Rajendra Sweta, Sabour Surbhit",BIHAR,MUNGER,BARIYARPUR,2018-06-12T13:19:15Z
JAYAD,AGRICULTURE,Cereals,"Paddy (Dhan)",Varieties,"Hybrid variety of paddy","Rajendra Kasturi , Rajendra Suwasini, Rajendra Mahsuri-1, Rajendra Sweta, Sabour Surbhit",BIHAR,MUNGER,BARIYARPUR,2018-06-12T13:19:15Z
RABI,AGRICULTURE,Cereals,Wheat,Weather,"WEATHER INFORMATION","????? ???  ???? ??????? ??? ?? ?? ?? ????? ???? ?? ???????  ??",BIHAR,MUNGER,DHARHARA,2018-06-13T10:09:32Z
RABI,AGRICULTURE,Cereals,Wheat,Weather,"WEATHER INFORMATION","????? ???  ???? ??????? ??? ?? ?? ?? ????? ???? ?? ???????  ??",BIHAR,MUNGER,DHARHARA,2018-06-13T10:09:32Z
KHARIF,AGRICULTURE,Others,Others,Weather,"Weather information","Cloudy weather today and  tomorrow little chance of rain in your area.",BIHAR,MUNGER,KHARAGPUR,2018-06-13T11:43:26Z
KHARIF,AGRICULTURE,Others,Others,Weather,"Weather information","Cloudy weather today and  tomorrow little chance of rain in your area.",BIHAR,MUNGER,KHARAGPUR,2018-06-13T11:43:26Z
KHARIF,AGRICULTURE,Others,Others,Weather,"Weather information","Cloudy weather today and  tomorrow little chance of rain in your area.",BIHAR,MUNGER,KHARAGPUR,2018-06-13T11:49:43Z
KHARIF,AGRICULTURE,Others,Others,Weather,"Weather information","Cloudy weather today and  tomorrow little chance of rain in your area.",BIHAR,MUNGER,KHARAGPUR,2018-06-13T11:49:43Z
KHARIF,AGRICULTURE,Others,Others,Weather,"Weather information","Cloudy weather today and  tomorrow little chance of rain in your area.",BIHAR,MUNGER,KHARAGPUR,2018-06-13T12:01:30Z
KHARIF,AGRICULTURE,Others,Others,Weather,"Weather information","Cloudy weather today and  tomorrow little chance of rain in your area.",BIHAR,MUNGER,KHARAGPUR,2018-06-13T12:01:30Z
KHARIF,AGRICULTURE,Cereals,"Paddy (Dhan)",Weather,"WEATHER INFORMATION","????? ???  ???? ??????? ??? ?? ?? ?? ????? ???? ?? ???????  ??",BIHAR,MUNGER,TARAPUR,2018-06-13T12:49:42Z
KHARIF,AGRICULTURE,Cereals,"Paddy (Dhan)",Weather,"WEATHER INFORMATION","????? ???  ???? ??????? ??? ?? ?? ?? ????? ???? ?? ???????  ??",BIHAR,MUNGER,TARAPUR,2018-06-13T12:49:42Z
JAYAD,HORTICULTURE,Vegetables,Bhindi(Okra/Ladysfinger),"Plant Protection","leaf curl in chilies","spray omite and dhanzime 3-3ml/lit of water in chilies",BIHAR,MUNGER,"MUNGER SADAR",2018-06-13T16:47:06Z
JAYAD,HORTICULTURE,Vegetables,Bhindi(Okra/Ladysfinger),"Plant Protection","leaf curl in chilies","spray omite and dhanzime 3-3ml/lit of water in chilies",BIHAR,MUNGER,"MUNGER SADAR",2018-06-13T16:47:06Z
JAYAD,AGRICULTURE,Oilseeds,"Sesame (Gingelly/Til)/Sesamum",Varieties,"VARIETIES OF TIL","VARIETIES ARE KRISHNA,KAKE SAFED FOR TIL",BIHAR,MUNGER,"MUNGER SADAR",2018-06-13T18:56:54Z
JAYAD,AGRICULTURE,Oilseeds,"Sesame (Gingelly/Til)/Sesamum",Varieties,"VARIETIES OF TIL","VARIETIES ARE KRISHNA,KAKE SAFED FOR TIL",BIHAR,MUNGER,"MUNGER SADAR",2018-06-13T18:56:54Z
JAYAD,AGRICULTURE,Cereals,"Paddy (Dhan)",Varieties,"VARIETIES OF SCENTED PADDY","VARIETIES ARE SUGANDHA,KAMINI,B.R-9,RAJENDRA SUBASINI",BIHAR,MUNGER,"MUNGER SADAR",2018-06-13T19:17:16Z
JAYAD,AGRICULTURE,Cereals,"Paddy (Dhan)",Varieties,"VARIETIES OF SCENTED PADDY","VARIETIES ARE SUGANDHA,KAMINI,B.R-9,RAJENDRA SUBASINI",BIHAR,MUNGER,"MUNGER SADAR",2018-06-13T19:17:16Z
JAYAD,AGRICULTURE,Others,Others,Weather,weather,"no rain",BIHAR,MUNGER,"MUNGER SADAR",2018-06-14T15:13:05Z
JAYAD,AGRICULTURE,Others,Others,Weather,weather,"no rain",BIHAR,MUNGER,"MUNGER SADAR",2018-06-14T15:13:05Z
JAYAD,HORTICULTURE,Vegetables,Chillies,"Plant Protection","LEAF CURL IN CHILIES","SPRAY OMITE AND DHANZIME 3-3ML/LIT OF WATER IN CHILIES",BIHAR,MUNGER,"MUNGER SADAR",2018-06-14T16:02:18Z
JAYAD,HORTICULTURE,Vegetables,Chillies,"Plant Protection","LEAF CURL IN CHILIES","SPRAY OMITE AND DHANZIME 3-3ML/LIT OF WATER IN CHILIES",BIHAR,MUNGER,"MUNGER SADAR",2018-06-14T16:02:18Z
KHARIF,AGRICULTURE,Cereals,"Paddy (Dhan)",Varieties,"Variety of rice for low land area","Rajshree, satyam, sakuntla, rajendra mansuri, swarna sab 1",BIHAR,MUNGER,TARAPUR,2018-06-16T10:37:31Z
KHARIF,AGRICULTURE,Cereals,"Paddy (Dhan)",Varieties,"Variety of rice for low land area","Rajshree, satyam, sakuntla, rajendra mansuri, swarna sab 1",BIHAR,MUNGER,TARAPUR,2018-06-16T10:37:31Z
KHARIF,AGRICULTURE,Cereals,"Paddy (Dhan)",Varieties,"VARIETIES OF HYBRID RICE","VARIETIES ARE P.H.B-71,ORIZE-6444 AND PUSA R.H-10 FOR HYBRID RICE",BIHAR,MUNGER,"MUNGER SADAR",2018-06-16T17:03:44Z
KHARIF,AGRICULTURE,Cereals,"Paddy (Dhan)",Varieties,"VARIETIES OF HYBRID RICE","VARIETIES ARE P.H.B-71,ORIZE-6444 AND PUSA R.H-10 FOR HYBRID RICE",BIHAR,MUNGER,"MUNGER SADAR",2018-06-16T17:03:44Z
JAYAD,HORTICULTURE,Vegetables,Bhindi(Okra/Ladysfinger),"Plant Protection","FRUIT BORER IN BHINDI","SPRAY ROGOR 2ML/LIT OF WATER IN BHINDI",BIHAR,MUNGER,"MUNGER SADAR",2018-06-16T17:09:02Z
JAYAD,HORTICULTURE,Vegetables,Bhindi(Okra/Ladysfinger),"Plant Protection","FRUIT BORER IN BHINDI","SPRAY ROGOR 2ML/LIT OF WATER IN BHINDI",BIHAR,MUNGER,"MUNGER SADAR",2018-06-16T17:09:02Z
KHARIF,AGRICULTURE,Cereals,"Paddy (Dhan)",Weather,"weather information","???? ??? ?????? ,???? ?????????? ???? ?? ???????  ????",BIHAR,MUNGER,ASARGANJ,2018-06-16T18:22:43Z
KHARIF,AGRICULTURE,Cereals,"Paddy (Dhan)",Weather,"weather information","???? ??? ?????? ,???? ?????????? ???? ?? ???????  ????",BIHAR,MUNGER,ASARGANJ,2018-06-16T18:22:43Z
JAYAD,AGRICULTURE,Others,Others,Weather,weather,"no rain",BIHAR,MUNGER,"MUNGER SADAR",2018-06-17T14:53:05Z
JAYAD,AGRICULTURE,Others,Others,Weather,weather,"no rain",BIHAR,MUNGER,"MUNGER SADAR",2018-06-17T14:53:05Z
KHARIF,AGRICULTURE,Cereals,"Paddy (Dhan)",Weather,"Weather information","?? ?? ?? ???? ??????? ??? ????? ?? ???????  ??? ??",BIHAR,MUNGER,TARAPUR,2018-06-18T07:59:41Z
KHARIF,AGRICULTURE,Cereals,"Paddy (Dhan)",Weather,"Weather information","?? ?? ?? ???? ??????? ??? ????? ?? ???????  ??? ??",BIHAR,MUNGER,TARAPUR,2018-06-18T07:59:41Z
KHARIF,AGRICULTURE,Pulses,"Green Gram (Moong Bean/ Moong)",Weather,weather,"no rain",BIHAR,MUNGER,"MUNGER SADAR",2018-06-18T17:22:48Z
KHARIF,AGRICULTURE,Pulses,"Green Gram (Moong Bean/ Moong)",Weather,weather,"no rain",BIHAR,MUNGER,"MUNGER SADAR",2018-06-18T17:22:48Z
KHARIF,AGRICULTURE,Others,Others,Weather,weather,"no rain",BIHAR,MUNGER,"MUNGER SADAR",2018-06-18T17:34:34Z
KHARIF,AGRICULTURE,Others,Others,Weather,weather,"no rain",BIHAR,MUNGER,"MUNGER SADAR",2018-06-18T17:34:34Z
JAYAD,"ANIMAL HUSBANDRY",Animal,"Bovine(Cow,Buffalo)","Disease Management","DISEASE PROBLEM IN COW","CONTACT TO VETNARY DOCTOR IN YOUR BLOCK FOR DISEASE COW",BIHAR,MUNGER,"MUNGER SADAR",2018-06-18T18:52:57Z
JAYAD,"ANIMAL HUSBANDRY",Animal,"Bovine(Cow,Buffalo)","Disease Management","DISEASE PROBLEM IN COW","CONTACT TO VETNARY DOCTOR IN YOUR BLOCK FOR DISEASE COW",BIHAR,MUNGER,"MUNGER SADAR",2018-06-18T18:52:57Z
JAYAD,HORTICULTURE,Vegetables,Chillies,"Plant Protection","leaf curl in chilies","spray omite and dhanzime 3-3ml/lit of water in chilies",BIHAR,MUNGER,"MUNGER SADAR",2018-06-18T21:28:06Z
JAYAD,HORTICULTURE,Vegetables,Chillies,"Plant Protection","leaf curl in chilies","spray omite and dhanzime 3-3ml/lit of water in chilies",BIHAR,MUNGER,"MUNGER SADAR",2018-06-18T21:28:06Z
JAYAD,AGRICULTURE,Others,Others,Weather,weather,"no rain",BIHAR,MUNGER,"MUNGER SADAR",2018-06-19T10:12:52Z
JAYAD,AGRICULTURE,Others,Others,Weather,weather,"no rain",BIHAR,MUNGER,"MUNGER SADAR",2018-06-19T10:12:52Z
JAYAD,AGRICULTURE,Others,Others,Weather,weather,"no rain",BIHAR,MUNGER,"MUNGER SADAR",2018-06-19T19:49:56Z
JAYAD,AGRICULTURE,Others,Others,Weather,weather,"no rain",BIHAR,MUNGER,"MUNGER SADAR",2018-06-19T19:49:56Z
KHARIF,AGRICULTURE,Others,Others,Weather,WEATHER,"NO RAIN",BIHAR,MUNGER,"MUNGER SADAR",2018-06-19T20:34:53Z
KHARIF,AGRICULTURE,Others,Others,Weather,WEATHER,"NO RAIN",BIHAR,MUNGER,"MUNGER SADAR",2018-06-19T20:34:53Z
KHARIF,AGRICULTURE,Oilseeds,"Sesame (Gingelly/Til)/Sesamum",Seeds,"VARIETIES OF SESAMUM","VARIETIES ARE KRISHNA,KAKE SAFED,PRAGTI FOR SESAMUM",BIHAR,MUNGER,"MUNGER SADAR",2018-06-19T21:18:29Z
KHARIF,AGRICULTURE,Oilseeds,"Sesame (Gingelly/Til)/Sesamum",Seeds,"VARIETIES OF SESAMUM","VARIETIES ARE KRISHNA,KAKE SAFED,PRAGTI FOR SESAMUM",BIHAR,MUNGER,"MUNGER SADAR",2018-06-19T21:18:29Z
KHARIF,AGRICULTURE,Others,Others,"Cultural Practices","wheat bug insect problem in wheat cereal","kisan bhai time time par dhup me gehu ko sukhaye.",BIHAR,MUNGER,JAMALPUR,2018-06-20T09:09:04Z
KHARIF,AGRICULTURE,Others,Others,"Cultural Practices","wheat bug insect problem in wheat cereal","kisan bhai time time par dhup me gehu ko sukhaye.",BIHAR,MUNGER,JAMALPUR,2018-06-20T09:09:04Z
KHARIF,AGRICULTURE,Others,Others,"Field Preparation","Weather information","Cloudy weather today and tomorrow  but no chance of rain in your area.",BIHAR,MUNGER,ASARGANJ,2018-06-20T15:10:13Z
KHARIF,AGRICULTURE,Others,Others,"Field Preparation","Weather information","Cloudy weather today and tomorrow  but no chance of rain in your area.",BIHAR,MUNGER,ASARGANJ,2018-06-20T15:10:13Z
JAYAD,AGRICULTURE,"Green Manure",Dhaincha,"Training and Exposure Visits","cultivation of dhaincha","green manuring of dhaincha",BIHAR,MUNGER,"MUNGER SADAR",2018-06-20T17:22:41Z
JAYAD,AGRICULTURE,"Green Manure",Dhaincha,"Training and Exposure Visits","cultivation of dhaincha","green manuring of dhaincha",BIHAR,MUNGER,"MUNGER SADAR",2018-06-20T17:22:41Z
KHARIF,AGRICULTURE,Cereals,"Paddy (Dhan)",Varieties,"VARIEITES OF PADDY","VARIETIES ARE SUGANDHA,KAMINI,B.R-9 FOR PADDY",BIHAR,MUNGER,"MUNGER SADAR",2018-06-20T18:35:07Z
KHARIF,AGRICULTURE,Cereals,"Paddy (Dhan)",Varieties,"VARIEITES OF PADDY","VARIETIES ARE SUGANDHA,KAMINI,B.R-9 FOR PADDY",BIHAR,MUNGER,"MUNGER SADAR",2018-06-20T18:35:07Z
KHARIF,HORTICULTURE,Vegetables,Bhindi(Okra/Ladysfinger),"Vegetative Propagation and Tissue Culture","VARIETIES OF BHINDI","VARIETIES ARE PABHANI KRANTI,ARAKKA ABHAY,PANJAB-7 FOR BHINDI",BIHAR,MUNGER,"MUNGER SADAR",2018-06-20T19:49:57Z
KHARIF,HORTICULTURE,Vegetables,Bhindi(Okra/Ladysfinger),"Vegetative Propagation and Tissue Culture","VARIETIES OF BHINDI","VARIETIES ARE PABHANI KRANTI,ARAKKA ABHAY,PANJAB-7 FOR BHINDI",BIHAR,MUNGER,"MUNGER SADAR",2018-06-20T19:49:57Z
JAYAD,AGRICULTURE,Others,Others,Varieties,weather,"no rain",BIHAR,MUNGER,"MUNGER SADAR",2018-06-20T19:56:49Z
JAYAD,AGRICULTURE,Others,Others,Varieties,weather,"no rain",BIHAR,MUNGER,"MUNGER SADAR",2018-06-20T19:56:49Z
KHARIF,AGRICULTURE,Others,Others,"Field Preparation","Weather information","Cloudy weather no  chance of rain in your area.",BIHAR,MUNGER,JAMALPUR,2018-06-20T20:15:57Z
KHARIF,AGRICULTURE,Others,Others,"Field Preparation","Weather information","Cloudy weather no  chance of rain in your area.",BIHAR,MUNGER,JAMALPUR,2018-06-20T20:15:57Z
KHARIF,AGRICULTURE,Cereals,"Paddy (Dhan)",Varieties,"varieties of scented paddy","varieties are sugandha,kamimi,br9 for scented paddy",BIHAR,MUNGER,"MUNGER SADAR",2018-06-20T20:33:17Z
KHARIF,AGRICULTURE,Cereals,"Paddy (Dhan)",Varieties,"varieties of scented paddy","varieties are sugandha,kamimi,br9 for scented paddy",BIHAR,MUNGER,"MUNGER SADAR",2018-06-20T20:33:17Z
KHARIF,HORTICULTURE,Vegetables,Chillies,"Plant Protection","LEAF CURL IN CHILIES","SPRAY OMTIE AND DHANZIME 3-3ML/LIT OF WATER IN CHILIES",BIHAR,MUNGER,"MUNGER SADAR",2018-06-21T14:38:49Z
KHARIF,HORTICULTURE,Vegetables,Chillies,"Plant Protection","LEAF CURL IN CHILIES","SPRAY OMTIE AND DHANZIME 3-3ML/LIT OF WATER IN CHILIES",BIHAR,MUNGER,"MUNGER SADAR",2018-06-21T14:38:49Z
KHARIF,AGRICULTURE,Cereals,"Paddy (Dhan)",Varieties,"varieties of paddy","varieties are sugandha,kamini,br-9, for paddy",BIHAR,MUNGER,"MUNGER SADAR",2018-06-21T18:50:07Z
KHARIF,AGRICULTURE,Cereals,"Paddy (Dhan)",Varieties,"varieties of paddy","varieties are sugandha,kamini,br-9, for paddy",BIHAR,MUNGER,"MUNGER SADAR",2018-06-21T18:50:07Z
KHARIF,AGRICULTURE,Others,Others,Weather,"Weather Information","Cloudy weather in your area, but no chance of  rain in your area.",BIHAR,MUNGER,KHARAGPUR,2018-06-21T20:56:26Z
KHARIF,AGRICULTURE,Others,Others,Weather,"Weather Information","Cloudy weather in your area, but no chance of  rain in your area.",BIHAR,MUNGER,KHARAGPUR,2018-06-21T20:56:26Z
KHARIF,AGRICULTURE,Others,Others,Weather,weather,"no rain",BIHAR,MUNGER,"MUNGER SADAR",2018-06-22T11:14:39Z
KHARIF,AGRICULTURE,Others,Others,Weather,weather,"no rain",BIHAR,MUNGER,"MUNGER SADAR",2018-06-22T11:14:39Z
JAYAD,AGRICULTURE,Cereals,"Paddy (Dhan)",Varieties,"varieties of paddy","varities are rajendra mansuri,kasturi for paddy",BIHAR,MUNGER,"MUNGER SADAR",2018-06-22T12:24:58Z
JAYAD,AGRICULTURE,Cereals,"Paddy (Dhan)",Varieties,"varieties of paddy","varities are rajendra mansuri,kasturi for paddy",BIHAR,MUNGER,"MUNGER SADAR",2018-06-22T12:24:58Z
KHARIF,HORTICULTURE,Vegetables,Bhindi(Okra/Ladysfinger),"Plant Protection","YELLOW VEIN MOSAIC","SPRAY IMIDACHLOROPRID 1ML/3LIT OF WATER IN BHINDI",BIHAR,MUNGER,"MUNGER SADAR",2018-06-22T14:53:39Z
KHARIF,HORTICULTURE,Vegetables,Bhindi(Okra/Ladysfinger),"Plant Protection","YELLOW VEIN MOSAIC","SPRAY IMIDACHLOROPRID 1ML/3LIT OF WATER IN BHINDI",BIHAR,MUNGER,"MUNGER SADAR",2018-06-22T14:53:39Z
KHARIF,AGRICULTURE,Others,Others,Weather,"WEATHER INFORMATION","today and tomarrow chance of rain in your area",BIHAR,MUNGER,BARIYARPUR,2018-06-23T09:06:18Z
KHARIF,AGRICULTURE,Others,Others,Weather,"WEATHER INFORMATION","today and tomarrow chance of rain in your area",BIHAR,MUNGER,BARIYARPUR,2018-06-23T09:06:18Z
KHARIF,AGRICULTURE,Others,Others,Weather,"WEATHER INFORMATION","today and tomarrow chance of rain in your area",BIHAR,MUNGER,ASARGANJ,2018-06-23T09:32:29Z
KHARIF,AGRICULTURE,Others,Others,Weather,"WEATHER INFORMATION","today and tomarrow chance of rain in your area",BIHAR,MUNGER,ASARGANJ,2018-06-23T09:32:29Z
KHARIF,AGRICULTURE,Others,Others,Weather,WEATHER,"NO RAIN",BIHAR,MUNGER,"MUNGER SADAR",2018-06-23T16:09:36Z
KHARIF,AGRICULTURE,Others,Others,Weather,WEATHER,"NO RAIN",BIHAR,MUNGER,"MUNGER SADAR",2018-06-23T16:09:36Z
KHARIF,AGRICULTURE,Others,Others,Weather,"WEATHER INFORMATION","Heavy Cloudy weather in your area,chance of rain in your area",BIHAR,MUNGER,BARIYARPUR,2018-06-23T16:34:10Z
KHARIF,AGRICULTURE,Others,Others,Weather,"WEATHER INFORMATION","Heavy Cloudy weather in your area,chance of rain in your area",BIHAR,MUNGER,BARIYARPUR,2018-06-23T16:34:10Z
KHARIF,AGRICULTURE,Others,Others,Weather,"WEATHER INFORMATION","Heavy Cloudy weather in your area,chance of rain in your area",BIHAR,MUNGER,BARIYARPUR,2018-06-23T16:34:33Z
KHARIF,AGRICULTURE,Others,Others,Weather,"WEATHER INFORMATION","Heavy Cloudy weather in your area,chance of rain in your area",BIHAR,MUNGER,BARIYARPUR,2018-06-23T16:34:33Z
KHARIF,AGRICULTURE,Others,Others,Weather,"WEATHER INFORMATION","Heavy Cloudy weather in your area,chance of rain in your area",BIHAR,MUNGER,BARIYARPUR,2018-06-23T16:34:59Z
KHARIF,AGRICULTURE,Others,Others,Weather,"WEATHER INFORMATION","Heavy Cloudy weather in your area,chance of rain in your area",BIHAR,MUNGER,BARIYARPUR,2018-06-23T16:34:59Z
JAYAD,AGRICULTURE,Others,Others,Weather,WEATHER,"NO RAIN",BIHAR,MUNGER,"MUNGER SADAR",2018-06-23T18:18:47Z
JAYAD,AGRICULTURE,Others,Others,Weather,WEATHER,"NO RAIN",BIHAR,MUNGER,"MUNGER SADAR",2018-06-23T18:18:47Z
KHARIF,AGRICULTURE,Cereals,"Paddy (Dhan)",Varieties,"VARIETIES OF HYBRID RICE","VARIETIES ARE PHB-71,ORIZE-6444 FOR PADDY",BIHAR,MUNGER,"MUNGER SADAR",2018-06-24T16:53:48Z
KHARIF,AGRICULTURE,Cereals,"Paddy (Dhan)",Varieties,"VARIETIES OF HYBRID RICE","VARIETIES ARE PHB-71,ORIZE-6444 FOR PADDY",BIHAR,MUNGER,"MUNGER SADAR",2018-06-24T16:53:48Z
KHARIF,AGRICULTURE,Cereals,"Paddy (Dhan)",Weather,"WEATHER INFORMATION","????? ???  ???? ??????? ??? ?? ?? ?? ????? ???? ?? ???????  ??",BIHAR,MUNGER,TARAPUR,2018-06-24T18:11:20Z
KHARIF,AGRICULTURE,Cereals,"Paddy (Dhan)",Weather,"WEATHER INFORMATION","????? ???  ???? ??????? ??? ?? ?? ?? ????? ???? ?? ???????  ??",BIHAR,MUNGER,TARAPUR,2018-06-24T18:11:20Z
KHARIF,AGRICULTURE,Others,Others,"Fertilizer Use and Availability","Weather Information","Cloudy weather  today and tomorrow  no chance of  rain",BIHAR,MUNGER,KHARAGPUR,2018-06-25T11:38:16Z
KHARIF,AGRICULTURE,Others,Others,"Fertilizer Use and Availability","Weather Information","Cloudy weather  today and tomorrow  no chance of  rain",BIHAR,MUNGER,KHARAGPUR,2018-06-25T11:38:16Z
JAYAD,HORTICULTURE,Vegetables,Tomato,"Seeds and Planting Material","VARIETIES OF TOMATO","VARIETIES ARE RUPALI,NAVIN,",BIHAR,MUNGER,"MUNGER SADAR",2018-06-25T15:41:25Z
JAYAD,HORTICULTURE,Vegetables,Tomato,"Seeds and Planting Material","VARIETIES OF TOMATO","VARIETIES ARE RUPALI,NAVIN,",BIHAR,MUNGER,"MUNGER SADAR",2018-06-25T15:41:25Z
KHARIF,AGRICULTURE,Others,Others,Weather,"WEATHER INFORMATION","today and tomarrow chance of rain in your area",BIHAR,MUNGER,TARAPUR,2018-06-27T09:12:20Z
KHARIF,AGRICULTURE,Others,Others,Weather,"WEATHER INFORMATION","today and tomarrow chance of rain in your area",BIHAR,MUNGER,TARAPUR,2018-06-27T09:12:20Z
KHARIF,HORTICULTURE,Vegetables,Bhindi(Okra/Ladysfinger),"Plant Protection","yellow vein mosaic","spray imidachloroprid 1ml/3lit of water in bhindi",BIHAR,MUNGER,"MUNGER SADAR",2018-06-28T09:37:57Z
KHARIF,HORTICULTURE,Vegetables,Bhindi(Okra/Ladysfinger),"Plant Protection","yellow vein mosaic","spray imidachloroprid 1ml/3lit of water in bhindi",BIHAR,MUNGER,"MUNGER SADAR",2018-06-28T09:37:57Z
KHARIF,HORTICULTURE,Vegetables,Chillies,"Plant Protection","LEAF CURL IN CHILIES","SPRAY 2ML/LIT OF WATER IN CHILIES",BIHAR,MUNGER,"MUNGER SADAR",2018-06-28T10:05:39Z
KHARIF,HORTICULTURE,Vegetables,Chillies,"Plant Protection","LEAF CURL IN CHILIES","SPRAY 2ML/LIT OF WATER IN CHILIES",BIHAR,MUNGER,"MUNGER SADAR",2018-06-28T10:05:39Z
KHARIF,HORTICULTURE,Vegetables,Cauliflower,"Seeds and Planting Material","VARIETIES OF CAULIFLOWER","VARIETIES ARE PUSA KUWARI,PATNA ARLI,PUSA MEGHNA FOR CAULIFOWER",BIHAR,MUNGER,"MUNGER SADAR",2018-06-28T17:51:32Z
KHARIF,HORTICULTURE,Vegetables,Cauliflower,"Seeds and Planting Material","VARIETIES OF CAULIFLOWER","VARIETIES ARE PUSA KUWARI,PATNA ARLI,PUSA MEGHNA FOR CAULIFOWER",BIHAR,MUNGER,"MUNGER SADAR",2018-06-28T17:51:32Z
KHARIF,HORTICULTURE,Vegetables,Brinjal,"Seeds and Planting Material","VARIETIES OF BRINJAL","VARIETIES ARE RAJENDRA BAIGON-2,PANT SMARAT,PUSA ANMOL FOR BRINJAL",BIHAR,MUNGER,"MUNGER SADAR",2018-06-28T21:22:43Z
KHARIF,HORTICULTURE,Vegetables,Brinjal,"Seeds and Planting Material","VARIETIES OF BRINJAL","VARIETIES ARE RAJENDRA BAIGON-2,PANT SMARAT,PUSA ANMOL FOR BRINJAL",BIHAR,MUNGER,"MUNGER SADAR",2018-06-28T21:22:43Z
KHARIF,AGRICULTURE,Others,Others,Weather,"WEATHER INFORMATION","Cloudy weather in your area, chance of rain in your area .",BIHAR,MUNGER,KHARAGPUR,2018-06-29T08:42:14Z
KHARIF,AGRICULTURE,Others,Others,Weather,"WEATHER INFORMATION","Cloudy weather in your area, chance of rain in your area .",BIHAR,MUNGER,KHARAGPUR,2018-06-29T08:42:14Z
KHARIF,AGRICULTURE,Cereals,"Paddy (Dhan)",Weather,"Weather information","???? ??? ?????? ,????? ???? ?? ???????  ????",BIHAR,MUNGER,ASARGANJ,2018-06-30T12:14:31Z
KHARIF,AGRICULTURE,Cereals,"Paddy (Dhan)",Weather,"Weather information","???? ??? ?????? ,????? ???? ?? ???????  ????",BIHAR,MUNGER,ASARGANJ,2018-06-30T12:14:31Z
