Season,Sector,Category,Crop,QueryType,QueryText,KCCAns,StateName,DistrictName,BlockName,CreatedOn
JAYAD,AGRICULTURE,Others,Others,Weather,"Weather  information","????  ??? ????? ??? ???? ??? ?????",BIHAR,AURANGABAD,DEO,2018-03-01T11:28:22Z
RABI,AGRICULTURE,Others,Others,Weather,"WEATHER INFORMATION","VERY WARM WITH HAZY SUN",BIHAR,AURANGABAD,DEO,2018-03-02T08:22:07Z
JAYAD,AGRICULTURE,Others,Others,Weather,"WEATHER INFORMATION","?????  ?? ???  ???????  ??? ??",BIHAR,AURANGABAD,HASPURA,2018-03-03T12:53:06Z
RABI,AGRICULTURE,Cereals,Wheat,Weather,"WEATHER INFORMATION","????  ????  ????? ,?????? ?????",BIHAR,AURANGABAD,DAUDNAGAR,2018-03-03T14:48:27Z
RABI,AGRICULTURE,Others,Others,Weather,"Insect infestation in gram","Spray chlorpyriphos @ 2 ml in 1 liter of water",BIHAR,AURANGABAD,HASPURA,2018-03-03T17:43:31Z
RABI,HORTICULTURE,Vegetables,Chillies,"Plant Protection","Tobacco cutworm","Indoxacarb 14.5 % SC 6.5 ml/10 lit. 
Novaluron 10 % EC 7.5 ml/10 lit.",BIHAR,AURANGABAD,AURANGABAD,2018-03-04T07:55:04Z
RABI,AGRICULTURE,Pulses,"Bengal Gram (Gram/Chick Pea/Kabuli/Chana)","Nutrient Management","spray at flowering condition for proper growth","no spray recommended at flowering stage",BIHAR,AURANGABAD,DAUDNAGAR,2018-03-04T09:37:45Z
RABI,AGRICULTURE,Cereals,Wheat,Weather,"WEATHER INFORMATION","???? ??????? ??? ????? ???? ?? ??????? ???? ?? ",BIHAR,AURANGABAD,DAUDNAGAR,2018-03-04T19:28:13Z
JAYAD,AGRICULTURE,Others,Others,Weather,"WEATHER INFORMATION","Today little chance of rain",BIHAR,AURANGABAD,RAFIGANJ,2018-03-06T07:08:36Z
RABI,AGRICULTURE,Others,Others,Weather,"WEATHER INFORMATION","no chance of rain in your area.",BIHAR,AURANGABAD,DEO,2018-03-06T09:05:40Z
RABI,AGRICULTURE,Others,Others,"Field Preparation","WEATHER INFORMATION","TODAY AND TOMORROW NO CHANCE OF RAIN IN YOUR AREA",BIHAR,AURANGABAD,NABINAGAR,2018-03-06T14:39:40Z
JAYAD,AGRICULTURE,Others,Others,"Plant Protection","Insect infestation in GRAM","Spray chlorpyriphos @ 2 ml in 1 liter of water",BIHAR,AURANGABAD,RAFIGANJ,2018-03-06T17:31:51Z
JAYAD,AGRICULTURE,Pulses,"Bengal Gram (Gram/Chick Pea/Kabuli/Chana)","Nutrient Management","YELLOWING AND DRYING OF GRAM","Spray mancozeb @ 2g/lit of water",BIHAR,AURANGABAD,BARUN,2018-03-07T12:05:40Z
JAYAD,HORTICULTURE,Vegetables,Tomato,"Plant Protection","APHID IN TOMATO","Spray malathion @ 2ml/lit of water",BIHAR,AURANGABAD,BARUN,2018-03-07T12:09:38Z
JAYAD,HORTICULTURE,Vegetables,Onion,"Plant Protection","APHID IN ONION","Spray malathion @ 2ml/lit of water",BIHAR,AURANGABAD,BARUN,2018-03-08T12:40:12Z
RABI,HORTICULTURE,Vegetables,Chillies,"Plant Protection","Chilli thrips","Imidacloprid 17.8 % SL 3.0 ml/10 lit. 
Dimethoate 30 % EC 1.0 ml/lit.",BIHAR,AURANGABAD,AURANGABAD,2018-03-08T13:16:27Z
JAYAD,AGRICULTURE,Others,Others,Weather,"Weather information","Hazy sunshine",BIHAR,AURANGABAD,DAUDNAGAR,2018-03-08T21:25:54Z
JAYAD,AGRICULTURE,Others,Others,Weather,"Weather information","Hazy sunshine",BIHAR,AURANGABAD,DAUDNAGAR,2018-03-08T21:27:14Z
RABI,HORTICULTURE,Vegetables,Chillies,"Plant Protection","Gram caterpillar","Flubendiamide 20 WDG 6.0 g /10 lit. 
Indoxacarb 14.5 % SC 6.5 ml/10 lit. 
Novaluron 10 % EC 7.5 ml/10 lit.",BIHAR,AURANGABAD,AURANGABAD,2018-03-09T17:32:18Z
JAYAD,HORTICULTURE,Fruits,Citrus,"Plant Protection","VIRAL INFECTION IN CITRUS","Spray  Imidachloprid @ 1ml/3lit of water",BIHAR,AURANGABAD,DAUDNAGAR,2018-03-10T13:59:52Z
JAYAD,AGRICULTURE,Others,Others,Weather,"WEATHER INFORMATION","No chance of rain in your area.",BIHAR,AURANGABAD,DEO,2018-03-10T17:23:51Z
KHARIF,AGRICULTURE,Pulses,"Bengal Gram (Gram/Chick Pea/Kabuli/Chana)","Plant Protection","POD BORER GRAM","SPRAY PROPENOPHOS @2ML/LIT OF WATER IN GRAM",BIHAR,AURANGABAD,RAFIGANJ,2018-03-11T13:15:00Z
JAYAD,AGRICULTURE,Others,Others,Weather,"Weather information","Hazy weather in your area ,no chance of rain",BIHAR,AURANGABAD,RAFIGANJ,2018-03-12T07:55:55Z
KHARIF,HORTICULTURE,Fruits,Mango,"Nutrient Management","spray at flower emergence","Spray imidachloprid @ 1ml/3 lit of water, PLANOFIX 1 ML/5LITRE OF WATER and Copper oxy chloride @ 2 gm / lit of water",BIHAR,AURANGABAD,GOH,2018-03-12T08:31:35Z
RABI,HORTICULTURE,Vegetables,"Bitter Gourd","Plant Protection","Beetles, fruit flies and caterpillars","spraying Malathion 50 EC 1ml/lit or Dimethoate 30 EC 1ml/lit or Methyl demeton 25 EC 1ml/lit.",BIHAR,AURANGABAD,DAUDNAGAR,2018-03-12T10:12:47Z
RABI,AGRICULTURE,Cereals,Wheat,Weather,"WEATHER INFORMATION","???? ??????? ??? ????? ???? ?? ??????? ???? ?? ",BIHAR,AURANGABAD,DEO,2018-03-12T17:45:52Z
RABI,AGRICULTURE,Cereals,Wheat,Weather,"WEATHER INFORMATION","Heavy Cloudy weather in your area, chance of rain in your area",BIHAR,AURANGABAD,AURANGABAD,2018-03-12T20:13:08Z
JAYAD,AGRICULTURE,Others,Others,Weather,"weather information","today and tomorrow  no chance of  rain",BIHAR,AURANGABAD,AURANGABAD,2018-03-12T20:14:08Z
RABI,AGRICULTURE,Others,Others,"Plant Protection","fruit borer in gram","Spray quinolphos @ 2 ml in 1 liter of water",BIHAR,AURANGABAD,DAUDNAGAR,2018-03-13T07:48:02Z
RABI,HORTICULTURE,Vegetables,Brinjal,"Plant Protection","Stem borer","Light trap @1/ha to attract and kill adults
Spray neem oil 2ml/lit",BIHAR,AURANGABAD,BARUN,2018-03-13T10:39:53Z
JAYAD,AGRICULTURE,Others,Others,Varieties,"Variety of Moong -","Variety of Moong - pusa vishal, smart, sona , H.U.M.-16, P.S.-16,S.M.L.668",BIHAR,AURANGABAD,BARUN,2018-03-14T16:18:17Z
JAYAD,AGRICULTURE,Others,Others,Varieties,"Variety of Moong -","Variety of Moong - pusa vishal, smart, sona , H.U.M.-16, P.S.-16,S.M.L.668",BIHAR,AURANGABAD,BARUN,2018-03-14T16:18:34Z
JAYAD,AGRICULTURE,Others,Others,Varieties,"Variety of Moong -","Variety of Moong - pusa vishal, smart, sona , H.U.M.-16, P.S.-16,S.M.L.668",BIHAR,AURANGABAD,BARUN,2018-03-14T16:18:56Z
JAYAD,AGRICULTURE,Cereals,Wheat,Varieties,"Variety of Moong","- pusa vishal, smart, sona , H.U.M.-16, P.S.-16,S.M.L.668",BIHAR,AURANGABAD,BARUN,2018-03-14T17:01:24Z
RABI,AGRICULTURE,Others,Others,"Field Preparation","WEATHER INFORMATION","Cloudy weather in your area and no chance of rain in your area",BIHAR,AURANGABAD,MADANPUR,2018-03-14T18:06:31Z
JAYAD,AGRICULTURE,Others,Others,Weather,"Weather information","Cloudy weather Today and tomorrow little chance of rain in your area.",BIHAR,AURANGABAD,DAUDNAGAR,2018-03-15T12:06:37Z
JAYAD,AGRICULTURE,Others,Others,Weather,"Weather information","Hazy weather in your area ,no chance of rain",BIHAR,AURANGABAD,RAFIGANJ,2018-03-16T12:44:00Z
JAYAD,AGRICULTURE,Others,Others,"Plant Protection","plant protection","spray imidacoloroprid 1 ml / 3litre of water",BIHAR,AURANGABAD,MADANPUR,2018-03-16T17:25:54Z
JAYAD,AGRICULTURE,Others,Others,Weather,"Weather information","Cloudy weather in your area and no chance of rain in your area",BIHAR,AURANGABAD,RAFIGANJ,2018-03-17T08:43:32Z
JAYAD,HORTICULTURE,Vegetables,Tomato,"Plant Protection","insect infestation in tomato","Spray dimethoate @ 1 ml in 1 litre of water",BIHAR,AURANGABAD,RAFIGANJ,2018-03-17T12:47:34Z
JAYAD,AGRICULTURE,Others,Others,"Plant Protection","plant protection","Spray Imidacloroprid @ 1 ml / 3 lit of water",BIHAR,AURANGABAD,NABINAGAR,2018-03-17T17:57:13Z
JAYAD,AGRICULTURE,Others,Others,"Plant Protection","Prevent fruit drop in mango","Spray planofix @ 1 ml/ 4 litre of water",BIHAR,AURANGABAD,HASPURA,2018-03-18T18:17:11Z
JAYAD,AGRICULTURE,Others,Others,Weather,"Weather information","Cloudy weather in your area and no chance of rain in your area",BIHAR,AURANGABAD,AURANGABAD,2018-03-19T12:47:42Z
RABI,AGRICULTURE,Others,Others,"Field Preparation","Weather information","No chance of rain in your area",BIHAR,AURANGABAD,AURANGABAD,2018-03-20T14:35:11Z
RABI,AGRICULTURE,Others,Others,"Plant Protection","WEATHER INFORMATION","Cloudy weather, but chance of rain in your area",BIHAR,AURANGABAD,RAFIGANJ,2018-03-20T15:42:40Z
JAYAD,AGRICULTURE,Others,Others,Weather,"WEATHER INFORMATION","Hot with hazy sunshine",BIHAR,AURANGABAD,BARUN,2018-03-21T09:23:57Z
JAYAD,AGRICULTURE,Others,Others,Weather,"WEATHER INFORMATION","Hot with hazy sunshine",BIHAR,AURANGABAD,DAUDNAGAR,2018-03-21T12:27:26Z
JAYAD,AGRICULTURE,Others,Others,Weather,"weather information","Hazy weather in your area ,no chance of rain",BIHAR,AURANGABAD,OBRA,2018-03-21T12:30:17Z
JAYAD,AGRICULTURE,Others,Others,Weather,"WEATHER INFORMATION","Hot with hazy sunshine",BIHAR,AURANGABAD,RAFIGANJ,2018-03-21T13:17:34Z
JAYAD,AGRICULTURE,Others,Others,Weather,"WEATHER INFORMATION","Hot with hazy sunshine",BIHAR,AURANGABAD,RAFIGANJ,2018-03-21T13:25:47Z
JAYAD,AGRICULTURE,Others,Others,Weather,"Weather information","Cloudy weather in your area and no chance of rain in your area",BIHAR,AURANGABAD,AURANGABAD,2018-03-22T14:20:47Z
JAYAD,AGRICULTURE,Others,Others,Weather,"Weather information","Cloudy weather in your area and no chance of rain in your area",BIHAR,AURANGABAD,AURANGABAD,2018-03-22T14:20:59Z
JAYAD,AGRICULTURE,Others,Others,Weather,"Weather information","Cloudy weather in your area and no chance of rain in your area",BIHAR,AURANGABAD,AURANGABAD,2018-03-22T14:21:10Z
JAYAD,AGRICULTURE,Others,Others,Weather,"WEATHER INFORMATION","CHANCE OF RAIN IN YOUR AREA",BIHAR,AURANGABAD,OBRA,2018-03-22T16:05:48Z
JAYAD,AGRICULTURE,Others,Others,Weather,"WEATHER INFORMATION","CHANCE OF RAIN IN YOUR AREA",BIHAR,AURANGABAD,OBRA,2018-03-22T16:06:36Z
RABI,AGRICULTURE,Others,Others,"Field Preparation","Weather information","Cloudy weather  today and tomorrow  no chance of  rain",BIHAR,AURANGABAD,AURANGABAD,2018-03-22T20:04:49Z
RABI,AGRICULTURE,Others,Others,"Field Preparation","Weather information","Cloudy weather  today and tomorrow  no chance of  rain",BIHAR,AURANGABAD,AURANGABAD,2018-03-22T20:08:38Z
JAYAD,AGRICULTURE,Others,Others,"Plant Protection","plant protection","SPRAY MANCOZEB @ 2 GRAM/LITRE OF WATER",BIHAR,AURANGABAD,AURANGABAD,2018-03-22T20:26:11Z
JAYAD,AGRICULTURE,Others,Others,"Plant Protection","plant protection","Spray  planofix @ 1 ml in 5 litre OF water",BIHAR,AURANGABAD,AURANGABAD,2018-03-22T20:27:34Z
RABI,AGRICULTURE,Others,Others,"Field Preparation","YELLOWING OF LEAVES","spray imidacoloroprid 1 ml / 3litre of water",BIHAR,AURANGABAD,DEO,2018-03-23T06:36:18Z
RABI,HORTICULTURE,Vegetables,"Bottle Gourd","Plant Protection","FLOWER DROPPING OF BOTTEL GOURD","PLANOFIX @ 1  ML/ 4 LITRE WATER",BIHAR,AURANGABAD,BARUN,2018-03-23T11:03:41Z
RABI,AGRICULTURE,Others,Others,"Field Preparation","weather information","CLOUDY WEATHER BUT NO CHANCE OF RAIN",BIHAR,AURANGABAD,AURANGABAD,2018-03-23T12:35:32Z
RABI,AGRICULTURE,Others,Others,"Field Preparation","weather information","CLOUDY WEATHER BUT NO CHANCE OF RAIN",BIHAR,AURANGABAD,AURANGABAD,2018-03-23T12:48:51Z
RABI,AGRICULTURE,Others,Others,"Field Preparation","WEATHER INFORMATION","Cloudy weather but no rain in your area",BIHAR,AURANGABAD,GOH,2018-03-24T14:52:41Z
RABI,AGRICULTURE,Others,Others,"Field Preparation","Weather information","CLOUDY WEATHER BUT NO CHANCE OF RAIN",BIHAR,AURANGABAD,DEO,2018-03-25T07:02:02Z
RABI,HORTICULTURE,Vegetables,Chillies,"Plant Protection","Bacterial leaf spot","Spraying with streptomycin should not be done after fruits begin to form.


Field sanitation is important. Also seeds must be obtained from disease free plants.",BIHAR,AURANGABAD,NABINAGAR,2018-03-26T10:31:03Z
JAYAD,AGRICULTURE,Others,Others,Weather,"Weather information","no chance of rain in your area",BIHAR,AURANGABAD,HASPURA,2018-03-26T18:17:15Z
JAYAD,HORTICULTURE,Fruits,Citrus,"Seeds and Planting Material","WHERE TO CONSULT FOR PLANTING MATERIAL OF CITRUS,MANGO","YOU SHOULD CONSULT TO KRISHI VIGYAN KENDRA OR AGRICULTURAL UNIVERSITIES",BIHAR,AURANGABAD,AURANGABAD,2018-03-27T11:27:42Z
JAYAD,AGRICULTURE,Others,Others,"Soil Testing","How to take Sample for soil test","Take soil from the farm, the farm Dibider except 1 of 1 meter is to fit coined then from top to bottom is mud, mud deposited by the space above the soil to remove a pound!",BIHAR,AURANGABAD,AURANGABAD,2018-03-27T11:29:13Z
JAYAD,AGRICULTURE,Others,Others,"Plant Protection","Yellowing of leaf /Rotting problem","???????? @ 2 ????? ????? ???? ???? ?? ?????? ?????? ???!",BIHAR,AURANGABAD,KUTUMBA,2018-03-27T17:26:34Z
JAYAD,AGRICULTURE,Others,Others,"Plant Protection","Yellowing of leaf /Rotting problem","Spray mancozeb @ 2g/lit of water",BIHAR,AURANGABAD,KUTUMBA,2018-03-27T17:26:34Z
JAYAD,AGRICULTURE,Others,Others,"Plant Protection","Yellowing of leaf /Rotting problem","Spray mancozeb @ 2g/lit of water",BIHAR,AURANGABAD,KUTUMBA,2018-03-27T17:26:34Z
RABI,AGRICULTURE,Others,Others,"Plant Protection","Weather information","TODAY AND TOMORROW NO CHANCE OF RAIN IN YOUR AREA",BIHAR,AURANGABAD,AURANGABAD,2018-03-28T15:36:12Z
JAYAD,AGRICULTURE,Oilseeds,"Sesame (Gingelly/Til)/Sesamum","Cultural Practices","IRRIGATION IN SESAME","ONE LIFE IRRIGATION AT 7 DAYS AFTER SOWING, AFTER THAT 3 CRITICAL STAGES OF IRRIGATION; FIRST ONE IS AFTER 22-25 DAYS, SECOND ONE IS AFTER 35-45 DAYS AND THIRD AND LAST ONE AFTER 65-70 DAYS",BIHAR,AURANGABAD,BARUN,2018-03-29T07:17:24Z
JAYAD,AGRICULTURE,Oilseeds,"Sesame (Gingelly/Til)/Sesamum","Cultural Practices","SEED TREATMENT OF SESAME","TREAT THE SEED WITH THIRAM @ 3 GRAM PER KG OF SEED TO PRAVENT SEED BORNE DISEASE",BIHAR,AURANGABAD,BARUN,2018-03-29T07:20:32Z
JAYAD,AGRICULTURE,Oilseeds,"Sesame (Gingelly/Til)/Sesamum","Cultural Practices","SEED RATE OF SESAME","IN BROADCASTING METHOD, SEED RATE WOULD BE 5-6 KG SEED PER HECTARE",BIHAR,AURANGABAD,BARUN,2018-03-29T07:23:38Z
RABI,HORTICULTURE,Vegetables,Chillies,"Plant Protection","Tobacco cutworm","Indoxacarb 14.5 % SC 6.5 ml/10 lit. 
Novaluron 10 % EC 7.5 ml/10 lit. 
Spinosad 45 % SC 3.2 ml/10 lit.",BIHAR,AURANGABAD,AURANGABAD,2018-03-29T10:19:18Z
RABI,AGRICULTURE,Cereals,Wheat,Weather,"Weather Information","Cloudy weather  today and tomorrow  no chance of  rain",BIHAR,AURANGABAD,AURANGABAD,2018-03-29T10:34:00Z
JAYAD,AGRICULTURE,Others,Others,Weather,"Weather information","chance of rain in your area",BIHAR,AURANGABAD,MADANPUR,2018-03-31T11:53:27Z
JAYAD,AGRICULTURE,Others,Others,Weather,"Weather information","chance of rain in your area",BIHAR,AURANGABAD,AURANGABAD,2018-03-31T13:19:22Z
JAYAD,HORTICULTURE,Vegetables,Onion,"Plant Protection","INSECT PROBLEM IN ONION CROP","Spray malathion @ 2 gram in 1 liter of water",BIHAR,AURANGABAD,AURANGABAD,2018-03-31T13:30:03Z
JAYAD,HORTICULTURE,Vegetables,Onion,"Plant Protection","YELLOWING OF LEAVES OF ONION","Spray mancozeb @ 2g/lit of water",BIHAR,AURANGABAD,AURANGABAD,2018-03-31T13:31:39Z
JAYAD,HORTICULTURE,Vegetables,Onion,"Nutrient Management","NUTRIENT MANAGEMENT IN ONION","SPRAY MULTIMICRO NUTRIENT @ 2 G / LITRE WATER",BIHAR,AURANGABAD,AURANGABAD,2018-03-31T13:36:23Z
JAYAD,AGRICULTURE,Others,Others,Weather,"WEATHER INFORMATION","Cloudy weather in your area , chance of rain in your area",BIHAR,AURANGABAD,AURANGABAD,2018-03-31T13:37:42Z
