Season,Sector,Category,Crop,QueryType,QueryText,KCCAns,StateName,DistrictName,BlockName,CreatedOn
KHARIF,AGRICULTURE,Cereals,"Paddy (Dhan)","Cultural Practices","Weed problem in paddy","butachlor @ 2 ml/lit of water Spray for weed management in paddy",BIHAR,SARAN,DARIAPUR,2018-07-02T07:32:02Z
KHARIF,AGRICULTURE,Cereals,"Paddy (Dhan)","Cultural Practices","Weed problem in paddy","butachlor @ 2 ml/lit of water Spray for weed management in paddy",BIHAR,SARAN,DARIAPUR,2018-07-02T07:32:02Z
KHARIF,AGRICULTURE,Cereals,"Paddy (Dhan)",Varieties,"VARIETIES OF PADDY FOR MIDDLE LAND","KANAK, I.R. 36, SANTOSH, SAHBHAGI, RAJENDRA SWETA",BIHAR,SARAN,DARIAPUR,2018-07-02T07:36:37Z
KHARIF,AGRICULTURE,Cereals,"Paddy (Dhan)",Varieties,"VARIETIES OF PADDY FOR MIDDLE LAND","KANAK, I.R. 36, SANTOSH, SAHBHAGI, RAJENDRA SWETA",BIHAR,SARAN,DARIAPUR,2018-07-02T07:36:37Z
RABI,HORTICULTURE,Vegetables,Chillies,"Cultural Practices","Green peach aphid","Carbosulfan 25 % EC 1.0 ml/lit. 
Fipronil 5 % SC 1.0 ml/lit. 
Imidacloprid 17.8 % SL 3.5 ml/10 lit.",BIHAR,SARAN,DARIAPUR,2018-07-02T09:10:51Z
RABI,HORTICULTURE,Vegetables,Chillies,"Cultural Practices","Green peach aphid","Carbosulfan 25 % EC 1.0 ml/lit. 
Fipronil 5 % SC 1.0 ml/lit. 
Imidacloprid 17.8 % SL 3.5 ml/10 lit.",BIHAR,SARAN,DARIAPUR,2018-07-02T09:10:51Z
KHARIF,HORTICULTURE,Vegetables,Chillies,"Plant Protection","FLOWER DROPPING PROBLEM IN CHILLI CROP","SPRAY PLANOFIX @ 1 ML /4 LITRE WATER",BIHAR,SARAN,CHHAPRA,2018-07-02T09:42:35Z
KHARIF,HORTICULTURE,Vegetables,Chillies,"Plant Protection","FLOWER DROPPING PROBLEM IN CHILLI CROP","SPRAY PLANOFIX @ 1 ML /4 LITRE WATER",BIHAR,SARAN,CHHAPRA,2018-07-02T09:42:35Z
KHARIF,HORTICULTURE,Vegetables,Chillies,"Plant Protection","WHITEFLY INSECT PROBLEM IN CHILLI","spray imidachloprid 1 ml/3 liter water",BIHAR,SARAN,CHHAPRA,2018-07-02T09:57:47Z
KHARIF,HORTICULTURE,Vegetables,Chillies,"Plant Protection","WHITEFLY INSECT PROBLEM IN CHILLI","spray imidachloprid 1 ml/3 liter water",BIHAR,SARAN,CHHAPRA,2018-07-02T09:57:47Z
KHARIF,AGRICULTURE,Pulses,"Horse Gram (kulthi/kultha)",Varieties,"Good variety of RED GRAM","pusa-9, Bahar, narendra arhar-1
???? ?? ??????-????-?, ????, ??????? ????-?",BIHAR,SARAN,EKMA,2018-07-02T14:34:19Z
KHARIF,AGRICULTURE,Pulses,"Horse Gram (kulthi/kultha)",Varieties,"Good variety of RED GRAM","pusa-9, Bahar, narendra arhar-1
???? ?? ??????-????-?, ????, ??????? ????-?",BIHAR,SARAN,EKMA,2018-07-02T14:34:19Z
RABI,HORTICULTURE,Vegetables,Chillies,"Plant Protection","Tobacco cutworm","Emamectin benzoate 5 % SG 4 g/10 lit. 
Flubendiamide 20 WDG 6.0 g /10 lit. 
Indoxacarb 14.5 % SC 6.5 ml/10 lit.",BIHAR,SARAN,DARIAPUR,2018-07-03T06:56:58Z
RABI,HORTICULTURE,Vegetables,Chillies,"Plant Protection","Tobacco cutworm","Emamectin benzoate 5 % SG 4 g/10 lit. 
Flubendiamide 20 WDG 6.0 g /10 lit. 
Indoxacarb 14.5 % SC 6.5 ml/10 lit.",BIHAR,SARAN,DARIAPUR,2018-07-03T06:56:58Z
KHARIF,AGRICULTURE,Cereals,"Paddy (Dhan)","Plant Protection","fungush iffect","dithen m 45@2ml/lea of wather",BIHAR,SARAN,MARHAURAH,2018-07-04T08:53:45Z
KHARIF,AGRICULTURE,Cereals,"Paddy (Dhan)","Plant Protection","fungush iffect","dithen m 45@2ml/lea of wather",BIHAR,SARAN,MARHAURAH,2018-07-04T08:53:45Z
KHARIF,HORTICULTURE,Vegetables,Chillies,"Plant Protection","SUDDEN DRYING OF CHILLIES","MIX 5 KILO GRAM TRICHODERMA ALONG WITH 50 KILO GRAM COMPOST IN SOIL FOR 1 HECTARE",BIHAR,SARAN,GARKHA,2018-07-04T09:18:35Z
KHARIF,HORTICULTURE,Vegetables,Chillies,"Plant Protection","SUDDEN DRYING OF CHILLIES","MIX 5 KILO GRAM TRICHODERMA ALONG WITH 50 KILO GRAM COMPOST IN SOIL FOR 1 HECTARE",BIHAR,SARAN,GARKHA,2018-07-04T09:18:35Z
KHARIF,AGRICULTURE,Others,Others,"Field Preparation","Weather information","Heavy Cloudy weather in your area,chance of rain in your area",BIHAR,SARAN,SONEPUR,2018-07-05T14:16:14Z
KHARIF,AGRICULTURE,Others,Others,"Field Preparation","Weather information","Heavy Cloudy weather in your area,chance of rain in your area",BIHAR,SARAN,SONEPUR,2018-07-05T14:16:14Z
KHARIF,AGRICULTURE,Cereals,"Paddy (Dhan)",Varieties,"VARIETIES OF PADDY FOR MIDDLE LAND","VARIETIES OF PADDY FOR MIDDLE LAND- KANAK, I.R. 36, SANTOSH, SAHBHAGI, RAJENDRA SWETA",BIHAR,SARAN,DARIAPUR,2018-07-05T17:56:53Z
KHARIF,AGRICULTURE,Cereals,"Paddy (Dhan)",Varieties,"VARIETIES OF PADDY FOR MIDDLE LAND","VARIETIES OF PADDY FOR MIDDLE LAND- KANAK, I.R. 36, SANTOSH, SAHBHAGI, RAJENDRA SWETA",BIHAR,SARAN,DARIAPUR,2018-07-05T17:56:53Z
KHARIF,AGRICULTURE,Others,Others,"Field Preparation","WEATHER INFORMATION","Heavy Cloudy weather in your area,chance of rain in your area",BIHAR,SARAN,SONEPUR,2018-07-06T09:36:11Z
KHARIF,AGRICULTURE,Others,Others,"Field Preparation","WEATHER INFORMATION","Heavy Cloudy weather in your area,chance of rain in your area",BIHAR,SARAN,SONEPUR,2018-07-06T09:36:11Z
KHARIF,AGRICULTURE,Others,Others,Weather,"WEATHER INFORMATION","Cloudy weather in your area, chance of rain in your area",BIHAR,SARAN,CHHAPRA,2018-07-06T18:48:43Z
KHARIF,AGRICULTURE,Others,Others,Weather,"WEATHER INFORMATION","Cloudy weather in your area, chance of rain in your area",BIHAR,SARAN,CHHAPRA,2018-07-06T18:48:43Z
KHARIF,AGRICULTURE,Others,Others,Weather,"WEATHER INFORMATION","Cloudy weather in your area, chance of rain in your area",BIHAR,SARAN,CHHAPRA,2018-07-06T18:48:56Z
KHARIF,AGRICULTURE,Others,Others,Weather,"WEATHER INFORMATION","Cloudy weather in your area, chance of rain in your area",BIHAR,SARAN,CHHAPRA,2018-07-06T18:48:56Z
KHARIF,AGRICULTURE,Others,Others,Weather,"WEATHER INFORMATION","Cloudy weather in your area, chance of rain in your area",BIHAR,SARAN,CHHAPRA,2018-07-06T18:49:10Z
KHARIF,AGRICULTURE,Others,Others,Weather,"WEATHER INFORMATION","Cloudy weather in your area, chance of rain in your area",BIHAR,SARAN,CHHAPRA,2018-07-06T18:49:10Z
KHARIF,AGRICULTURE,Others,Others,Weather,"WEATHER INFORMATION","Cloudy weather in your area, chance of rain in your area .",BIHAR,SARAN,DARIAPUR,2018-07-07T11:21:42Z
KHARIF,AGRICULTURE,Others,Others,Weather,"WEATHER INFORMATION","Cloudy weather in your area, chance of rain in your area .",BIHAR,SARAN,DARIAPUR,2018-07-07T11:21:42Z
KHARIF,AGRICULTURE,Cereals,"Paddy (Dhan)",Weather,"Weather information","????? ?? ????? ???? ??? ?????? ? ???? ?????????? ?? ??????? ??",BIHAR,SARAN,PARSA,2018-07-07T14:11:28Z
KHARIF,AGRICULTURE,Cereals,"Paddy (Dhan)",Weather,"Weather information","????? ?? ????? ???? ??? ?????? ? ???? ?????????? ?? ??????? ??",BIHAR,SARAN,PARSA,2018-07-07T14:11:28Z
KHARIF,AGRICULTURE,Others,Others,Weather,"WEATHER INFORMATION","Cloudy weather in your area, chance of rain in your area",BIHAR,SARAN,CHHAPRA,2018-07-07T15:12:01Z
KHARIF,AGRICULTURE,Others,Others,Weather,"WEATHER INFORMATION","Cloudy weather in your area, chance of rain in your area",BIHAR,SARAN,CHHAPRA,2018-07-07T15:12:01Z
KHARIF,AGRICULTURE,Others,Others,Weather,"WEATHER INFORMATION","Cloudy weather in your area, chance of rain in your area",BIHAR,SARAN,CHHAPRA,2018-07-07T15:12:30Z
KHARIF,AGRICULTURE,Others,Others,Weather,"WEATHER INFORMATION","Cloudy weather in your area, chance of rain in your area",BIHAR,SARAN,CHHAPRA,2018-07-07T15:12:30Z
KHARIF,AGRICULTURE,Others,Others,"Plant Protection","Yellowing of leaf","Spray mancozeb @ 2g/lit of water",BIHAR,SARAN,NAGRA,2018-07-07T17:27:07Z
KHARIF,AGRICULTURE,Others,Others,"Plant Protection","Yellowing of leaf","Spray mancozeb @ 2g/lit of water",BIHAR,SARAN,NAGRA,2018-07-07T17:27:07Z
KHARIF,"ANIMAL HUSBANDRY",Animal,"Bovine(Cow,Buffalo)","Disease Management","DISEASE MANAGEMENT INANIMAL",NA,BIHAR,SARAN,MANJHI,2018-07-10T11:56:44Z
KHARIF,"ANIMAL HUSBANDRY",Animal,"Bovine(Cow,Buffalo)","Disease Management","DISEASE MANAGEMENT INANIMAL",NA,BIHAR,SARAN,MANJHI,2018-07-10T11:56:44Z
KHARIF,AGRICULTURE,Others,Others,Weather,"Weather information","Cloudy weather in your area, chance of rain in your area",BIHAR,SARAN,CHHAPRA,2018-07-10T15:13:52Z
KHARIF,AGRICULTURE,Others,Others,Weather,"Weather information","Cloudy weather in your area, chance of rain in your area",BIHAR,SARAN,CHHAPRA,2018-07-10T15:13:52Z
KHARIF,AGRICULTURE,Others,Others,Weather,"Weather information","Cloudy weather in your area, chance of rain in your area",BIHAR,SARAN,CHHAPRA,2018-07-10T15:14:17Z
KHARIF,AGRICULTURE,Others,Others,Weather,"Weather information","Cloudy weather in your area, chance of rain in your area",BIHAR,SARAN,CHHAPRA,2018-07-10T15:14:17Z
KHARIF,AGRICULTURE,Cereals,"Paddy (Dhan)",Weather,"Weather information","???? ??????? ??? ???? ??? ????? ?? ????? ????  ?? ??????? ??",BIHAR,SARAN,AMNOUR,2018-07-10T17:22:52Z
KHARIF,AGRICULTURE,Cereals,"Paddy (Dhan)",Weather,"Weather information","???? ??????? ??? ???? ??? ????? ?? ????? ????  ?? ??????? ??",BIHAR,SARAN,AMNOUR,2018-07-10T17:22:52Z
KHARIF,AGRICULTURE,Others,Others,"Field Preparation","Cloudy weather in your area, chance of rain in your area .","Cloudy weather in your area, chance of rain in your area .",BIHAR,SARAN,JALALPUR,2018-07-11T21:35:17Z
KHARIF,AGRICULTURE,Others,Others,"Field Preparation","Cloudy weather in your area, chance of rain in your area .","Cloudy weather in your area, chance of rain in your area .",BIHAR,SARAN,JALALPUR,2018-07-11T21:35:17Z
KHARIF,AGRICULTURE,Others,Others,Weather,"WEATHER INFORMATION","Cloudy weather in your area, chance of rain in your area .",BIHAR,SARAN,DARIAPUR,2018-07-12T09:32:28Z
KHARIF,AGRICULTURE,Others,Others,Weather,"WEATHER INFORMATION","Cloudy weather in your area, chance of rain in your area .",BIHAR,SARAN,DARIAPUR,2018-07-12T09:32:28Z
KHARIF,AGRICULTURE,Others,Others,Weather,"WEATHER INFORMATION","Today & tomorrow little chance of rain",BIHAR,SARAN,BANIAPUR,2018-07-12T14:09:18Z
KHARIF,AGRICULTURE,Others,Others,Weather,"WEATHER INFORMATION","Today & tomorrow little chance of rain",BIHAR,SARAN,BANIAPUR,2018-07-12T14:09:18Z
KHARIF,AGRICULTURE,Others,Others,"Field Preparation","WEATHER INFORMATION","Heavy Cloudy weather in your area,no chance of rain in your area",BIHAR,SARAN,CHHAPRA,2018-07-12T16:05:43Z
KHARIF,AGRICULTURE,Others,Others,"Field Preparation","WEATHER INFORMATION","Heavy Cloudy weather in your area,no chance of rain in your area",BIHAR,SARAN,CHHAPRA,2018-07-12T16:05:43Z
KHARIF,AGRICULTURE,Others,Others,Weather,"WEATHER INFORMATION","Today & tomorrow little chance of rain",BIHAR,SARAN,JALALPUR,2018-07-12T16:32:13Z
KHARIF,AGRICULTURE,Others,Others,Weather,"WEATHER INFORMATION","Today & tomorrow little chance of rain",BIHAR,SARAN,JALALPUR,2018-07-12T16:32:13Z
KHARIF,AGRICULTURE,Others,Others,Weather,"WEATHER INFORMATION","Cloudy weather in your area, chance of rain in your area .",BIHAR,SARAN,AMNOUR,2018-07-12T16:34:52Z
KHARIF,AGRICULTURE,Others,Others,Weather,"WEATHER INFORMATION","Cloudy weather in your area, chance of rain in your area .",BIHAR,SARAN,AMNOUR,2018-07-12T16:34:52Z
KHARIF,AGRICULTURE,Others,Others,Weather,"WEATHER INFORMATION","Today & tomorrow little chance of rain",BIHAR,SARAN,JALALPUR,2018-07-12T17:24:12Z
KHARIF,AGRICULTURE,Others,Others,Weather,"WEATHER INFORMATION","Today & tomorrow little chance of rain",BIHAR,SARAN,JALALPUR,2018-07-12T17:24:12Z
KHARIF,AGRICULTURE,Cereals,"Paddy (Dhan)",Weather,"WEATHER INFORMATION","???? ???  ????? ????? ???? ?? ??????? ??",BIHAR,SARAN,BANIAPUR,2018-07-12T17:29:41Z
KHARIF,AGRICULTURE,Cereals,"Paddy (Dhan)",Weather,"WEATHER INFORMATION","???? ???  ????? ????? ???? ?? ??????? ??",BIHAR,SARAN,BANIAPUR,2018-07-12T17:29:41Z
KHARIF,AGRICULTURE,Others,Others,Weather,"Weather Information","Cloudy weather in your area, chance of  rain in your area",BIHAR,SARAN,AMNOUR,2018-07-14T10:29:02Z
KHARIF,AGRICULTURE,Others,Others,Weather,"Weather Information","Cloudy weather in your area, chance of  rain in your area",BIHAR,SARAN,AMNOUR,2018-07-14T10:29:02Z
KHARIF,AGRICULTURE,Others,Others,"Field Preparation","WEATHER INFORMATION","Heavy Cloudy weather in your area,chance of rain in your area",BIHAR,SARAN,SONEPUR,2018-07-15T06:38:42Z
KHARIF,AGRICULTURE,Others,Others,"Field Preparation","WEATHER INFORMATION","Heavy Cloudy weather in your area,chance of rain in your area",BIHAR,SARAN,SONEPUR,2018-07-15T06:38:42Z
KHARIF,AGRICULTURE,Others,Others,"Field Preparation","WEATHER INFORMATION","Heavy Cloudy weather in your area,chance of rain in your area",BIHAR,SARAN,SONEPUR,2018-07-15T09:35:08Z
KHARIF,AGRICULTURE,Others,Others,"Field Preparation","WEATHER INFORMATION","Heavy Cloudy weather in your area,chance of rain in your area",BIHAR,SARAN,SONEPUR,2018-07-15T09:35:08Z
KHARIF,AGRICULTURE,Others,Others,"Field Preparation","WEATHER INFORMATION","Cloudy weather in your area but no chance of rain in your area",BIHAR,SARAN,AMNOUR,2018-07-17T10:08:15Z
KHARIF,AGRICULTURE,Others,Others,"Field Preparation","WEATHER INFORMATION","Cloudy weather in your area but no chance of rain in your area",BIHAR,SARAN,AMNOUR,2018-07-17T10:08:15Z
KHARIF,AGRICULTURE,Cereals,"Paddy (Dhan)",Weather,"WEATHER INFORMATION","?? ?? ??????? ??? ???? ???  ????? ??  ????? ???? ?? ??????? ??",BIHAR,SARAN,DARIAPUR,2018-07-17T12:51:29Z
KHARIF,AGRICULTURE,Cereals,"Paddy (Dhan)",Weather,"WEATHER INFORMATION","?? ?? ??????? ??? ???? ???  ????? ??  ????? ???? ?? ??????? ??",BIHAR,SARAN,DARIAPUR,2018-07-17T12:51:29Z
KHARIF,AGRICULTURE,Others,Others,"Crop Insurance","information about crop insurance","aap bank me contact kare",BIHAR,SARAN,SONEPUR,2018-07-18T16:26:59Z
KHARIF,AGRICULTURE,Others,Others,"Crop Insurance","information about crop insurance","aap bank me contact kare",BIHAR,SARAN,SONEPUR,2018-07-18T16:26:59Z
KHARIF,AGRICULTURE,Others,Others,"Crop Insurance","crop insursnce","aap bank me contact kare",BIHAR,SARAN,CHHAPRA,2018-07-18T16:47:29Z
KHARIF,AGRICULTURE,Others,Others,"Crop Insurance","crop insursnce","aap bank me contact kare",BIHAR,SARAN,CHHAPRA,2018-07-18T16:47:29Z
KHARIF,AGRICULTURE,Others,Others,Weather,"WEATHER INFORMATION","Today & tomorrow little chance of rain",BIHAR,SARAN,SONEPUR,2018-07-19T17:05:47Z
KHARIF,AGRICULTURE,Others,Others,Weather,"WEATHER INFORMATION","Today & tomorrow little chance of rain",BIHAR,SARAN,SONEPUR,2018-07-19T17:05:47Z
KHARIF,AGRICULTURE,Others,Others,Weather,"WEATHER INFORMATION","Heavy Cloudy weather in your area,chance of rain in your area",BIHAR,SARAN,DARIAPUR,2018-07-19T18:19:40Z
KHARIF,AGRICULTURE,Others,Others,Weather,"WEATHER INFORMATION","Heavy Cloudy weather in your area,chance of rain in your area",BIHAR,SARAN,DARIAPUR,2018-07-19T18:19:40Z
KHARIF,AGRICULTURE,Others,Others,Weather,"WEATHER INFORMATION","Heavy Cloudy weather in your area,chance of rain in your area",BIHAR,SARAN,DARIAPUR,2018-07-19T18:23:16Z
KHARIF,AGRICULTURE,Others,Others,Weather,"WEATHER INFORMATION","Heavy Cloudy weather in your area,chance of rain in your area",BIHAR,SARAN,DARIAPUR,2018-07-19T18:23:16Z
KHARIF,AGRICULTURE,Others,Others,Weather,"WEATHER INFORMATION","Cloudy weather in your area, chance of rain in your area",BIHAR,SARAN,DARIAPUR,2018-07-20T08:31:06Z
KHARIF,AGRICULTURE,Others,Others,Weather,"WEATHER INFORMATION","Cloudy weather in your area, chance of rain in your area",BIHAR,SARAN,DARIAPUR,2018-07-20T08:31:06Z
RABI,HORTICULTURE,Vegetables,Brinjal,"Plant Protection","Shoot and fruit borer","Dimethoate 30 % EC 7.0  ml/10 lit. 
Emamectin benzoate 5 % SG 4 g/10 lit. 
Flubendiamide 20 WDG 7.5 g/10 lit.",BIHAR,SARAN,DARIAPUR,2018-07-20T10:30:32Z
RABI,HORTICULTURE,Vegetables,Brinjal,"Plant Protection","Shoot and fruit borer","Dimethoate 30 % EC 7.0  ml/10 lit. 
Emamectin benzoate 5 % SG 4 g/10 lit. 
Flubendiamide 20 WDG 7.5 g/10 lit.",BIHAR,SARAN,DARIAPUR,2018-07-20T10:30:32Z
KHARIF,AGRICULTURE,Others,Others,"Field Preparation","weather informesion","Heavy Cloudy weather in your area,chance of rain in your area",BIHAR,SARAN,MANJHI,2018-07-20T12:38:43Z
KHARIF,AGRICULTURE,Others,Others,"Field Preparation","weather informesion","Heavy Cloudy weather in your area,chance of rain in your area",BIHAR,SARAN,MANJHI,2018-07-20T12:38:43Z
KHARIF,AGRICULTURE,Others,Others,"Field Preparation","weather informesion","Heavy Cloudy weather in your area,chance of rain in your area",BIHAR,SARAN,MANJHI,2018-07-20T13:16:35Z
KHARIF,AGRICULTURE,Others,Others,"Field Preparation","weather informesion","Heavy Cloudy weather in your area,chance of rain in your area",BIHAR,SARAN,MANJHI,2018-07-20T13:16:35Z
KHARIF,AGRICULTURE,Others,Others,"Government Schemes","Kisan registration","Kisan registration –www.krishi.bih.nic.in",BIHAR,SARAN,ISUAPUR,2018-07-21T11:03:09Z
KHARIF,AGRICULTURE,Others,Others,"Government Schemes","Kisan registration","Kisan registration –www.krishi.bih.nic.in",BIHAR,SARAN,ISUAPUR,2018-07-21T11:03:09Z
RABI,HORTICULTURE,Vegetables,Chillies,"Plant Protection","Gram caterpillar","Emamectin benzoate 5 % SG 4 g/10 lit. 
Flubendiamide 20 WDG 6.0 g /10 lit. 
Indoxacarb 14.5 % SC 6.5 ml/10 lit.",BIHAR,SARAN,DARIAPUR,2018-07-21T12:00:32Z
RABI,HORTICULTURE,Vegetables,Chillies,"Plant Protection","Gram caterpillar","Emamectin benzoate 5 % SG 4 g/10 lit. 
Flubendiamide 20 WDG 6.0 g /10 lit. 
Indoxacarb 14.5 % SC 6.5 ml/10 lit.",BIHAR,SARAN,DARIAPUR,2018-07-21T12:00:32Z
KHARIF,AGRICULTURE,Others,Others,Weather,"PROBLEM RELATED TO DBT ERROR","AAP BLOCK ME CONTACT KARE",BIHAR,SARAN,EKMA,2018-07-21T12:31:44Z
KHARIF,AGRICULTURE,Others,Others,Weather,"PROBLEM RELATED TO DBT ERROR","AAP BLOCK ME CONTACT KARE",BIHAR,SARAN,EKMA,2018-07-21T12:31:44Z
RABI,HORTICULTURE,Vegetables,Chillies,"Plant Protection","Chilli thrips","Imidacloprid 17.8 % SL 3.0 ml/10 lit. 
Dimethoate 30 % EC 1.0 ml/lit.",BIHAR,SARAN,MARHAURAH,2018-07-22T06:10:28Z
RABI,HORTICULTURE,Vegetables,Chillies,"Plant Protection","Chilli thrips","Imidacloprid 17.8 % SL 3.0 ml/10 lit. 
Dimethoate 30 % EC 1.0 ml/lit.",BIHAR,SARAN,MARHAURAH,2018-07-22T06:10:28Z
RABI,HORTICULTURE,Vegetables,Chillies,"Plant Protection","Green peach aphid","Carbosulfan 25 % EC 1.0 ml/lit. 
Fipronil 5 % SC 1.0 ml/lit. 
Imidacloprid 17.8 % SL 3.5 ml/10 lit. 
Oxydemeton –Methyl 25% EC 1.6 ml/lit.",BIHAR,SARAN,DARIAPUR,2018-07-22T06:31:19Z
RABI,HORTICULTURE,Vegetables,Chillies,"Plant Protection","Green peach aphid","Carbosulfan 25 % EC 1.0 ml/lit. 
Fipronil 5 % SC 1.0 ml/lit. 
Imidacloprid 17.8 % SL 3.5 ml/10 lit. 
Oxydemeton –Methyl 25% EC 1.6 ml/lit.",BIHAR,SARAN,DARIAPUR,2018-07-22T06:31:19Z
KHARIF,AGRICULTURE,Others,Others,Weather,"WEATHER INFORMATION","today and tomorrow there is a possibility of light rain in your area.",BIHAR,SARAN,BANIAPUR,2018-07-22T07:32:01Z
KHARIF,AGRICULTURE,Others,Others,Weather,"WEATHER INFORMATION","today and tomorrow there is a possibility of light rain in your area.",BIHAR,SARAN,BANIAPUR,2018-07-22T07:32:01Z
KHARIF,AGRICULTURE,Others,Others,Weather,"WEATHER INFORMATION","Cloudy weather in your area, chance of rain in your area .",BIHAR,SARAN,BANIAPUR,2018-07-22T07:33:37Z
KHARIF,AGRICULTURE,Others,Others,Weather,"WEATHER INFORMATION","Cloudy weather in your area, chance of rain in your area .",BIHAR,SARAN,BANIAPUR,2018-07-22T07:33:37Z
KHARIF,AGRICULTURE,Others,Others,Weather,"WEATHER INFORMATION","Cloudy weather in your area, chance of rain in your area .",BIHAR,SARAN,REVELGANJ,2018-07-22T10:17:26Z
KHARIF,AGRICULTURE,Others,Others,Weather,"WEATHER INFORMATION","Cloudy weather in your area, chance of rain in your area .",BIHAR,SARAN,REVELGANJ,2018-07-22T10:17:26Z
KHARIF,AGRICULTURE,Others,Others,Weather,"WEATHER INFORMATION","Cloudy weather in your area, chance of rain in your area",BIHAR,SARAN,CHHAPRA,2018-07-22T15:22:55Z
KHARIF,AGRICULTURE,Others,Others,Weather,"WEATHER INFORMATION","Cloudy weather in your area, chance of rain in your area",BIHAR,SARAN,CHHAPRA,2018-07-22T15:22:55Z
KHARIF,AGRICULTURE,Others,Others,Weather,"WEATHER INFORMATION","Cloudy weather in your area, chance of rain in your area",BIHAR,SARAN,CHHAPRA,2018-07-22T15:23:12Z
KHARIF,AGRICULTURE,Others,Others,Weather,"WEATHER INFORMATION","Cloudy weather in your area, chance of rain in your area",BIHAR,SARAN,CHHAPRA,2018-07-22T15:23:12Z
KHARIF,AGRICULTURE,Others,Others,"Government Schemes","PROBLEM  RELATED TO DBT ERROR","AAP BLOCK AGRICULTURE OFFICER SE CONTACT KARE",BIHAR,SARAN,CHHAPRA,2018-07-23T09:12:41Z
KHARIF,AGRICULTURE,Others,Others,"Government Schemes","PROBLEM  RELATED TO DBT ERROR","AAP BLOCK AGRICULTURE OFFICER SE CONTACT KARE",BIHAR,SARAN,CHHAPRA,2018-07-23T09:12:41Z
KHARIF,AGRICULTURE,Cereals,"Paddy (Dhan)",Weather,"WEATHER INFORMATION","???? ??????? ??? ???? ??? ????? ?? ????? ???? ?? ??????? ??",BIHAR,SARAN,AMNOUR,2018-07-23T15:16:00Z
KHARIF,AGRICULTURE,Cereals,"Paddy (Dhan)",Weather,"WEATHER INFORMATION","???? ??????? ??? ???? ??? ????? ?? ????? ???? ?? ??????? ??",BIHAR,SARAN,AMNOUR,2018-07-23T15:16:00Z
KHARIF,AGRICULTURE,Others,Others,"Government Schemes","PROBLEM RELATED TO DBT","AAP BLOCK ME CONTACT KARE",BIHAR,SARAN,MANJHI,2018-07-24T10:19:49Z
KHARIF,AGRICULTURE,Others,Others,"Government Schemes","PROBLEM RELATED TO DBT","AAP BLOCK ME CONTACT KARE",BIHAR,SARAN,MANJHI,2018-07-24T10:19:49Z
RABI,HORTICULTURE,Vegetables,Chillies,"Plant Protection","Gram caterpillar","Emamectin benzoate 5 % SG 4 g/10 lit. 
Flubendiamide 20 WDG 6.0 g /10 lit. 
Indoxacarb 14.5 % SC 6.5 ml/10 lit.",BIHAR,SARAN,DARIAPUR,2018-07-24T11:25:57Z
RABI,HORTICULTURE,Vegetables,Chillies,"Plant Protection","Gram caterpillar","Emamectin benzoate 5 % SG 4 g/10 lit. 
Flubendiamide 20 WDG 6.0 g /10 lit. 
Indoxacarb 14.5 % SC 6.5 ml/10 lit.",BIHAR,SARAN,DARIAPUR,2018-07-24T11:25:57Z
KHARIF,AGRICULTURE,Others,Others,Weather,"WEATHER INFORMATION","Cloudy weather in your area, chance of rain in your area",BIHAR,SARAN,CHHAPRA,2018-07-27T17:48:46Z
KHARIF,AGRICULTURE,Others,Others,Weather,"WEATHER INFORMATION","Cloudy weather in your area, chance of rain in your area",BIHAR,SARAN,CHHAPRA,2018-07-27T17:48:46Z
KHARIF,AGRICULTURE,Others,Others,Weather,"WEATHER INFORMATION","Cloudy weather in your area, chance of rain in your area",BIHAR,SARAN,CHHAPRA,2018-07-27T17:49:13Z
KHARIF,AGRICULTURE,Others,Others,Weather,"WEATHER INFORMATION","Cloudy weather in your area, chance of rain in your area",BIHAR,SARAN,CHHAPRA,2018-07-27T17:49:13Z
RABI,HORTICULTURE,Vegetables,Chillies,"Plant Protection","Gram caterpillar","Emamectin benzoate 5 % SG 4 g/10 lit. 
Flubendiamide 20 WDG 6.0 g /10 lit.",BIHAR,SARAN,MARHAURAH,2018-07-28T09:49:27Z
RABI,HORTICULTURE,Vegetables,Chillies,"Plant Protection","Gram caterpillar","Emamectin benzoate 5 % SG 4 g/10 lit. 
Flubendiamide 20 WDG 6.0 g /10 lit.",BIHAR,SARAN,MARHAURAH,2018-07-28T09:49:27Z
RABI,HORTICULTURE,Vegetables,Chillies,"Plant Protection","Green peach aphid","Carbosulfan 25 % EC 1.0 ml/lit. 
Fipronil 5 % SC 1.0 ml/lit. 
Imidacloprid 17.8 % SL 3.5 ml/10 lit.",BIHAR,SARAN,DARIAPUR,2018-07-29T08:28:28Z
RABI,HORTICULTURE,Vegetables,Chillies,"Plant Protection","Green peach aphid","Carbosulfan 25 % EC 1.0 ml/lit. 
Fipronil 5 % SC 1.0 ml/lit. 
Imidacloprid 17.8 % SL 3.5 ml/10 lit.",BIHAR,SARAN,DARIAPUR,2018-07-29T08:28:28Z
KHARIF,"ANIMAL HUSBANDRY",Animal,"Bovine(Cow,Buffalo)","Disease Management","livestock health","livestock health",BIHAR,SARAN,CHHAPRA,2018-07-29T15:44:58Z
KHARIF,"ANIMAL HUSBANDRY",Animal,"Bovine(Cow,Buffalo)","Disease Management","livestock health","livestock health",BIHAR,SARAN,CHHAPRA,2018-07-29T15:44:58Z
RABI,AGRICULTURE,Others,Others,Weather,weather,"28° C 
RealFeel® 30°

Cloudy
  


See Hourly

> 




Today

Jul 30



30° Hi 
RealFeel® 34°

Cloudy, a heavy shower
 More  



Tonight

Jul 30



24° Lo 
RealFeel® 24°

Heavy showers late
 More  



Tomorrow

Jul 31



29° Hi 
RealFeel® 30°

Periods of rain",BIHAR,SARAN,MARHAURAH,2018-07-30T10:12:16Z
RABI,AGRICULTURE,Others,Others,Weather,weather,"28° C 
RealFeel® 30°

Cloudy
  


See Hourly

> 




Today

Jul 30



30° Hi 
RealFeel® 34°

Cloudy, a heavy shower
 More  



Tonight

Jul 30



24° Lo 
RealFeel® 24°

Heavy showers late
 More  



Tomorrow

Jul 31



29° Hi 
RealFeel® 30°

Periods of rain",BIHAR,SARAN,MARHAURAH,2018-07-30T10:12:16Z
KHARIF,AGRICULTURE,Others,Others,Weather,"WEATHER INFORMATION","Cloud will remain, there is the possibility of a drizzle",BIHAR,SARAN,SONEPUR,2018-07-31T09:23:14Z
KHARIF,AGRICULTURE,Others,Others,Weather,"WEATHER INFORMATION","Cloud will remain, there is the possibility of a drizzle",BIHAR,SARAN,SONEPUR,2018-07-31T09:23:14Z
KHARIF,AGRICULTURE,Others,Others,Weather,"weather information","Cloudy weather in your area, chance of rain in your area.",BIHAR,SARAN,CHHAPRA,2018-07-31T14:31:33Z
KHARIF,AGRICULTURE,Others,Others,Weather,"weather information","Cloudy weather in your area, chance of rain in your area.",BIHAR,SARAN,CHHAPRA,2018-07-31T14:31:33Z
