"Country/ State/ UT Name","District Name","Tribe Category","Total/ Rural/ Urban","Marital Status","Present Age","Total Ever/ Currently Married Women","Ever/ Currently Married Women of Parity - 0","Ever/ Currently Married Women of Parity - 1","Ever/ Currently Married Women of Parity - 2","Ever/ Currently Married Women of Parity - 3","Ever/ Currently Married Women of Parity - 4","Ever/ Currently Married Women of Parity - 5+","Total Children Ever Born - Persons","Total Children Ever Born - Males","Total Children Ever Born - Females"
Bihar,Jehanabad,"All Scheduled Tribes",Rural,"Ever Married","All Ages",43,12,2,10,14,0,5,94,77,17
Bihar,Jehanabad,"All Scheduled Tribes",Rural,"Ever Married",25-29,4,2,2,0,0,0,0,2,2,0
Bihar,Jehanabad,"All Scheduled Tribes",Rural,"Ever Married",35-39,22,10,0,10,2,0,0,26,20,6
Bihar,Jehanabad,"All Scheduled Tribes",Rural,"Ever Married",45-49,12,0,0,0,12,0,0,36,36,0
Bihar,Jehanabad,"All Scheduled Tribes",Rural,"Ever Married",50-54,1,0,0,0,0,0,1,6,3,3
Bihar,Jehanabad,"All Scheduled Tribes",Rural,"Ever Married",60-64,2,0,0,0,0,0,2,12,10,2
Bihar,Jehanabad,"All Scheduled Tribes",Rural,"Ever Married",65-69,2,0,0,0,0,0,2,12,6,6
Bihar,Jehanabad,"All Scheduled Tribes",Rural,"Currently Married","All Ages",43,12,2,10,14,0,5,94,77,17
Bihar,Jehanabad,"All Scheduled Tribes",Rural,"Currently Married",25-29,4,2,2,0,0,0,0,2,2,0
Bihar,Jehanabad,"All Scheduled Tribes",Rural,"Currently Married",35-39,22,10,0,10,2,0,0,26,20,6
Bihar,Jehanabad,"All Scheduled Tribes",Rural,"Currently Married",45-49,12,0,0,0,12,0,0,36,36,0
Bihar,Jehanabad,"All Scheduled Tribes",Rural,"Currently Married",50-54,1,0,0,0,0,0,1,6,3,3
Bihar,Jehanabad,"All Scheduled Tribes",Rural,"Currently Married",60-64,2,0,0,0,0,0,2,12,10,2
Bihar,Jehanabad,"All Scheduled Tribes",Rural,"Currently Married",65-69,2,0,0,0,0,0,2,12,6,6
Bihar,Jehanabad,"All Scheduled Tribes",Urban,"Ever Married","All Ages",17,0,1,6,0,0,10,73,31,42
Bihar,Jehanabad,"All Scheduled Tribes",Urban,"Ever Married",25-29,1,0,1,0,0,0,0,1,1,0
Bihar,Jehanabad,"All Scheduled Tribes",Urban,"Ever Married",35-39,6,0,0,6,0,0,0,12,0,12
Bihar,Jehanabad,"All Scheduled Tribes",Urban,"Ever Married",55-59,10,0,0,0,0,0,10,60,30,30
Bihar,Jehanabad,"All Scheduled Tribes",Urban,"Currently Married","All Ages",17,0,1,6,0,0,10,73,31,42
Bihar,Jehanabad,"All Scheduled Tribes",Urban,"Currently Married",25-29,1,0,1,0,0,0,0,1,1,0
Bihar,Jehanabad,"All Scheduled Tribes",Urban,"Currently Married",35-39,6,0,0,6,0,0,0,12,0,12
Bihar,Jehanabad,"All Scheduled Tribes",Urban,"Currently Married",55-59,10,0,0,0,0,0,10,60,30,30
