Season,Sector,Category,Crop,QueryType,QueryText,KCCAns,StateName,DistrictName,BlockName,CreatedOn
KHARIF,AGRICULTURE,Cereals,"Paddy (Dhan)",Weather,"Weather Information","?? ?? ??????? ??? ?? ?? ?? ???? ??? ????? ?? ????? ???? ?? ???????? ??",BIHAR,SAMASTIPUR,DALSINGHSARAI,2018-07-01T08:22:07Z
KHARIF,AGRICULTURE,Cereals,"Paddy (Dhan)",Weather,"Weather Information","?? ?? ??????? ??? ?? ?? ?? ???? ??? ????? ?? ????? ???? ?? ???????? ??",BIHAR,SAMASTIPUR,DALSINGHSARAI,2018-07-01T08:22:07Z
KHARIF,AGRICULTURE,Cereals,"Paddy (Dhan)","Fertilizer Use and Availability","YELLOWING OF PADDY AND GROWTH SHORTENED","APPLY UREA AFTER IRRIGATION IN PADDY FIELD AFTER 15 DAYS OF SOWING",BIHAR,SAMASTIPUR,PATORI,2018-07-01T09:23:25Z
KHARIF,AGRICULTURE,Cereals,"Paddy (Dhan)","Fertilizer Use and Availability","YELLOWING OF PADDY AND GROWTH SHORTENED","APPLY UREA AFTER IRRIGATION IN PADDY FIELD AFTER 15 DAYS OF SOWING",BIHAR,SAMASTIPUR,PATORI,2018-07-01T09:23:25Z
KHARIF,AGRICULTURE,Cereals,"Paddy (Dhan)",Weather,"Weather Information","?? ?? ??????? ??? ?? ?? ?? ???? ??? ????? ?? ????? ???? ?? ???????? ??",BIHAR,SAMASTIPUR,ROSERA,2018-07-01T13:25:48Z
KHARIF,AGRICULTURE,Cereals,"Paddy (Dhan)",Weather,"Weather Information","?? ?? ??????? ??? ?? ?? ?? ???? ??? ????? ?? ????? ???? ?? ???????? ??",BIHAR,SAMASTIPUR,ROSERA,2018-07-01T13:25:48Z
RABI,HORTICULTURE,Vegetables,Chillies,"Plant Protection","Chilli thrips","Imidacloprid 17.8 % SL 3.0 ml/10 lit. 
Dimethoate 30 % EC 1.0 ml/lit.",BIHAR,SAMASTIPUR,ROSERA,2018-07-01T14:06:39Z
RABI,HORTICULTURE,Vegetables,Chillies,"Plant Protection","Chilli thrips","Imidacloprid 17.8 % SL 3.0 ml/10 lit. 
Dimethoate 30 % EC 1.0 ml/lit.",BIHAR,SAMASTIPUR,ROSERA,2018-07-01T14:06:39Z
KHARIF,HORTICULTURE,Vegetables,Kundru,"Plant Protection","INSECT INFESTATION IN KUNDRU","Spray  Imidachloprid @ 1ml/3lit of water",BIHAR,SAMASTIPUR,TAJPUR,2018-07-02T09:45:01Z
KHARIF,HORTICULTURE,Vegetables,Kundru,"Plant Protection","INSECT INFESTATION IN KUNDRU","Spray  Imidachloprid @ 1ml/3lit of water",BIHAR,SAMASTIPUR,TAJPUR,2018-07-02T09:45:01Z
KHARIF,HORTICULTURE,Vegetables,Cabbage,"Plant Protection","Seed treatment of cabbage","250 g of hybrid cabbage seed is required for the production of seedlings for 1 ha. Treat the seeds in hot water @ 50?C for 30 minutes. 25g of Azospirillum is required for the seed treatment of 250g cabbage seeds.",BIHAR,SAMASTIPUR,TAJPUR,2018-07-02T09:48:25Z
KHARIF,HORTICULTURE,Vegetables,Cabbage,"Plant Protection","Seed treatment of cabbage","250 g of hybrid cabbage seed is required for the production of seedlings for 1 ha. Treat the seeds in hot water @ 50?C for 30 minutes. 25g of Azospirillum is required for the seed treatment of 250g cabbage seeds.",BIHAR,SAMASTIPUR,TAJPUR,2018-07-02T09:48:25Z
KHARIF,AGRICULTURE,Others,Others,Weather,"Weather information","Cloudy weather today and  tomorrow little chance of rain in your area.",BIHAR,SAMASTIPUR,WARISNAGAR,2018-07-02T15:51:05Z
KHARIF,AGRICULTURE,Others,Others,Weather,"Weather information","Cloudy weather today and  tomorrow little chance of rain in your area.",BIHAR,SAMASTIPUR,WARISNAGAR,2018-07-02T15:51:05Z
KHARIF,AGRICULTURE,Others,Others,Weather,"WEATHER INFORMATION","Cloudy weather in your area, chance of rain in your area",BIHAR,SAMASTIPUR,SAMASTIPUR,2018-07-03T09:11:34Z
KHARIF,AGRICULTURE,Others,Others,Weather,"WEATHER INFORMATION","Cloudy weather in your area, chance of rain in your area",BIHAR,SAMASTIPUR,SAMASTIPUR,2018-07-03T09:11:34Z
KHARIF,HORTICULTURE,Vegetables,"Amarphophallus (Surankand/Elephant Foot Yam)","Plant Protection","YELLOWING LEAF PROBLEM IN ELEPHANT FOT YAM","Spray mancozeb @ 2 gm / lit of water",BIHAR,SAMASTIPUR,KHANPUR,2018-07-03T10:00:42Z
KHARIF,HORTICULTURE,Vegetables,"Amarphophallus (Surankand/Elephant Foot Yam)","Plant Protection","YELLOWING LEAF PROBLEM IN ELEPHANT FOT YAM","Spray mancozeb @ 2 gm / lit of water",BIHAR,SAMASTIPUR,KHANPUR,2018-07-03T10:00:42Z
KHARIF,AGRICULTURE,Others,Others,Weather,"WEATHER INFORMATION","Cloudy weather in your area, chance of rain in your area.",BIHAR,SAMASTIPUR,HASANPUR,2018-07-03T17:21:47Z
KHARIF,AGRICULTURE,Others,Others,Weather,"WEATHER INFORMATION","Cloudy weather in your area, chance of rain in your area.",BIHAR,SAMASTIPUR,HASANPUR,2018-07-03T17:21:47Z
KHARIF,AGRICULTURE,Others,Others,Weather,"WEATHER INFORMATION","Cloudy weather in your area, chance of rain in your area.",BIHAR,SAMASTIPUR,HASANPUR,2018-07-03T17:22:02Z
KHARIF,AGRICULTURE,Others,Others,Weather,"WEATHER INFORMATION","Cloudy weather in your area, chance of rain in your area.",BIHAR,SAMASTIPUR,HASANPUR,2018-07-03T17:22:02Z
KHARIF,AGRICULTURE,Others,Others,"Plant Protection","fruit cracking in jackfruit","to used borex-400-500gram/tree",BIHAR,SAMASTIPUR,HASANPUR,2018-07-03T19:09:33Z
KHARIF,AGRICULTURE,Others,Others,"Plant Protection","fruit cracking in jackfruit","to used borex-400-500gram/tree",BIHAR,SAMASTIPUR,HASANPUR,2018-07-03T19:09:33Z
KHARIF,AGRICULTURE,Others,Others,Weather,"WEATHER INFORMATION","Cloudy weather in your area, chance of rain in your area.",BIHAR,SAMASTIPUR,BITHAN,2018-07-03T21:49:34Z
KHARIF,AGRICULTURE,Others,Others,Weather,"WEATHER INFORMATION","Cloudy weather in your area, chance of rain in your area.",BIHAR,SAMASTIPUR,BITHAN,2018-07-03T21:49:34Z
RABI,AGRICULTURE,Others,Others,Weather,"weather information","28° C 
RealFeel® 34°

Mostly cloudy
  


See Hourly

> 




Today

Jul 4



34° Hi 
RealFeel® 41°

An afternoon thunderstorm
 More  



Tonight

Jul 4



27° Lo 
RealFeel® 33°

Cloudy, a stray t-storm late
 More  



Tomorrow

Jul 5



35° Hi 
RealFeel® 40°

A t-storm around in the p.m.",BIHAR,SAMASTIPUR,WARISNAGAR,2018-07-04T06:21:49Z
RABI,AGRICULTURE,Others,Others,Weather,"weather information","28° C 
RealFeel® 34°

Mostly cloudy
  


See Hourly

> 




Today

Jul 4



34° Hi 
RealFeel® 41°

An afternoon thunderstorm
 More  



Tonight

Jul 4



27° Lo 
RealFeel® 33°

Cloudy, a stray t-storm late
 More  



Tomorrow

Jul 5



35° Hi 
RealFeel® 40°

A t-storm around in the p.m.",BIHAR,SAMASTIPUR,WARISNAGAR,2018-07-04T06:21:49Z
KHARIF,AGRICULTURE,Cereals,"Paddy (Dhan)",Weather,"WEATHER INFORMATION","?? ?? ??????? ??? ???? ???  ????? ??  ????? ???? ?? ??????? ??",BIHAR,SAMASTIPUR,MORWA,2018-07-04T08:33:18Z
KHARIF,AGRICULTURE,Cereals,"Paddy (Dhan)",Weather,"WEATHER INFORMATION","?? ?? ??????? ??? ???? ???  ????? ??  ????? ???? ?? ??????? ??",BIHAR,SAMASTIPUR,MORWA,2018-07-04T08:33:18Z
KHARIF,AGRICULTURE,Cereals,"Paddy (Dhan)",Weather,"WEATHER INFORMATION","?? ?? ??????? ??? ???? ???  ????? ??  ????? ???? ?? ??????? ??",BIHAR,SAMASTIPUR,BIBHUTPUR,2018-07-04T13:19:10Z
KHARIF,AGRICULTURE,Cereals,"Paddy (Dhan)",Weather,"WEATHER INFORMATION","?? ?? ??????? ??? ???? ???  ????? ??  ????? ???? ?? ??????? ??",BIHAR,SAMASTIPUR,BIBHUTPUR,2018-07-04T13:19:10Z
KHARIF,AGRICULTURE,Cereals,"Paddy (Dhan)","Fertilizer Use and Availability","Fertilizer dose for hybrid transplanted paddy","Apply 120 kg nitrogen, 60 kg phosphorus, 40 kg potash per hectare area and zinc sulphate @ 25 kg per hectare at the time of last ploughing.",BIHAR,SAMASTIPUR,"SHIVAJI NAGAR",2018-07-04T13:35:56Z
KHARIF,AGRICULTURE,Cereals,"Paddy (Dhan)","Fertilizer Use and Availability","Fertilizer dose for hybrid transplanted paddy","Apply 120 kg nitrogen, 60 kg phosphorus, 40 kg potash per hectare area and zinc sulphate @ 25 kg per hectare at the time of last ploughing.",BIHAR,SAMASTIPUR,"SHIVAJI NAGAR",2018-07-04T13:35:56Z
KHARIF,AGRICULTURE,Others,Others,"Field Preparation","weather information","Cloudy weather in your area, chance of rain in your area.",BIHAR,SAMASTIPUR,UJIARPUR,2018-07-04T16:58:29Z
KHARIF,AGRICULTURE,Others,Others,"Field Preparation","weather information","Cloudy weather in your area, chance of rain in your area.",BIHAR,SAMASTIPUR,UJIARPUR,2018-07-04T16:58:29Z
KHARIF,AGRICULTURE,Others,Others,Weather,"WEATHER INFORMATION","Cloudy weather in your area, chance of rain in your area .",BIHAR,SAMASTIPUR,UJIARPUR,2018-07-04T17:13:54Z
KHARIF,AGRICULTURE,Others,Others,Weather,"WEATHER INFORMATION","Cloudy weather in your area, chance of rain in your area .",BIHAR,SAMASTIPUR,UJIARPUR,2018-07-04T17:13:54Z
KHARIF,AGRICULTURE,Others,Others,"Field Preparation","PEST ATTACK ON BRINJAL","NEEM OIL @ 2 ML/LIT WATER SPRAY",BIHAR,SAMASTIPUR,HASANPUR,2018-07-04T17:31:12Z
KHARIF,AGRICULTURE,Others,Others,"Field Preparation","PEST ATTACK ON BRINJAL","NEEM OIL @ 2 ML/LIT WATER SPRAY",BIHAR,SAMASTIPUR,HASANPUR,2018-07-04T17:31:12Z
KHARIF,AGRICULTURE,Others,Others,"Field Preparation","weather information","Cloudy weather Today & tomorrow   chance of rain",BIHAR,SAMASTIPUR,UJIARPUR,2018-07-04T21:58:58Z
KHARIF,AGRICULTURE,Others,Others,"Field Preparation","weather information","Cloudy weather Today & tomorrow   chance of rain",BIHAR,SAMASTIPUR,UJIARPUR,2018-07-04T21:58:58Z
KHARIF,AGRICULTURE,Others,Others,Weather,"WEATHER INFORMATION","Cloudy weather in your area, chance of rain in your area",BIHAR,SAMASTIPUR,SARAIRANJAN,2018-07-05T15:50:15Z
KHARIF,AGRICULTURE,Others,Others,Weather,"WEATHER INFORMATION","Cloudy weather in your area, chance of rain in your area",BIHAR,SAMASTIPUR,SARAIRANJAN,2018-07-05T15:50:15Z
KHARIF,AGRICULTURE,Others,Others,Weather,"WEATHER INFORMATION","Cloudy weather in your area, chance of rain in your area",BIHAR,SAMASTIPUR,SARAIRANJAN,2018-07-05T15:50:40Z
KHARIF,AGRICULTURE,Others,Others,Weather,"WEATHER INFORMATION","Cloudy weather in your area, chance of rain in your area",BIHAR,SAMASTIPUR,SARAIRANJAN,2018-07-05T15:50:40Z
KHARIF,AGRICULTURE,Others,Others,Weather,"WEATHER INFORMATION","Cloudy weather in your area, chance of rain in your area",BIHAR,SAMASTIPUR,SARAIRANJAN,2018-07-05T15:51:03Z
KHARIF,AGRICULTURE,Others,Others,Weather,"WEATHER INFORMATION","Cloudy weather in your area, chance of rain in your area",BIHAR,SAMASTIPUR,SARAIRANJAN,2018-07-05T15:51:03Z
KHARIF,AGRICULTURE,Others,Others,Weather,"WEATHER INFORMATION","Cloudy weather in your area, chance of rain in your area",BIHAR,SAMASTIPUR,SAMASTIPUR,2018-07-05T21:28:47Z
KHARIF,AGRICULTURE,Others,Others,Weather,"WEATHER INFORMATION","Cloudy weather in your area, chance of rain in your area",BIHAR,SAMASTIPUR,SAMASTIPUR,2018-07-05T21:28:47Z
KHARIF,AGRICULTURE,Others,Others,Weather,"WEATHER INFORMATION","Cloudy weather in your area, chance of rain in your area",BIHAR,SAMASTIPUR,SAMASTIPUR,2018-07-05T21:29:45Z
KHARIF,AGRICULTURE,Others,Others,Weather,"WEATHER INFORMATION","Cloudy weather in your area, chance of rain in your area",BIHAR,SAMASTIPUR,SAMASTIPUR,2018-07-05T21:29:45Z
KHARIF,AGRICULTURE,Others,Others,"Field Preparation","WEATHER INFORMATION","Heavy Cloudy weather in your area,chance of rain in your area",BIHAR,SAMASTIPUR,SAMASTIPUR,2018-07-06T09:38:21Z
KHARIF,AGRICULTURE,Others,Others,"Field Preparation","WEATHER INFORMATION","Heavy Cloudy weather in your area,chance of rain in your area",BIHAR,SAMASTIPUR,SAMASTIPUR,2018-07-06T09:38:21Z
KHARIF,AGRICULTURE,Others,Others,"Field Preparation","WEATHER INFORMATION","Heavy Cloudy weather in your area,chance of rain in your area",BIHAR,SAMASTIPUR,WARISNAGAR,2018-07-06T10:01:36Z
KHARIF,AGRICULTURE,Others,Others,"Field Preparation","WEATHER INFORMATION","Heavy Cloudy weather in your area,chance of rain in your area",BIHAR,SAMASTIPUR,WARISNAGAR,2018-07-06T10:01:36Z
KHARIF,AGRICULTURE,Others,Others,Weather,"WEATHER INFORMATION","Cloudy weather in your area, chance of rain in your area .",BIHAR,SAMASTIPUR,"VIDYAPATI NAGAR",2018-07-07T11:19:24Z
KHARIF,AGRICULTURE,Others,Others,Weather,"WEATHER INFORMATION","Cloudy weather in your area, chance of rain in your area .",BIHAR,SAMASTIPUR,"VIDYAPATI NAGAR",2018-07-07T11:19:24Z
KHARIF,HORTICULTURE,Vegetables,Brinjal,"Cultural Practices","SOWING TIME OF BRINJAL","SOWING TIME OF BRINJAL----JULY",BIHAR,SAMASTIPUR,DALSINGHSARAI,2018-07-07T12:46:12Z
KHARIF,HORTICULTURE,Vegetables,Brinjal,"Cultural Practices","SOWING TIME OF BRINJAL","SOWING TIME OF BRINJAL----JULY",BIHAR,SAMASTIPUR,DALSINGHSARAI,2018-07-07T12:46:12Z
KHARIF,AGRICULTURE,Others,Others,"Plant Protection","Stem borer in maize","Spray Imidacloprid @ 1 ml 3 liter of water",BIHAR,SAMASTIPUR,MOHANPUR,2018-07-07T15:26:06Z
KHARIF,AGRICULTURE,Others,Others,"Plant Protection","Stem borer in maize","Spray Imidacloprid @ 1 ml 3 liter of water",BIHAR,SAMASTIPUR,MOHANPUR,2018-07-07T15:26:06Z
KHARIF,AGRICULTURE,Others,Others,Weather,"WEATHER INFORMATION","Cloudy weather in your area, chance of rain in your area",BIHAR,SAMASTIPUR,DALSINGHSARAI,2018-07-07T15:34:45Z
KHARIF,AGRICULTURE,Others,Others,Weather,"WEATHER INFORMATION","Cloudy weather in your area, chance of rain in your area",BIHAR,SAMASTIPUR,DALSINGHSARAI,2018-07-07T15:34:45Z
KHARIF,AGRICULTURE,Others,Others,Weather,"WEATHER INFORMATION","Cloudy weather in your area, chance of rain in your area",BIHAR,SAMASTIPUR,DALSINGHSARAI,2018-07-07T15:35:01Z
KHARIF,AGRICULTURE,Others,Others,Weather,"WEATHER INFORMATION","Cloudy weather in your area, chance of rain in your area",BIHAR,SAMASTIPUR,DALSINGHSARAI,2018-07-07T15:35:01Z
KHARIF,AGRICULTURE,Cereals,"Paddy (Dhan)",Weather,"WEATHER INFORMATION","???? ??? ?????? ,????? ???? ?? ???????  ????",BIHAR,SAMASTIPUR,KHANPUR,2018-07-08T16:04:53Z
KHARIF,AGRICULTURE,Cereals,"Paddy (Dhan)",Weather,"WEATHER INFORMATION","???? ??? ?????? ,????? ???? ?? ???????  ????",BIHAR,SAMASTIPUR,KHANPUR,2018-07-08T16:04:53Z
KHARIF,AGRICULTURE,Others,Others,Weather,"Weather information","Today & tomorrow little chance of rain",BIHAR,SAMASTIPUR,KHANPUR,2018-07-08T21:42:32Z
KHARIF,AGRICULTURE,Others,Others,Weather,"Weather information","Today & tomorrow little chance of rain",BIHAR,SAMASTIPUR,KHANPUR,2018-07-08T21:42:32Z
KHARIF,AGRICULTURE,Others,Others,Weather,"Weather information","Today & tomorrow little chance of rain",BIHAR,SAMASTIPUR,KHANPUR,2018-07-08T21:42:56Z
KHARIF,AGRICULTURE,Others,Others,Weather,"Weather information","Today & tomorrow little chance of rain",BIHAR,SAMASTIPUR,KHANPUR,2018-07-08T21:42:56Z
KHARIF,AGRICULTURE,Others,Others,Weather,"Weather information","Today & tomorrow little chance of rain",BIHAR,SAMASTIPUR,WARISNAGAR,2018-07-08T21:45:32Z
KHARIF,AGRICULTURE,Others,Others,Weather,"Weather information","Today & tomorrow little chance of rain",BIHAR,SAMASTIPUR,WARISNAGAR,2018-07-08T21:45:32Z
KHARIF,AGRICULTURE,Others,Others,Weather,"Weather information","Today & tomorrow little chance of rain",BIHAR,SAMASTIPUR,WARISNAGAR,2018-07-08T21:46:53Z
KHARIF,AGRICULTURE,Others,Others,Weather,"Weather information","Today & tomorrow little chance of rain",BIHAR,SAMASTIPUR,WARISNAGAR,2018-07-08T21:46:53Z
KHARIF,AGRICULTURE,Others,Others,Weather,"Weather information","Today & tomorrow little chance of rain",BIHAR,SAMASTIPUR,WARISNAGAR,2018-07-08T21:52:27Z
KHARIF,AGRICULTURE,Others,Others,Weather,"Weather information","Today & tomorrow little chance of rain",BIHAR,SAMASTIPUR,WARISNAGAR,2018-07-08T21:52:27Z
KHARIF,AGRICULTURE,Others,Others,Weather,"Weather information","Today & tomorrow little chance of rain",BIHAR,SAMASTIPUR,WARISNAGAR,2018-07-08T21:52:36Z
KHARIF,AGRICULTURE,Others,Others,Weather,"Weather information","Today & tomorrow little chance of rain",BIHAR,SAMASTIPUR,WARISNAGAR,2018-07-08T21:52:36Z
RABI,HORTICULTURE,Vegetables,Brinjal,"Plant Protection","Lace wing bug","•Spray dimethoate 30 EC @ 1 lit/ha or methyl demeton 25 EC @ 1 lit/ha",BIHAR,SAMASTIPUR,WARISNAGAR,2018-07-09T12:48:04Z
RABI,HORTICULTURE,Vegetables,Brinjal,"Plant Protection","Lace wing bug","•Spray dimethoate 30 EC @ 1 lit/ha or methyl demeton 25 EC @ 1 lit/ha",BIHAR,SAMASTIPUR,WARISNAGAR,2018-07-09T12:48:04Z
KHARIF,HORTICULTURE,Vegetables,"Pointed Gourd","Plant Protection","Rotting problem inpointed gourd","Spray copper oxychloride @ 2 gram in 1 litre of water",BIHAR,SAMASTIPUR,TAJPUR,2018-07-09T13:42:13Z
KHARIF,HORTICULTURE,Vegetables,"Pointed Gourd","Plant Protection","Rotting problem inpointed gourd","Spray copper oxychloride @ 2 gram in 1 litre of water",BIHAR,SAMASTIPUR,TAJPUR,2018-07-09T13:42:13Z
KHARIF,AGRICULTURE,Cereals,"Paddy (Dhan)",Weather,"WEATHER INFORMATION","?? ?? ??????? ??? ???? ???  ????? ??  ????? ???? ?? ??????? ??",BIHAR,SAMASTIPUR,BIBHUTPUR,2018-07-09T18:03:47Z
KHARIF,AGRICULTURE,Cereals,"Paddy (Dhan)",Weather,"WEATHER INFORMATION","?? ?? ??????? ??? ???? ???  ????? ??  ????? ???? ?? ??????? ??",BIHAR,SAMASTIPUR,BIBHUTPUR,2018-07-09T18:03:47Z
KHARIF,AGRICULTURE,Others,Others,"Field Preparation","WEATHER INFORMATION","Heavy Cloudy weather in your area,chance of rain in your area",BIHAR,SAMASTIPUR,HASANPUR,2018-07-09T18:24:51Z
KHARIF,AGRICULTURE,Others,Others,"Field Preparation","WEATHER INFORMATION","Heavy Cloudy weather in your area,chance of rain in your area",BIHAR,SAMASTIPUR,HASANPUR,2018-07-09T18:24:51Z
KHARIF,AGRICULTURE,Others,Others,"Plant Protection","PEST PROBLEM IN BHINDI","SPRAY CHLORPYRIPHOS@ 2 ML/LIT WATER SPRAY",BIHAR,SAMASTIPUR,SARAIRANJAN,2018-07-10T14:45:47Z
KHARIF,AGRICULTURE,Others,Others,"Plant Protection","PEST PROBLEM IN BHINDI","SPRAY CHLORPYRIPHOS@ 2 ML/LIT WATER SPRAY",BIHAR,SAMASTIPUR,SARAIRANJAN,2018-07-10T14:45:47Z
KHARIF,AGRICULTURE,Others,Others,Weather,"Weather Information","There will be cloud in your area today and tomorrow and there is a possibility of rain",BIHAR,SAMASTIPUR,WARISNAGAR,2018-07-10T17:19:25Z
KHARIF,AGRICULTURE,Others,Others,Weather,"Weather Information","There will be cloud in your area today and tomorrow and there is a possibility of rain",BIHAR,SAMASTIPUR,WARISNAGAR,2018-07-10T17:19:25Z
KHARIF,AGRICULTURE,Others,Others,"Field Preparation","WEATHER INFORMATION","Cloudy weather no chance of rain",BIHAR,SAMASTIPUR,WARISNAGAR,2018-07-10T17:40:37Z
KHARIF,AGRICULTURE,Others,Others,"Field Preparation","WEATHER INFORMATION","Cloudy weather no chance of rain",BIHAR,SAMASTIPUR,WARISNAGAR,2018-07-10T17:40:37Z
KHARIF,AGRICULTURE,Others,Others,"Field Preparation","WEATHER INFORMATION","Cloudy weather no chance of rain",BIHAR,SAMASTIPUR,WARISNAGAR,2018-07-10T17:46:03Z
KHARIF,AGRICULTURE,Others,Others,"Field Preparation","WEATHER INFORMATION","Cloudy weather no chance of rain",BIHAR,SAMASTIPUR,WARISNAGAR,2018-07-10T17:46:03Z
KHARIF,AGRICULTURE,Others,Others,Weather,"WEATHER INFORMATION","Cloudy weather in your area, chance of rain in your area",BIHAR,SAMASTIPUR,BIBHUTPUR,2018-07-11T08:00:05Z
KHARIF,AGRICULTURE,Others,Others,Weather,"WEATHER INFORMATION","Cloudy weather in your area, chance of rain in your area",BIHAR,SAMASTIPUR,BIBHUTPUR,2018-07-11T08:00:05Z
KHARIF,AGRICULTURE,Others,Others,Weather,"WEATHER INFORMATION","Cloudy weather in your area, chance of rain in your area",BIHAR,SAMASTIPUR,TAJPUR,2018-07-11T09:43:22Z
KHARIF,AGRICULTURE,Others,Others,Weather,"WEATHER INFORMATION","Cloudy weather in your area, chance of rain in your area",BIHAR,SAMASTIPUR,TAJPUR,2018-07-11T09:43:22Z
KHARIF,AGRICULTURE,Others,Others,Weather,"WEATHER INFORMATION","Cloudy weather in your area, chance of rain in your area",BIHAR,SAMASTIPUR,UJIARPUR,2018-07-11T12:45:42Z
KHARIF,AGRICULTURE,Others,Others,Weather,"WEATHER INFORMATION","Cloudy weather in your area, chance of rain in your area",BIHAR,SAMASTIPUR,UJIARPUR,2018-07-11T12:45:42Z
KHARIF,AGRICULTURE,Cereals,"Paddy (Dhan)",Weather,"WEATHER INFORMATION","???? ???  ????? ????? ???? ?? ??????? ??",BIHAR,SAMASTIPUR,WARISNAGAR,2018-07-11T15:52:33Z
KHARIF,AGRICULTURE,Cereals,"Paddy (Dhan)",Weather,"WEATHER INFORMATION","???? ???  ????? ????? ???? ?? ??????? ??",BIHAR,SAMASTIPUR,WARISNAGAR,2018-07-11T15:52:33Z
KHARIF,AGRICULTURE,Cereals,"Paddy (Dhan)",Weather,"WEATHER INFORMATION","???? ???  ????? ????? ???? ?? ??????? ??",BIHAR,SAMASTIPUR,KHANPUR,2018-07-11T16:22:23Z
KHARIF,AGRICULTURE,Cereals,"Paddy (Dhan)",Weather,"WEATHER INFORMATION","???? ???  ????? ????? ???? ?? ??????? ??",BIHAR,SAMASTIPUR,KHANPUR,2018-07-11T16:22:23Z
KHARIF,AGRICULTURE,Others,Others,Weather,"Weather Information","Cloudy weather today and tomorrow little chance of rain.",BIHAR,SAMASTIPUR,WARISNAGAR,2018-07-11T17:31:47Z
KHARIF,AGRICULTURE,Others,Others,Weather,"Weather Information","Cloudy weather today and tomorrow little chance of rain.",BIHAR,SAMASTIPUR,WARISNAGAR,2018-07-11T17:31:47Z
KHARIF,AGRICULTURE,Others,Others,Weather,"WEATHER INFORMATION","Cloudy weather in your area, chance of rain in your area .",BIHAR,SAMASTIPUR,WARISNAGAR,2018-07-12T07:50:40Z
KHARIF,AGRICULTURE,Others,Others,Weather,"WEATHER INFORMATION","Cloudy weather in your area, chance of rain in your area .",BIHAR,SAMASTIPUR,WARISNAGAR,2018-07-12T07:50:40Z
KHARIF,AGRICULTURE,Others,Others,Weather,"WEATHER INFORMATION","Cloudy weather in your area, chance of rain in your area .",BIHAR,SAMASTIPUR,MORWA,2018-07-12T10:28:27Z
KHARIF,AGRICULTURE,Others,Others,Weather,"WEATHER INFORMATION","Cloudy weather in your area, chance of rain in your area .",BIHAR,SAMASTIPUR,MORWA,2018-07-12T10:28:27Z
KHARIF,AGRICULTURE,Others,Others,Weather,"WEATHER INFORMATION","Cloudy weather in your area, chance of rain in your area .",BIHAR,SAMASTIPUR,WARISNAGAR,2018-07-12T13:53:50Z
KHARIF,AGRICULTURE,Others,Others,Weather,"WEATHER INFORMATION","Cloudy weather in your area, chance of rain in your area .",BIHAR,SAMASTIPUR,WARISNAGAR,2018-07-12T13:53:50Z
KHARIF,AGRICULTURE,Others,Others,"Field Preparation",nutrient,"planofix@ 1 ml/5 lit water spray+quinalphos @2 ml/lit water",BIHAR,SAMASTIPUR,WARISNAGAR,2018-07-12T14:26:10Z
KHARIF,AGRICULTURE,Others,Others,"Field Preparation",nutrient,"planofix@ 1 ml/5 lit water spray+quinalphos @2 ml/lit water",BIHAR,SAMASTIPUR,WARISNAGAR,2018-07-12T14:26:10Z
KHARIF,AGRICULTURE,Others,Others,"Weed Management","weed management in elephant yam","hand weeding",BIHAR,SAMASTIPUR,"VIDYAPATI NAGAR",2018-07-12T15:51:36Z
KHARIF,AGRICULTURE,Others,Others,"Weed Management","weed management in elephant yam","hand weeding",BIHAR,SAMASTIPUR,"VIDYAPATI NAGAR",2018-07-12T15:51:36Z
KHARIF,AGRICULTURE,Others,Others,"Plant Protection","FLOWER DROPPING IN ANOLA","Sprary planofix 1ml in 4- 5 lit of water.  (NAA @ 20 ppm)",BIHAR,SAMASTIPUR,WARISNAGAR,2018-07-12T16:53:06Z
KHARIF,AGRICULTURE,Others,Others,"Plant Protection","FLOWER DROPPING IN ANOLA","Sprary planofix 1ml in 4- 5 lit of water.  (NAA @ 20 ppm)",BIHAR,SAMASTIPUR,WARISNAGAR,2018-07-12T16:53:06Z
KHARIF,AGRICULTURE,Others,Others,Weather,"WEATHER INFORMATION","Cloudy weather in your area, chance of rain in your area .",BIHAR,SAMASTIPUR,HASANPUR,2018-07-12T21:42:39Z
KHARIF,AGRICULTURE,Others,Others,Weather,"WEATHER INFORMATION","Cloudy weather in your area, chance of rain in your area .",BIHAR,SAMASTIPUR,HASANPUR,2018-07-12T21:42:39Z
KHARIF,AGRICULTURE,Others,Others,Weather,"WEATHER INFORMATION","Cloudy weather in your area, chance of rain in your area",BIHAR,SAMASTIPUR,KALYANPUR,2018-07-13T06:43:54Z
KHARIF,AGRICULTURE,Others,Others,Weather,"WEATHER INFORMATION","Cloudy weather in your area, chance of rain in your area",BIHAR,SAMASTIPUR,KALYANPUR,2018-07-13T06:43:54Z
KHARIF,AGRICULTURE,Others,Others,Weather,"WEATHER INFORMATION","Cloudy weather in your area, chance of rain in your area",BIHAR,SAMASTIPUR,KALYANPUR,2018-07-13T10:39:58Z
KHARIF,AGRICULTURE,Others,Others,Weather,"WEATHER INFORMATION","Cloudy weather in your area, chance of rain in your area",BIHAR,SAMASTIPUR,KALYANPUR,2018-07-13T10:39:58Z
KHARIF,AGRICULTURE,Others,Others,Varieties,"WEATHER INFORMATION","Cloudy weather in your area, chance of rain in your area",BIHAR,SAMASTIPUR,"SHIVAJI NAGAR",2018-07-13T11:23:47Z
KHARIF,AGRICULTURE,Others,Others,Varieties,"WEATHER INFORMATION","Cloudy weather in your area, chance of rain in your area",BIHAR,SAMASTIPUR,"SHIVAJI NAGAR",2018-07-13T11:23:47Z
KHARIF,HORTICULTURE,Fruits,Litchi,"Plant Protection","fungal problem on litchi plant","Use Carbendazim 50% (250 gram) + carbofuron 3G (300 gram)/plant in root zone",BIHAR,SAMASTIPUR,SAMASTIPUR,2018-07-14T06:48:37Z
KHARIF,HORTICULTURE,Fruits,Litchi,"Plant Protection","fungal problem on litchi plant","Use Carbendazim 50% (250 gram) + carbofuron 3G (300 gram)/plant in root zone",BIHAR,SAMASTIPUR,SAMASTIPUR,2018-07-14T06:48:37Z
KHARIF,AGRICULTURE,Others,Others,Weather,"WEATHER INFORMATION","Cloudy weather in your area, chance of rain in your area",BIHAR,SAMASTIPUR,KALYANPUR,2018-07-14T08:43:07Z
KHARIF,AGRICULTURE,Others,Others,Weather,"WEATHER INFORMATION","Cloudy weather in your area, chance of rain in your area",BIHAR,SAMASTIPUR,KALYANPUR,2018-07-14T08:43:07Z
KHARIF,AGRICULTURE,Others,Others,Weather,"Weather Information","Cloudy weather in your area, chance of  rain in your area",BIHAR,SAMASTIPUR,SARAIRANJAN,2018-07-14T09:31:08Z
KHARIF,AGRICULTURE,Others,Others,Weather,"Weather Information","Cloudy weather in your area, chance of  rain in your area",BIHAR,SAMASTIPUR,SARAIRANJAN,2018-07-14T09:31:08Z
KHARIF,AGRICULTURE,Others,Others,"Sowing Time and Weather","SOWING TIM OF SOYABEAN","15 JUNE-15 JULY",BIHAR,SAMASTIPUR,KALYANPUR,2018-07-14T20:24:24Z
KHARIF,AGRICULTURE,Others,Others,"Sowing Time and Weather","SOWING TIM OF SOYABEAN","15 JUNE-15 JULY",BIHAR,SAMASTIPUR,KALYANPUR,2018-07-14T20:24:24Z
KHARIF,AGRICULTURE,Others,Others,"Field Preparation","WEATHER INFORMATION","•	No chance of rain in your area",BIHAR,SAMASTIPUR,MOHIUDDINAGAR,2018-07-15T12:54:49Z
KHARIF,AGRICULTURE,Others,Others,"Field Preparation","WEATHER INFORMATION","•	No chance of rain in your area",BIHAR,SAMASTIPUR,MOHIUDDINAGAR,2018-07-15T12:54:49Z
KHARIF,AGRICULTURE,Cereals,"Paddy (Dhan)",Weather,"Weather Information","?? ?? ??????? ??? ?? ?? ?? ???? ??? ????? ?? ????? ???? ?? ???????? ??",BIHAR,SAMASTIPUR,SARAIRANJAN,2018-07-15T15:40:03Z
KHARIF,AGRICULTURE,Cereals,"Paddy (Dhan)",Weather,"Weather Information","?? ?? ??????? ??? ?? ?? ?? ???? ??? ????? ?? ????? ???? ?? ???????? ??",BIHAR,SAMASTIPUR,SARAIRANJAN,2018-07-15T15:40:03Z
KHARIF,AGRICULTURE,Cereals,"Paddy (Dhan)",Weather,"Weather Information","?? ?? ??????? ??? ?? ?? ?? ???? ??? ????? ?? ????? ???? ?? ???????? ??",BIHAR,SAMASTIPUR,SARAIRANJAN,2018-07-15T15:40:14Z
KHARIF,AGRICULTURE,Cereals,"Paddy (Dhan)",Weather,"Weather Information","?? ?? ??????? ??? ?? ?? ?? ???? ??? ????? ?? ????? ???? ?? ???????? ??",BIHAR,SAMASTIPUR,SARAIRANJAN,2018-07-15T15:40:14Z
KHARIF,AGRICULTURE,Cereals,"Paddy (Dhan)",Weather,"Weather Information","?? ?? ??????? ??? ?? ?? ?? ???? ??? ????? ?? ????? ???? ?? ???????? ??",BIHAR,SAMASTIPUR,WARISNAGAR,2018-07-15T20:05:28Z
KHARIF,AGRICULTURE,Cereals,"Paddy (Dhan)",Weather,"Weather Information","?? ?? ??????? ??? ?? ?? ?? ???? ??? ????? ?? ????? ???? ?? ???????? ??",BIHAR,SAMASTIPUR,WARISNAGAR,2018-07-15T20:05:28Z
KHARIF,AGRICULTURE,Others,Others,Weather,"Farmer wants to know information about weather in samastipur  district?","Dear farmer 10 Day Samastipur Weather (7–10 days)
Heavy rain (total 46mm), heaviest during Sun night. Warm (max 37°C on Tue afternoon, min 29°C on Mon night). Winds increasing (calm on Sat night, fresh winds from the E by Tue morning).",BIHAR,SAMASTIPUR,SARAIRANJAN,2018-07-16T11:15:39Z
KHARIF,AGRICULTURE,Others,Others,Weather,"Farmer wants to know information about weather in samastipur  district?","Dear farmer 10 Day Samastipur Weather (7–10 days)
Heavy rain (total 46mm), heaviest during Sun night. Warm (max 37°C on Tue afternoon, min 29°C on Mon night). Winds increasing (calm on Sat night, fresh winds from the E by Tue morning).",BIHAR,SAMASTIPUR,SARAIRANJAN,2018-07-16T11:15:39Z
RABI,HORTICULTURE,Vegetables,Bhindi(Okra/Ladysfinger),"Plant Protection","Fusarium wilt","•Treat the seeds with Mancozeb @ 3g/kg seed.


• Drench the field with Copper oxy chloride @ 0.25%.",BIHAR,SAMASTIPUR,WARISNAGAR,2018-07-16T12:23:59Z
RABI,HORTICULTURE,Vegetables,Bhindi(Okra/Ladysfinger),"Plant Protection","Fusarium wilt","•Treat the seeds with Mancozeb @ 3g/kg seed.


• Drench the field with Copper oxy chloride @ 0.25%.",BIHAR,SAMASTIPUR,WARISNAGAR,2018-07-16T12:23:59Z
KHARIF,AGRICULTURE,Cereals,"Paddy (Dhan)",Weather,"WEATHER INFORMATION","?? ?? ?? ???? ??????? ??? ????? ?? ???????  ??? ??",BIHAR,SAMASTIPUR,TAJPUR,2018-07-16T14:41:19Z
KHARIF,AGRICULTURE,Cereals,"Paddy (Dhan)",Weather,"WEATHER INFORMATION","?? ?? ?? ???? ??????? ??? ????? ?? ???????  ??? ??",BIHAR,SAMASTIPUR,TAJPUR,2018-07-16T14:41:19Z
KHARIF,AGRICULTURE,Cereals,"Paddy (Dhan)",Weather,"WEATHER INFORMATION","?? ?? ??????? ??? ???? ???  ????? ??  ????? ???? ?? ??????? ??",BIHAR,SAMASTIPUR,MORWA,2018-07-17T06:37:01Z
KHARIF,AGRICULTURE,Cereals,"Paddy (Dhan)",Weather,"WEATHER INFORMATION","?? ?? ??????? ??? ???? ???  ????? ??  ????? ???? ?? ??????? ??",BIHAR,SAMASTIPUR,MORWA,2018-07-17T06:37:01Z
KHARIF,AGRICULTURE,Others,Others,"Field Preparation",www.dbtagriculture.bihar.gov.in,www.dbtagriculture.bihar.gov.in,BIHAR,SAMASTIPUR,HASANPUR,2018-07-17T11:14:28Z
KHARIF,AGRICULTURE,Others,Others,"Field Preparation",www.dbtagriculture.bihar.gov.in,www.dbtagriculture.bihar.gov.in,BIHAR,SAMASTIPUR,HASANPUR,2018-07-17T11:14:28Z
KHARIF,AGRICULTURE,Cereals,"Paddy (Dhan)",Weather,"WEATHER INFORMATION","?? ?? ??????? ??? ???? ???  ????? ??  ????? ???? ?? ??????? ??",BIHAR,SAMASTIPUR,"SHIVAJI NAGAR",2018-07-17T16:56:36Z
KHARIF,AGRICULTURE,Cereals,"Paddy (Dhan)",Weather,"WEATHER INFORMATION","?? ?? ??????? ??? ???? ???  ????? ??  ????? ???? ?? ??????? ??",BIHAR,SAMASTIPUR,"SHIVAJI NAGAR",2018-07-17T16:56:36Z
KHARIF,AGRICULTURE,Others,Others,"Plant Protection","GROWTH REGULATOR","HIMIC ACID-2 ML/LITER OF WATER",BIHAR,SAMASTIPUR,PUSA,2018-07-17T17:36:00Z
KHARIF,AGRICULTURE,Others,Others,"Plant Protection","GROWTH REGULATOR","HIMIC ACID-2 ML/LITER OF WATER",BIHAR,SAMASTIPUR,PUSA,2018-07-17T17:36:00Z
KHARIF,AGRICULTURE,Others,Others,Weather,"weather information","chance of rain in your area",BIHAR,SAMASTIPUR,KALYANPUR,2018-07-18T17:34:08Z
KHARIF,AGRICULTURE,Others,Others,Weather,"weather information","chance of rain in your area",BIHAR,SAMASTIPUR,KALYANPUR,2018-07-18T17:34:08Z
KHARIF,HORTICULTURE,Vegetables,Chillies,"Plant Protection","yellowing problem in chilli crop","spray saaf @ 2 gram / litre water",BIHAR,SAMASTIPUR,KALYANPUR,2018-07-18T17:37:01Z
KHARIF,HORTICULTURE,Vegetables,Chillies,"Plant Protection","yellowing problem in chilli crop","spray saaf @ 2 gram / litre water",BIHAR,SAMASTIPUR,KALYANPUR,2018-07-18T17:37:01Z
KHARIF,AGRICULTURE,Others,Others,Weather,"WEATHER INFORMATION","today and tomorrow there is a possibility of light rain in your area.",BIHAR,SAMASTIPUR,WARISNAGAR,2018-07-19T07:18:09Z
KHARIF,AGRICULTURE,Others,Others,Weather,"WEATHER INFORMATION","today and tomorrow there is a possibility of light rain in your area.",BIHAR,SAMASTIPUR,WARISNAGAR,2018-07-19T07:18:09Z
KHARIF,AGRICULTURE,Others,Others,"Field Preparation","Weather Information","Cloudy weather today and tomorrow little chance of rain.",BIHAR,SAMASTIPUR,TAJPUR,2018-07-19T09:55:25Z
KHARIF,AGRICULTURE,Others,Others,"Field Preparation","Weather Information","Cloudy weather today and tomorrow little chance of rain.",BIHAR,SAMASTIPUR,TAJPUR,2018-07-19T09:55:25Z
KHARIF,AGRICULTURE,Others,Others,"Field Preparation",nutrien,"boomflower@ 2 ml/lit water spray",BIHAR,SAMASTIPUR,TAJPUR,2018-07-19T10:00:32Z
KHARIF,AGRICULTURE,Others,Others,"Field Preparation",nutrien,"boomflower@ 2 ml/lit water spray",BIHAR,SAMASTIPUR,TAJPUR,2018-07-19T10:00:32Z
KHARIF,AGRICULTURE,Others,Others,"Field Preparation","Weather Information","Cloudy weather today and tomorrow no chance of rain",BIHAR,SAMASTIPUR,MORWA,2018-07-19T12:26:24Z
KHARIF,AGRICULTURE,Others,Others,"Field Preparation","Weather Information","Cloudy weather today and tomorrow no chance of rain",BIHAR,SAMASTIPUR,MORWA,2018-07-19T12:26:24Z
KHARIF,AGRICULTURE,Others,Others,Weather,"WEATHER INFORMATION","Heavy Cloudy weather in your area,chance of rain in your area",BIHAR,SAMASTIPUR,UJIARPUR,2018-07-19T15:10:27Z
KHARIF,AGRICULTURE,Others,Others,Weather,"WEATHER INFORMATION","Heavy Cloudy weather in your area,chance of rain in your area",BIHAR,SAMASTIPUR,UJIARPUR,2018-07-19T15:10:27Z
KHARIF,AGRICULTURE,Others,Others,Weather,"WEATHER INFORMATION","Cloudy weather in your area, chance of rain in your area",BIHAR,SAMASTIPUR,"SHIVAJI NAGAR",2018-07-20T08:24:29Z
KHARIF,AGRICULTURE,Others,Others,Weather,"WEATHER INFORMATION","Cloudy weather in your area, chance of rain in your area",BIHAR,SAMASTIPUR,"SHIVAJI NAGAR",2018-07-20T08:24:29Z
KHARIF,AGRICULTURE,Others,Others,"Field Preparation","WEATHER INFORMATION","Heavy Cloudy weather in your area,chance of rain in your area",BIHAR,SAMASTIPUR,WARISNAGAR,2018-07-20T09:29:53Z
KHARIF,AGRICULTURE,Others,Others,"Field Preparation","WEATHER INFORMATION","Heavy Cloudy weather in your area,chance of rain in your area",BIHAR,SAMASTIPUR,WARISNAGAR,2018-07-20T09:29:53Z
KHARIF,AGRICULTURE,Others,Others,Weather,"WEATHER INFORMATION","Cloudy weather in your area, chance of rain in your area",BIHAR,SAMASTIPUR,SINGHIA,2018-07-20T09:35:27Z
KHARIF,AGRICULTURE,Others,Others,Weather,"WEATHER INFORMATION","Cloudy weather in your area, chance of rain in your area",BIHAR,SAMASTIPUR,SINGHIA,2018-07-20T09:35:27Z
KHARIF,AGRICULTURE,Others,Others,"Government Schemes","Government Scheme Website","Government Scheme Website - www.krishi.bih.nic.in.",BIHAR,SAMASTIPUR,MORWA,2018-07-20T09:38:13Z
KHARIF,AGRICULTURE,Others,Others,"Government Schemes","Government Scheme Website","Government Scheme Website - www.krishi.bih.nic.in.",BIHAR,SAMASTIPUR,MORWA,2018-07-20T09:38:13Z
RABI,HORTICULTURE,Vegetables,Brinjal,"Plant Protection","Shoot and fruit borer","Dimethoate 30 % EC 7.0  ml/10 lit. 
Emamectin benzoate 5 % SG 4 g/10 lit. 
Flubendiamide 20 WDG 7.5 g/10 lit.",BIHAR,SAMASTIPUR,UJIARPUR,2018-07-20T10:21:19Z
RABI,HORTICULTURE,Vegetables,Brinjal,"Plant Protection","Shoot and fruit borer","Dimethoate 30 % EC 7.0  ml/10 lit. 
Emamectin benzoate 5 % SG 4 g/10 lit. 
Flubendiamide 20 WDG 7.5 g/10 lit.",BIHAR,SAMASTIPUR,UJIARPUR,2018-07-20T10:21:19Z
KHARIF,AGRICULTURE,Others,Others,Weather,"WEATHER INFORMATION","Cloudy weather in your area, chance of rain in your area",BIHAR,SAMASTIPUR,KHANPUR,2018-07-20T10:43:46Z
KHARIF,AGRICULTURE,Others,Others,Weather,"WEATHER INFORMATION","Cloudy weather in your area, chance of rain in your area",BIHAR,SAMASTIPUR,KHANPUR,2018-07-20T10:43:46Z
KHARIF,AGRICULTURE,Others,Others,Weather,"WEATHER INFORMATION","Cloudy weather in your area, chance of rain in your area",BIHAR,SAMASTIPUR,KHANPUR,2018-07-20T10:46:19Z
KHARIF,AGRICULTURE,Others,Others,Weather,"WEATHER INFORMATION","Cloudy weather in your area, chance of rain in your area",BIHAR,SAMASTIPUR,KHANPUR,2018-07-20T10:46:19Z
KHARIF,AGRICULTURE,Others,Others,Weather,"WEATHER INFORMATION","Cloudy weather in your area, chance of rain in your area",BIHAR,SAMASTIPUR,UJIARPUR,2018-07-20T11:55:13Z
KHARIF,AGRICULTURE,Others,Others,Weather,"WEATHER INFORMATION","Cloudy weather in your area, chance of rain in your area",BIHAR,SAMASTIPUR,UJIARPUR,2018-07-20T11:55:13Z
KHARIF,AGRICULTURE,Others,Others,Weather,"WEATHER INFORMATION","Cloudy weather in your area, chance of rain in your area",BIHAR,SAMASTIPUR,BITHAN,2018-07-20T12:51:50Z
KHARIF,AGRICULTURE,Others,Others,Weather,"WEATHER INFORMATION","Cloudy weather in your area, chance of rain in your area",BIHAR,SAMASTIPUR,BITHAN,2018-07-20T12:51:50Z
KHARIF,AGRICULTURE,Others,Others,Weather,"WEATHER INFORMATION","NO CHANCE TO RAIN IN YOUR AREA",BIHAR,SAMASTIPUR,KHANPUR,2018-07-20T15:06:55Z
KHARIF,AGRICULTURE,Others,Others,Weather,"WEATHER INFORMATION","NO CHANCE TO RAIN IN YOUR AREA",BIHAR,SAMASTIPUR,KHANPUR,2018-07-20T15:06:55Z
KHARIF,AGRICULTURE,Others,Others,Weather,"WEATHER INFORMATION","Heavy Cloudy weather in your area,chance of rain in your area",BIHAR,SAMASTIPUR,WARISNAGAR,2018-07-20T15:33:28Z
KHARIF,AGRICULTURE,Others,Others,Weather,"WEATHER INFORMATION","Heavy Cloudy weather in your area,chance of rain in your area",BIHAR,SAMASTIPUR,WARISNAGAR,2018-07-20T15:33:28Z
KHARIF,AGRICULTURE,Others,Others,Weather,"WEATHER INFORMATION","Heavy Cloudy weather in your area,chance of rain in your area",BIHAR,SAMASTIPUR,WARISNAGAR,2018-07-20T20:16:12Z
KHARIF,AGRICULTURE,Others,Others,Weather,"WEATHER INFORMATION","Heavy Cloudy weather in your area,chance of rain in your area",BIHAR,SAMASTIPUR,WARISNAGAR,2018-07-20T20:16:12Z
KHARIF,AGRICULTURE,Others,Others,Weather,"WEATHER INFORMATION","Heavy Cloudy weather in your area,chance of rain in your area",BIHAR,SAMASTIPUR,KALYANPUR,2018-07-20T21:07:04Z
KHARIF,AGRICULTURE,Others,Others,Weather,"WEATHER INFORMATION","Heavy Cloudy weather in your area,chance of rain in your area",BIHAR,SAMASTIPUR,KALYANPUR,2018-07-20T21:07:04Z
KHARIF,AGRICULTURE,Others,Others,Weather,WEATHER,"NO RAIN",BIHAR,SAMASTIPUR,BITHAN,2018-07-20T21:42:21Z
KHARIF,AGRICULTURE,Others,Others,Weather,WEATHER,"NO RAIN",BIHAR,SAMASTIPUR,BITHAN,2018-07-20T21:42:21Z
KHARIF,AGRICULTURE,Others,Others,Weather,"WEATHER INFORMATION","Cloudy weather in your area, chance of rain in your area",BIHAR,SAMASTIPUR,WARISNAGAR,2018-07-21T09:05:01Z
KHARIF,AGRICULTURE,Others,Others,Weather,"WEATHER INFORMATION","Cloudy weather in your area, chance of rain in your area",BIHAR,SAMASTIPUR,WARISNAGAR,2018-07-21T09:05:01Z
RABI,AGRICULTURE,Others,Others,Weather,weather,"31° C 
RealFeel® 37°

Cloudy
  


See Hourly

> 




Today

Jul 21



35° Hi 
RealFeel® 40°

Considerable cloudiness
 More  



Tonight

Jul 21



27° Lo 
RealFeel® 32°

Patchy clouds; warm
 More  



Tomorrow

Jul 22



33° Hi 
RealFeel® 39°

Mostly cloudy, showers",BIHAR,SAMASTIPUR,KALYANPUR,2018-07-21T09:58:18Z
RABI,AGRICULTURE,Others,Others,Weather,weather,"31° C 
RealFeel® 37°

Cloudy
  


See Hourly

> 




Today

Jul 21



35° Hi 
RealFeel® 40°

Considerable cloudiness
 More  



Tonight

Jul 21



27° Lo 
RealFeel® 32°

Patchy clouds; warm
 More  



Tomorrow

Jul 22



33° Hi 
RealFeel® 39°

Mostly cloudy, showers",BIHAR,SAMASTIPUR,KALYANPUR,2018-07-21T09:58:18Z
KHARIF,AGRICULTURE,Others,Others,Weather,"WEATHER INFORMATION","Cloudy weather in your area, chance of rain in your area",BIHAR,SAMASTIPUR,PUSA,2018-07-21T10:32:53Z
KHARIF,AGRICULTURE,Others,Others,Weather,"WEATHER INFORMATION","Cloudy weather in your area, chance of rain in your area",BIHAR,SAMASTIPUR,PUSA,2018-07-21T10:32:53Z
KHARIF,AGRICULTURE,Others,Others,"Government Schemes","PROBLEM RELATED TO DBT ERROR","AAP BLOCK ME CONTACT KARE",BIHAR,SAMASTIPUR,BIBHUTPUR,2018-07-21T11:47:39Z
KHARIF,AGRICULTURE,Others,Others,"Government Schemes","PROBLEM RELATED TO DBT ERROR","AAP BLOCK ME CONTACT KARE",BIHAR,SAMASTIPUR,BIBHUTPUR,2018-07-21T11:47:39Z
KHARIF,AGRICULTURE,Cereals,"Paddy (Dhan)",Weather,"WEATHER INFORMATION","???? ??????? ??? ???? ??? ????? ?? ????? ???? ?? ??????? ??",BIHAR,SAMASTIPUR,UJIARPUR,2018-07-21T14:09:20Z
KHARIF,AGRICULTURE,Cereals,"Paddy (Dhan)",Weather,"WEATHER INFORMATION","???? ??????? ??? ???? ??? ????? ?? ????? ???? ?? ??????? ??",BIHAR,SAMASTIPUR,UJIARPUR,2018-07-21T14:09:20Z
KHARIF,AGRICULTURE,Others,Others,Weather,"Weather Information","Cloudy weather , little chance of rain.",BIHAR,SAMASTIPUR,UJIARPUR,2018-07-21T15:20:14Z
KHARIF,AGRICULTURE,Others,Others,Weather,"Weather Information","Cloudy weather , little chance of rain.",BIHAR,SAMASTIPUR,UJIARPUR,2018-07-21T15:20:14Z
KHARIF,AGRICULTURE,Cereals,"Paddy (Dhan)",Weather,"WEATHER INFORMATION","???? ??????? ??? ???? ??? ????? ?? ????? ???? ?? ??????? ??",BIHAR,SAMASTIPUR,WARISNAGAR,2018-07-21T15:43:32Z
KHARIF,AGRICULTURE,Cereals,"Paddy (Dhan)",Weather,"WEATHER INFORMATION","???? ??????? ??? ???? ??? ????? ?? ????? ???? ?? ??????? ??",BIHAR,SAMASTIPUR,WARISNAGAR,2018-07-21T15:43:32Z
KHARIF,AGRICULTURE,Cereals,"Paddy (Dhan)",Weather,"INSECT CONTROL","CLOROPIRYFOS@2ML/LEA OF WATHER",BIHAR,SAMASTIPUR,SINGHIA,2018-07-21T16:13:35Z
KHARIF,AGRICULTURE,Cereals,"Paddy (Dhan)",Weather,"INSECT CONTROL","CLOROPIRYFOS@2ML/LEA OF WATHER",BIHAR,SAMASTIPUR,SINGHIA,2018-07-21T16:13:35Z
KHARIF,AGRICULTURE,Others,Others,"Sowing Time and Weather","sowing time of bottele gourd","panjab komal,arka bhar",BIHAR,SAMASTIPUR,ROSERA,2018-07-21T17:32:09Z
KHARIF,AGRICULTURE,Others,Others,"Sowing Time and Weather","sowing time of bottele gourd","panjab komal,arka bhar",BIHAR,SAMASTIPUR,ROSERA,2018-07-21T17:32:09Z
KHARIF,AGRICULTURE,Cereals,"Paddy (Dhan)",Weather,"WEATHER INFORMATION","???? ??????? ??? ???? ??? ????? ?? ????? ???? ?? ??????? ??",BIHAR,SAMASTIPUR,WARISNAGAR,2018-07-21T19:36:46Z
KHARIF,AGRICULTURE,Cereals,"Paddy (Dhan)",Weather,"WEATHER INFORMATION","???? ??????? ??? ???? ??? ????? ?? ????? ???? ?? ??????? ??",BIHAR,SAMASTIPUR,WARISNAGAR,2018-07-21T19:36:46Z
KHARIF,AGRICULTURE,Others,Others,"Field Preparation","Cloudy weather in your area, chance of rain in your area.","Cloudy weather in your area, chance of rain in your area.",BIHAR,SAMASTIPUR,KHANPUR,2018-07-21T20:25:32Z
KHARIF,AGRICULTURE,Others,Others,"Field Preparation","Cloudy weather in your area, chance of rain in your area.","Cloudy weather in your area, chance of rain in your area.",BIHAR,SAMASTIPUR,KHANPUR,2018-07-21T20:25:32Z
KHARIF,AGRICULTURE,Cereals,"Paddy (Dhan)",Weather,"WEATHER INFORMATION","???? ???  ?????, ????? ????? ???? ?? ??????? ??",BIHAR,SAMASTIPUR,SARAIRANJAN,2018-07-22T06:30:46Z
KHARIF,AGRICULTURE,Cereals,"Paddy (Dhan)",Weather,"WEATHER INFORMATION","???? ???  ?????, ????? ????? ???? ?? ??????? ??",BIHAR,SAMASTIPUR,SARAIRANJAN,2018-07-22T06:30:46Z
RABI,HORTICULTURE,Vegetables,Chillies,"Plant Protection","Tobacco cutworm","Indoxacarb 14.5 % SC 6.5 ml/10 lit. 
Novaluron 10 % EC 7.5 ml/10 lit.",BIHAR,SAMASTIPUR,WARISNAGAR,2018-07-22T06:48:01Z
RABI,HORTICULTURE,Vegetables,Chillies,"Plant Protection","Tobacco cutworm","Indoxacarb 14.5 % SC 6.5 ml/10 lit. 
Novaluron 10 % EC 7.5 ml/10 lit.",BIHAR,SAMASTIPUR,WARISNAGAR,2018-07-22T06:48:01Z
RABI,HORTICULTURE,Vegetables,Chillies,"Plant Protection","Gram caterpillar","Novaluron 10 % EC 7.5 ml/10 lit. 
Spinosad 45 % SC 3.2 ml/10 lit.",BIHAR,SAMASTIPUR,WARISNAGAR,2018-07-22T06:51:06Z
RABI,HORTICULTURE,Vegetables,Chillies,"Plant Protection","Gram caterpillar","Novaluron 10 % EC 7.5 ml/10 lit. 
Spinosad 45 % SC 3.2 ml/10 lit.",BIHAR,SAMASTIPUR,WARISNAGAR,2018-07-22T06:51:06Z
KHARIF,AGRICULTURE,Others,Others,Weather,"WEATHER INFORMATION","Cloudy weather in your area, chance of rain in your area .",BIHAR,SAMASTIPUR,ROSERA,2018-07-22T08:07:22Z
KHARIF,AGRICULTURE,Others,Others,Weather,"WEATHER INFORMATION","Cloudy weather in your area, chance of rain in your area .",BIHAR,SAMASTIPUR,ROSERA,2018-07-22T08:07:22Z
KHARIF,AGRICULTURE,Others,Others,Weather,"WEATHER INFORMATION","Cloudy weather in your area, chance of rain in your area .",BIHAR,SAMASTIPUR,WARISNAGAR,2018-07-22T09:53:41Z
KHARIF,AGRICULTURE,Others,Others,Weather,"WEATHER INFORMATION","Cloudy weather in your area, chance of rain in your area .",BIHAR,SAMASTIPUR,WARISNAGAR,2018-07-22T09:53:41Z
KHARIF,AGRICULTURE,Others,Others,Weather,"WEATHER INFORMATION","Cloudy weather in your area, chance of rain in your area .",BIHAR,SAMASTIPUR,SAMASTIPUR,2018-07-22T09:59:04Z
KHARIF,AGRICULTURE,Others,Others,Weather,"WEATHER INFORMATION","Cloudy weather in your area, chance of rain in your area .",BIHAR,SAMASTIPUR,SAMASTIPUR,2018-07-22T09:59:04Z
KHARIF,AGRICULTURE,Others,Others,Weather,"WEATHER INFORMATION","Cloudy weather in your area, chance of rain in your area .",BIHAR,SAMASTIPUR,SAMASTIPUR,2018-07-22T10:00:50Z
KHARIF,AGRICULTURE,Others,Others,Weather,"WEATHER INFORMATION","Cloudy weather in your area, chance of rain in your area .",BIHAR,SAMASTIPUR,SAMASTIPUR,2018-07-22T10:00:50Z
KHARIF,AGRICULTURE,Others,Others,Weather,"WEATHER INFORMATION","Cloudy weather in your area, chance of rain in your area",BIHAR,SAMASTIPUR,UJIARPUR,2018-07-22T15:15:07Z
KHARIF,AGRICULTURE,Others,Others,Weather,"WEATHER INFORMATION","Cloudy weather in your area, chance of rain in your area",BIHAR,SAMASTIPUR,UJIARPUR,2018-07-22T15:15:07Z
KHARIF,AGRICULTURE,Others,Others,Weather,"WEATHER INFORMATION","Cloudy weather in your area, chance of rain in your area",BIHAR,SAMASTIPUR,UJIARPUR,2018-07-22T15:15:43Z
KHARIF,AGRICULTURE,Others,Others,Weather,"WEATHER INFORMATION","Cloudy weather in your area, chance of rain in your area",BIHAR,SAMASTIPUR,UJIARPUR,2018-07-22T15:15:43Z
KHARIF,AGRICULTURE,Others,Others,Weather,"WEATHER INFORMATION","Cloudy weather in your area, chance of rain in your area",BIHAR,SAMASTIPUR,UJIARPUR,2018-07-22T15:15:49Z
KHARIF,AGRICULTURE,Others,Others,Weather,"WEATHER INFORMATION","Cloudy weather in your area, chance of rain in your area",BIHAR,SAMASTIPUR,UJIARPUR,2018-07-22T15:15:49Z
KHARIF,AGRICULTURE,Others,Others,"Field Preparation","Weather Information","Cloudy weather today and tomorrow little chance of rain.",BIHAR,SAMASTIPUR,BITHAN,2018-07-22T15:15:54Z
KHARIF,AGRICULTURE,Others,Others,"Field Preparation","Weather Information","Cloudy weather today and tomorrow little chance of rain.",BIHAR,SAMASTIPUR,BITHAN,2018-07-22T15:15:54Z
KHARIF,AGRICULTURE,Others,Others,Weather,"WEATHER INFORMATION","Cloudy weather in your area, chance of rain in your area",BIHAR,SAMASTIPUR,UJIARPUR,2018-07-22T15:15:55Z
KHARIF,AGRICULTURE,Others,Others,Weather,"WEATHER INFORMATION","Cloudy weather in your area, chance of rain in your area",BIHAR,SAMASTIPUR,UJIARPUR,2018-07-22T15:15:55Z
KHARIF,AGRICULTURE,Others,Others,Weather,"WEATHER INFORMATION","Cloudy weather in your area, chance of rain in your area",BIHAR,SAMASTIPUR,UJIARPUR,2018-07-22T15:16:01Z
KHARIF,AGRICULTURE,Others,Others,Weather,"WEATHER INFORMATION","Cloudy weather in your area, chance of rain in your area",BIHAR,SAMASTIPUR,UJIARPUR,2018-07-22T15:16:01Z
KHARIF,AGRICULTURE,Others,Others,Weather,"WEATHER INFORMATION","Cloudy weather in your area, chance of rain in your area",BIHAR,SAMASTIPUR,BITHAN,2018-07-22T16:45:57Z
KHARIF,AGRICULTURE,Others,Others,Weather,"WEATHER INFORMATION","Cloudy weather in your area, chance of rain in your area",BIHAR,SAMASTIPUR,BITHAN,2018-07-22T16:45:57Z
KHARIF,AGRICULTURE,Others,Others,"Plant Protection","Weather Information","Cloudy weather today and tomorrow little chance of rain.",BIHAR,SAMASTIPUR,MOHANPUR,2018-07-22T17:15:30Z
KHARIF,AGRICULTURE,Others,Others,"Plant Protection","Weather Information","Cloudy weather today and tomorrow little chance of rain.",BIHAR,SAMASTIPUR,MOHANPUR,2018-07-22T17:15:30Z
KHARIF,AGRICULTURE,Others,Others,Weather,"WEATHER INFORMATION","Cloudy weather in your area, chance of rain in your area .",BIHAR,SAMASTIPUR,ROSERA,2018-07-23T07:47:49Z
KHARIF,AGRICULTURE,Others,Others,Weather,"WEATHER INFORMATION","Cloudy weather in your area, chance of rain in your area .",BIHAR,SAMASTIPUR,ROSERA,2018-07-23T07:47:49Z
KHARIF,AGRICULTURE,Others,Others,Weather,"WEATHER INFORMATION","Cloudy weather in your area, chance of rain in your area .",BIHAR,SAMASTIPUR,MORWA,2018-07-23T11:46:41Z
KHARIF,AGRICULTURE,Others,Others,Weather,"WEATHER INFORMATION","Cloudy weather in your area, chance of rain in your area .",BIHAR,SAMASTIPUR,MORWA,2018-07-23T11:46:41Z
KHARIF,AGRICULTURE,Others,Others,"Government Schemes","PROBLEM  RELATED TO DBT ERROR","AAP BLOCK AGRICULTURE OFFICER SE CONTACT KARE",BIHAR,SAMASTIPUR,TAJPUR,2018-07-23T11:53:12Z
KHARIF,AGRICULTURE,Others,Others,"Government Schemes","PROBLEM  RELATED TO DBT ERROR","AAP BLOCK AGRICULTURE OFFICER SE CONTACT KARE",BIHAR,SAMASTIPUR,TAJPUR,2018-07-23T11:53:12Z
KHARIF,AGRICULTURE,Others,Others,Weather,"WEATHER INFORMATION","Cloudy weather in your area, chance of rain in your area .",BIHAR,SAMASTIPUR,WARISNAGAR,2018-07-23T12:05:23Z
KHARIF,AGRICULTURE,Others,Others,Weather,"WEATHER INFORMATION","Cloudy weather in your area, chance of rain in your area .",BIHAR,SAMASTIPUR,WARISNAGAR,2018-07-23T12:05:23Z
KHARIF,AGRICULTURE,Others,Others,Weather,"WEATHER INFORMATION","Cloudy weather in your area, chance of rain in your area .",BIHAR,SAMASTIPUR,WARISNAGAR,2018-07-23T12:08:29Z
KHARIF,AGRICULTURE,Others,Others,Weather,"WEATHER INFORMATION","Cloudy weather in your area, chance of rain in your area .",BIHAR,SAMASTIPUR,WARISNAGAR,2018-07-23T12:08:29Z
KHARIF,HORTICULTURE,Fruits,Papaya,"Cultural Practices","INFORMATION ABOUT VARIETIES OF PAPAYA","AAP KVK ME CONTACT KIGIYE",BIHAR,SAMASTIPUR,MORWA,2018-07-24T09:23:01Z
KHARIF,HORTICULTURE,Fruits,Papaya,"Cultural Practices","INFORMATION ABOUT VARIETIES OF PAPAYA","AAP KVK ME CONTACT KIGIYE",BIHAR,SAMASTIPUR,MORWA,2018-07-24T09:23:01Z
RABI,HORTICULTURE,Vegetables,Chillies,"Plant Protection","Chilli thrips","Imidacloprid 17.8 % SL 3.0 ml/10 lit. 
Dimethoate 30 % EC 1.0 ml/lit.",BIHAR,SAMASTIPUR,WARISNAGAR,2018-07-24T11:10:14Z
RABI,HORTICULTURE,Vegetables,Chillies,"Plant Protection","Chilli thrips","Imidacloprid 17.8 % SL 3.0 ml/10 lit. 
Dimethoate 30 % EC 1.0 ml/lit.",BIHAR,SAMASTIPUR,WARISNAGAR,2018-07-24T11:10:14Z
KHARIF,AGRICULTURE,Others,Others,Weather,"WEATHER INFORMATION","Cloudy weather in your area, chance of rain in your area .",BIHAR,SAMASTIPUR,MORWA,2018-07-24T11:37:16Z
KHARIF,AGRICULTURE,Others,Others,Weather,"WEATHER INFORMATION","Cloudy weather in your area, chance of rain in your area .",BIHAR,SAMASTIPUR,MORWA,2018-07-24T11:37:16Z
KHARIF,AGRICULTURE,Cereals,"Paddy (Dhan)","Weed Management","WEED MANAGEMENT IN RICE FIELD","AAP NIKAI GURAI KARWAYE",BIHAR,SAMASTIPUR,PUSA,2018-07-24T11:51:09Z
KHARIF,AGRICULTURE,Cereals,"Paddy (Dhan)","Weed Management","WEED MANAGEMENT IN RICE FIELD","AAP NIKAI GURAI KARWAYE",BIHAR,SAMASTIPUR,PUSA,2018-07-24T11:51:09Z
KHARIF,AGRICULTURE,Others,Others,"Government Schemes","INFORMATION ABOUT LAND","AAP LAGHU KISAN ME AATE HAI",BIHAR,SAMASTIPUR,BITHAN,2018-07-24T12:23:11Z
KHARIF,AGRICULTURE,Others,Others,"Government Schemes","INFORMATION ABOUT LAND","AAP LAGHU KISAN ME AATE HAI",BIHAR,SAMASTIPUR,BITHAN,2018-07-24T12:23:11Z
KHARIF,AGRICULTURE,Others,Others,"Government Schemes","For farmer registration","For farmer registration : www.krishimis.in",BIHAR,SAMASTIPUR,BITHAN,2018-07-24T13:51:34Z
KHARIF,AGRICULTURE,Others,Others,"Government Schemes","For farmer registration","For farmer registration : www.krishimis.in",BIHAR,SAMASTIPUR,BITHAN,2018-07-24T13:51:34Z
KHARIF,AGRICULTURE,Others,Others,Weather,"weather information","Cloudy weather Today & tomorrow   chance of light rain",BIHAR,SAMASTIPUR,ROSERA,2018-07-24T15:06:01Z
KHARIF,AGRICULTURE,Others,Others,Weather,"weather information","Cloudy weather Today & tomorrow   chance of light rain",BIHAR,SAMASTIPUR,ROSERA,2018-07-24T15:06:01Z
KHARIF,AGRICULTURE,Others,Others,Weather,"WEATHER INFORMATION","Cloudy weather in your area, chance of rain in your area.",BIHAR,SAMASTIPUR,KALYANPUR,2018-07-24T16:43:31Z
KHARIF,AGRICULTURE,Others,Others,Weather,"WEATHER INFORMATION","Cloudy weather in your area, chance of rain in your area.",BIHAR,SAMASTIPUR,KALYANPUR,2018-07-24T16:43:31Z
KHARIF,AGRICULTURE,Others,Others,Weather,"WEATHER INFORMATION","Cloudy weather in your area, chance of rain in your area.",BIHAR,SAMASTIPUR,UJIARPUR,2018-07-24T16:50:09Z
KHARIF,AGRICULTURE,Others,Others,Weather,"WEATHER INFORMATION","Cloudy weather in your area, chance of rain in your area.",BIHAR,SAMASTIPUR,UJIARPUR,2018-07-24T16:50:09Z
KHARIF,AGRICULTURE,Others,Others,Weather,"WEATHER INFORMATION","Cloudy weather in your area, chance of rain in your area.",BIHAR,SAMASTIPUR,UJIARPUR,2018-07-24T16:50:20Z
KHARIF,AGRICULTURE,Others,Others,Weather,"WEATHER INFORMATION","Cloudy weather in your area, chance of rain in your area.",BIHAR,SAMASTIPUR,UJIARPUR,2018-07-24T16:50:20Z
KHARIF,AGRICULTURE,Others,Others,Weather,"WEATHER INFORMATION","Cloudy weather in your area, chance of rain in your area.",BIHAR,SAMASTIPUR,UJIARPUR,2018-07-24T16:50:32Z
KHARIF,AGRICULTURE,Others,Others,Weather,"WEATHER INFORMATION","Cloudy weather in your area, chance of rain in your area.",BIHAR,SAMASTIPUR,UJIARPUR,2018-07-24T16:50:32Z
KHARIF,AGRICULTURE,Others,Others,Weather,"weather information","Cloudy weather,rain is likely in your area.",BIHAR,SAMASTIPUR,KALYANPUR,2018-07-24T17:27:44Z
KHARIF,AGRICULTURE,Others,Others,Weather,"weather information","Cloudy weather,rain is likely in your area.",BIHAR,SAMASTIPUR,KALYANPUR,2018-07-24T17:27:44Z
KHARIF,AGRICULTURE,Others,Others,Weather,"WEATHER INFORMATION","Cloudy weather in your area, chance of rain in your area .",BIHAR,SAMASTIPUR,HASANPUR,2018-07-28T06:37:01Z
KHARIF,AGRICULTURE,Others,Others,Weather,"WEATHER INFORMATION","Cloudy weather in your area, chance of rain in your area .",BIHAR,SAMASTIPUR,HASANPUR,2018-07-28T06:37:01Z
RABI,HORTICULTURE,Vegetables,Chillies,"Plant Protection","Green peach aphid","Imidacloprid 17.8 % SL 3.5 ml/10 lit. 
Oxydemeton –Methyl 25% EC 1.6 ml/lit.",BIHAR,SAMASTIPUR,SARAIRANJAN,2018-07-28T09:37:14Z
RABI,HORTICULTURE,Vegetables,Chillies,"Plant Protection","Green peach aphid","Imidacloprid 17.8 % SL 3.5 ml/10 lit. 
Oxydemeton –Methyl 25% EC 1.6 ml/lit.",BIHAR,SAMASTIPUR,SARAIRANJAN,2018-07-28T09:37:14Z
KHARIF,AGRICULTURE,Cereals,"Paddy (Dhan)",Weather,"Weather information","???? ???  ?????  ????? ????? ???? ??  ???  ??????? ??",BIHAR,SAMASTIPUR,KALYANPUR,2018-07-28T11:45:24Z
KHARIF,AGRICULTURE,Cereals,"Paddy (Dhan)",Weather,"Weather information","???? ???  ?????  ????? ????? ???? ??  ???  ??????? ??",BIHAR,SAMASTIPUR,KALYANPUR,2018-07-28T11:45:24Z
KHARIF,AGRICULTURE,Cereals,"Paddy (Dhan)",Weather,"Weather information","???? ???  ????? ????? ???? ?? ??????? ??",BIHAR,SAMASTIPUR,PATORI,2018-07-29T10:38:10Z
KHARIF,AGRICULTURE,Cereals,"Paddy (Dhan)",Weather,"Weather information","???? ???  ????? ????? ???? ?? ??????? ??",BIHAR,SAMASTIPUR,PATORI,2018-07-29T10:38:10Z
KHARIF,AGRICULTURE,Cereals,"Paddy (Dhan)",Weather,"Weather information","???? ???  ?????  ????? ????? ???? ??  ???  ??????? ??",BIHAR,SAMASTIPUR,TAJPUR,2018-07-29T12:55:30Z
KHARIF,AGRICULTURE,Cereals,"Paddy (Dhan)",Weather,"Weather information","???? ???  ?????  ????? ????? ???? ??  ???  ??????? ??",BIHAR,SAMASTIPUR,TAJPUR,2018-07-29T12:55:30Z
KHARIF,AGRICULTURE,Cereals,"Paddy (Dhan)",Weather,"Weather information","???? ???  ????? ????? ???? ?? ??????? ??",BIHAR,SAMASTIPUR,UJIARPUR,2018-07-29T15:11:18Z
KHARIF,AGRICULTURE,Cereals,"Paddy (Dhan)",Weather,"Weather information","???? ???  ????? ????? ???? ?? ??????? ??",BIHAR,SAMASTIPUR,UJIARPUR,2018-07-29T15:11:18Z
RABI,HORTICULTURE,Vegetables,Bhindi(Okra/Ladysfinger),"Plant Protection",Whitefly,"?Phosalone 35 EC @ 2.5 l/ha
?Quinalphos 25 EC @ 2.0 l/ha
?Triazophos 40 EC @ 2.0 l/ha",BIHAR,SAMASTIPUR,WARISNAGAR,2018-07-30T10:34:59Z
RABI,HORTICULTURE,Vegetables,Bhindi(Okra/Ladysfinger),"Plant Protection",Whitefly,"?Phosalone 35 EC @ 2.5 l/ha
?Quinalphos 25 EC @ 2.0 l/ha
?Triazophos 40 EC @ 2.0 l/ha",BIHAR,SAMASTIPUR,WARISNAGAR,2018-07-30T10:34:59Z
KHARIF,AGRICULTURE,Others,Others,Weather,"PROBLEM RELATED TO DBT","AAP SAHAZ KENDRA ME CONTACT KARE",BIHAR,SAMASTIPUR,SARAIRANJAN,2018-07-30T10:47:49Z
KHARIF,AGRICULTURE,Others,Others,Weather,"PROBLEM RELATED TO DBT","AAP SAHAZ KENDRA ME CONTACT KARE",BIHAR,SAMASTIPUR,SARAIRANJAN,2018-07-30T10:47:49Z
KHARIF,AGRICULTURE,Others,Others,Weather,"weather information","Cloudy weather in your area, chance of rain in your area.",BIHAR,SAMASTIPUR,SARAIRANJAN,2018-07-30T11:03:17Z
KHARIF,AGRICULTURE,Others,Others,Weather,"weather information","Cloudy weather in your area, chance of rain in your area.",BIHAR,SAMASTIPUR,SARAIRANJAN,2018-07-30T11:03:17Z
KHARIF,AGRICULTURE,Others,Others,"Field Preparation","WEATHER INFORMATION","Cloudy weather in your area, chance of rain in your area .",BIHAR,SAMASTIPUR,MORWA,2018-07-30T19:26:50Z
KHARIF,AGRICULTURE,Others,Others,"Field Preparation","WEATHER INFORMATION","Cloudy weather in your area, chance of rain in your area .",BIHAR,SAMASTIPUR,MORWA,2018-07-30T19:26:50Z
KHARIF,AGRICULTURE,Others,Others,"Field Preparation",nutrient,"imidachlorprid@ 1 ml/3 lit water+planofix! 1 ml/5 lit water spray",BIHAR,SAMASTIPUR,SARAIRANJAN,2018-07-30T20:36:10Z
KHARIF,AGRICULTURE,Others,Others,"Field Preparation",nutrient,"imidachlorprid@ 1 ml/3 lit water+planofix! 1 ml/5 lit water spray",BIHAR,SAMASTIPUR,SARAIRANJAN,2018-07-30T20:36:10Z
KHARIF,AGRICULTURE,Others,Others,Weather,"WEATHER INFORMATION","Cloudy weather in your area ,chance of rain in your area",BIHAR,SAMASTIPUR,BITHAN,2018-07-31T09:00:55Z
KHARIF,AGRICULTURE,Others,Others,Weather,"WEATHER INFORMATION","Cloudy weather in your area ,chance of rain in your area",BIHAR,SAMASTIPUR,BITHAN,2018-07-31T09:00:55Z
KHARIF,AGRICULTURE,Others,Others,Weather,"WEATHER INFORMATION","Cloudy weather in your area ,chance of rain in your area",BIHAR,SAMASTIPUR,SAMASTIPUR,2018-07-31T09:54:24Z
KHARIF,AGRICULTURE,Others,Others,Weather,"WEATHER INFORMATION","Cloudy weather in your area ,chance of rain in your area",BIHAR,SAMASTIPUR,SAMASTIPUR,2018-07-31T09:54:24Z
RABI,HORTICULTURE,Vegetables,Chillies,"Plant Protection","Green peach aphid","Imidacloprid 17.8 % SL 3.5 ml/10 lit. 
Oxydemeton –Methyl 25% EC 1.6 ml/lit.",BIHAR,SAMASTIPUR,ROSERA,2018-07-31T11:51:28Z
RABI,HORTICULTURE,Vegetables,Chillies,"Plant Protection","Green peach aphid","Imidacloprid 17.8 % SL 3.5 ml/10 lit. 
Oxydemeton –Methyl 25% EC 1.6 ml/lit.",BIHAR,SAMASTIPUR,ROSERA,2018-07-31T11:51:28Z
KHARIF,AGRICULTURE,Others,Others,Weather,"WEATHER INFORMATION","Cloudy weather in your area ,chance of rain in your area",BIHAR,SAMASTIPUR,PUSA,2018-07-31T13:49:41Z
KHARIF,AGRICULTURE,Others,Others,Weather,"WEATHER INFORMATION","Cloudy weather in your area ,chance of rain in your area",BIHAR,SAMASTIPUR,PUSA,2018-07-31T13:49:41Z
KHARIF,AGRICULTURE,Cereals,"Paddy (Dhan)",Weather,"Weather Information","???? ??? ????? ?? ?? ?? ????? ?? ??? ??????? ???? ??",BIHAR,SAMASTIPUR,UJIARPUR,2018-07-31T14:27:26Z
KHARIF,AGRICULTURE,Cereals,"Paddy (Dhan)",Weather,"Weather Information","???? ??? ????? ?? ?? ?? ????? ?? ??? ??????? ???? ??",BIHAR,SAMASTIPUR,UJIARPUR,2018-07-31T14:27:26Z
KHARIF,AGRICULTURE,Others,Others,Weather,"weather information","Cloudy weather in your area, chance of rain in your area.",BIHAR,SAMASTIPUR,SAMASTIPUR,2018-07-31T16:20:42Z
KHARIF,AGRICULTURE,Others,Others,Weather,"weather information","Cloudy weather in your area, chance of rain in your area.",BIHAR,SAMASTIPUR,SAMASTIPUR,2018-07-31T16:20:42Z
KHARIF,AGRICULTURE,Others,Others,Weather,"weather information","Cloudy weather in your area, chance of rain in your area.",BIHAR,SAMASTIPUR,SAMASTIPUR,2018-07-31T16:21:12Z
KHARIF,AGRICULTURE,Others,Others,Weather,"weather information","Cloudy weather in your area, chance of rain in your area.",BIHAR,SAMASTIPUR,SAMASTIPUR,2018-07-31T16:21:12Z
