Season,Sector,Category,Crop,QueryType,QueryText,KCCAns,StateName,DistrictName,BlockName,CreatedOn
RABI,AGRICULTURE,Others,Others,"Field Preparation","WEATHER INFORMATION","HAZY SUNSHINE",BIHAR,BHOJPUR,TARARI,2018-02-01T11:20:29Z
RABI,AGRICULTURE,Others,Others,"Field Preparation","Weather information","Cloudy weather, rain is not likely.",BIHAR,BHOJPUR,TARARI,2018-02-01T15:01:33Z
RABI,AGRICULTURE,Others,Others,"Field Preparation","Weather information","Hazy weather in your area ,no chance of rain",BIHAR,BHOJPUR,BEHEA,2018-02-01T19:03:06Z
RABI,AGRICULTURE,Others,Others,"Field Preparation","Weather information","Hazy weather in your area ,no chance of rain",BIHAR,BHOJPUR,BEHEA,2018-02-01T19:12:48Z
RABI,AGRICULTURE,Pulses,"Green Gram (Moong Bean/ Moong)",Varieties,"Variety of Moong","Variety of Moong - pusa vishal, smart, sona , H.U.M.-16, P.S.-16,S.M.L.668",BIHAR,BHOJPUR,JAGDISHPUR,2018-02-02T09:33:15Z
RABI,AGRICULTURE,Others,Others,Weather,"Weather information","Hazy weather in your area ,no chance of rain",BIHAR,BHOJPUR,SAHAR,2018-02-02T13:44:05Z
RABI,AGRICULTURE,Cereals,Wheat,Weather,"WEATHER INFORMATION","????? ???? ???? ????? ?????? ??? ???? ????? I",BIHAR,BHOJPUR,SAHAR,2018-02-02T16:15:48Z
RABI,AGRICULTURE,Others,Others,"Plant Protection","plant protection","Spray mancozeb @ 2g/lit of water",BIHAR,BHOJPUR,BARHARA,2018-02-02T19:06:09Z
RABI,AGRICULTURE,Cereals,Wheat,"Nutrient Management","NUTRIENT MANAGEMENT IN WHEAT","100-150 G  UREA 1TANKI PANI ME MIX KAR SPRAY KARE",BIHAR,BHOJPUR,BEHEA,2018-02-03T17:22:41Z
RABI,AGRICULTURE,Others,Others,Weather,"WEATHER INFORMATION","No chance of rain in your area",BIHAR,BHOJPUR,BEHEA,2018-02-03T17:24:06Z
JAYAD,HORTICULTURE,Fruits,Mango,"Nutrient Management","flowering in mango","Spray paclobutrazole @ 2 ml in per liter of water",BIHAR,BHOJPUR,GARHANI,2018-02-04T10:59:14Z
RABI,AGRICULTURE,Pulses,"Bengal Gram (Gram/Chick Pea/Kabuli/Chana)","Plant Protection","termite  insect problem in lentil","spray chloropyriphos 20 ec @ 2 ml / litre pani",BIHAR,BHOJPUR,SANDESH,2018-02-04T11:23:17Z
RABI,AGRICULTURE,Cereals,Wheat,"Water Management","yellowing of leaves of wheat","apply urea after irrigation and spray mancozeb @ 2ml per liter of water",BIHAR,BHOJPUR,PIRO,2018-02-04T12:19:44Z
RABI,AGRICULTURE,Cereals,Wheat,Weather,"WEATHER INFORMATION","Sunny weather but no rain in your area.",BIHAR,BHOJPUR,TARARI,2018-02-04T15:46:52Z
RABI,AGRICULTURE,Others,Others,"Field Preparation","Weather information","Cloudy weather  today and tomorrow  no chance of  rain",BIHAR,BHOJPUR,PIRO,2018-02-06T16:20:25Z
JAYAD,AGRICULTURE,Others,Others,Weather,"WEATHER INFORMATION","weather in your area and no chance of rain in your area",BIHAR,BHOJPUR,PIRO,2018-02-06T16:34:52Z
RABI,AGRICULTURE,Others,Others,"Field Preparation","Weather information","Cloudy weather  today and tomorrow  no chance of  rain",BIHAR,BHOJPUR,BARHARA,2018-02-06T18:14:52Z
RABI,AGRICULTURE,Others,Others,"Field Preparation","MUSTARD FLOWERING","Spray boomflower @ 2ml/ litre of water",BIHAR,BHOJPUR,SAHAR,2018-02-07T08:25:16Z
RABI,AGRICULTURE,Cereals,Wheat,Weather,"WEATHER INFORMATION","????? ???? ???? ????? ?????? ??? ???? ????? I",BIHAR,BHOJPUR,SANDESH,2018-02-07T08:43:43Z
JAYAD,AGRICULTURE,Others,Others,"Plant Protection","FLOWER INDUCE IN MANGO","MULTI MICRO NUTRIENT -2 GM/LITER",BIHAR,BHOJPUR,UDWANTNAGAR,2018-02-07T10:54:15Z
RABI,AGRICULTURE,Pulses,"Bengal Gram (Gram/Chick Pea/Kabuli/Chana)","Plant Protection","DRYING OF GRAM","MANCOZEB @ 2ML/LITER OF WATER",BIHAR,BHOJPUR,ARA,2018-02-07T12:11:47Z
JAYAD,AGRICULTURE,Others,Others,Weather,"WEATHER INFORMATION","Heavy Cloudy weather in your area, no chance of rain in your area",BIHAR,BHOJPUR,SHAHPUR,2018-02-07T13:36:45Z
RABI,AGRICULTURE,Others,Others,"Field Preparation","WEATHER INFORMATION","Today and tomorrow no chance of rain in your area.",BIHAR,BHOJPUR,UDWANTNAGAR,2018-02-07T16:15:20Z
RABI,AGRICULTURE,Others,Others,"Field Preparation","WEATHER INFORMATION","Today and tomorrow no chance of rain in your area.",BIHAR,BHOJPUR,CHARPOKHARI,2018-02-07T16:31:35Z
RABI,AGRICULTURE,Others,Others,"Field Preparation","WEATHER INFORMATION","Very low cloudy area but no chance of rain",BIHAR,BHOJPUR,CHARPOKHARI,2018-02-07T16:33:19Z
RABI,AGRICULTURE,Others,Others,"Field Preparation","WEATHER INFORMATION","No chance of rain in your area",BIHAR,BHOJPUR,CHARPOKHARI,2018-02-07T16:35:23Z
RABI,AGRICULTURE,Others,Others,"Field Preparation","WEATHER INFORMATION","No chance of rain in your area",BIHAR,BHOJPUR,CHARPOKHARI,2018-02-07T16:36:45Z
RABI,AGRICULTURE,Others,Others,"Plant Protection","WEATHER INFORMATION","Today and tomorrow no chance of rain in your area.",BIHAR,BHOJPUR,ARA,2018-02-07T17:10:36Z
RABI,AGRICULTURE,Others,Others,"Field Preparation","WEATHER INFORMATION","Today and tomorrow no chance of rain in your area.",BIHAR,BHOJPUR,ARA,2018-02-07T18:20:00Z
RABI,AGRICULTURE,Others,Others,"Field Preparation","Growth regulator in mango","Spray boom flower @ 2 ml / lit of water",BIHAR,BHOJPUR,ARA,2018-02-07T18:22:01Z
RABI,AGRICULTURE,Others,Others,"Field Preparation","WEATHER INFORMATION","Sunny weather but no rain in your area.",BIHAR,BHOJPUR,ARA,2018-02-07T18:29:45Z
RABI,AGRICULTURE,Cereals,Wheat,Weather,"WEATHER INFORMATION","Sunny weather but no rain in your area.",BIHAR,BHOJPUR,SAHAR,2018-02-07T19:04:33Z
RABI,AGRICULTURE,Others,Others,"Field Preparation","WEATHER INFORMATION","Very low cloudy area but no chance of rain",BIHAR,BHOJPUR,PIRO,2018-02-07T21:55:22Z
RABI,AGRICULTURE,Others,Others,"Field Preparation","WEATHER INFORMATION","Cloudy weather but no chance of rain",BIHAR,BHOJPUR,CHARPOKHARI,2018-02-08T10:51:06Z
KHARIF,HORTICULTURE,Fruits,Mango,"Cultural Practices","irrigation during flowering","after complete emergence of flower",BIHAR,BHOJPUR,SANDESH,2018-02-08T11:37:58Z
RABI,AGRICULTURE,Cereals,Wheat,Weather,"WEATHER INFORMATION","Heavy Cloudy weather in your area, chance of rain in your area",BIHAR,BHOJPUR,PIRO,2018-02-08T12:18:41Z
RABI,AGRICULTURE,Cereals,Wheat,Weather,"WEATHER INFORMATION","???? ???  ?????  ,?????  ?? ???  ???????  ??? ??",BIHAR,BHOJPUR,PIRO,2018-02-08T12:42:01Z
RABI,AGRICULTURE,Cereals,Wheat,Weather,"WEATHER INFORMATION","???? ???  ?????  ,?????  ?? ???  ???????  ??? ??",BIHAR,BHOJPUR,PIRO,2018-02-08T12:42:21Z
RABI,AGRICULTURE,Cereals,Wheat,Weather,"WEATHER INFORMATION","???? ???  ?????  ,?????  ?? ???  ???????  ??? ??",BIHAR,BHOJPUR,PIRO,2018-02-08T12:42:38Z
RABI,AGRICULTURE,Cereals,Wheat,Weather,"WEATHER INFORMATION","???? ???  ?????  ,?????  ?? ???  ???????  ??? ??",BIHAR,BHOJPUR,PIRO,2018-02-08T12:42:59Z
RABI,AGRICULTURE,Cereals,Wheat,Weather,"WEATHER INFORMATION","???? ???  ?????  ,?????  ?? ???  ???????  ??? ??",BIHAR,BHOJPUR,PIRO,2018-02-08T12:43:22Z
RABI,AGRICULTURE,Cereals,Wheat,"Field Preparation","WHEAT APHID ATTACK","Spray imidachloprid @1ml/3lit of water",BIHAR,BHOJPUR,ARA,2018-02-08T12:46:12Z
RABI,AGRICULTURE,Oilseeds,Mustard,"Water Management","water logging","Spray safe 2g/lit",BIHAR,BHOJPUR,TARARI,2018-02-09T08:18:42Z
RABI,AGRICULTURE,Others,Others,"Government Schemes","location of KVK Bhojpur","Dr. Pravin Kumar Dwivedi
Programme Coordinator
Krishi Vigyan Kendra
Sone Command Area Development Agency
P.O.- Ara
Distt.Bhojpur - 802 301
Email: kvkbhojpur@rediffmail.com",BIHAR,BHOJPUR,UDWANTNAGAR,2018-02-09T09:17:27Z
JAYAD,AGRICULTURE,Others,Others,Weather,"Weather information","Hazy weather in your area ,no chance of rain",BIHAR,BHOJPUR,SANDESH,2018-02-09T10:09:37Z
JAYAD,AGRICULTURE,Others,Others,Weather,"Weather information","Hazy weather in your area ,no chance of rain",BIHAR,BHOJPUR,BARHARA,2018-02-09T10:25:51Z
RABI,AGRICULTURE,Others,Others,"Field Preparation","HOW I DO SEED TREATMENT?","	SEED TREATED WITH CAPTON/THIRAM @ 2 GM./ KG. SEED.",BIHAR,BHOJPUR,BEHEA,2018-02-09T11:53:00Z
RABI,AGRICULTURE,Cereals,Wheat,Weather,"WEATHER INFORMATION","Sunny weather but no rain in your area.",BIHAR,BHOJPUR,BEHEA,2018-02-09T16:44:41Z
RABI,AGRICULTURE,Cereals,Wheat,Weather,"WEATHER INFORMATION","Sunny weather but no rain in your area.",BIHAR,BHOJPUR,ARA,2018-02-09T17:05:07Z
JAYAD,AGRICULTURE,"Sugar and Starch Crops","Sugarcane (Noble Cane)","Training and Exposure Visits","TRAINING FOR SUGARCANE CULTIVATION","CONSULT TO YOUR NEAREST K.V.K.",BIHAR,BHOJPUR,TARARI,2018-02-10T09:04:02Z
RABI,AGRICULTURE,Others,Others,"Sowing Time and Weather","WEATHER INFORMATION","Periods of clouds and sunshine",BIHAR,BHOJPUR,PIRO,2018-02-10T09:15:31Z
JAYAD,AGRICULTURE,Others,Others,Weather,"Weather information","Hazy weather in your area ,no chance of rain",BIHAR,BHOJPUR,KOILWAR,2018-02-10T09:40:58Z
RABI,AGRICULTURE,Cereals,Wheat,Weather,"Weather information","Cloudy weather  today and tomorrow  no chance of  rain",BIHAR,BHOJPUR,JAGDISHPUR,2018-02-10T11:49:11Z
RABI,AGRICULTURE,Pulses,"Bengal Gram (Gram/Chick Pea/Kabuli/Chana)","Plant Protection","leaf yelloing in chickpea","Spray Copper oxy chloride @ 2 gm / lit of water",BIHAR,BHOJPUR,SAHAR,2018-02-10T12:24:32Z
RABI,AGRICULTURE,Others,Others,Weather,weather,"Heavy Cloudy weather in your area, chance of rain in your area",BIHAR,BHOJPUR,PIRO,2018-02-10T12:31:05Z
JAYAD,"ANIMAL HUSBANDRY",Animal,"Bovine(Cow,Buffalo)",Credit,"SCHEMES FOR ANIMAL HUSBANDARY","CONSULT TO BLOCK AGRICULTURE OFFICER",BIHAR,BHOJPUR,UDWANTNAGAR,2018-02-10T13:01:43Z
RABI,AGRICULTURE,Others,Others,"Field Preparation","Weather information","Hazy weather in your area ,no chance of rain",BIHAR,BHOJPUR,KOILWAR,2018-02-10T15:33:22Z
RABI,AGRICULTURE,Others,Others,Weather,"WEATHER INFORMATION","Cloudy weather in your area and no chance of rain in your area",BIHAR,BHOJPUR,SANDESH,2018-02-10T16:48:32Z
RABI,AGRICULTURE,Others,Others,Weather,"WEATHER INFORMATION","Cloudy weather in your area and no chance of rain in your area",BIHAR,BHOJPUR,PIRO,2018-02-10T17:25:10Z
RABI,AGRICULTURE,Others,Others,Weather,"WEATHER INFORMATION","Cloudy weather in your area and no chance of rain in your area",BIHAR,BHOJPUR,JAGDISHPUR,2018-02-10T18:04:52Z
RABI,AGRICULTURE,Others,Others,Weather,"WEATHER INFORMATION","Cloudy weather in your area and no chance of rain in your area",BIHAR,BHOJPUR,KOILWAR,2018-02-10T19:01:00Z
RABI,AGRICULTURE,Others,Others,Weather,"WEATHER INFORMATION","Cloudy weather in your area and no chance of rain in your area",BIHAR,BHOJPUR,KOILWAR,2018-02-10T19:02:40Z
RABI,AGRICULTURE,Others,Others,"Plant Protection","Fruit dropping problem in mango","SPRAY PLANOFIX 1 ML/5LITRE OF WATER",BIHAR,BHOJPUR,AGIAON,2018-02-10T20:38:50Z
RABI,AGRICULTURE,Others,Others,Weather,"WEATHER INFORMATION","Cloudy weather in your area and no chance of rain in your area",BIHAR,BHOJPUR,PIRO,2018-02-10T21:32:23Z
RABI,AGRICULTURE,Others,Others,Weather,"Weather information","Weather will be clear and glowing sun",BIHAR,BHOJPUR,KOILWAR,2018-02-11T07:34:28Z
RABI,HORTICULTURE,Vegetables,Bhindi(Okra/Ladysfinger),"Plant Protection","Leaf roller","Spray carbaryl 50 WP 2 g/lit or phosalone 35 EC 2 ml/lit",BIHAR,BHOJPUR,TARARI,2018-02-11T09:59:57Z
RABI,AGRICULTURE,Others,Others,"Field Preparation","WEATHER INFORMATION","Cloudy weather in your area and no chance of rain in your area",BIHAR,BHOJPUR,ARA,2018-02-11T14:49:51Z
RABI,AGRICULTURE,Others,Others,"Field Preparation","WEATHER INFORMATION","Cloudy weather in your area and no chance of rain in your area",BIHAR,BHOJPUR,BARHARA,2018-02-11T20:34:06Z
RABI,AGRICULTURE,Others,Others,Weather,"WEATHER  INFORMATION","There will be weather like change, and there is a possibility of drowsiness.",BIHAR,BHOJPUR,CHARPOKHARI,2018-02-12T07:23:17Z
JAYAD,AGRICULTURE,Others,Others,Weather,"WEATHER  INFORMATION","Heavy Cloudy weather  weather in your area,",BIHAR,BHOJPUR,CHARPOKHARI,2018-02-12T07:32:44Z
RABI,AGRICULTURE,Others,Others,Weather,"Weather information","Cloudy weather, rain is not likely.",BIHAR,BHOJPUR,PIRO,2018-02-12T07:56:08Z
RABI,AGRICULTURE,Others,Others,Weather,"Weather information","Today & tomorrow little chance of rain",BIHAR,BHOJPUR,BARHARA,2018-02-12T08:16:26Z
JAYAD,AGRICULTURE,Others,Others,Weather,"WEATHER INFORMATION","TODAY AND TOMORROW CHANCE OF RAIN IN YOUR AREA",BIHAR,BHOJPUR,CHARPOKHARI,2018-02-12T08:49:11Z
RABI,AGRICULTURE,Others,Others,Weather,"Weather information","Today & tomorrow little chance of rain",BIHAR,BHOJPUR,PIRO,2018-02-12T08:52:00Z
RABI,AGRICULTURE,Others,Others,Weather,"Weather information","????? ??? ???? ???? ??? ?????  ????? ???? ?? ???????? ??",BIHAR,BHOJPUR,JAGDISHPUR,2018-02-12T11:36:20Z
RABI,AGRICULTURE,Others,Others,"Plant Protection","Weather information","Hazy weather in your area ,no chance of rain",BIHAR,BHOJPUR,JAGDISHPUR,2018-02-12T11:46:13Z
JAYAD,AGRICULTURE,Others,Others,Weather,"Weather information","????? ??? ???? ???? ??? ?????  ????? ???? ?? ???????? ??",BIHAR,BHOJPUR,JAGDISHPUR,2018-02-13T09:20:46Z
JAYAD,HORTICULTURE,"Plantation Crops",Coconut,"Nutrient Management","FRUIT DROOPING OF COCONUT","Spray planofix @ 1 ml in 4.5- 5 liter of water",BIHAR,BHOJPUR,JAGDISHPUR,2018-02-13T10:20:33Z
RABI,AGRICULTURE,Others,Others,Weather,"WEATHER INFORMATION","chance of rain in your area",BIHAR,BHOJPUR,JAGDISHPUR,2018-02-13T12:20:35Z
RABI,AGRICULTURE,Others,Others,Weather,"WEATHER INFORMATION","chance of rain in your area",BIHAR,BHOJPUR,JAGDISHPUR,2018-02-13T12:40:41Z
RABI,AGRICULTURE,Others,Others,"Field Preparation","For farmer registration","For farmer registration: www.krishimis.in",BIHAR,BHOJPUR,SANDESH,2018-02-13T13:13:15Z
RABI,AGRICULTURE,Others,Others,"Field Preparation","WEATHER INFORMATION","Cloudy weather in your area and no chance of rain in your area",BIHAR,BHOJPUR,SAHAR,2018-02-13T14:41:53Z
KHARIF,AGRICULTURE,Oilseeds,"Sunflower (suryamukhi)",Varieties,"VARIETIES OF SUNFLOWER","varieties are b.s.h-1,k.b.s.h-1,44 for sunflower",BIHAR,BHOJPUR,BEHEA,2018-02-13T14:52:12Z
RABI,AGRICULTURE,Others,Others,"Field Preparation","WEATHER INFORMATION","Cloudy weather in your area and no chance of rain in your area",BIHAR,BHOJPUR,JAGDISHPUR,2018-02-13T15:21:02Z
RABI,AGRICULTURE,Cereals,Wheat,Weather,"Weather information","Cloudy weather  today and tomorrow  no chance of  rain",BIHAR,BHOJPUR,JAGDISHPUR,2018-02-13T15:51:27Z
JAYAD,AGRICULTURE,Others,Others,Weather,WEATHER,"NO RAIN",BIHAR,BHOJPUR,BEHEA,2018-02-13T16:29:15Z
RABI,AGRICULTURE,Others,Others,"Plant Protection","plant protection","Spray mancozeb @ 2g/lit of water",BIHAR,BHOJPUR,PIRO,2018-02-22T17:21:10Z
RABI,AGRICULTURE,Cereals,Wheat,"Plant Protection","yellow color in wheat","spray carbendazime 2.5gm/lit of water for wheat",BIHAR,BHOJPUR,PIRO,2018-02-22T17:31:56Z
RABI,AGRICULTURE,Others,Others,Weather,"Weather information","NO CHANCE OF RAIN",BIHAR,BHOJPUR,AGIAON,2018-02-23T08:20:42Z
RABI,AGRICULTURE,Others,Others,Weather,"Weather information","Hazy weather in your area ,no chance of rain",BIHAR,BHOJPUR,GARHANI,2018-02-23T11:15:50Z
RABI,AGRICULTURE,Oilseeds,Mustard,"Water Management","NUMBER OF IRRIGATION REQUIRED FOR MUSTARD","IRRIGATION CAN APPLY AT FLOWERING AND AS WELL AS GRAIN FILLING STAGE",BIHAR,BHOJPUR,TARARI,2018-02-23T12:26:36Z
JAYAD,AGRICULTURE,Others,Others,"Government Schemes","assistance for 3 hp pump set","Rs. 10,000/- per pump set or 50% of the cost",BIHAR,BHOJPUR,JAGDISHPUR,2018-02-24T13:17:43Z
RABI,AGRICULTURE,Others,Others,"Plant Protection","plant protection","spray of chloropyriphos@2ml/lit water",BIHAR,BHOJPUR,JAGDISHPUR,2018-02-24T15:00:32Z
RABI,AGRICULTURE,Others,Others,Weather,"WEATHER INFORMATION","Heavy Cloudy weather in your area, chance of rain in your area",BIHAR,BHOJPUR,JAGDISHPUR,2018-02-25T12:58:00Z
RABI,AGRICULTURE,Others,Others,"Field Preparation","WEATHER INFORMATION","Hazy sunshine with a thunderstorm",BIHAR,BHOJPUR,SANDESH,2018-02-25T14:10:31Z
RABI,AGRICULTURE,Pulses,"Bengal Gram (Gram/Chick Pea/Kabuli/Chana)","Field Preparation","GRAM POD BORER","SPRAY CHLORPYRIPHOS 2ML/LITRE OF WATER",BIHAR,BHOJPUR,PIRO,2018-02-25T15:49:42Z
JAYAD,AGRICULTURE,Others,Others,"Plant Protection","plant protection","Spray mancozeb @ 2 gm / lit of water",BIHAR,BHOJPUR,PIRO,2018-02-25T17:24:09Z
JAYAD,AGRICULTURE,Others,Others,Weather,"WEATHER INFORMATION","CHANCE OF RAIN IN YOUR AREA",BIHAR,BHOJPUR,ARA,2018-02-25T19:27:28Z
JAYAD,AGRICULTURE,Others,Others,Weather,"WEATHER INFORMATION","TODAY AND TOMORROW NO CHANCE OF RAIN IN YOUR AREA",BIHAR,BHOJPUR,KOILWAR,2018-02-26T08:14:09Z
RABI,AGRICULTURE,Cereals,Wheat,Weather,"WEATHER INFORMATION","??? ?????  ?????  ,????  ????  ????? ,?????? ?????",BIHAR,BHOJPUR,ARA,2018-02-26T10:29:25Z
JAYAD,AGRICULTURE,Others,Others,"Plant Protection","plant protection","Spraycopper oxy chloride @ 2 ml in 1 litre of water",BIHAR,BHOJPUR,ARA,2018-02-26T16:19:13Z
JAYAD,AGRICULTURE,Others,Others,Weather,"WEATHER INFORMATION","Cloudy weather in your area, but no chance of rain in your area",BIHAR,BHOJPUR,ARA,2018-02-27T14:56:24Z
JAYAD,AGRICULTURE,Others,Others,"Plant Protection","plant protection","spray copper oxychloride 2ml 1 liter fo water",BIHAR,BHOJPUR,SAHAR,2018-02-27T16:53:30Z
RABI,AGRICULTURE,Others,Others,"Field Preparation","YELLOWING OF LEAVE problem fungus","Spray mancozeb @ 2 gm / lit of water",BIHAR,BHOJPUR,TARARI,2018-02-27T19:40:34Z
RABI,AGRICULTURE,Others,Others,"Field Preparation","Varieties of Ridge Gourd","Varieties of Ridge Gourd:-HY Aarti, NS 484, Malika F1, Rama F1",BIHAR,BHOJPUR,SAHAR,2018-02-27T21:24:09Z
JAYAD,AGRICULTURE,Others,Others,Weather,"WEATHER INFORMATION","Hazy sunshine no chance of rain in your area.",BIHAR,BHOJPUR,BEHEA,2018-02-28T07:22:02Z
KHARIF,AGRICULTURE,Cereals,Wheat,"Plant Protection","INSECT PROBLEM IN","SPRAY MONOCROOTPHOS 2ML/LIT OF WATER FOR WHEAT",BIHAR,BHOJPUR,BEHEA,2018-02-28T08:40:20Z
JAYAD,AGRICULTURE,Others,Others,"Plant Protection","plant protection","Spray mancozeb @ 2g/lit of water",BIHAR,BHOJPUR,GARHANI,2018-02-28T09:13:29Z
JAYAD,AGRICULTURE,Others,Others,"Plant Protection","plant protection","Spray  Imidachloprid @ 1ml/3lit of water",BIHAR,BHOJPUR,GARHANI,2018-02-28T09:14:34Z
RABI,AGRICULTURE,Others,Others,"Field Preparation","Growth Delay","Spray boom flower @ 2 ml in 1 litre of water",BIHAR,BHOJPUR,JAGDISHPUR,2018-02-28T09:16:49Z
RABI,AGRICULTURE,Others,Others,"Field Preparation",KVK,"CONTACT KVK",BIHAR,BHOJPUR,SANDESH,2018-02-28T09:28:18Z
RABI,AGRICULTURE,Others,Others,"Government Schemes","RELATED TO BIOGAS","AAP BLOCK ME CONTACT KARE",BIHAR,BHOJPUR,BEHEA,2018-02-28T11:42:43Z
RABI,AGRICULTURE,Others,Others,"Field Preparation","WEATHER INFORMATION","Cloudy weather, rain is not likely.",BIHAR,BHOJPUR,GARHANI,2018-02-28T13:40:51Z
