Season,Sector,Category,Crop,QueryType,QueryText,KCCAns,StateName,DistrictName,BlockName,CreatedOn
KHARIF,AGRICULTURE,Others,Others,Weather,"WEATHER INFORMATION","Cloudy weather in your area, chance of rain in your area,.",BIHAR,ROHTAS,DINARA,2018-08-02T10:22:27Z
KHARIF,AGRICULTURE,Others,Others,Weather,"WEATHER INFORMATION","Cloudy weather in your area, chance of rain in your area,.",BIHAR,ROHTAS,DINARA,2018-08-02T10:22:27Z
KHARIF,AGRICULTURE,Others,Others,Weather,"WEATHER INFORMATION","Heavy Cloudy weather in your area,chance of rain in your area",BIHAR,ROHTAS,NOKHA,2018-08-02T12:21:54Z
KHARIF,AGRICULTURE,Others,Others,Weather,"WEATHER INFORMATION","Heavy Cloudy weather in your area,chance of rain in your area",BIHAR,ROHTAS,NOKHA,2018-08-02T12:21:54Z
KHARIF,AGRICULTURE,Others,Others,Weather,"weather information","Cloudy weather in your area, chance of rain in your area.",BIHAR,ROHTAS,DINARA,2018-08-03T08:26:45Z
KHARIF,AGRICULTURE,Others,Others,Weather,"weather information","Cloudy weather in your area, chance of rain in your area.",BIHAR,ROHTAS,DINARA,2018-08-03T08:26:45Z
KHARIF,AGRICULTURE,Others,Others,Weather,"weather information","Cloudy weather in your area,chance of rain in your area",BIHAR,ROHTAS,DEHRI,2018-08-03T11:05:18Z
KHARIF,AGRICULTURE,Others,Others,Weather,"weather information","Cloudy weather in your area,chance of rain in your area",BIHAR,ROHTAS,DEHRI,2018-08-03T11:05:18Z
KHARIF,AGRICULTURE,Others,Others,Weather,"WEATHER INFORMATION","chance of rain in your area.",BIHAR,ROHTAS,SASARAM,2018-08-03T14:43:42Z
KHARIF,AGRICULTURE,Others,Others,Weather,"WEATHER INFORMATION","chance of rain in your area.",BIHAR,ROHTAS,SASARAM,2018-08-03T14:43:42Z
KHARIF,AGRICULTURE,Others,Others,Weather,"WEATHER INFORMATION","chance of rain in your area.",BIHAR,ROHTAS,SASARAM,2018-08-03T14:47:30Z
KHARIF,AGRICULTURE,Others,Others,Weather,"WEATHER INFORMATION","chance of rain in your area.",BIHAR,ROHTAS,SASARAM,2018-08-03T14:47:30Z
KHARIF,AGRICULTURE,Others,Others,Weather,"WEATHER INFORMATION","chance of rain in your area.",BIHAR,ROHTAS,KARGAHAR,2018-08-03T18:22:48Z
KHARIF,AGRICULTURE,Others,Others,Weather,"WEATHER INFORMATION","chance of rain in your area.",BIHAR,ROHTAS,KARGAHAR,2018-08-03T18:22:48Z
KHARIF,AGRICULTURE,Others,Others,Weather,"Weather information","Cloudy weather, rain likely.",BIHAR,ROHTAS,SASARAM,2018-08-04T10:33:11Z
KHARIF,AGRICULTURE,Others,Others,Weather,"Weather information","Cloudy weather, rain likely.",BIHAR,ROHTAS,SASARAM,2018-08-04T10:33:11Z
KHARIF,AGRICULTURE,Others,Others,Weather,"Weather information","Cloudy weather in your area, chance of rain in your area",BIHAR,ROHTAS,SASARAM,2018-08-04T11:45:53Z
KHARIF,AGRICULTURE,Others,Others,Weather,"Weather information","Cloudy weather in your area, chance of rain in your area",BIHAR,ROHTAS,SASARAM,2018-08-04T11:45:53Z
KHARIF,AGRICULTURE,Others,Others,Weather,"WEATHER INFORMATION","Cloudy weather in your area, chance of rain in your area .",BIHAR,ROHTAS,DINARA,2018-08-06T11:46:08Z
KHARIF,AGRICULTURE,Others,Others,Weather,"WEATHER INFORMATION","Cloudy weather in your area, chance of rain in your area .",BIHAR,ROHTAS,DINARA,2018-08-06T11:46:08Z
KHARIF,AGRICULTURE,Others,Others,Weather,"WEATHER INFORMATION","Cloudy weather in your area, chance of rain in your area .",BIHAR,ROHTAS,DINARA,2018-08-06T11:55:50Z
KHARIF,AGRICULTURE,Others,Others,Weather,"WEATHER INFORMATION","Cloudy weather in your area, chance of rain in your area .",BIHAR,ROHTAS,DINARA,2018-08-06T11:55:50Z
KHARIF,AGRICULTURE,Cereals,"Paddy (Dhan)",Weather,"WEATHER INFORMATION","?? ?? ?? ???? ??????? ??? ???? ??? ????? ?? ????? ?? ??????? ??",BIHAR,ROHTAS,DINARA,2018-08-06T21:40:38Z
KHARIF,AGRICULTURE,Cereals,"Paddy (Dhan)",Weather,"WEATHER INFORMATION","?? ?? ?? ???? ??????? ??? ???? ??? ????? ?? ????? ?? ??????? ??",BIHAR,ROHTAS,DINARA,2018-08-06T21:40:38Z
RABI,HORTICULTURE,Vegetables,Chillies,"Plant Protection","Yellow mite or muranai mite","Diafenthiuron 50 % WP 8.0 g/10 lit. 
Dimethoate 30 % EC 1.0 ml/lit. 
Ethion 50 % EC 2.0 ml/lit.",BIHAR,ROHTAS,BIKRAMGANJ,2018-08-07T07:08:28Z
RABI,HORTICULTURE,Vegetables,Chillies,"Plant Protection","Yellow mite or muranai mite","Diafenthiuron 50 % WP 8.0 g/10 lit. 
Dimethoate 30 % EC 1.0 ml/lit. 
Ethion 50 % EC 2.0 ml/lit.",BIHAR,ROHTAS,BIKRAMGANJ,2018-08-07T07:08:28Z
KHARIF,AGRICULTURE,Cereals,"Paddy (Dhan)",Weather,"WEATHER INFORMATION","?? ?? ?? ???? ??????? ??? ???? ??? ????? ?? ????? ?? ??????? ??",BIHAR,ROHTAS,NOKHA,2018-08-07T18:24:38Z
KHARIF,AGRICULTURE,Cereals,"Paddy (Dhan)",Weather,"WEATHER INFORMATION","?? ?? ?? ???? ??????? ??? ???? ??? ????? ?? ????? ?? ??????? ??",BIHAR,ROHTAS,NOKHA,2018-08-07T18:24:38Z
KHARIF,AGRICULTURE,Others,Others,"Weed Management","weed management in paddy",sathi-100ml/ha,BIHAR,ROHTAS,TILOUTHU,2018-08-08T08:20:08Z
KHARIF,AGRICULTURE,Others,Others,"Weed Management","weed management in paddy",sathi-100ml/ha,BIHAR,ROHTAS,TILOUTHU,2018-08-08T08:20:08Z
KHARIF,AGRICULTURE,Cereals,"Paddy (Dhan)",Weather,"weather information","???? ??? ?????? ,???? ?????????? ???? ?? ???????  ????",BIHAR,ROHTAS,SHEOSAGAR,2018-08-08T20:45:54Z
KHARIF,AGRICULTURE,Cereals,"Paddy (Dhan)",Weather,"weather information","???? ??? ?????? ,???? ?????????? ???? ?? ???????  ????",BIHAR,ROHTAS,SHEOSAGAR,2018-08-08T20:45:54Z
KHARIF,AGRICULTURE,Others,Others,"Field Preparation","Weather information","Cloudy weather, no rain likely.",BIHAR,ROHTAS,NASRIGANJ,2018-08-08T21:49:17Z
KHARIF,AGRICULTURE,Others,Others,"Field Preparation","Weather information","Cloudy weather, no rain likely.",BIHAR,ROHTAS,NASRIGANJ,2018-08-08T21:49:17Z
KHARIF,AGRICULTURE,Others,Others,"Field Preparation","Weather information","Cloudy weather, no rain likely.",BIHAR,ROHTAS,NASRIGANJ,2018-08-08T21:57:06Z
KHARIF,AGRICULTURE,Others,Others,"Field Preparation","Weather information","Cloudy weather, no rain likely.",BIHAR,ROHTAS,NASRIGANJ,2018-08-08T21:57:06Z
KHARIF,AGRICULTURE,Others,Others,Weather,"WEATHER  INFORMATION","CHANCE OF RAIN IN YOUR AREA",BIHAR,ROHTAS,KARGAHAR,2018-08-09T21:27:35Z
KHARIF,AGRICULTURE,Others,Others,Weather,"WEATHER  INFORMATION","CHANCE OF RAIN IN YOUR AREA",BIHAR,ROHTAS,KARGAHAR,2018-08-09T21:27:35Z
KHARIF,AGRICULTURE,Others,Others,"Field Preparation",nutrient,"copperoxychlor@2 g/lit water+imidachlor-1 ml/3 lit water+boomflower-2 ml/lit water spray",BIHAR,ROHTAS,SASARAM,2018-08-10T18:35:30Z
KHARIF,AGRICULTURE,Others,Others,"Field Preparation",nutrient,"copperoxychlor@2 g/lit water+imidachlor-1 ml/3 lit water+boomflower-2 ml/lit water spray",BIHAR,ROHTAS,SASARAM,2018-08-10T18:35:30Z
KHARIF,AGRICULTURE,Cereals,"Paddy (Dhan)","Weed Management","WEED MANAGEMENT IN RICE FIELD","AAP NIKAI KARWAYE",BIHAR,ROHTAS,NAWHATTA,2018-08-11T07:40:59Z
KHARIF,AGRICULTURE,Cereals,"Paddy (Dhan)","Weed Management","WEED MANAGEMENT IN RICE FIELD","AAP NIKAI KARWAYE",BIHAR,ROHTAS,NAWHATTA,2018-08-11T07:40:59Z
KHARIF,WEATHER,Weather,Weather,Weather,"WEATHER INFORMATION","Cloudy weather in your area, chance of rain in your area,.",BIHAR,ROHTAS,RAJPUR,2018-08-12T06:49:13Z
KHARIF,WEATHER,Weather,Weather,Weather,"WEATHER INFORMATION","Cloudy weather in your area, chance of rain in your area,.",BIHAR,ROHTAS,RAJPUR,2018-08-12T06:49:13Z
KHARIF,AGRICULTURE,Cereals,"Paddy (Dhan)","Field Preparation","WEATHER INFORMATION","Clouds like weather, and there is a possibility of a drizzle",BIHAR,ROHTAS,NOKHA,2018-08-12T09:50:13Z
KHARIF,AGRICULTURE,Cereals,"Paddy (Dhan)","Field Preparation","WEATHER INFORMATION","Clouds like weather, and there is a possibility of a drizzle",BIHAR,ROHTAS,NOKHA,2018-08-12T09:50:13Z
KHARIF,WEATHER,Weather,Weather,Weather,"WEATHER INFORMATION","Cloudy weather in your area, chance of rain in your area,.",BIHAR,ROHTAS,SASARAM,2018-08-12T12:37:48Z
KHARIF,WEATHER,Weather,Weather,Weather,"WEATHER INFORMATION","Cloudy weather in your area, chance of rain in your area,.",BIHAR,ROHTAS,SASARAM,2018-08-12T12:37:48Z
KHARIF,WEATHER,Weather,Weather,Weather,"WEATHER INFORMATION","Cloudy weather in your area, chance of rain in your area,.",BIHAR,ROHTAS,SASARAM,2018-08-12T12:40:01Z
KHARIF,WEATHER,Weather,Weather,Weather,"WEATHER INFORMATION","Cloudy weather in your area, chance of rain in your area,.",BIHAR,ROHTAS,SASARAM,2018-08-12T12:40:01Z
KHARIF,WEATHER,Weather,Weather,Weather,"WEATHER INFORMATION","Cloudy weather in your area, chance of rain in your area,.",BIHAR,ROHTAS,SASARAM,2018-08-12T12:44:15Z
KHARIF,WEATHER,Weather,Weather,Weather,"WEATHER INFORMATION","Cloudy weather in your area, chance of rain in your area,.",BIHAR,ROHTAS,SASARAM,2018-08-12T12:44:15Z
KHARIF,WEATHER,Weather,Weather,Weather,"WEATHER INFORMATION","Cloudy weather in your area, chance of rain in your area,.",BIHAR,ROHTAS,NAWHATTA,2018-08-12T12:59:33Z
KHARIF,WEATHER,Weather,Weather,Weather,"WEATHER INFORMATION","Cloudy weather in your area, chance of rain in your area,.",BIHAR,ROHTAS,NAWHATTA,2018-08-12T12:59:33Z
KHARIF,WEATHER,Weather,Weather,Weather,"WEATHER INFORMATION","???? ??? ????? ????? ???? ?? ??????? ??",BIHAR,ROHTAS,RAJPUR,2018-08-12T13:56:19Z
KHARIF,WEATHER,Weather,Weather,Weather,"WEATHER INFORMATION","???? ??? ????? ????? ???? ?? ??????? ??",BIHAR,ROHTAS,RAJPUR,2018-08-12T13:56:19Z
KHARIF,AGRICULTURE,Others,Others,"Fertilizer Use and Availability","FERTILIZER USED IN PADDY","DAP-2.5KG/KATTA,UREA-1.5 KG/KATTA,MOP-1 KG/KATTA",BIHAR,ROHTAS,RAJPUR,2018-08-13T16:44:30Z
KHARIF,AGRICULTURE,Others,Others,"Fertilizer Use and Availability","FERTILIZER USED IN PADDY","DAP-2.5KG/KATTA,UREA-1.5 KG/KATTA,MOP-1 KG/KATTA",BIHAR,ROHTAS,RAJPUR,2018-08-13T16:44:30Z
KHARIF,AGRICULTURE,Others,Others,"Field Preparation","contact kvk","contact kvk",BIHAR,ROHTAS,DEHRI,2018-08-13T17:38:45Z
KHARIF,AGRICULTURE,Others,Others,"Field Preparation","contact kvk","contact kvk",BIHAR,ROHTAS,DEHRI,2018-08-13T17:38:45Z
KHARIF,AGRICULTURE,Others,Others,"Field Preparation","Cloudy weather Today & tomorrow  no   chance of rain","Cloudy weather Today & tomorrow  no   chance of rain",BIHAR,ROHTAS,SHEOSAGAR,2018-08-13T21:55:14Z
KHARIF,AGRICULTURE,Others,Others,"Field Preparation","Cloudy weather Today & tomorrow  no   chance of rain","Cloudy weather Today & tomorrow  no   chance of rain",BIHAR,ROHTAS,SHEOSAGAR,2018-08-13T21:55:14Z
RABI,HORTICULTURE,Vegetables,Chillies,"Plant Protection","Green peach aphid","Carbosulfan 25 % EC 1.0 ml/lit. 
Fipronil 5 % SC 1.0 ml/lit. 
Imidacloprid 17.8 % SL 3.5 ml/10 lit. 
Oxydemeton –Methyl 25% EC 1.6 ml/lit.",BIHAR,ROHTAS,SHEOSAGAR,2018-08-14T13:51:33Z
RABI,HORTICULTURE,Vegetables,Chillies,"Plant Protection","Green peach aphid","Carbosulfan 25 % EC 1.0 ml/lit. 
Fipronil 5 % SC 1.0 ml/lit. 
Imidacloprid 17.8 % SL 3.5 ml/10 lit. 
Oxydemeton –Methyl 25% EC 1.6 ml/lit.",BIHAR,ROHTAS,SHEOSAGAR,2018-08-14T13:51:33Z
KHARIF,WEATHER,Weather,Weather,Weather,"Weather Information","There will be cloud in your area today and tomorrow and there is a possibility of rain",BIHAR,ROHTAS,KOCHAS,2018-08-14T14:22:38Z
KHARIF,WEATHER,Weather,Weather,Weather,"Weather Information","There will be cloud in your area today and tomorrow and there is a possibility of rain",BIHAR,ROHTAS,KOCHAS,2018-08-14T14:22:38Z
KHARIF,WEATHER,Weather,Weather,Weather,"Weather Information","There will be cloud in your area today and tomorrow and there is a possibility of rain",BIHAR,ROHTAS,NASRIGANJ,2018-08-14T15:01:26Z
KHARIF,WEATHER,Weather,Weather,Weather,"Weather Information","There will be cloud in your area today and tomorrow and there is a possibility of rain",BIHAR,ROHTAS,NASRIGANJ,2018-08-14T15:01:26Z
RABI,HORTICULTURE,Vegetables,Chillies,"Plant Protection","Gram caterpillar","Flubendiamide 20 WDG 6.0 g /10 lit. 
Indoxacarb 14.5 % SC 6.5 ml/10 lit.",BIHAR,ROHTAS,DINARA,2018-08-15T08:31:52Z
RABI,HORTICULTURE,Vegetables,Chillies,"Plant Protection","Gram caterpillar","Flubendiamide 20 WDG 6.0 g /10 lit. 
Indoxacarb 14.5 % SC 6.5 ml/10 lit.",BIHAR,ROHTAS,DINARA,2018-08-15T08:31:52Z
KHARIF,WEATHER,Weather,Weather,Weather,"weather information","Cloudy weather in your area,chance of rain in your area",BIHAR,ROHTAS,AKHORIGOLA,2018-08-16T11:17:33Z
KHARIF,WEATHER,Weather,Weather,Weather,"weather information","Cloudy weather in your area,chance of rain in your area",BIHAR,ROHTAS,AKHORIGOLA,2018-08-16T11:17:33Z
KHARIF,WEATHER,Weather,Weather,Weather,"weather information","Cloudy weather in your area,chance of rain in your area",BIHAR,ROHTAS,AKHORIGOLA,2018-08-16T11:17:52Z
KHARIF,WEATHER,Weather,Weather,Weather,"weather information","Cloudy weather in your area,chance of rain in your area",BIHAR,ROHTAS,AKHORIGOLA,2018-08-16T11:17:52Z
KHARIF,AGRICULTURE,Others,Others,"Government Schemes","problem related to dbt","cse me contactb kre",BIHAR,ROHTAS,SASARAM,2018-08-16T13:02:58Z
KHARIF,AGRICULTURE,Others,Others,"Government Schemes","problem related to dbt","cse me contactb kre",BIHAR,ROHTAS,SASARAM,2018-08-16T13:02:58Z
KHARIF,WEATHER,Weather,Weather,Weather,"Weather Information","?? ?? ??????? ??? ?? ?? ?? ???? ??? ????? ?? ????? ???? ?? ???????? ??",BIHAR,ROHTAS,SASARAM,2018-08-16T13:45:34Z
KHARIF,WEATHER,Weather,Weather,Weather,"Weather Information","?? ?? ??????? ??? ?? ?? ?? ???? ??? ????? ?? ????? ???? ?? ???????? ??",BIHAR,ROHTAS,SASARAM,2018-08-16T13:45:34Z
KHARIF,HORTICULTURE,Vegetables,Chillies,"Plant Protection","Rotting problem in chilli crop","Spray copper oxycloride @ 2 gram in 1 litter of water",BIHAR,ROHTAS,TILOUTHU,2018-08-16T14:57:23Z
KHARIF,HORTICULTURE,Vegetables,Chillies,"Plant Protection","Rotting problem in chilli crop","Spray copper oxycloride @ 2 gram in 1 litter of water",BIHAR,ROHTAS,TILOUTHU,2018-08-16T14:57:23Z
KHARIF,AGRICULTURE,Others,Others,"Field Preparation","Weather Information","Cloudy weather in your area, chance of rain in your area.",BIHAR,ROHTAS,KOCHAS,2018-08-16T20:12:28Z
KHARIF,AGRICULTURE,Others,Others,"Field Preparation","Weather Information","Cloudy weather in your area, chance of rain in your area.",BIHAR,ROHTAS,KOCHAS,2018-08-16T20:12:28Z
KHARIF,AGRICULTURE,Others,Others,Weather,"Weather information","Cloudy weather in your area,but no chance of rain.",BIHAR,ROHTAS,DINARA,2018-08-17T18:49:48Z
KHARIF,AGRICULTURE,Others,Others,Weather,"Weather information","Cloudy weather in your area,but no chance of rain.",BIHAR,ROHTAS,DINARA,2018-08-17T18:49:48Z
RABI,HORTICULTURE,Vegetables,Chillies,"Plant Protection","Gram caterpillar","Flubendiamide 20 WDG 6.0 g /10 lit. 
Indoxacarb 14.5 % SC 6.5 ml/10 lit.",BIHAR,ROHTAS,SHEOSAGAR,2018-08-17T21:21:17Z
RABI,HORTICULTURE,Vegetables,Chillies,"Plant Protection","Gram caterpillar","Flubendiamide 20 WDG 6.0 g /10 lit. 
Indoxacarb 14.5 % SC 6.5 ml/10 lit.",BIHAR,ROHTAS,SHEOSAGAR,2018-08-17T21:21:17Z
KHARIF,WEATHER,Weather,Weather,Weather,"weather information","32° C 
RealFeel® 39°

Cloudy
  


See Hourly

> 




Today

Aug 18



35° Hi 
RealFeel® 42°

Partial sunshine
 More  



Tonight

Aug 18



26° Lo 
RealFeel® 32°

A strong thunderstorm early
 More  



Tomorrow

Aug 19



34° Hi 
RealFeel® 43°

A thunderstorm in spots
 More",BIHAR,ROHTAS,SHEOSAGAR,2018-08-18T10:39:01Z
KHARIF,WEATHER,Weather,Weather,Weather,"weather information","32° C 
RealFeel® 39°

Cloudy
  


See Hourly

> 




Today

Aug 18



35° Hi 
RealFeel® 42°

Partial sunshine
 More  



Tonight

Aug 18



26° Lo 
RealFeel® 32°

A strong thunderstorm early
 More  



Tomorrow

Aug 19



34° Hi 
RealFeel® 43°

A thunderstorm in spots
 More",BIHAR,ROHTAS,SHEOSAGAR,2018-08-18T10:39:01Z
KHARIF,WEATHER,Weather,Weather,Weather,"WEATHER INFORMATION","Cloud will remain but there is no chance of rain",BIHAR,ROHTAS,DINARA,2018-08-18T11:49:50Z
KHARIF,WEATHER,Weather,Weather,Weather,"WEATHER INFORMATION","Cloud will remain but there is no chance of rain",BIHAR,ROHTAS,DINARA,2018-08-18T11:49:50Z
KHARIF,WEATHER,Weather,Weather,Weather,"WEATHER INFORMATION","???? ??? ????? ????? ???? ?? ??????? ??",BIHAR,ROHTAS,DINARA,2018-08-18T12:51:26Z
KHARIF,WEATHER,Weather,Weather,Weather,"WEATHER INFORMATION","???? ??? ????? ????? ???? ?? ??????? ??",BIHAR,ROHTAS,DINARA,2018-08-18T12:51:26Z
KHARIF,AGRICULTURE,Others,Others,"Government Schemes","PROBLEM RELATED TO DBT","AAP CSC  ME CONTACT KARE",BIHAR,ROHTAS,DINARA,2018-08-18T13:59:42Z
KHARIF,AGRICULTURE,Others,Others,"Government Schemes","PROBLEM RELATED TO DBT","AAP CSC  ME CONTACT KARE",BIHAR,ROHTAS,DINARA,2018-08-18T13:59:42Z
KHARIF,AGRICULTURE,Others,Others,"Field Preparation","Varieties of Ridge Gourd","Varieties of Ridge Gourd:-HY Aarti, NS 484, Malika F1, Rama F1",BIHAR,ROHTAS,RAJPUR,2018-08-18T14:36:55Z
KHARIF,AGRICULTURE,Others,Others,"Field Preparation","Varieties of Ridge Gourd","Varieties of Ridge Gourd:-HY Aarti, NS 484, Malika F1, Rama F1",BIHAR,ROHTAS,RAJPUR,2018-08-18T14:36:55Z
KHARIF,AGRICULTURE,Others,Others,"Field Preparation","Government Scheme Website","Government Scheme Website - www.krishi.bih.nic.in",BIHAR,ROHTAS,RAJPUR,2018-08-18T17:51:16Z
KHARIF,AGRICULTURE,Others,Others,"Field Preparation","Government Scheme Website","Government Scheme Website - www.krishi.bih.nic.in",BIHAR,ROHTAS,RAJPUR,2018-08-18T17:51:16Z
KHARIF,AGRICULTURE,Cereals,"Paddy (Dhan)","Plant Protection","HISPA INSECT DISEASE PROBLEM IN RICE","SPRAY CYPERMETHRIN 10 EC @ 1ML/LITRE WATER",BIHAR,ROHTAS,DINARA,2018-08-19T12:34:35Z
KHARIF,AGRICULTURE,Cereals,"Paddy (Dhan)","Plant Protection","HISPA INSECT DISEASE PROBLEM IN RICE","SPRAY CYPERMETHRIN 10 EC @ 1ML/LITRE WATER",BIHAR,ROHTAS,DINARA,2018-08-19T12:34:35Z
KHARIF,AGRICULTURE,Others,Others,"Field Preparation","Weather Information","Cloudy weather Today & tomorrow  no   chance of rain",BIHAR,ROHTAS,DAWATH,2018-08-19T15:33:51Z
KHARIF,AGRICULTURE,Others,Others,"Field Preparation","Weather Information","Cloudy weather Today & tomorrow  no   chance of rain",BIHAR,ROHTAS,DAWATH,2018-08-19T15:33:51Z
KHARIF,AGRICULTURE,Others,Others,"Field Preparation","Weather Information","Cloudy weather Today & tomorrow  no   chance of rain",BIHAR,ROHTAS,BIKRAMGANJ,2018-08-19T19:14:54Z
KHARIF,AGRICULTURE,Others,Others,"Field Preparation","Weather Information","Cloudy weather Today & tomorrow  no   chance of rain",BIHAR,ROHTAS,BIKRAMGANJ,2018-08-19T19:14:54Z
KHARIF,AGRICULTURE,Cereals,"Paddy (Dhan)","Nutrient Management","nutrient management in rice field","abhi  aap  urea de",BIHAR,ROHTAS,SHEOSAGAR,2018-08-20T07:39:27Z
KHARIF,AGRICULTURE,Cereals,"Paddy (Dhan)","Nutrient Management","nutrient management in rice field","abhi  aap  urea de",BIHAR,ROHTAS,SHEOSAGAR,2018-08-20T07:39:27Z
KHARIF,AGRICULTURE,Cereals,Wheat,"Weed Management","WEED MANAGEMENT IN RICE FIELD","SPRAY BISPARIBACK SODIUM @ 20-25 GRAM / 500-600 LITRE WATER",BIHAR,ROHTAS,AKHORIGOLA,2018-08-20T09:12:58Z
KHARIF,AGRICULTURE,Cereals,Wheat,"Weed Management","WEED MANAGEMENT IN RICE FIELD","SPRAY BISPARIBACK SODIUM @ 20-25 GRAM / 500-600 LITRE WATER",BIHAR,ROHTAS,AKHORIGOLA,2018-08-20T09:12:58Z
KHARIF,WEATHER,Weather,Weather,Weather,"WEATHER INFORMATION","CHANCE OF RAIN IN YOUR AREA",BIHAR,ROHTAS,AKHORIGOLA,2018-08-20T10:23:40Z
KHARIF,WEATHER,Weather,Weather,Weather,"WEATHER INFORMATION","CHANCE OF RAIN IN YOUR AREA",BIHAR,ROHTAS,AKHORIGOLA,2018-08-20T10:23:40Z
KHARIF,AGRICULTURE,Others,Others,"Field Preparation","WEATHER INFORMATION","Cloudy weather in your area but no chance of rain in your area",BIHAR,ROHTAS,NOKHA,2018-08-22T08:10:41Z
KHARIF,AGRICULTURE,Others,Others,"Field Preparation","WEATHER INFORMATION","Cloudy weather in your area but no chance of rain in your area",BIHAR,ROHTAS,NOKHA,2018-08-22T08:10:41Z
KHARIF,WEATHER,Weather,Weather,Weather,"WEATHER  INFORMATION","CHANCE OF RAIN IN YOUR AREA",BIHAR,ROHTAS,TILOUTHU,2018-08-22T08:19:00Z
KHARIF,WEATHER,Weather,Weather,Weather,"WEATHER  INFORMATION","CHANCE OF RAIN IN YOUR AREA",BIHAR,ROHTAS,TILOUTHU,2018-08-22T08:19:00Z
KHARIF,WEATHER,Weather,Weather,Weather,"Weather information","???? ???  ????? ????? ???? ?? ??????? ??",BIHAR,ROHTAS,KARGAHAR,2018-08-22T08:37:18Z
KHARIF,WEATHER,Weather,Weather,Weather,"Weather information","???? ???  ????? ????? ???? ?? ??????? ??",BIHAR,ROHTAS,KARGAHAR,2018-08-22T08:37:18Z
KHARIF,AGRICULTURE,Others,Others,"Field Preparation","WEATHER INFORMATION","No chance of rain in your area",BIHAR,ROHTAS,KOCHAS,2018-08-22T10:38:48Z
KHARIF,AGRICULTURE,Others,Others,"Field Preparation","WEATHER INFORMATION","No chance of rain in your area",BIHAR,ROHTAS,KOCHAS,2018-08-22T10:38:48Z
KHARIF,AGRICULTURE,Others,Others,"Field Preparation","No chance of rain in your area","No chance of rain in your area",BIHAR,ROHTAS,KARGAHAR,2018-08-22T13:53:52Z
KHARIF,AGRICULTURE,Others,Others,"Field Preparation","No chance of rain in your area","No chance of rain in your area",BIHAR,ROHTAS,KARGAHAR,2018-08-22T13:53:52Z
KHARIF,WEATHER,Weather,Weather,Weather,"Weather Information","Cloudy weather in your area, chance of rain in your area.",BIHAR,ROHTAS,KARAKAT,2018-08-23T11:42:58Z
KHARIF,WEATHER,Weather,Weather,Weather,"Weather Information","Cloudy weather in your area, chance of rain in your area.",BIHAR,ROHTAS,KARAKAT,2018-08-23T11:42:58Z
KHARIF,AGRICULTURE,Others,Others,Weather,"WEATHER INFORMATION","Cloudy weather in your area, chance of rain in your area .",BIHAR,ROHTAS,SASARAM,2018-08-24T10:00:37Z
KHARIF,AGRICULTURE,Others,Others,Weather,"WEATHER INFORMATION","Cloudy weather in your area, chance of rain in your area .",BIHAR,ROHTAS,SASARAM,2018-08-24T10:00:37Z
KHARIF,NA,NA,NA,NA,"WEATHER INFORMATION","Cloudy weather in your area, chance of rain in your area .",BIHAR,ROHTAS,SASARAM,2018-08-24T10:00:55Z
KHARIF,NA,NA,NA,NA,"WEATHER INFORMATION","Cloudy weather in your area, chance of rain in your area .",BIHAR,ROHTAS,SASARAM,2018-08-24T10:00:55Z
KHARIF,AGRICULTURE,Others,Others,"Field Preparation","WEATHER INFORMATION","Cloudy weather chance of rain in your area",BIHAR,ROHTAS,KARGAHAR,2018-08-24T10:06:11Z
KHARIF,AGRICULTURE,Others,Others,"Field Preparation","WEATHER INFORMATION","Cloudy weather chance of rain in your area",BIHAR,ROHTAS,KARGAHAR,2018-08-24T10:06:11Z
KHARIF,AGRICULTURE,Others,Others,Weather,"WEATHER INFORMATION","Cloudy weather in your area, chance of rain in your area .",BIHAR,ROHTAS,NAWHATTA,2018-08-24T11:01:37Z
KHARIF,AGRICULTURE,Others,Others,Weather,"WEATHER INFORMATION","Cloudy weather in your area, chance of rain in your area .",BIHAR,ROHTAS,NAWHATTA,2018-08-24T11:01:37Z
KHARIF,AGRICULTURE,Others,Others,Weather,"WEATHER INFORMATION","Cloudy weather in your area, chance of rain in your area .",BIHAR,ROHTAS,KARGAHAR,2018-08-24T13:40:11Z
KHARIF,AGRICULTURE,Others,Others,Weather,"WEATHER INFORMATION","Cloudy weather in your area, chance of rain in your area .",BIHAR,ROHTAS,KARGAHAR,2018-08-24T13:40:11Z
KHARIF,HORTICULTURE,Vegetables,Mushroom,"Cultural Practices","INFORMATION  ABOUT MUSHROOM CULTIVATION","AAP KVK ME CONTACT KARE",BIHAR,ROHTAS,BIKRAMGANJ,2018-08-25T09:57:50Z
KHARIF,HORTICULTURE,Vegetables,Mushroom,"Cultural Practices","INFORMATION  ABOUT MUSHROOM CULTIVATION","AAP KVK ME CONTACT KARE",BIHAR,ROHTAS,BIKRAMGANJ,2018-08-25T09:57:50Z
KHARIF,AGRICULTURE,Others,Others,Weather,"WEATHER INFORMATION","Cloudy weather in your area, chance of rain in your area",BIHAR,ROHTAS,KOCHAS,2018-08-26T08:29:51Z
KHARIF,AGRICULTURE,Others,Others,Weather,"WEATHER INFORMATION","Cloudy weather in your area, chance of rain in your area",BIHAR,ROHTAS,KOCHAS,2018-08-26T08:29:51Z
KHARIF,AGRICULTURE,Others,Others,"Plant Protection","TERMITE INSECT PROBLEM IN RICE FIELD","PHORET 10 G @ 10 KG / HA ME DE",BIHAR,ROHTAS,DINARA,2018-08-27T10:10:22Z
KHARIF,AGRICULTURE,Others,Others,"Plant Protection","TERMITE INSECT PROBLEM IN RICE FIELD","PHORET 10 G @ 10 KG / HA ME DE",BIHAR,ROHTAS,DINARA,2018-08-27T10:10:22Z
KHARIF,AGRICULTURE,Others,Others,Weather,"WEATHER INFORMATION","Cloudy weather in your area, chance of rain in your area",BIHAR,ROHTAS,SURAJPURA,2018-08-27T12:24:50Z
KHARIF,AGRICULTURE,Others,Others,Weather,"WEATHER INFORMATION","Cloudy weather in your area, chance of rain in your area",BIHAR,ROHTAS,SURAJPURA,2018-08-27T12:24:50Z
KHARIF,AGRICULTURE,Cereals,"Paddy (Dhan)","Plant Protection","RICE BLAST DISEASE  PROBLEM  IN RICE FIELD","SPRAY CARBENDAZIM @ 2 GRAM / LITRE WATER",BIHAR,ROHTAS,DINARA,2018-08-28T09:59:39Z
KHARIF,AGRICULTURE,Cereals,"Paddy (Dhan)","Plant Protection","RICE BLAST DISEASE  PROBLEM  IN RICE FIELD","SPRAY CARBENDAZIM @ 2 GRAM / LITRE WATER",BIHAR,ROHTAS,DINARA,2018-08-28T09:59:39Z
KHARIF,AGRICULTURE,Cereals,"Paddy (Dhan)","Weed Management","WEED MANAGEMENT IN RICE FIELD","AAP NIKAUNI  KARWAYE KHET ME",BIHAR,ROHTAS,DINARA,2018-08-28T10:01:03Z
KHARIF,AGRICULTURE,Cereals,"Paddy (Dhan)","Weed Management","WEED MANAGEMENT IN RICE FIELD","AAP NIKAUNI  KARWAYE KHET ME",BIHAR,ROHTAS,DINARA,2018-08-28T10:01:03Z
KHARIF,AGRICULTURE,Others,Others,Weather,"WEATHER INFORMATION","AAJ AAPKE YAHA HALKI BARISH KI SAMBHAWNA HAI",BIHAR,ROHTAS,DINARA,2018-08-28T10:03:03Z
KHARIF,AGRICULTURE,Others,Others,Weather,"WEATHER INFORMATION","AAJ AAPKE YAHA HALKI BARISH KI SAMBHAWNA HAI",BIHAR,ROHTAS,DINARA,2018-08-28T10:03:03Z
KHARIF,AGRICULTURE,Others,Others,"Market Information","INFORMATION ABOUT SAGAUN TREE","AAP BLOCK  ME CONTACT KARE",BIHAR,ROHTAS,SASARAM,2018-08-28T13:42:34Z
KHARIF,AGRICULTURE,Others,Others,"Market Information","INFORMATION ABOUT SAGAUN TREE","AAP BLOCK  ME CONTACT KARE",BIHAR,ROHTAS,SASARAM,2018-08-28T13:42:34Z
KHARIF,AGRICULTURE,Others,Others,Weather,"Weather information","Cloudy weather in your area ,chance of rain in your area",BIHAR,ROHTAS,NAWHATTA,2018-08-28T15:07:59Z
KHARIF,AGRICULTURE,Others,Others,Weather,"Weather information","Cloudy weather in your area ,chance of rain in your area",BIHAR,ROHTAS,NAWHATTA,2018-08-28T15:07:59Z
KHARIF,AGRICULTURE,Others,Others,Weather,"WEATHER INFORMATION","AAJ AAPKE YAHA HALKI BARISH KI SAMBHAWNA HAI",BIHAR,ROHTAS,NAWHATTA,2018-08-28T15:09:57Z
KHARIF,AGRICULTURE,Others,Others,Weather,"WEATHER INFORMATION","AAJ AAPKE YAHA HALKI BARISH KI SAMBHAWNA HAI",BIHAR,ROHTAS,NAWHATTA,2018-08-28T15:09:57Z
KHARIF,AGRICULTURE,Others,Others,Weather,"Weather Information","Cloudy weather in your area, chance of rain in your area.",BIHAR,ROHTAS,KOCHAS,2018-08-29T06:06:43Z
KHARIF,AGRICULTURE,Others,Others,Weather,"Weather Information","Cloudy weather in your area, chance of rain in your area.",BIHAR,ROHTAS,KOCHAS,2018-08-29T06:06:43Z
KHARIF,AGRICULTURE,Others,Others,Weather,"Weather Information","Cloudy weather in your area, chance of rain in your area.",BIHAR,ROHTAS,ROHTAS,2018-08-29T06:54:48Z
KHARIF,AGRICULTURE,Others,Others,Weather,"Weather Information","Cloudy weather in your area, chance of rain in your area.",BIHAR,ROHTAS,ROHTAS,2018-08-29T06:54:48Z
KHARIF,AGRICULTURE,Others,Others,Weather,"Weather Information","Cloudy weather in your area, chance of rain in your area.",BIHAR,ROHTAS,ROHTAS,2018-08-29T11:26:40Z
KHARIF,AGRICULTURE,Others,Others,Weather,"Weather Information","Cloudy weather in your area, chance of rain in your area.",BIHAR,ROHTAS,ROHTAS,2018-08-29T11:26:40Z
KHARIF,AGRICULTURE,Others,Others,Weather,"Weather Information","Cloudy weather in your area, chance of rain in your area.",BIHAR,ROHTAS,NASRIGANJ,2018-08-30T09:26:15Z
KHARIF,AGRICULTURE,Others,Others,Weather,"Weather Information","Cloudy weather in your area, chance of rain in your area.",BIHAR,ROHTAS,NASRIGANJ,2018-08-30T09:26:15Z
KHARIF,AGRICULTURE,Cereals,"Paddy (Dhan)","Weed Management","weed management in rice field","hand weeding should be done",BIHAR,ROHTAS,KARAKAT,2018-08-30T13:50:50Z
KHARIF,AGRICULTURE,Cereals,"Paddy (Dhan)","Weed Management","weed management in rice field","hand weeding should be done",BIHAR,ROHTAS,KARAKAT,2018-08-30T13:50:50Z
KHARIF,AGRICULTURE,Others,Others,"Field Preparation","Weather Information","Cloudy weather Today & tomorrow  no   chance of rain",BIHAR,ROHTAS,DEHRI,2018-08-30T17:18:48Z
KHARIF,AGRICULTURE,Others,Others,"Field Preparation","Weather Information","Cloudy weather Today & tomorrow  no   chance of rain",BIHAR,ROHTAS,DEHRI,2018-08-30T17:18:48Z
