"Country/ State/ UT Name","District Name","Tribe Category","Total/ Rural/ Urban","Marital Status","Present Age","Total Ever/ Currently Married Women","Ever/ Currently Married Women with Number of Surviving Children - 0","Ever/ Currently Married Women with Number of Surviving Children - 1","Ever/ Currently Married Women with Number of Surviving Children - 2","Ever/ Currently Married Women with Number of Surviving Children - 3","Ever/ Currently Married Women with Number of Surviving Children - 4","Ever/ Currently Married Women with Number of Surviving Children - 5+","Total Surviving Children","Total Surviving Children - Males","Total Surviving Children - Females"
Bihar,Bhojpur,"All Scheduled Tribes",Rural,"Ever Married","All Ages",1542,494,176,206,253,143,270,3556,2068,1488
Bihar,Bhojpur,"All Scheduled Tribes",Rural,"Ever Married","Less Than 15",21,21,0,0,0,0,0,0,0,0
Bihar,Bhojpur,"All Scheduled Tribes",Rural,"Ever Married",15-19,144,124,10,10,0,0,0,30,10,20
Bihar,Bhojpur,"All Scheduled Tribes",Rural,"Ever Married",20-24,260,96,31,62,30,21,20,449,197,252
Bihar,Bhojpur,"All Scheduled Tribes",Rural,"Ever Married",25-29,242,49,11,27,135,10,10,570,370,200
Bihar,Bhojpur,"All Scheduled Tribes",Rural,"Ever Married",30-34,142,63,10,24,21,12,12,240,141,99
Bihar,Bhojpur,"All Scheduled Tribes",Rural,"Ever Married",35-39,75,5,23,0,13,4,30,258,168,90
Bihar,Bhojpur,"All Scheduled Tribes",Rural,"Ever Married",40-44,134,59,20,1,10,13,31,291,167,124
Bihar,Bhojpur,"All Scheduled Tribes",Rural,"Ever Married",45-49,177,11,21,10,12,20,103,760,403,357
Bihar,Bhojpur,"All Scheduled Tribes",Rural,"Ever Married",50-54,67,1,10,21,1,10,24,241,127,114
Bihar,Bhojpur,"All Scheduled Tribes",Rural,"Ever Married",55-59,51,0,0,10,31,0,10,173,122,51
Bihar,Bhojpur,"All Scheduled Tribes",Rural,"Ever Married",60-64,105,24,20,31,0,10,20,282,220,62
Bihar,Bhojpur,"All Scheduled Tribes",Rural,"Ever Married",65-69,54,21,10,0,0,23,0,102,23,79
Bihar,Bhojpur,"All Scheduled Tribes",Rural,"Ever Married",70-74,60,20,10,10,0,10,10,120,80,40
Bihar,Bhojpur,"All Scheduled Tribes",Rural,"Ever Married",75-79,10,0,0,0,0,10,0,40,40,0
Bihar,Bhojpur,"All Scheduled Tribes",Rural,"Currently Married","All Ages",1454,440,156,206,250,133,269,3482,2023,1459
Bihar,Bhojpur,"All Scheduled Tribes",Rural,"Currently Married","Less Than 15",21,21,0,0,0,0,0,0,0,0
Bihar,Bhojpur,"All Scheduled Tribes",Rural,"Currently Married",15-19,144,124,10,10,0,0,0,30,10,20
Bihar,Bhojpur,"All Scheduled Tribes",Rural,"Currently Married",20-24,260,96,31,62,30,21,20,449,197,252
Bihar,Bhojpur,"All Scheduled Tribes",Rural,"Currently Married",25-29,242,49,11,27,135,10,10,570,370,200
Bihar,Bhojpur,"All Scheduled Tribes",Rural,"Currently Married",30-34,142,63,10,24,21,12,12,240,141,99
Bihar,Bhojpur,"All Scheduled Tribes",Rural,"Currently Married",35-39,72,5,23,0,10,4,30,249,165,84
Bihar,Bhojpur,"All Scheduled Tribes",Rural,"Currently Married",40-44,134,59,20,1,10,13,31,291,167,124
Bihar,Bhojpur,"All Scheduled Tribes",Rural,"Currently Married",45-49,177,11,21,10,12,20,103,760,403,357
Bihar,Bhojpur,"All Scheduled Tribes",Rural,"Currently Married",50-54,66,1,10,21,1,10,23,236,125,111
Bihar,Bhojpur,"All Scheduled Tribes",Rural,"Currently Married",55-59,51,0,0,10,31,0,10,173,122,51
Bihar,Bhojpur,"All Scheduled Tribes",Rural,"Currently Married",60-64,61,0,0,31,0,10,20,262,200,62
Bihar,Bhojpur,"All Scheduled Tribes",Rural,"Currently Married",65-69,44,11,10,0,0,23,0,102,23,79
Bihar,Bhojpur,"All Scheduled Tribes",Rural,"Currently Married",70-74,30,0,10,10,0,0,10,80,60,20
Bihar,Bhojpur,"All Scheduled Tribes",Rural,"Currently Married",75-79,10,0,0,0,0,10,0,40,40,0
Bihar,Bhojpur,"All Scheduled Tribes",Urban,"Ever Married","All Ages",349,114,27,54,37,44,73,880,541,339
Bihar,Bhojpur,"All Scheduled Tribes",Urban,"Ever Married",15-19,18,18,0,0,0,0,0,0,0,0
Bihar,Bhojpur,"All Scheduled Tribes",Urban,"Ever Married",20-24,51,42,9,0,0,0,0,9,0,9
Bihar,Bhojpur,"All Scheduled Tribes",Urban,"Ever Married",25-29,75,19,9,19,19,9,0,140,93,47
Bihar,Bhojpur,"All Scheduled Tribes",Urban,"Ever Married",30-34,66,15,0,24,0,9,18,183,147,36
Bihar,Bhojpur,"All Scheduled Tribes",Urban,"Ever Married",35-39,26,0,0,0,0,0,26,148,60,88
Bihar,Bhojpur,"All Scheduled Tribes",Urban,"Ever Married",40-44,28,0,0,10,0,9,9,119,82,37
Bihar,Bhojpur,"All Scheduled Tribes",Urban,"Ever Married",45-49,28,1,0,0,9,8,10,137,63,74
Bihar,Bhojpur,"All Scheduled Tribes",Urban,"Ever Married",50-54,9,9,0,0,0,0,0,0,0,0
Bihar,Bhojpur,"All Scheduled Tribes",Urban,"Ever Married",55-59,10,0,0,0,0,0,10,70,40,30
Bihar,Bhojpur,"All Scheduled Tribes",Urban,"Ever Married",60-64,10,1,0,0,0,9,0,36,27,9
Bihar,Bhojpur,"All Scheduled Tribes",Urban,"Ever Married",65-69,1,0,0,1,0,0,0,2,2,0
Bihar,Bhojpur,"All Scheduled Tribes",Urban,"Ever Married",70-74,18,9,0,0,9,0,0,27,18,9
Bihar,Bhojpur,"All Scheduled Tribes",Urban,"Ever Married","80 +",9,0,9,0,0,0,0,9,9,0
Bihar,Bhojpur,"All Scheduled Tribes",Urban,"Currently Married","All Ages",321,104,18,54,37,35,73,835,505,330
Bihar,Bhojpur,"All Scheduled Tribes",Urban,"Currently Married",15-19,18,18,0,0,0,0,0,0,0,0
Bihar,Bhojpur,"All Scheduled Tribes",Urban,"Currently Married",20-24,51,42,9,0,0,0,0,9,0,9
Bihar,Bhojpur,"All Scheduled Tribes",Urban,"Currently Married",25-29,75,19,9,19,19,9,0,140,93,47
Bihar,Bhojpur,"All Scheduled Tribes",Urban,"Currently Married",30-34,65,14,0,24,0,9,18,183,147,36
Bihar,Bhojpur,"All Scheduled Tribes",Urban,"Currently Married",35-39,26,0,0,0,0,0,26,148,60,88
Bihar,Bhojpur,"All Scheduled Tribes",Urban,"Currently Married",40-44,28,0,0,10,0,9,9,119,82,37
Bihar,Bhojpur,"All Scheduled Tribes",Urban,"Currently Married",45-49,28,1,0,0,9,8,10,137,63,74
Bihar,Bhojpur,"All Scheduled Tribes",Urban,"Currently Married",55-59,10,0,0,0,0,0,10,70,40,30
Bihar,Bhojpur,"All Scheduled Tribes",Urban,"Currently Married",60-64,1,1,0,0,0,0,0,0,0,0
Bihar,Bhojpur,"All Scheduled Tribes",Urban,"Currently Married",65-69,1,0,0,1,0,0,0,2,2,0
Bihar,Bhojpur,"All Scheduled Tribes",Urban,"Currently Married",70-74,18,9,0,0,9,0,0,27,18,9
