Season,Sector,Category,Crop,QueryType,QueryText,KCCAns,StateName,DistrictName,BlockName,CreatedOn
RABI,AGRICULTURE,Others,Others,"Sowing Time and Weather","WEATHER INFORMATION","HAZY SUNSHINE",BIHAR,JEHANABAD,JEHANABAD,2018-02-01T07:43:02Z
RABI,AGRICULTURE,Cereals,Wheat,Weather,"WEATHER INFORMATION","????? ???? ???? ????? ?????? ??? ???? ????? I",BIHAR,JEHANABAD,JEHANABAD,2018-02-01T09:46:29Z
RABI,AGRICULTURE,Others,Others,"Field Preparation","Weather information","Hazy weather in your area ,no chance of rain",BIHAR,JEHANABAD,JEHANABAD,2018-02-01T17:49:24Z
RABI,AGRICULTURE,Others,Others,Weather,"Weather information","Hazy weather in your area ,no chance of rain",BIHAR,JEHANABAD,JEHANABAD,2018-02-02T10:18:26Z
RABI,HORTICULTURE,"Plantation Crops",Arecanut,"Cultural Practices","CULTURAL PRACTICES OF ARECANUT","PROGRAMME COORDINATOR --DR.  SHAHIL BALA-----9430923966",BIHAR,JEHANABAD,MAKHDUMPUR,2018-02-03T12:45:12Z
RABI,AGRICULTURE,Others,Others,Weather,"WEATHER INFORMATION","Very low cloudy area but no chance of rain",BIHAR,JEHANABAD,MAKHDUMPUR,2018-02-03T12:48:55Z
RABI,HORTICULTURE,Fruits,"Acid Lime","Plant Protection","acid lime growth","spray boomflower 2 ml 1 lit/ water",BIHAR,JEHANABAD,MAKHDUMPUR,2018-02-03T14:30:49Z
RABI,AGRICULTURE,Others,Others,"Field Preparation","Growth Delay","Spray boomflower @ 2 ml in 1 litre of water",BIHAR,JEHANABAD,JEHANABAD,2018-02-06T16:37:57Z
RABI,AGRICULTURE,Others,Others,"Field Preparation","Growth Delay","Spray boomflower @ 2 ml in 1 litre of water",BIHAR,JEHANABAD,JEHANABAD,2018-02-06T16:39:57Z
RABI,AGRICULTURE,Cereals,Wheat,"Field Preparation","MORE GROWTH OF WHEAT","YOU CAN APPLY UREA AS A TOP DRESSING",BIHAR,JEHANABAD,KAKO,2018-02-07T11:25:25Z
RABI,AGRICULTURE,Cereals,Wheat,Weather,"WEATHER INFORMATION","????? ???? ???? ????? ?????? ??? ???? ????? I",BIHAR,JEHANABAD,HULASGANJ,2018-02-07T13:15:12Z
RABI,AGRICULTURE,Pulses,"Lentil (Masur)","Nutrient Management","FLOERING IN LENTIL","Spray boom flower @ 2 ml / lit of water",BIHAR,JEHANABAD,KAKO,2018-02-08T12:30:18Z
RABI,AGRICULTURE,Cereals,Wheat,Weather,"Weather information","Cloudy weather  today and tomorrow  no chance of  rain lrain likely",BIHAR,JEHANABAD,JEHANABAD,2018-02-10T08:50:20Z
RABI,HORTICULTURE,Vegetables,Bhindi(Okra/Ladysfinger),"Plant Protection","Red cotton bug","Spray phosphamidon 40 SL @ 600 ml/ha",BIHAR,JEHANABAD,"RATNI FARIDPUR",2018-02-11T10:01:25Z
JAYAD,AGRICULTURE,Others,Others,Weather,"WEATHER  INFORMATION","Cloudy weather tomorrow today and little chance of rain in your area.",BIHAR,JEHANABAD,JEHANABAD,2018-02-12T08:01:35Z
JAYAD,AGRICULTURE,Others,Others,Weather,"WEATHER INFORMATION","TODAY AND TOMORROW CHANCE OF RAIN IN YOUR AREA",BIHAR,JEHANABAD,JEHANABAD,2018-02-12T09:34:21Z
RABI,AGRICULTURE,Others,Others,Weather,"Weather information","Cloudy weather, rain is not likely.",BIHAR,JEHANABAD,JEHANABAD,2018-02-12T11:20:32Z
RABI,AGRICULTURE,Others,Others,Weather,"Weather information","????? ??? ???? ???? ??? ?????  ????? ???? ?? ???????? ??",BIHAR,JEHANABAD,KAKO,2018-02-12T11:30:57Z
RABI,AGRICULTURE,Others,Others,Weather,"Weather information","????? ??? ???? ???? ??? ?????  ????? ???? ?? ???????? ??",BIHAR,JEHANABAD,KAKO,2018-02-12T11:33:34Z
JAYAD,AGRICULTURE,Others,Others,Weather,"WEATHER  INFORMATION","Cloudy weather tomorrow today and little chance of rain in your area.",BIHAR,JEHANABAD,MAKHDUMPUR,2018-02-12T11:44:34Z
JAYAD,HORTICULTURE,"Plantation Crops",Coconut,"Plant Protection","yellowing of coconut leaves","spray mancozeb @ 2 gm / lit of water",BIHAR,JEHANABAD,GHOSHI,2018-02-12T11:44:53Z
JAYAD,HORTICULTURE,Vegetables,Onion,"Nutrient Management","NUTRIENT IN ONION","Spray Multi micro nutrient @ 2 gram in 1 litre of water",BIHAR,JEHANABAD,GHOSHI,2018-02-12T11:54:43Z
RABI,AGRICULTURE,Others,Others,Weather,"Weather information","????? ??? ???? ???? ??? ?????  ????? ???? ?? ???????? ??",BIHAR,JEHANABAD,JEHANABAD,2018-02-12T12:29:47Z
RABI,AGRICULTURE,Others,Others,"Plant Protection","Yellowing of leaf","Spray mancozeb @ 2g/lit of water",BIHAR,JEHANABAD,JEHANABAD,2018-02-12T12:31:33Z
RABI,AGRICULTURE,Cereals,Wheat,Weather,"Weather information","Cloudy weather  today and tomorrow  no chance of  rain",BIHAR,JEHANABAD,KAKO,2018-02-12T20:22:51Z
JAYAD,HORTICULTURE,Vegetables,"Colocasia (Arvi, Arbi)","Cultural Practices","sowing time of colocassia","march-april is suitable time for sowing of colocasia",BIHAR,JEHANABAD,GHOSHI,2018-02-13T07:51:32Z
RABI,HORTICULTURE,Vegetables,Potato,"Field Preparation","POTATO COLD ATTACK","Spray mancozeb @ 2 gram in 1 litter of water",BIHAR,JEHANABAD,KAKO,2018-02-13T09:54:13Z
JAYAD,AGRICULTURE,Others,Others,Weather,"WEATHER INFORMATION","TODAY CHANCE OF RAIN IN YOUR AREA",BIHAR,JEHANABAD,JEHANABAD,2018-02-13T10:09:06Z
RABI,AGRICULTURE,Others,Others,"Field Preparation","For farmer registration","For farmer registration: www.krishimis.in",BIHAR,JEHANABAD,JEHANABAD,2018-02-13T13:00:43Z
RABI,AGRICULTURE,Others,Others,"Field Preparation","WEATHER INFORMATION","Cloudy weather in your area and no chance of rain in your area",BIHAR,JEHANABAD,JEHANABAD,2018-02-13T16:14:40Z
RABI,AGRICULTURE,Others,Others,"Field Preparation","WEATHER INFORMATION","Cloudy weather in your area and no chance of rain in your area",BIHAR,JEHANABAD,JEHANABAD,2018-02-13T16:23:56Z
RABI,AGRICULTURE,Others,Others,Weather,"weather information","15 C 
RealFeel 14

Hazy sunshine
  


See Hourly

> 




Today

Feb 14



26 Hi 
RealFeel 27

Hazy sunshine
 More  



Tonight

Feb 14



12 Lo 
RealFeel 11

Hazy
 More  



Tomorrow

Feb 15



25 Hi 
RealFeel 26

Hazy sunshine",BIHAR,JEHANABAD,GHOSHI,2018-02-14T07:47:00Z
JAYAD,AGRICULTURE,Others,Others,Weather,"weather informesion","No chance of rain in your area",BIHAR,JEHANABAD,JEHANABAD,2018-02-22T12:25:32Z
RABI,AGRICULTURE,Others,Others,"Field Preparation","PEST ATTACK ON MANGO","Spray Imidacloroprid 17.8 SL @ 1 ml /3 lit of water",BIHAR,JEHANABAD,MAKHDUMPUR,2018-02-23T14:56:45Z
RABI,AGRICULTURE,Others,Others,"Field Preparation","YELLOWING OF LEAVES","Spray mancozeb @ 2g/lit of water",BIHAR,JEHANABAD,MAKHDUMPUR,2018-02-23T15:02:13Z
RABI,AGRICULTURE,Others,Others,"Field Preparation","WEATHER INFORMATION","Today and tomorrow no chance of rain in your area.",BIHAR,JEHANABAD,MAKHDUMPUR,2018-02-23T15:07:57Z
RABI,AGRICULTURE,Others,Others,"Field Preparation","WEATHER INFORMATION","Today and tomorrow no chance of rain in your area.",BIHAR,JEHANABAD,MAKHDUMPUR,2018-02-23T21:06:29Z
RABI,AGRICULTURE,Others,Others,"Sowing Time and Weather","WEATHER INFORMATION","HAZY WEATHER",BIHAR,JEHANABAD,GHOSHI,2018-02-25T13:38:01Z
RABI,AGRICULTURE,Cereals,Wheat,Weather,"Weather information","????  ??? ????? ??? ???? ??? ?????",BIHAR,JEHANABAD,KAKO,2018-02-26T08:28:06Z
RABI,"ANIMAL HUSBANDRY",Animal,"Bovine(Cow,Buffalo)","Animal Breeding","RELATED TOANIMAL BREEDING",NA,BIHAR,JEHANABAD,JEHANABAD,2018-02-26T08:41:23Z
RABI,HORTICULTURE,Vegetables,Brinjal,"Plant Protection","Brown leaf hopper","Spray with dimethoate 0.3%",BIHAR,JEHANABAD,JEHANABAD,2018-02-26T11:52:54Z
RABI,AGRICULTURE,Others,Others,"Field Preparation","WEATHER INFORMATION","Today and tomorrow cloudy weather but no chance of rain in your area.",BIHAR,JEHANABAD,KAKO,2018-02-27T09:47:50Z
RABI,AGRICULTURE,Others,Others,"Field Preparation","WEATHER INFORMATION","Cloudy weather, rain is not likely.",BIHAR,JEHANABAD,KAKO,2018-02-28T08:32:13Z
