"Country/ State/ UT Name","District Name","Tribe Category","Total/ Rural/ Urban","Marital Status","Present Age","Total Ever/ Currently Married Women","Ever/ Currently Married Women with Number of Surviving Children - 0","Ever/ Currently Married Women with Number of Surviving Children - 1","Ever/ Currently Married Women with Number of Surviving Children - 2","Ever/ Currently Married Women with Number of Surviving Children - 3","Ever/ Currently Married Women with Number of Surviving Children - 4","Ever/ Currently Married Women with Number of Surviving Children - 5+","Total Surviving Children","Total Surviving Children - Males","Total Surviving Children - Females"
Bihar,Purnia,"All Scheduled Tribes",Rural,"Ever Married","All Ages",18972,3825,3092,3263,3247,2055,3158,45776,24586,21190
Bihar,Purnia,"All Scheduled Tribes",Rural,"Ever Married","Less Than 15",153,120,2,10,0,0,0,22,11,11
Bihar,Purnia,"All Scheduled Tribes",Rural,"Ever Married",15-19,1456,1001,317,56,0,11,0,473,282,191
Bihar,Purnia,"All Scheduled Tribes",Rural,"Ever Married",20-24,2740,1026,847,450,237,76,43,2987,1513,1474
Bihar,Purnia,"All Scheduled Tribes",Rural,"Ever Married",25-29,3032,624,683,650,588,309,145,5782,3015,2767
Bihar,Purnia,"All Scheduled Tribes",Rural,"Ever Married",30-34,2700,272,330,689,591,390,428,7571,3914,3657
Bihar,Purnia,"All Scheduled Tribes",Rural,"Ever Married",35-39,2252,181,243,380,515,337,585,7168,3713,3455
Bihar,Purnia,"All Scheduled Tribes",Rural,"Ever Married",40-44,1751,139,105,236,387,300,573,6273,3504,2769
Bihar,Purnia,"All Scheduled Tribes",Rural,"Ever Married",45-49,1175,72,105,208,200,129,450,4228,2584,1644
Bihar,Purnia,"All Scheduled Tribes",Rural,"Ever Married",50-54,1050,55,50,203,270,150,311,3671,1883,1788
Bihar,Purnia,"All Scheduled Tribes",Rural,"Ever Married",55-59,834,81,74,87,215,77,300,2878,1616,1262
Bihar,Purnia,"All Scheduled Tribes",Rural,"Ever Married",60-64,851,98,139,131,150,164,119,2199,1175,1024
Bihar,Purnia,"All Scheduled Tribes",Rural,"Ever Married",65-69,465,73,81,87,43,72,98,1304,716,588
Bihar,Purnia,"All Scheduled Tribes",Rural,"Ever Married",70-74,305,63,62,43,20,20,66,697,382,315
Bihar,Purnia,"All Scheduled Tribes",Rural,"Ever Married",75-79,102,10,20,21,11,20,10,235,141,94
Bihar,Purnia,"All Scheduled Tribes",Rural,"Ever Married","80 +",84,10,34,0,20,0,20,214,103,111
Bihar,Purnia,"All Scheduled Tribes",Rural,"Currently Married","All Ages",16891,3450,2767,2911,2869,1806,2850,40802,21961,18841
Bihar,Purnia,"All Scheduled Tribes",Rural,"Currently Married","Less Than 15",153,120,2,10,0,0,0,22,11,11
Bihar,Purnia,"All Scheduled Tribes",Rural,"Currently Married",15-19,1446,991,317,56,0,11,0,473,282,191
Bihar,Purnia,"All Scheduled Tribes",Rural,"Currently Married",20-24,2691,992,832,450,237,76,43,2972,1510,1462
Bihar,Purnia,"All Scheduled Tribes",Rural,"Currently Married",25-29,2931,578,662,617,588,309,145,5695,2970,2725
Bihar,Purnia,"All Scheduled Tribes",Rural,"Currently Married",30-34,2598,245,288,667,590,380,428,7442,3828,3614
Bihar,Purnia,"All Scheduled Tribes",Rural,"Currently Married",35-39,2140,170,222,367,472,317,582,6895,3554,3341
Bihar,Purnia,"All Scheduled Tribes",Rural,"Currently Married",40-44,1609,119,94,202,386,277,531,5889,3297,2592
Bihar,Purnia,"All Scheduled Tribes",Rural,"Currently Married",45-49,1089,58,92,198,168,127,435,4014,2466,1548
Bihar,Purnia,"All Scheduled Tribes",Rural,"Currently Married",50-54,753,44,13,139,197,84,265,2708,1404,1304
Bihar,Purnia,"All Scheduled Tribes",Rural,"Currently Married",55-59,671,58,74,57,153,73,256,2375,1343,1032
Bihar,Purnia,"All Scheduled Tribes",Rural,"Currently Married",60-64,356,23,87,74,56,72,44,948,499,449
Bihar,Purnia,"All Scheduled Tribes",Rural,"Currently Married",65-69,241,32,20,51,11,50,66,774,425,349
Bihar,Purnia,"All Scheduled Tribes",Rural,"Currently Married",70-74,97,10,21,11,0,10,35,305,195,110
Bihar,Purnia,"All Scheduled Tribes",Rural,"Currently Married",75-79,51,0,10,0,11,20,10,183,121,62
Bihar,Purnia,"All Scheduled Tribes",Rural,"Currently Married","80 +",43,10,33,0,0,0,0,33,22,11
Bihar,Purnia,"All Scheduled Tribes",Urban,"Ever Married","All Ages",1340,195,175,206,261,250,239,3864,1913,1951
Bihar,Purnia,"All Scheduled Tribes",Urban,"Ever Married","Less Than 15",26,13,0,0,0,0,0,0,0,0
Bihar,Purnia,"All Scheduled Tribes",Urban,"Ever Married",15-19,45,32,13,0,0,0,0,13,0,13
Bihar,Purnia,"All Scheduled Tribes",Urban,"Ever Married",20-24,175,43,39,66,27,0,0,252,142,110
Bihar,Purnia,"All Scheduled Tribes",Urban,"Ever Married",25-29,172,32,17,47,36,27,13,405,226,179
Bihar,Purnia,"All Scheduled Tribes",Urban,"Ever Married",30-34,214,37,17,33,48,53,26,647,312,335
Bihar,Purnia,"All Scheduled Tribes",Urban,"Ever Married",35-39,173,0,24,42,65,21,21,505,229,276
Bihar,Purnia,"All Scheduled Tribes",Urban,"Ever Married",40-44,194,1,13,1,39,74,66,875,423,452
Bihar,Purnia,"All Scheduled Tribes",Urban,"Ever Married",45-49,107,0,13,3,13,26,52,461,237,224
Bihar,Purnia,"All Scheduled Tribes",Urban,"Ever Married",50-54,49,0,0,0,13,13,22,201,117,84
Bihar,Purnia,"All Scheduled Tribes",Urban,"Ever Married",55-59,42,3,0,0,0,13,26,182,78,104
Bihar,Purnia,"All Scheduled Tribes",Urban,"Ever Married",60-64,57,8,26,13,0,10,0,92,49,43
Bihar,Purnia,"All Scheduled Tribes",Urban,"Ever Married",65-69,40,13,0,1,13,0,13,145,66,79
Bihar,Purnia,"All Scheduled Tribes",Urban,"Ever Married",70-74,13,13,0,0,0,0,0,0,0,0
Bihar,Purnia,"All Scheduled Tribes",Urban,"Ever Married",75-79,20,0,13,0,7,0,0,34,34,0
Bihar,Purnia,"All Scheduled Tribes",Urban,"Ever Married","80 +",13,0,0,0,0,13,0,52,0,52
Bihar,Purnia,"All Scheduled Tribes",Urban,"Currently Married","All Ages",1109,145,97,184,222,222,225,3443,1714,1729
Bihar,Purnia,"All Scheduled Tribes",Urban,"Currently Married","Less Than 15",26,13,0,0,0,0,0,0,0,0
Bihar,Purnia,"All Scheduled Tribes",Urban,"Currently Married",15-19,45,32,13,0,0,0,0,13,0,13
Bihar,Purnia,"All Scheduled Tribes",Urban,"Currently Married",20-24,162,43,26,66,27,0,0,239,129,110
Bihar,Purnia,"All Scheduled Tribes",Urban,"Currently Married",25-29,172,32,17,47,36,27,13,405,226,179
Bihar,Purnia,"All Scheduled Tribes",Urban,"Currently Married",30-34,195,24,17,27,48,53,26,635,306,329
Bihar,Purnia,"All Scheduled Tribes",Urban,"Currently Married",35-39,142,0,11,29,65,16,21,446,193,253
Bihar,Purnia,"All Scheduled Tribes",Urban,"Currently Married",40-44,180,1,13,0,26,74,66,834,397,437
Bihar,Purnia,"All Scheduled Tribes",Urban,"Currently Married",45-49,80,0,0,2,13,26,39,381,210,171
Bihar,Purnia,"All Scheduled Tribes",Urban,"Currently Married",50-54,35,0,0,0,0,13,21,157,115,42
Bihar,Purnia,"All Scheduled Tribes",Urban,"Currently Married",55-59,39,0,0,0,0,13,26,182,78,104
Bihar,Purnia,"All Scheduled Tribes",Urban,"Currently Married",60-64,13,0,0,13,0,0,0,26,13,13
Bihar,Purnia,"All Scheduled Tribes",Urban,"Currently Married",65-69,13,0,0,0,0,0,13,104,26,78
Bihar,Purnia,"All Scheduled Tribes",Urban,"Currently Married",75-79,7,0,0,0,7,0,0,21,21,0
