Season,Sector,Category,Crop,QueryType,QueryText,KCCAns,StateName,DistrictName,BlockName,CreatedOn
RABI,AGRICULTURE,Cereals,Wheat,Weather,"WEATHER INFORMATION","????? ???? ???? ????? ?????? ??? ???? ?????",BIHAR,SAMASTIPUR,HASANPUR,2018-02-01T06:14:21Z
JAYAD,AGRICULTURE,Others,Others,Weather,"Weather information","Weather will be clear and glowing sun",BIHAR,SAMASTIPUR,WARISNAGAR,2018-02-01T06:30:32Z
RABI,AGRICULTURE,Cereals,Wheat,Weather,"WEATHER INFORMATION","????? ???? ???? ????? ?????? ??? ???? ????? I",BIHAR,SAMASTIPUR,SAMASTIPUR,2018-02-01T08:41:46Z
JAYAD,AGRICULTURE,Others,Others,"Plant Protection","Weather information","Weather will be clear and glowing sun",BIHAR,SAMASTIPUR,SARAIRANJAN,2018-02-01T08:42:16Z
JAYAD,AGRICULTURE,Others,Others,Weather,"Weather information","Weather will be clear and glowing sun",BIHAR,SAMASTIPUR,WARISNAGAR,2018-02-01T10:01:46Z
RABI,AGRICULTURE,Cereals,Wheat,Weather,"WEATHER INFORMATION","????? ???? ???? ????? ?????? ??? ???? ????? I",BIHAR,SAMASTIPUR,HASANPUR,2018-02-01T11:19:31Z
RABI,AGRICULTURE,Others,Others,"Sowing Time and Weather","WEATHER INFORMATION","HAZY SUNSHINE",BIHAR,SAMASTIPUR,UJIARPUR,2018-02-01T11:29:48Z
RABI,AGRICULTURE,Cereals,Wheat,Weather,"WEATHER INFORMATION","????? ???? ???? ????? ?????? ??? ???? ????? I",BIHAR,SAMASTIPUR,MORWA,2018-02-01T11:34:57Z
RABI,AGRICULTURE,Cereals,Wheat,Weather,"WEATHER INFORMATION","????? ???? ???? ????? ?????? ??? ???? ????? I",BIHAR,SAMASTIPUR,UJIARPUR,2018-02-01T11:41:25Z
JAYAD,AGRICULTURE,Others,Others,Weather,"Weather information","Weather will be clear and glowing sun",BIHAR,SAMASTIPUR,PUSA,2018-02-01T11:51:30Z
RABI,AGRICULTURE,Others,Others,Weather,"Weather information","Cloudy weather, rain is not likely.",BIHAR,SAMASTIPUR,ROSERA,2018-02-01T11:51:54Z
RABI,AGRICULTURE,Pulses,"Lentil (Masur)","Cultural Practices","NUTRIENT MANAGEMENT IN LENTIL","SPRAY MULTIPLAX @ 2 G/ LITRE PANI",BIHAR,SAMASTIPUR,ROSERA,2018-02-01T11:55:50Z
RABI,HORTICULTURE,Fruits,Lemon,"Plant Protection","insect problem in lemon","Spray quinalphos  @ 2ml/lit of water",BIHAR,SAMASTIPUR,PUSA,2018-02-01T13:59:07Z
RABI,AGRICULTURE,Others,Others,Weather,"WEATHER INFORMATION","Hazy sunshine",BIHAR,SAMASTIPUR,KALYANPUR,2018-02-01T15:05:00Z
RABI,AGRICULTURE,Others,Others,Weather,"WEATHER INFORMATION","Hazy sunshine",BIHAR,SAMASTIPUR,PUSA,2018-02-01T16:02:04Z
RABI,AGRICULTURE,Others,Others,Weather,"WEATHER INFORMATION","Hazy sunshine",BIHAR,SAMASTIPUR,TAJPUR,2018-02-01T16:45:27Z
RABI,AGRICULTURE,Others,Others,"Field Preparation","Weather information","Hazy weather in your area ,no chance of rain",BIHAR,SAMASTIPUR,WARISNAGAR,2018-02-01T18:55:25Z
RABI,AGRICULTURE,Others,Others,Weather,"Weather information","Hazy weather in your area ,no chance of rain",BIHAR,SAMASTIPUR,PUSA,2018-02-02T08:40:47Z
KHARIF,AGRICULTURE,Cereals,Wheat,"Plant Protection","APHID ATTACK IN MAIZE","SPRAY MONOCROTOPHOS 2ML/LIT FOR WATER MAIZE",BIHAR,SAMASTIPUR,PATORI,2018-02-02T08:46:29Z
RABI,AGRICULTURE,Others,Others,"Field Preparation","variety of wheat- P.B.W","variety of wheat- P.B.W -343,443,H.D -2733,2824,2967,2985,H.P-1731,1761",BIHAR,SAMASTIPUR,WARISNAGAR,2018-02-02T09:31:59Z
RABI,AGRICULTURE,Others,Others,"Field Preparation","variety of wheat","variety of wheat- P.B.W -343,443,H.D -2733,2824,2967,2985,H.P-1731,1761",BIHAR,SAMASTIPUR,MORWA,2018-02-02T09:52:33Z
RABI,AGRICULTURE,Others,Others,"Field Preparation","Varieties of Bottle Gourd","Varieties of Bottle Gourd:- Rajendra Chamatkar, Pusa Samar Pralific long, Pusa samar prolific round, Narendra rashmi, Narendra Shishir, Narendra Dharidar. Barsati:- Dholi Safed, Pusa Munjari, Pusa Meghdut, Punjab Komal, Arka bahar, Aajad Harit. Hybrid:- Pusa Meghdut,Pusa Manjari, Pusa Naveen, Narendra Sankar Lauki-4.",BIHAR,SAMASTIPUR,WARISNAGAR,2018-02-02T10:01:25Z
RABI,HORTICULTURE,Vegetables,"Bottle Gourd","Field Preparation","Varieties of Bottle Gourd","Varieties of Bottle Gourd:- Rajendra Chamatkar, Pusa Samar Pralific long, Pusa samar prolific round, Narendra rashmi, Narendra Shishir, Narendra Dharidar. Barsati:- Dholi Safed, Pusa Munjari, Pusa Meghdut, Punjab Komal, Arka bahar, Aajad Harit. Hybrid:- Pusa Meghdut,Pusa Manjari, Pusa Naveen, Narendra Sankar Lauki-4.",BIHAR,SAMASTIPUR,MORWA,2018-02-02T10:46:03Z
RABI,HORTICULTURE,Vegetables,"Bottle Gourd","Field Preparation","Varieties of Raddish","Varieties of Raddish :- Pusa Chetaki, Pusa Desi, Pusa Himani, Pusa Reshmi, Japani Safed, Jainpuri, White eyeskil, Kashihans Punjab Safed, Chinese Pink, Hissar Muli No.-1 or Arka Nishant.",BIHAR,SAMASTIPUR,WARISNAGAR,2018-02-02T10:54:57Z
RABI,HORTICULTURE,Vegetables,Cauliflower,"Nutrient Management","NUTRIENT MANAGEMENT IN CAULIFLOWER","Spray multi micro nutrients @ 2 G in 1 liter of water",BIHAR,SAMASTIPUR,BIBHUTPUR,2018-02-02T12:03:29Z
RABI,HORTICULTURE,Vegetables,Radish,"Field Preparation","Varieties of Raddish","Varieties of Raddish :- Pusa Chetaki, Pusa Desi, Pusa Himani, Pusa Reshmi, Japani Safed, Jainpuri, White eyeskil, Kashihans Punjab Safed, Chinese Pink, Hissar Muli No.-1 or Arka Nishant.",BIHAR,SAMASTIPUR,MORWA,2018-02-02T12:18:35Z
RABI,AGRICULTURE,Cereals,Wheat,Weather,"WEATHER INFORMATION","????? ???? ???? ????? ?????? ??? ???? ?????",BIHAR,SAMASTIPUR,PATORI,2018-02-02T14:17:02Z
RABI,HORTICULTURE,Vegetables,Potato,"Plant Protection","late blight of potato","spray of mancozeb @ 2ml per liter of water",BIHAR,SAMASTIPUR,PUSA,2018-02-02T15:43:58Z
JAYAD,AGRICULTURE,Others,Others,Weather,"WEATHER INFORMATION","The sun is going out will not be possible rainweather",BIHAR,SAMASTIPUR,WARISNAGAR,2018-02-02T15:59:32Z
RABI,AGRICULTURE,Others,Others,Weather,"Weather information","Hazy sun",BIHAR,SAMASTIPUR,PUSA,2018-02-02T16:18:02Z
RABI,AGRICULTURE,Others,Others,"Field Preparation","Weather information","Hazy weather in your area ,no chance of rain",BIHAR,SAMASTIPUR,HASANPUR,2018-02-02T18:59:15Z
RABI,AGRICULTURE,Cereals,Wheat,Weather,"WEATHER INFORMATION","????? ???? ???? ????? ?????? ??? ???? ????? I",BIHAR,SAMASTIPUR,HASANPUR,2018-02-03T06:19:12Z
RABI,AGRICULTURE,Cereals,Wheat,Weather,"WEATHER INFORMATION","????? ???? ???? ????? ?????? ??? ???? ????? I",BIHAR,SAMASTIPUR,HASANPUR,2018-02-03T06:19:13Z
RABI,AGRICULTURE,Cereals,Wheat,Weather,"WEATHER INFORMATION","????? ???? ???? ????? ?????? ??? ???? ????? I",BIHAR,SAMASTIPUR,SAMASTIPUR,2018-02-03T08:23:57Z
RABI,AGRICULTURE,Others,Others,Weather,"Weather information","Hazy sun",BIHAR,SAMASTIPUR,TAJPUR,2018-02-03T08:31:35Z
RABI,AGRICULTURE,Others,Others,Weather,"Weather information","Cloudy weather in your area and no chance of rain in your area",BIHAR,SAMASTIPUR,UJIARPUR,2018-02-03T09:06:42Z
RABI,AGRICULTURE,Others,Others,Weather,"Weather information","Cloudy weather in your area and no chance of rain in your area",BIHAR,SAMASTIPUR,SAMASTIPUR,2018-02-03T09:50:07Z
RABI,AGRICULTURE,Others,Others,Weather,"Weather information","Hazy sun",BIHAR,SAMASTIPUR,MOHANPUR,2018-02-03T10:18:25Z
RABI,AGRICULTURE,Cereals,Wheat,Weather,"WEATHER INFORMATION","????? ???? ???? ????? ?????? ??? ???? ????? I",BIHAR,SAMASTIPUR,KALYANPUR,2018-02-03T10:27:51Z
RABI,HORTICULTURE,Vegetables,Cauliflower,"Bio-Pesticides and Bio-Fertilizers","tiny black insect feed on cauliflower and their leaves","apply lufenuran 5.4% EC OR SPINOSAD 2.5% EC @ 1.2 ML/LITER WATER",BIHAR,SAMASTIPUR,SAMASTIPUR,2018-02-03T11:05:19Z
RABI,AGRICULTURE,Others,Others,Weather,"WEATHER INFORMATION","No chance of rain in your area",BIHAR,SAMASTIPUR,SAMASTIPUR,2018-02-03T12:21:01Z
RABI,AGRICULTURE,Others,Others,Weather,"WEATHER INFORMATION","Cloudy weather in your area and no chance of rain in your area",BIHAR,SAMASTIPUR,WARISNAGAR,2018-02-03T12:22:40Z
RABI,AGRICULTURE,Cereals,Wheat,"Cultural Practices","WEED MANAGEMENT IN WHEAT","Spray salfosulfuran @ 33-35 gram par hacter
Control of bathua weed in wheat crop",BIHAR,SAMASTIPUR,UJIARPUR,2018-02-03T12:26:28Z
JAYAD,AGRICULTURE,Cereals,Oats,"Sowing Time and Weather","to know about weathrer","masom sunsine temperature rises",BIHAR,SAMASTIPUR,WARISNAGAR,2018-02-03T14:26:48Z
RABI,HORTICULTURE,Vegetables,Potato,"Market Information","MARKET INFORMATION  ABOUT POTATO","AAP BLOCK ME CONTACT KARE",BIHAR,SAMASTIPUR,"VIDYAPATI NAGAR",2018-02-03T14:31:19Z
RABI,HORTICULTURE,Vegetables,"Cluster Bean","Nutrient Management","NUTRIENT MANAGEMENT IN  BEANS","Spray Multi micro nutrient @ 2 gram in 1 liter of water",BIHAR,SAMASTIPUR,KALYANPUR,2018-02-03T15:11:32Z
RABI,AGRICULTURE,Others,Others,Weather,"WEATHER INFORMATION","Very low cloudy area but no chance of rain",BIHAR,SAMASTIPUR,KALYANPUR,2018-02-03T15:13:47Z
RABI,AGRICULTURE,Others,Others,Weather,"WEATHER INFORMATION","The sky will remain cloudy",BIHAR,SAMASTIPUR,SAMASTIPUR,2018-02-03T16:38:02Z
RABI,AGRICULTURE,Others,Others,"Field Preparation","NUTRIENT MANAGEMENT:","Spray with boom flower @2ml/lit water",BIHAR,SAMASTIPUR,HASANPUR,2018-02-03T18:53:17Z
RABI,AGRICULTURE,Others,Others,Weather,"WEATHER INFORMATION","The sky will remain cloudy",BIHAR,SAMASTIPUR,SAMASTIPUR,2018-02-03T18:55:45Z
RABI,AGRICULTURE,Others,Others,Weather,"WEATHER INFORMATION","Hazy sun",BIHAR,SAMASTIPUR,WARISNAGAR,2018-02-03T20:31:25Z
RABI,AGRICULTURE,Others,Others,Weather,"WEATHER INFORMATION","No chance of rain in your area",BIHAR,SAMASTIPUR,PUSA,2018-02-04T08:22:28Z
RABI,AGRICULTURE,Others,Others,Weather,"WEATHER INFORMATION","No chance of rain in your area",BIHAR,SAMASTIPUR,PUSA,2018-02-04T08:22:41Z
RABI,AGRICULTURE,Others,Others,Weather,"WEATHER INFORMATION","No chance of rain in your area",BIHAR,SAMASTIPUR,WARISNAGAR,2018-02-04T08:28:27Z
RABI,AGRICULTURE,Others,Others,Weather,"WEATHER INFORMATION","No chance of rain in your area",BIHAR,SAMASTIPUR,WARISNAGAR,2018-02-04T08:28:39Z
RABI,AGRICULTURE,Others,Others,Weather,"WEATHER INFORMATION","No chance of rain in your area",BIHAR,SAMASTIPUR,WARISNAGAR,2018-02-04T08:32:35Z
JAYAD,AGRICULTURE,Others,Others,Weather,"WEATHER INFORMATION","The weather will remain like oak, but the smoke will be feeding.",BIHAR,SAMASTIPUR,KALYANPUR,2018-02-04T09:05:58Z
RABI,AGRICULTURE,Others,Others,Weather,"Weather information","Hazy weather in your area ,no chance of rain",BIHAR,SAMASTIPUR,BIBHUTPUR,2018-02-04T09:12:13Z
RABI,AGRICULTURE,Others,Others,Weather,"WEATHER INFORMATION","No chance of rain in your area",BIHAR,SAMASTIPUR,"VIDYAPATI NAGAR",2018-02-04T09:18:55Z
JAYAD,AGRICULTURE,Others,Others,Weather,"WEATHER INFORMATION","Today and tomorrow no chance of rain in your area.",BIHAR,SAMASTIPUR,SARAIRANJAN,2018-02-04T11:02:09Z
JAYAD,HORTICULTURE,Vegetables,"Bottle Gourd","Field Preparation","SOWING TIME","15- 28 FEBRUARY",BIHAR,SAMASTIPUR,WARISNAGAR,2018-02-04T12:07:06Z
RABI,AGRICULTURE,Others,Others,"Plant Protection","plant protection","spray imidacoloroprid 1 ml / 3litre of water",BIHAR,SAMASTIPUR,BIBHUTPUR,2018-02-04T13:54:15Z
RABI,AGRICULTURE,Others,Others,"Government Schemes","ORCHAD ESTABLISMENT OF MANGO","CONSULT BLOCK AGRICULTURE OFFICER KALANPUR",BIHAR,SAMASTIPUR,KALYANPUR,2018-02-04T21:27:04Z
JAYAD,AGRICULTURE,Others,Others,Weather,"WEATHER INFORMATION","Cloudy weather in your area, but no chance of rain in your area.",BIHAR,SAMASTIPUR,KALYANPUR,2018-02-05T08:05:13Z
JAYAD,AGRICULTURE,Others,Others,Weather,"WEATHER INFORMATION","TODAY AND TOMARROW NO CHANCE OF RAIN IN YOUR AREA",BIHAR,SAMASTIPUR,UJIARPUR,2018-02-05T09:09:49Z
JAYAD,AGRICULTURE,Others,Others,Weather,"WEATHER INFORMATION","TODAY AND TOMARROW NO CHANCE OF RAIN IN YOUR AREA",BIHAR,SAMASTIPUR,PUSA,2018-02-05T10:56:39Z
RABI,AGRICULTURE,Cereals,Wheat,"Plant Protection","MITE IN WHEAT","Spray imidachloprid @1ml/3lit of water",BIHAR,SAMASTIPUR,BITHAN,2018-02-05T13:00:27Z
RABI,AGRICULTURE,Others,Others,"Field Preparation","weather information","Sunny weather but no rain in your area.",BIHAR,SAMASTIPUR,WARISNAGAR,2018-02-05T14:36:08Z
JAYAD,AGRICULTURE,Others,Others,Weather,"Hazy sun","Hazy sun",BIHAR,SAMASTIPUR,PUSA,2018-02-05T14:45:03Z
RABI,AGRICULTURE,Others,Others,"Field Preparation","weather information","Sunny weather but no rain in your area.",BIHAR,SAMASTIPUR,TAJPUR,2018-02-05T16:18:23Z
RABI,AGRICULTURE,Others,Others,"Sowing Time and Weather","WEATHER CONDITION IN SAMASTIPUR","TODAY CLOUDY WEATHER NEXT DAY  CLEAR SUNSHINE",BIHAR,SAMASTIPUR,WARISNAGAR,2018-02-05T16:57:01Z
RABI,AGRICULTURE,Others,Others,"Plant Protection","weather information","Very low cloudy area but no chance of rain",BIHAR,SAMASTIPUR,BITHAN,2018-02-05T17:10:54Z
JAYAD,AGRICULTURE,Others,Others,Weather,"WEATHER INFORMATION","Hazy sun",BIHAR,SAMASTIPUR,WARISNAGAR,2018-02-05T17:27:53Z
JAYAD,AGRICULTURE,Others,Others,Weather,"WEATHER INFORMATION","Hazy sun",BIHAR,SAMASTIPUR,WARISNAGAR,2018-02-05T17:33:42Z
JAYAD,AGRICULTURE,Others,Others,Weather,"WEATHER INFORMATION","Hazy sun",BIHAR,SAMASTIPUR,SAMASTIPUR,2018-02-05T17:35:19Z
JAYAD,AGRICULTURE,Others,Others,Weather,"WEATHER INFORMATION","Hazy sun",BIHAR,SAMASTIPUR,SAMASTIPUR,2018-02-05T17:37:27Z
JAYAD,AGRICULTURE,Others,Others,Weather,"WEATHER INFORMATION","Hazy sun",BIHAR,SAMASTIPUR,WARISNAGAR,2018-02-05T17:38:30Z
JAYAD,HORTICULTURE,Vegetables,Capsicum,"Cultural Practices","know about variety of capcicum","suggest  variety pant mirch-3 /pusa jwala/ panjab lal/ agni rekha",BIHAR,SAMASTIPUR,MORWA,2018-02-05T18:23:35Z
RABI,AGRICULTURE,Cereals,Wheat,Weather,"WEATHER INFORMATION","???? ???  ?????  ,?????  ?? ???  ???????  ??? ??",BIHAR,SAMASTIPUR,KALYANPUR,2018-02-05T19:15:38Z
JAYAD,AGRICULTURE,Others,Others,Weather,"WEATHER INFORMATION","Hazy sun",BIHAR,SAMASTIPUR,SAMASTIPUR,2018-02-05T19:47:49Z
RABI,AGRICULTURE,Others,Others,"Field Preparation","Insect infestation","Spray malathion @ 2 gram in 1 liter of water",BIHAR,SAMASTIPUR,ROSERA,2018-02-05T21:43:48Z
RABI,AGRICULTURE,Others,Others,Weather,"Weather information","Hazy weather in your area ,no chance of rain",BIHAR,SAMASTIPUR,SARAIRANJAN,2018-02-06T07:03:27Z
RABI,HORTICULTURE,Fruits,Litchi,"Field Preparation","LITCHI Tree Decline and Root Rot","REMOVE AFFECTED STEM,USE VERMICOMPOST WITH NEEM CAKE AS MANURE",BIHAR,SAMASTIPUR,TAJPUR,2018-02-06T07:45:33Z
RABI,HORTICULTURE,Fruits,Mango,"Field Preparation","MANGO STEM BORER","PUT CARBOFURAN 3G TO PLUG THE HOLE WITH MUD.IN SEVERE CASE APPLY COPPER OXYCHLORIDE PASTE ON MANGO STEM.",BIHAR,SAMASTIPUR,TAJPUR,2018-02-06T07:58:38Z
RABI,AGRICULTURE,Others,Others,"Sowing Time and Weather","WEATHER INFORMATION","HAZY WEATHER",BIHAR,SAMASTIPUR,WARISNAGAR,2018-02-06T08:40:49Z
RABI,HORTICULTURE,Fruits,Litchi,"Field Preparation","LITCHI SPRAY","Spray methyl demeton or dimethoate @ 1 ml in one litre of water",BIHAR,SAMASTIPUR,UJIARPUR,2018-02-06T09:23:57Z
JAYAD,AGRICULTURE,Others,Others,Weather,"WEATHER INFORMATION","TODAY AND TOMARROW NO CHANCE OF RAIN IN YOUR AREA",BIHAR,SAMASTIPUR,WARISNAGAR,2018-02-06T11:16:56Z
RABI,AGRICULTURE,Others,Others,"Field Preparation","WEATHER INFORMATION","The weather will remain like oak, but the smoke will be feeding.",BIHAR,SAMASTIPUR,WARISNAGAR,2018-02-06T11:58:36Z
JAYAD,AGRICULTURE,Others,Others,Weather,"WEATHER INFORMATION","TODAY AND TOMORROW NO RAIN IN YOUR AREA",BIHAR,SAMASTIPUR,KALYANPUR,2018-02-06T13:14:14Z
JAYAD,AGRICULTURE,Others,Others,Weather,"WEATHER INFORMATION","TODAY AND TOMORROW NO RAIN IN YOUR AREA",BIHAR,SAMASTIPUR,SAMASTIPUR,2018-02-06T13:39:37Z
JAYAD,AGRICULTURE,Others,Others,Weather,"WEATHER INFORMATION","weather in your area and no chance of rain in your area",BIHAR,SAMASTIPUR,MORWA,2018-02-06T14:30:57Z
JAYAD,AGRICULTURE,Others,Others,Weather,"WEATHER INFORMATION","weather in your area and no chance of rain in your area",BIHAR,SAMASTIPUR,SAMASTIPUR,2018-02-06T14:35:48Z
JAYAD,AGRICULTURE,Others,Others,"Plant Protection",NUTRIENT,"Spray Multi micro nutrient @ 2 gram in 1 litre of water",BIHAR,SAMASTIPUR,UJIARPUR,2018-02-06T15:30:15Z
RABI,AGRICULTURE,Others,Others,"Field Preparation","FLOWER DROPPING","Sprary planofix 1ml in 4- 5 lit of water.  (NAA @ 20 ppm)",BIHAR,SAMASTIPUR,UJIARPUR,2018-02-06T15:33:31Z
RABI,AGRICULTURE,Others,Others,"Field Preparation","FLOWER DROPPING","Sprary planofix 1ml in 4- 5 lit of water.  (NAA @ 20 ppm)",BIHAR,SAMASTIPUR,UJIARPUR,2018-02-06T15:36:56Z
JAYAD,AGRICULTURE,Others,Others,Weather,wather,"???? ????? ??? ????? ?? ??? ??????? ???? ?? !",BIHAR,SAMASTIPUR,SAMASTIPUR,2018-02-06T16:36:41Z
JAYAD,AGRICULTURE,Others,Others,Weather,wather,"???? ????? ??? ????? ?? ??? ??????? ???? ?? !",BIHAR,SAMASTIPUR,UJIARPUR,2018-02-06T16:40:01Z
JAYAD,AGRICULTURE,Others,Others,Weather,"WEATHER INFORMATION","weather in your area and no chance of rain in your area",BIHAR,SAMASTIPUR,WARISNAGAR,2018-02-06T16:49:17Z
JAYAD,AGRICULTURE,Others,Others,Weather,"WEATHER INFORMATION","weather in your area and no chance of rain in your area",BIHAR,SAMASTIPUR,WARISNAGAR,2018-02-06T16:55:02Z
RABI,AGRICULTURE,Others,Others,"Field Preparation","Weather information","Cloudy weather  today and tomorrow  no chance of  rain",BIHAR,SAMASTIPUR,WARISNAGAR,2018-02-06T17:40:29Z
RABI,AGRICULTURE,Cereals,Wheat,Weather,"WEATHER INFORMATION","Cloudy weather in your area, but no chance of rain in your area",BIHAR,SAMASTIPUR,SARAIRANJAN,2018-02-06T17:54:25Z
JAYAD,AGRICULTURE,Others,Others,Weather,"WEATHER INFORMATION","weather in your area and no chance of rain in your area",BIHAR,SAMASTIPUR,TAJPUR,2018-02-06T18:35:51Z
RABI,AGRICULTURE,Others,Others,"Field Preparation","VARITY OF MARIGOLD","Local types (orange & yellow), Pusa Narangi Gainda, Pusa Basanthi Gainda (IARI varieties) and MDU 1 can be cultivated",BIHAR,SAMASTIPUR,PUSA,2018-02-06T18:51:14Z
RABI,AGRICULTURE,Cereals,Wheat,"Plant Protection","fungus desease in mango","menkojeb 2gram/la pani",BIHAR,SAMASTIPUR,SAMASTIPUR,2018-02-06T19:12:17Z
JAYAD,AGRICULTURE,Others,Others,Weather,"Weather information","Hazy weather in your area ,no chance of rain",BIHAR,SAMASTIPUR,UJIARPUR,2018-02-07T06:26:36Z
JAYAD,AGRICULTURE,Others,Others,Weather,"Weather information","Cloudy weather, rain is not likely.",BIHAR,SAMASTIPUR,TAJPUR,2018-02-07T06:58:51Z
RABI,AGRICULTURE,Cereals,Wheat,Weather,"WEATHER INFORMATION","????? ???? ???? ????? ?????? ??? ???? ????? I",BIHAR,SAMASTIPUR,WARISNAGAR,2018-02-07T07:11:40Z
RABI,AGRICULTURE,Others,Others,"Sowing Time and Weather","WEATHER INFORMATION","Sunny weather but no rain in your area.",BIHAR,SAMASTIPUR,WARISNAGAR,2018-02-07T07:26:00Z
RABI,AGRICULTURE,Cereals,Wheat,Weather,"WEATHER INFORMATION","????? ???? ???? ????? ?????? ??? ???? ????? I",BIHAR,SAMASTIPUR,HASANPUR,2018-02-07T07:40:34Z
RABI,AGRICULTURE,Others,Others,"Sowing Time and Weather","weather information","little cloud with sunshine",BIHAR,SAMASTIPUR,SAMASTIPUR,2018-02-07T07:40:51Z
RABI,AGRICULTURE,Others,Others,"Sowing Time and Weather","weather information","little cloud with sunshine",BIHAR,SAMASTIPUR,SAMASTIPUR,2018-02-07T07:42:14Z
JAYAD,AGRICULTURE,Others,Others,Weather,"Weather information","Cloudy weather, rain is not likely.",BIHAR,SAMASTIPUR,KALYANPUR,2018-02-07T07:44:09Z
RABI,AGRICULTURE,Others,Others,"Sowing Time and Weather","weather information","little cloud with sunshine",BIHAR,SAMASTIPUR,KHANPUR,2018-02-07T07:52:10Z
RABI,AGRICULTURE,Cereals,Wheat,Weather,"WEATHER INFORMATION","????? ???? ???? ????? ?????? ??? ???? ????? I",BIHAR,SAMASTIPUR,SAMASTIPUR,2018-02-07T08:24:42Z
RABI,AGRICULTURE,Others,Others,"Field Preparation","WEATHER INFORMATION","LITTLE CLOUD WITH SUNSHINE",BIHAR,SAMASTIPUR,BITHAN,2018-02-07T08:30:33Z
RABI,AGRICULTURE,Cereals,Wheat,Weather,"WEATHER INFORMATION","Sunny weather but no rain in your area.",BIHAR,SAMASTIPUR,UJIARPUR,2018-02-07T08:32:51Z
RABI,AGRICULTURE,Others,Others,"Sowing Time and Weather","weather information","Cloudy weather in your area, but no chance of rain in your area.",BIHAR,SAMASTIPUR,TAJPUR,2018-02-07T08:52:46Z
RABI,AGRICULTURE,Others,Others,"Field Preparation","WEATHER INFORMATION","LITTLE CLOUD WITH SUNSHINE",BIHAR,SAMASTIPUR,TAJPUR,2018-02-07T08:53:45Z
JAYAD,AGRICULTURE,Others,Others,Weather,"Weather information","Cloudy weather, rain is not likely.",BIHAR,SAMASTIPUR,TAJPUR,2018-02-07T09:35:54Z
RABI,AGRICULTURE,Others,Others,"Sowing Time and Weather","WEATHER INFORMATION","LITTLE CLOUD WITH SUNSHINE",BIHAR,SAMASTIPUR,SAMASTIPUR,2018-02-07T09:43:01Z
RABI,AGRICULTURE,Others,Others,"Sowing Time and Weather","WEATHER INFORMATION","LITTLE CLOUD WITH SUNSHINE",BIHAR,SAMASTIPUR,WARISNAGAR,2018-02-07T09:50:55Z
JAYAD,AGRICULTURE,Others,Others,Weather,"WEATHER INFORMATION","Mostly cloudy and not as warm",BIHAR,SAMASTIPUR,TAJPUR,2018-02-07T10:12:15Z
RABI,AGRICULTURE,Cereals,Wheat,Weather,"WEATHER INFORMATION","????? ???? ???? ????? ?????? ??? ???? ????? I",BIHAR,SAMASTIPUR,KHANPUR,2018-02-07T10:36:43Z
RABI,AGRICULTURE,Others,Others,"Sowing Time and Weather","WEATHER INFORMATION","LITTLE CLOUD WITH SUNSHINE",BIHAR,SAMASTIPUR,WARISNAGAR,2018-02-07T11:09:53Z
RABI,AGRICULTURE,Others,Others,"Field Preparation","WEATHER INFORMATION","little fog with sunshine",BIHAR,SAMASTIPUR,SAMASTIPUR,2018-02-07T11:46:36Z
RABI,AGRICULTURE,Pulses,"Pigeon pea (red gram/arhar/tur)","Cultural Practices","FLOWERING IN ARHAR","SPRAY BOOMFLOWER 2ML/LITRE WATER",BIHAR,SAMASTIPUR,KHANPUR,2018-02-07T11:56:50Z
RABI,AGRICULTURE,Cereals,Wheat,Weather,"WEATHER INFORMATION","????? ???? ???? ????? ?????? ??? ???? ????? I",BIHAR,SAMASTIPUR,UJIARPUR,2018-02-07T12:15:44Z
JAYAD,AGRICULTURE,Others,Others,Weather,"WEATHER INFORMATION","Heavy Cloudy weather in your area, no chance of rain in your area",BIHAR,SAMASTIPUR,WARISNAGAR,2018-02-07T12:23:51Z
JAYAD,AGRICULTURE,Others,Others,Weather,"WEATHER INFORMATION","Mostly cloudy and not as warm",BIHAR,SAMASTIPUR,SARAIRANJAN,2018-02-07T12:38:18Z
JAYAD,AGRICULTURE,Others,Others,Weather,"Weather information","Hazy weather in your area ,no chance of rain",BIHAR,SAMASTIPUR,SAMASTIPUR,2018-02-07T12:38:45Z
JAYAD,AGRICULTURE,Others,Others,"Plant Protection","DELAY THE GROWTH IN GOUVA","MULTIMICRO NUTIENT-2 GM/LITER OF WATER",BIHAR,SAMASTIPUR,UJIARPUR,2018-02-07T12:52:29Z
JAYAD,AGRICULTURE,Others,Others,Weather,"WEATHER INFORMATION","Heavy Cloudy weather in your area, no chance of rain in your area",BIHAR,SAMASTIPUR,WARISNAGAR,2018-02-07T13:10:49Z
JAYAD,AGRICULTURE,Others,Others,Weather,"WEATHER INFORMATION","Cloudy weather in your area, but no chance of rain in your area",BIHAR,SAMASTIPUR,WARISNAGAR,2018-02-07T15:07:32Z
RABI,AGRICULTURE,Cereals,Wheat,Weather,"WEATHER INFORMATION","Heavy Cloudy weather in your area",BIHAR,SAMASTIPUR,UJIARPUR,2018-02-07T15:29:46Z
RABI,AGRICULTURE,Others,Others,"Field Preparation","Today and tomorrow no chance of rain in your area.","Today and tomorrow no chance of rain in your area.",BIHAR,SAMASTIPUR,SAMASTIPUR,2018-02-07T15:39:32Z
JAYAD,AGRICULTURE,Others,Others,Weather,"WEATHER INFORMATION","Cloudy weather in your area, but no chance of rain in your area",BIHAR,SAMASTIPUR,MORWA,2018-02-07T16:02:02Z
JAYAD,AGRICULTURE,Others,Others,Weather,"WEATHER INFORMATION","Cloudy weather in your area, but no chance of rain in your area",BIHAR,SAMASTIPUR,KALYANPUR,2018-02-07T16:11:44Z
RABI,AGRICULTURE,Cereals,Wheat,Weather,"WEATHER INFORMATION","Sunny weather but no rain in your area.",BIHAR,SAMASTIPUR,UJIARPUR,2018-02-07T16:14:56Z
JAYAD,AGRICULTURE,Others,Others,Weather,"WEATHER INFORMATION","Cloudy weather in your area, but no chance of rain in your area",BIHAR,SAMASTIPUR,WARISNAGAR,2018-02-07T16:18:21Z
RABI,AGRICULTURE,Others,Others,"Field Preparation","WEATHER INFORMATION","Today and tomorrow no chance of rain in your area.",BIHAR,SAMASTIPUR,KALYANPUR,2018-02-07T16:23:15Z
RABI,AGRICULTURE,Others,Others,"Plant Protection","WEATHER INFORMATION","Today and tomorrow no chance of rain in your area.",BIHAR,SAMASTIPUR,KALYANPUR,2018-02-07T16:25:06Z
RABI,AGRICULTURE,Others,Others,"Field Preparation","WEATHER INFORMATION","Today and tomorrow no chance of rain in your area.",BIHAR,SAMASTIPUR,KALYANPUR,2018-02-07T16:28:23Z
JAYAD,AGRICULTURE,Others,Others,Weather,"WEATHER INFORMATION","Cloudy weather in your area, but no chance of rain in your area",BIHAR,SAMASTIPUR,UJIARPUR,2018-02-07T16:37:14Z
RABI,AGRICULTURE,Others,Others,"Plant Protection","Insect infestation","Spray Imidacloroprid 17.8 SL @ 1 ml /3 lit of water",BIHAR,SAMASTIPUR,SINGHIA,2018-02-07T16:38:41Z
JAYAD,AGRICULTURE,Others,Others,Weather,"WEATHER INFORMATION","Cloudy weather in your area, but no chance of rain in your area",BIHAR,SAMASTIPUR,MORWA,2018-02-07T17:07:04Z
JAYAD,AGRICULTURE,Others,Others,Weather,"WEATHER INFORMATION","Cloudy weather in your area, but no chance of rain in your area",BIHAR,SAMASTIPUR,KALYANPUR,2018-02-07T17:09:14Z
JAYAD,AGRICULTURE,Others,Others,Weather,"WEATHER INFORMATION","Cloudy weather in your area, but no chance of rain in your area",BIHAR,SAMASTIPUR,UJIARPUR,2018-02-07T17:12:23Z
JAYAD,AGRICULTURE,Others,Others,Weather,"WEATHER INFORMATION","Cloudy weather in your area, but no chance of rain in your area",BIHAR,SAMASTIPUR,ROSERA,2018-02-07T17:15:19Z
RABI,AGRICULTURE,Others,Others,"Field Preparation","WEATHER INFORMATION","Today and tomorrow no chance of rain in your area.",BIHAR,SAMASTIPUR,HASANPUR,2018-02-07T17:25:23Z
RABI,AGRICULTURE,Others,Others,"Field Preparation","WEATHER INFORMATION","Very low cloudy area but no chance of rain",BIHAR,SAMASTIPUR,HASANPUR,2018-02-07T17:34:39Z
RABI,AGRICULTURE,Cereals,Wheat,"Field Preparation","WEATHER INFORMATION","Sunny weather but no rain in your area.",BIHAR,SAMASTIPUR,SARAIRANJAN,2018-02-07T17:41:01Z
RABI,AGRICULTURE,Others,Others,"Field Preparation","WEATHER INFORMATION","Today and tomorrow no chance of rain in your area.",BIHAR,SAMASTIPUR,SARAIRANJAN,2018-02-07T17:49:29Z
RABI,AGRICULTURE,Others,Others,"Field Preparation","WEATHER INFORMATION","Today and tomorrow no chance of rain in your area.",BIHAR,SAMASTIPUR,SARAIRANJAN,2018-02-07T17:51:14Z
RABI,AGRICULTURE,Cereals,Wheat,Weather,"WEATHER INFORMATION","Sunny weather but no rain in your area.",BIHAR,SAMASTIPUR,UJIARPUR,2018-02-07T18:19:08Z
JAYAD,AGRICULTURE,Others,Others,Weather,"WEATHER INFORMATION","Cloudy weather in your area, but no chance of rain in your area",BIHAR,SAMASTIPUR,SAMASTIPUR,2018-02-07T18:54:26Z
JAYAD,AGRICULTURE,Others,Others,Weather,"WEATHER INFORMATION","Cloudy weather in your area, but no chance of rain in your area",BIHAR,SAMASTIPUR,SAMASTIPUR,2018-02-07T18:56:53Z
JAYAD,AGRICULTURE,Others,Others,Weather,"WEATHER INFORMATION","Cloudy weather in your area, but no chance of rain in your area",BIHAR,SAMASTIPUR,SAMASTIPUR,2018-02-07T18:58:01Z
JAYAD,AGRICULTURE,Others,Others,Weather,"WEATHER INFORMATION","Cloudy weather in your area, but no chance of rain in your area",BIHAR,SAMASTIPUR,SARAIRANJAN,2018-02-07T19:38:01Z
JAYAD,AGRICULTURE,Others,Others,Weather,"WEATHER INFORMATION","Cloudy weather in your area, but no chance of rain in your area",BIHAR,SAMASTIPUR,WARISNAGAR,2018-02-07T19:45:39Z
RABI,AGRICULTURE,Others,Others,"Field Preparation","WEATHER INFORMATION","Today and tomorrow no chance of rain in your area.",BIHAR,SAMASTIPUR,WARISNAGAR,2018-02-07T20:23:01Z
RABI,AGRICULTURE,Others,Others,"Field Preparation","WEATHER INFORMATION","Today and tomorrow no chance of rain in your area.",BIHAR,SAMASTIPUR,DALSINGHSARAI,2018-02-07T20:39:05Z
JAYAD,AGRICULTURE,Others,Others,Weather,"WEATHER INFORMATION","Cloudy weather in your area, but no chance of rain in your area",BIHAR,SAMASTIPUR,DALSINGHSARAI,2018-02-07T21:17:01Z
JAYAD,AGRICULTURE,Others,Others,Weather,"WEATHER INFORMATION","Cloudy weather in your area, but no chance of rain in your area",BIHAR,SAMASTIPUR,SARAIRANJAN,2018-02-07T21:39:46Z
RABI,AGRICULTURE,Others,Others,"Sowing Time and Weather","WEATHER INFORMATION","Cloudy weather with sunshine in your area, but no chance of rain in your area.",BIHAR,SAMASTIPUR,SARAIRANJAN,2018-02-08T06:45:23Z
RABI,AGRICULTURE,Others,Others,"Field Preparation","WEATHER INFORMATION","Cloudy weather but no chance of rain",BIHAR,SAMASTIPUR,SAMASTIPUR,2018-02-08T07:25:45Z
RABI,AGRICULTURE,Others,Others,"Field Preparation","WEATHER INFORMATION","Cloudy weather but no chance of rain",BIHAR,SAMASTIPUR,SAMASTIPUR,2018-02-08T07:30:15Z
RABI,AGRICULTURE,Others,Others,Weather,"weather infornatiom samstipur","Sunny weather but no rain in your area",BIHAR,SAMASTIPUR,KALYANPUR,2018-02-08T08:25:07Z
RABI,AGRICULTURE,Millets,"Maize (Makka)",Varieties,"variety of maize","saktiman-1, saktiman-2, Devki, Ganga 11",BIHAR,SAMASTIPUR,KALYANPUR,2018-02-08T08:34:34Z
JAYAD,AGRICULTURE,Others,Others,Weather,"WEATHER INFORMATION","?? ?? ?? ???? ??????? ??? ????? ?? ???????  ??? ??",BIHAR,SAMASTIPUR,SARAIRANJAN,2018-02-08T08:51:25Z
JAYAD,AGRICULTURE,Others,Others,Weather,"WEATHER INFORMATION","?? ?? ?? ???? ??????? ??? ????? ?? ???????  ??? ??",BIHAR,SAMASTIPUR,SARAIRANJAN,2018-02-08T08:51:26Z
RABI,AGRICULTURE,Others,Others,Weather,"Weather information","Hazy weather in your area ,no chance of rain",BIHAR,SAMASTIPUR,KALYANPUR,2018-02-08T09:00:38Z
RABI,AGRICULTURE,Others,Others,"Field Preparation","WEATHER INFORMATION","Cloudy weather but no chance of rain",BIHAR,SAMASTIPUR,WARISNAGAR,2018-02-08T11:21:36Z
RABI,AGRICULTURE,Others,Others,"Field Preparation","WEATHER INFORMATION","Cloudy weather but no chance of rain",BIHAR,SAMASTIPUR,UJIARPUR,2018-02-08T12:19:24Z
RABI,AGRICULTURE,Others,Others,"Field Preparation",NUTRIENT,"Spray boomflower @ 2 ml in 1 litre of water",BIHAR,SAMASTIPUR,WARISNAGAR,2018-02-08T13:07:36Z
RABI,AGRICULTURE,Others,Others,"Field Preparation","WEATHER INFORMATION","Cloudy weather, rain is not likely.",BIHAR,SAMASTIPUR,UJIARPUR,2018-02-08T14:38:58Z
RABI,AGRICULTURE,Cereals,Wheat,Weather,"WEATHER INFORMATION","???? ??????? ??? ???? ? ????? ?? ???? ?? ??? ?????? ?? ???? ???? ?????",BIHAR,SAMASTIPUR,SAMASTIPUR,2018-02-08T17:56:02Z
RABI,AGRICULTURE,Others,Others,"Field Preparation","FLOWER DROPPING","Sprary planofix 1ml in 4- 5 lit of water.  (NAA @ 20 ppm)",BIHAR,SAMASTIPUR,KHANPUR,2018-02-08T21:07:25Z
JAYAD,AGRICULTURE,Others,Others,Weather,"Weather information","Hazy weather in your area ,no chance of rain",BIHAR,SAMASTIPUR,WARISNAGAR,2018-02-09T06:47:24Z
JAYAD,AGRICULTURE,Others,Others,Weather,"Weather information","Hazy weather in your area ,no chance of rain",BIHAR,SAMASTIPUR,MORWA,2018-02-09T09:40:26Z
RABI,AGRICULTURE,Others,Others,"Sowing Time and Weather","WEATHER INFORMATION","RAINS ON 13 FEBRUARY",BIHAR,SAMASTIPUR,WARISNAGAR,2018-02-09T09:45:31Z
RABI,AGRICULTURE,Others,Others,"Sowing Time and Weather","WEATHER INFORMATION","RAINS ON 13 FEBRUARY",BIHAR,SAMASTIPUR,WARISNAGAR,2018-02-09T09:49:07Z
RABI,AGRICULTURE,Others,Others,"Sowing Time and Weather","WEATHER INFORMATION","RAINS ON 13 FEBRUARY",BIHAR,SAMASTIPUR,UJIARPUR,2018-02-09T09:54:10Z
RABI,AGRICULTURE,Others,Others,Weather,"weather information","???? ???  ?????  ????? ?? ???????",BIHAR,SAMASTIPUR,TAJPUR,2018-02-09T09:55:33Z
RABI,AGRICULTURE,Others,Others,Weather,"weather information","???? ???  ?????  ????? ?? ??????? ??",BIHAR,SAMASTIPUR,WARISNAGAR,2018-02-09T10:04:36Z
JAYAD,AGRICULTURE,Others,Others,Weather,"Weather information","Hazy weather in your area ,no chance of rain",BIHAR,SAMASTIPUR,UJIARPUR,2018-02-09T10:29:11Z
JAYAD,AGRICULTURE,Others,Others,Weather,"Weather information","Hazy weather in your area ,no chance of rain",BIHAR,SAMASTIPUR,KALYANPUR,2018-02-09T10:51:54Z
RABI,AGRICULTURE,Others,Others,Weather,"weather information","???? ???  ?????  ????? ?? ??????? ??",BIHAR,SAMASTIPUR,WARISNAGAR,2018-02-09T11:06:09Z
RABI,AGRICULTURE,Others,Others,"Sowing Time and Weather","WEATHER INFORMATION","RAINS ON 13 FEBRUARY",BIHAR,SAMASTIPUR,MORWA,2018-02-09T11:46:05Z
RABI,AGRICULTURE,Others,Others,"Sowing Time and Weather","WEATHER INFORMATION","RAINS ON 13 FEBRUARY",BIHAR,SAMASTIPUR,KALYANPUR,2018-02-09T12:08:07Z
RABI,AGRICULTURE,Cereals,Wheat,Weather,"WEATHER INFORMATION","Sunny weather but no rain in your area.",BIHAR,SAMASTIPUR,DALSINGHSARAI,2018-02-09T14:11:58Z
KHARIF,AGRICULTURE,Others,Others,Weather,"WEATHER INFORMATION","TODAY AND TOMORROW CHANCE OF RAIN IN YOUR AREA",BIHAR,SAMASTIPUR,MOHANPUR,2018-02-09T14:14:08Z
RABI,AGRICULTURE,Cereals,Wheat,Weather,"WEATHER INFORMATION","Sunny weather but no rain in your area.",BIHAR,SAMASTIPUR,DALSINGHSARAI,2018-02-09T14:18:20Z
RABI,AGRICULTURE,Cereals,Wheat,Weather,"WEATHER INFORMATION","Sunny weather but no rain in your area.",BIHAR,SAMASTIPUR,DALSINGHSARAI,2018-02-09T14:31:53Z
RABI,AGRICULTURE,Others,Others,"Field Preparation","You should consult to block agricultural 0fficer","You should consult to block agricultural 0fficer",BIHAR,SAMASTIPUR,MORWA,2018-02-09T14:33:09Z
RABI,AGRICULTURE,Others,Others,"Field Preparation","WEATHER INFORMATION","Heavy Cloudy weather in your area, no chance of rain in your area",BIHAR,SAMASTIPUR,HASANPUR,2018-02-09T15:35:26Z
RABI,AGRICULTURE,Others,Others,"Field Preparation","WEATHER INFORMATION","Heavy Cloudy weather in your area, no chance of rain in your area",BIHAR,SAMASTIPUR,TAJPUR,2018-02-09T15:37:04Z
JAYAD,AGRICULTURE,Others,Others,Weather,"Weather information","Hazy weather in your area ,no chance of rain",BIHAR,SAMASTIPUR,WARISNAGAR,2018-02-10T07:02:25Z
RABI,AGRICULTURE,Cereals,Wheat,Weather,"Weather information","Cloudy weather  today and tomorrow  no chance of  rain",BIHAR,SAMASTIPUR,BIBHUTPUR,2018-02-10T07:16:03Z
RABI,AGRICULTURE,Cereals,Wheat,Weather,"Weather information","Cloudy weather  today and tomorrow  no chance of  rain",BIHAR,SAMASTIPUR,SAMASTIPUR,2018-02-10T07:31:04Z
RABI,AGRICULTURE,Others,Others,"Sowing Time and Weather","WEATHER INFORMATION","rains on 13 feb",BIHAR,SAMASTIPUR,KALYANPUR,2018-02-10T07:34:19Z
JAYAD,AGRICULTURE,Others,Others,Weather,"WEATHER INFORMATION","Cloudy weather in your area, but no chance of rain in your area.",BIHAR,SAMASTIPUR,TAJPUR,2018-02-10T08:07:45Z
RABI,AGRICULTURE,Others,Others,"Sowing Time and Weather","WEATHER INFORMATION","RAINS ON 13 FEB",BIHAR,SAMASTIPUR,UJIARPUR,2018-02-10T09:07:17Z
JAYAD,AGRICULTURE,Others,Others,Weather,"Weather information","Hazy weather in your area ,no chance of rain",BIHAR,SAMASTIPUR,TAJPUR,2018-02-10T10:04:49Z
JAYAD,HORTICULTURE,"Plantation Crops",Coconut,"Plant Protection","leaf yellowing in leaf","Spray Copper oxy chloride @ 2 gm / lit of water",BIHAR,SAMASTIPUR,MORWA,2018-02-10T11:05:23Z
RABI,AGRICULTURE,Cereals,Wheat,Weather,"Weather information","Cloudy weather  today and tomorrow  no chance of  rain",BIHAR,SAMASTIPUR,UJIARPUR,2018-02-10T11:09:14Z
RABI,AGRICULTURE,Others,Others,"Sowing Time and Weather","WEATHER INFORMATION","RAINS ON 13 FEB",BIHAR,SAMASTIPUR,PUSA,2018-02-10T11:17:26Z
RABI,AGRICULTURE,Others,Others,"Field Preparation","WEATHER INFORMATION","Cloudy weather but no rain in your area.",BIHAR,SAMASTIPUR,WARISNAGAR,2018-02-10T11:19:58Z
JAYAD,AGRICULTURE,Others,Others,Weather,"WEATHER INFORMATION","Cloudy weather in your area, but no chance of rain in your area.",BIHAR,SAMASTIPUR,WARISNAGAR,2018-02-10T11:33:15Z
RABI,AGRICULTURE,Others,Others,"Field Preparation","Variety of onion","Variety of onion-pusa red,pusa ratnaar,pusa maadhavi,panjaab selection,n 53,arka niketan arka kalian,arka bindu,basant 780",BIHAR,SAMASTIPUR,KALYANPUR,2018-02-10T11:44:40Z
JAYAD,AGRICULTURE,Others,Others,Weather,"Weather information","Hazy weather in your area ,no chance of rain",BIHAR,SAMASTIPUR,DALSINGHSARAI,2018-02-10T11:44:50Z
JAYAD,AGRICULTURE,Others,Others,Weather,"Weather information","Hazy weather in your area ,no chance of rain",BIHAR,SAMASTIPUR,DALSINGHSARAI,2018-02-10T11:44:52Z
JAYAD,AGRICULTURE,Others,Others,Weather,"Weather information","Hazy weather in your area ,no chance of rain",BIHAR,SAMASTIPUR,BITHAN,2018-02-10T11:54:06Z
JAYAD,AGRICULTURE,Others,Others,Weather,"Weather information","Hazy weather in your area ,no chance of rain",BIHAR,SAMASTIPUR,WARISNAGAR,2018-02-10T12:44:33Z
RABI,AGRICULTURE,Others,Others,"Field Preparation","WEATHER INFORMATION","RAINS ON 13 FEB",BIHAR,SAMASTIPUR,SARAIRANJAN,2018-02-10T12:46:34Z
RABI,AGRICULTURE,Others,Others,"Sowing Time and Weather","WEATHER INFORMATION","RAINS ON 13 FEB",BIHAR,SAMASTIPUR,PUSA,2018-02-10T12:59:57Z
RABI,AGRICULTURE,Others,Others,"Sowing Time and Weather","WEATHER INFORMATION","RAINS ON 13 FEB",BIHAR,SAMASTIPUR,TAJPUR,2018-02-10T13:03:59Z
JAYAD,AGRICULTURE,Others,Others,Weather,"Weather information","Hazy weather in your area ,no chance of rain",BIHAR,SAMASTIPUR,WARISNAGAR,2018-02-10T13:17:03Z
JAYAD,AGRICULTURE,Others,Others,Weather,"Weather information","Hazy weather in your area ,no chance of rain",BIHAR,SAMASTIPUR,WARISNAGAR,2018-02-10T13:39:54Z
RABI,AGRICULTURE,Others,Others,"Sowing Time and Weather","WEATHER INFORMATION","RAINS ON 13 FEB",BIHAR,SAMASTIPUR,TAJPUR,2018-02-10T13:53:30Z
JAYAD,AGRICULTURE,Others,Others,Weather,"WEATHER INFORMATION","Cloudy weather in your area and no chance of rain in your area",BIHAR,SAMASTIPUR,WARISNAGAR,2018-02-10T15:41:14Z
RABI,AGRICULTURE,Others,Others,"Plant Protection","Weather information","Hazy weather in your area ,no chance of rain",BIHAR,SAMASTIPUR,KALYANPUR,2018-02-10T16:35:41Z
RABI,AGRICULTURE,Others,Others,"Field Preparation","Hazy weather in your area ,no chance of rain","Hazy weather in your area ,no chance of rain",BIHAR,SAMASTIPUR,SAMASTIPUR,2018-02-10T16:38:29Z
RABI,AGRICULTURE,Others,Others,"Field Preparation","Weather information","Hazy weather in your area ,no chance of rain",BIHAR,SAMASTIPUR,SAMASTIPUR,2018-02-10T16:47:01Z
RABI,AGRICULTURE,Others,Others,"Field Preparation","WEATHER INFORMATION","Cloudy weather in your area, but no chance of rain in your area",BIHAR,SAMASTIPUR,SARAIRANJAN,2018-02-10T17:25:19Z
RABI,AGRICULTURE,Others,Others,"Field Preparation","WEATHER INFORMATION","Cloudy weather in your area, but no chance of rain in your area",BIHAR,SAMASTIPUR,TAJPUR,2018-02-10T17:30:46Z
RABI,AGRICULTURE,Others,Others,Weather,"WEATHER INFORMATION","Cloudy weather in your area and no chance of rain in your area",BIHAR,SAMASTIPUR,WARISNAGAR,2018-02-10T18:06:29Z
RABI,AGRICULTURE,Others,Others,Weather,"WEATHER INFORMATION","Cloudy weather in your area and no chance of rain in your area",BIHAR,SAMASTIPUR,WARISNAGAR,2018-02-10T18:58:00Z
RABI,AGRICULTURE,Others,Others,Weather,"WEATHER INFORMATION","Cloudy weather in your area and no chance of rain in your area",BIHAR,SAMASTIPUR,KHANPUR,2018-02-10T20:08:47Z
RABI,AGRICULTURE,Others,Others,Weather,"weather information","Feb 11



26 /12C 

Increasing clouds
  
 


Mon

Feb 12



24 /14 

Some sun, then clouds
 More  
 


Tue

Feb 13



25 /15 

Mostly cloudy
 More  
 


Wed

Feb 14



26 /13 

Hazy sun
 More  
 


Thu

Feb 15



25 /11 

H",BIHAR,SAMASTIPUR,SARAIRANJAN,2018-02-11T06:41:11Z
JAYAD,AGRICULTURE,Others,Others,Weather,"WEATHER INFORMATION","Cloudy weather in your area and no chance of rain in your area",BIHAR,SAMASTIPUR,SARAIRANJAN,2018-02-11T07:01:36Z
JAYAD,AGRICULTURE,Others,Others,Weather,"WEATHER INFORMATION","Cloudy weather in your area and no chance of rain in your area",BIHAR,SAMASTIPUR,BITHAN,2018-02-11T07:58:18Z
JAYAD,AGRICULTURE,Others,Others,Weather,"WEATHER INFORMATION","Cloudy weather in your area and no chance of rain in your area",BIHAR,SAMASTIPUR,SARAIRANJAN,2018-02-11T09:03:14Z
RABI,AGRICULTURE,Others,Others,Weather,"weather information","16 C 
RealFeel 20

Sunny
  


See Hourly

> 




Today

Feb 11



26 Hi 
RealFeel 28

Increasing clouds
 More  



Tonight

Feb 11



12 Lo 
RealFeel 13

Turning out clear
 More  



Tomorrow

Feb 12



24 Hi 
RealFeel 25

Some sun, then clouds",BIHAR,SAMASTIPUR,DALSINGHSARAI,2018-02-11T09:29:36Z
RABI,HORTICULTURE,Vegetables,Bhindi(Okra/Ladysfinger),"Plant Protection","Leaf roller","Spray carbaryl 50 WP 2 g/lit or phosalone 35 EC 2 ml/lit",BIHAR,SAMASTIPUR,WARISNAGAR,2018-02-11T09:59:52Z
RABI,HORTICULTURE,Vegetables,Bhindi(Okra/Ladysfinger),"Plant Protection",Aphid,"?Dimethoate 30 EC 500 ml/ha
?Phosphamidon 40 SL 600 ml/ha.",BIHAR,SAMASTIPUR,ROSERA,2018-02-11T10:03:20Z
RABI,AGRICULTURE,Others,Others,Weather,"Weather information","Sun giving way to increasing clouds",BIHAR,SAMASTIPUR,SARAIRANJAN,2018-02-11T10:30:19Z
JAYAD,AGRICULTURE,Others,Others,Weather,"WEATHER INFORMATION","Cloudy weather in your area and no chance of rain in your area",BIHAR,SAMASTIPUR,HASANPUR,2018-02-11T10:58:49Z
JAYAD,AGRICULTURE,Others,Others,Weather,"WEATHER INFORMATION","Very low cloudy area but no chance of rain",BIHAR,SAMASTIPUR,WARISNAGAR,2018-02-11T13:57:58Z
RABI,AGRICULTURE,Others,Others,"Field Preparation","WEATHER INFORMATION","Cloudy weather in your area and no chance of rain in your area",BIHAR,SAMASTIPUR,TAJPUR,2018-02-11T14:26:40Z
JAYAD,AGRICULTURE,Others,Others,"Plant Protection","Insect problem in brinjal","Spray quinolphos @ 1 ml in 1 liter of water",BIHAR,SAMASTIPUR,TAJPUR,2018-02-11T16:17:13Z
JAYAD,AGRICULTURE,Others,Others,Weather,"WEATHER INFORMATION","Very low cloudy area but no chance of rain",BIHAR,SAMASTIPUR,SAMASTIPUR,2018-02-11T16:19:30Z
RABI,AGRICULTURE,Others,Others,"Field Preparation","WEATHER INFORMATION","Cloudy weather in your area and no chance of rain in your area",BIHAR,SAMASTIPUR,DALSINGHSARAI,2018-02-11T16:59:04Z
JAYAD,AGRICULTURE,Others,Others,Weather,"WEATHER INFORMATION","Cloudy weather Today and tomorrow little chance of rain in your area.",BIHAR,SAMASTIPUR,WARISNAGAR,2018-02-11T17:36:54Z
RABI,AGRICULTURE,Cereals,Wheat,Weather,"WEATHER  INFORMATION","?? ?? ?? ???? ??????? ??? ????? ?? ???????  ??? ??",BIHAR,SAMASTIPUR,WARISNAGAR,2018-02-11T17:37:14Z
RABI,AGRICULTURE,Others,Others,"Field Preparation","WEATHER INFORMATION","Cloudy weather in your area and no chance of rain in your area",BIHAR,SAMASTIPUR,"SHIVAJI NAGAR",2018-02-11T20:02:26Z
JAYAD,AGRICULTURE,Others,Others,Weather,"WEATHER  INFORMATION","?? ?? ?? ???? ??????? ??? ????? ?? ???????  ??? ??",BIHAR,SAMASTIPUR,HASANPUR,2018-02-12T06:41:21Z
JAYAD,AGRICULTURE,Others,Others,Weather,"WEATHER INFORMATION","TODAY AND TOMORROW CHANCE OF RAIN IN YOUR AREA",BIHAR,SAMASTIPUR,BITHAN,2018-02-12T06:46:53Z
RABI,AGRICULTURE,Others,Others,Weather,"Weather information","Cloudy weather, rain is not likely.",BIHAR,SAMASTIPUR,PUSA,2018-02-12T06:57:57Z
JAYAD,AGRICULTURE,Others,Others,Weather,"WEATHER INFORMATION","Cloudy weather in your area and no chance of rain in your area",BIHAR,SAMASTIPUR,WARISNAGAR,2018-02-12T07:11:18Z
JAYAD,AGRICULTURE,Others,Others,Weather,"WEATHER INFORMATION","Cloudy weather in your area and no chance of rain in your area",BIHAR,SAMASTIPUR,WARISNAGAR,2018-02-12T07:20:50Z
JAYAD,AGRICULTURE,Others,Others,Weather,"WEATHER INFORMATION","Cloudy weather in your area and no chance of rain in your area",BIHAR,SAMASTIPUR,WARISNAGAR,2018-02-12T07:24:25Z
RABI,AGRICULTURE,Others,Others,Weather,"Weather information","Cloudy weather, rain is not likely.",BIHAR,SAMASTIPUR,WARISNAGAR,2018-02-12T07:26:51Z
RABI,AGRICULTURE,Others,Others,Weather,"WEATHER  INFORMATION","Cloudy weather tomorrow today and little chance of rain in your area.",BIHAR,SAMASTIPUR,WARISNAGAR,2018-02-12T07:28:41Z
RABI,AGRICULTURE,Others,Others,Weather,"Weather information","Cloudy weather, rain is not likely.",BIHAR,SAMASTIPUR,WARISNAGAR,2018-02-12T07:41:56Z
JAYAD,AGRICULTURE,Others,Others,Weather,"WEATHER INFORMATION","TODAY AND TOMORROW CHANCE OF RAIN IN YOUR AREA",BIHAR,SAMASTIPUR,WARISNAGAR,2018-02-12T07:46:24Z
JAYAD,AGRICULTURE,Others,Others,Weather,"WEATHER  INFORMATION","???? ???? ???? ????? ,?? ????? ???? ???? ??  ???????? ??",BIHAR,SAMASTIPUR,BIBHUTPUR,2018-02-12T09:23:41Z
RABI,AGRICULTURE,Others,Others,Weather,"Weather information","Hazy weather in your area ,no chance of rain",BIHAR,SAMASTIPUR,MORWA,2018-02-12T09:27:02Z
JAYAD,AGRICULTURE,Others,Others,Weather,"WEATHER  INFORMATION","Cloudy weather tomorrow today and little chance of rain in your area.",BIHAR,SAMASTIPUR,SAMASTIPUR,2018-02-12T10:00:03Z
RABI,AGRICULTURE,Others,Others,"Plant Protection","Yellowing of leaf","Spray mancozeb @ 2g/lit of water",BIHAR,SAMASTIPUR,KHANPUR,2018-02-12T10:05:24Z
RABI,AGRICULTURE,Others,Others,Weather,"Weather information","Cloudy weather, rain is not likely.",BIHAR,SAMASTIPUR,PATORI,2018-02-12T10:09:12Z
RABI,AGRICULTURE,Others,Others,Weather,"Weather information","Cloudy weather, rain is not likely.",BIHAR,SAMASTIPUR,PATORI,2018-02-12T10:10:31Z
RABI,AGRICULTURE,Others,Others,Weather,"WEATHER INFORMATION","No chance of rain in your area",BIHAR,SAMASTIPUR,UJIARPUR,2018-02-12T10:43:25Z
JAYAD,AGRICULTURE,Others,Others,Weather,"WEATHER INFORMATION","Cloudy weather in your area and no chance of rain in your area",BIHAR,SAMASTIPUR,DALSINGHSARAI,2018-02-12T10:45:36Z
RABI,AGRICULTURE,Others,Others,Weather,"Weather information","Today & tomorrow little chance of rain",BIHAR,SAMASTIPUR,SAMASTIPUR,2018-02-12T10:46:44Z
RABI,AGRICULTURE,Others,Others,Weather,"Weather information","Hazy weather in your area ,no chance of rain",BIHAR,SAMASTIPUR,WARISNAGAR,2018-02-12T11:01:57Z
JAYAD,AGRICULTURE,Others,Others,Weather,"WEATHER  INFORMATION","Cloudy weather tomorrow today and little chance of rain in your area.",BIHAR,SAMASTIPUR,KALYANPUR,2018-02-12T11:15:37Z
JAYAD,AGRICULTURE,Others,Others,Weather,"WEATHER  INFORMATION","Cloudy weather tomorrow today and little chance of rain in your area.",BIHAR,SAMASTIPUR,KALYANPUR,2018-02-12T11:23:11Z
RABI,AGRICULTURE,Others,Others,Weather,"WEATHER INFORMATION","Cloudy weather in your area and no chance of rain in your area",BIHAR,SAMASTIPUR,SAMASTIPUR,2018-02-12T11:38:52Z
RABI,AGRICULTURE,Others,Others,Weather,"Weather information","Cloudy weather, rain is not likely.",BIHAR,SAMASTIPUR,WARISNAGAR,2018-02-12T12:01:28Z
JAYAD,AGRICULTURE,Others,Others,Weather,"WEATHER  INFORMATION","Cloudy weather tomorrow today and little chance of rain in your area.",BIHAR,SAMASTIPUR,KALYANPUR,2018-02-12T12:11:16Z
RABI,AGRICULTURE,Others,Others,Weather,"WEATHER INFORMATION","chance of rain in your area",BIHAR,SAMASTIPUR,WARISNAGAR,2018-02-12T12:13:59Z
RABI,AGRICULTURE,Others,Others,Weather,"Weather information","Today & tomorrow little chance of rain",BIHAR,SAMASTIPUR,SARAIRANJAN,2018-02-12T12:39:10Z
JAYAD,AGRICULTURE,Others,Others,Weather,"WEATHER INFORMATION","TODAY AND TOMORROW CHANCE OF RAIN IN YOUR AREA",BIHAR,SAMASTIPUR,MORWA,2018-02-12T12:43:55Z
RABI,AGRICULTURE,Others,Others,Weather,"Weather information","Today & tomorrow little chance of rain",BIHAR,SAMASTIPUR,MORWA,2018-02-12T12:54:32Z
RABI,AGRICULTURE,Others,Others,Weather,"WEATHER INFORMATION","chance of rain in your area",BIHAR,SAMASTIPUR,DALSINGHSARAI,2018-02-12T12:57:33Z
JAYAD,AGRICULTURE,Others,Others,Weather,"FARTILIZER RICOMANDATION IN MAIZE","URIYA/ 1 KG / KATHA",BIHAR,SAMASTIPUR,SARAIRANJAN,2018-02-12T12:57:45Z
JAYAD,AGRICULTURE,Others,Others,Weather,"WEATHER INFORMATION","Cloudy weather in your area and no chance of rain in your area",BIHAR,SAMASTIPUR,WARISNAGAR,2018-02-12T12:58:02Z
RABI,AGRICULTURE,Others,Others,Weather,"WEATHER INFORMATION","chance of rain in your area",BIHAR,SAMASTIPUR,SAMASTIPUR,2018-02-12T13:20:51Z
RABI,AGRICULTURE,Others,Others,Weather,"Weather information","Hazy weather in your area ,no chance of rain",BIHAR,SAMASTIPUR,WARISNAGAR,2018-02-12T13:49:55Z
RABI,AGRICULTURE,Others,Others,Weather,"WEATHER INFORMATION","chance of rain in your area",BIHAR,SAMASTIPUR,WARISNAGAR,2018-02-12T14:18:31Z
RABI,AGRICULTURE,Others,Others,Weather,"WEATHER INFORMATION","chance of rain in your area",BIHAR,SAMASTIPUR,SAMASTIPUR,2018-02-12T14:44:37Z
RABI,AGRICULTURE,Others,Others,Weather,"WEATHER INFORMATION","chance of rain in your area",BIHAR,SAMASTIPUR,PUSA,2018-02-12T15:11:40Z
RABI,AGRICULTURE,Cereals,Wheat,Weather,"Weather information","Cloudy weather  today and tomorrow  no chance of  rain",BIHAR,SAMASTIPUR,PUSA,2018-02-12T15:13:55Z
RABI,AGRICULTURE,Cereals,Wheat,Weather,"Weather information","Cloudy weather  today and tomorrow  no chance of  rain",BIHAR,SAMASTIPUR,BITHAN,2018-02-12T16:26:47Z
RABI,AGRICULTURE,Others,Others,Weather,"WEATHER INFORMATION","chance of rain in your area",BIHAR,SAMASTIPUR,TAJPUR,2018-02-12T16:29:19Z
RABI,AGRICULTURE,Cereals,Wheat,Weather,"Weather information","Cloudy weather  today and tomorrow  no chance of  rain",BIHAR,SAMASTIPUR,PATORI,2018-02-12T16:32:36Z
RABI,AGRICULTURE,Others,Others,"Field Preparation","WEATHER INFORMATION","No chance of rain in your area",BIHAR,SAMASTIPUR,WARISNAGAR,2018-02-12T16:51:22Z
RABI,AGRICULTURE,Others,Others,"Field Preparation","WEATHER INFORMATION","No chance of rain in your area",BIHAR,SAMASTIPUR,WARISNAGAR,2018-02-12T17:03:03Z
RABI,HORTICULTURE,Vegetables,Chillies,"Cultural Practices","VARIETIES OF CHILLI","VARIETIES OF CHILLI--AGANI REKHA,KALYANPUR CHAMANN,KALYANPUR CHAMATKAR,BSS267,",BIHAR,SAMASTIPUR,TAJPUR,2018-02-12T17:37:06Z
RABI,HORTICULTURE,Vegetables,"Spine Gourd","Nutrient Management","NUTRIENT MANAGEMENT IN KUNHARI","SPRAY MULTIPLAX @ 2 G / LITRE PANI",BIHAR,SAMASTIPUR,TAJPUR,2018-02-12T17:41:04Z
RABI,AGRICULTURE,Others,Others,"Field Preparation","WEATHER INFORMATION","No chance of rain in your area",BIHAR,SAMASTIPUR,SINGHIA,2018-02-12T18:07:50Z
RABI,AGRICULTURE,Cereals,Wheat,Weather,"Weather information","Cloudy weather  today and tomorrow  no chance of  rain",BIHAR,SAMASTIPUR,UJIARPUR,2018-02-12T18:27:35Z
RABI,AGRICULTURE,Cereals,Wheat,Weather,"Weather information","Cloudy weather  today and tomorrow  no chance of  rain",BIHAR,SAMASTIPUR,SAMASTIPUR,2018-02-12T18:31:05Z
RABI,AGRICULTURE,Others,Others,"Sowing Time and Weather","weather information","today  chance of rain in your area",BIHAR,SAMASTIPUR,WARISNAGAR,2018-02-13T07:14:34Z
RABI,AGRICULTURE,Others,Others,"Sowing Time and Weather","Weather information","Today chance of rain in your area",BIHAR,SAMASTIPUR,WARISNAGAR,2018-02-13T07:29:52Z
RABI,AGRICULTURE,Others,Others,"Sowing Time and Weather","Weather information","today  chance of rain in your area",BIHAR,SAMASTIPUR,SARAIRANJAN,2018-02-13T07:45:16Z
RABI,AGRICULTURE,Others,Others,"Sowing Time and Weather","Weather information","today  chance of rain in your area",BIHAR,SAMASTIPUR,KALYANPUR,2018-02-13T07:53:12Z
JAYAD,AGRICULTURE,Others,Others,Weather,"WEATHER INFORMATION","TODAY CHANCE OF RAIN IN YOUR AREA",BIHAR,SAMASTIPUR,TAJPUR,2018-02-13T08:17:24Z
JAYAD,AGRICULTURE,Others,Others,Weather,"Weather information","????? ??? ???? ???? ??? ?????  ????? ???? ?? ???????? ??",BIHAR,SAMASTIPUR,WARISNAGAR,2018-02-13T08:21:24Z
JAYAD,AGRICULTURE,Others,Others,Weather,"WEATHER INFORMATION","TODAY CHANCE OF RAIN IN YOUR AREA",BIHAR,SAMASTIPUR,BITHAN,2018-02-13T08:32:24Z
JAYAD,AGRICULTURE,Others,Others,Weather,"Weather information","????? ??? ???? ???? ??? ?????  ????? ???? ?? ???????? ??",BIHAR,SAMASTIPUR,SARAIRANJAN,2018-02-13T08:49:36Z
JAYAD,AGRICULTURE,Others,Others,Weather,"WEATHER INFORMATION","TODAY CHANCE OF RAIN IN YOUR AREA",BIHAR,SAMASTIPUR,WARISNAGAR,2018-02-13T09:05:05Z
JAYAD,AGRICULTURE,Others,Others,Weather,"Weather information","????? ??? ???? ???? ??? ?????  ????? ???? ?? ???????? ??",BIHAR,SAMASTIPUR,WARISNAGAR,2018-02-13T09:46:19Z
RABI,AGRICULTURE,Others,Others,"Sowing Time and Weather","Weather information","today  chance of rain in your area",BIHAR,SAMASTIPUR,WARISNAGAR,2018-02-13T10:01:54Z
RABI,AGRICULTURE,Others,Others,"Sowing Time and Weather","Weather information","today  chance of rain in your area",BIHAR,SAMASTIPUR,TAJPUR,2018-02-13T10:15:46Z
JAYAD,HORTICULTURE,Vegetables,"White Yam","Cultural Practices","SOWING TIME OF WHITE YAM","FEBRUARY-MARCH IS SUITABLE TIME FOR SOWING",BIHAR,SAMASTIPUR,SARAIRANJAN,2018-02-13T11:44:36Z
JAYAD,AGRICULTURE,Others,Others,Weather,"WEATHER INFORMATION","TODAY CHANCE OF RAIN IN YOUR AREA",BIHAR,SAMASTIPUR,PUSA,2018-02-13T12:22:11Z
RABI,AGRICULTURE,Others,Others,"Sowing Time and Weather","Weather information","today  chance of rain in your area",BIHAR,SAMASTIPUR,SARAIRANJAN,2018-02-13T12:29:41Z
RABI,AGRICULTURE,Others,Others,"Field Preparation","Weather information","today  chance of rain in your area",BIHAR,SAMASTIPUR,WARISNAGAR,2018-02-13T12:52:18Z
RABI,AGRICULTURE,Others,Others,"Field Preparation","For farmer registration","For farmer registration: www.krishimis.in",BIHAR,SAMASTIPUR,TAJPUR,2018-02-13T12:56:56Z
RABI,AGRICULTURE,Others,Others,"Sowing Time and Weather","Weather information","today  chance of rain in your area",BIHAR,SAMASTIPUR,WARISNAGAR,2018-02-13T13:03:21Z
RABI,"ANIMAL HUSBANDRY",Animal,"Bovine(Cow,Buffalo)","Disease Management","loose motion problem in cow animal",NA,BIHAR,SAMASTIPUR,WARISNAGAR,2018-02-13T13:03:38Z
RABI,AGRICULTURE,Others,Others,"Field Preparation","For farmer registration","For farmer registration: www.krishimis.in",BIHAR,SAMASTIPUR,WARISNAGAR,2018-02-13T13:04:13Z
RABI,AGRICULTURE,Others,Others,"Field Preparation","For farmer registration","For farmer registration: www.krishimis.in",BIHAR,SAMASTIPUR,WARISNAGAR,2018-02-13T13:04:14Z
RABI,AGRICULTURE,Others,Others,Weather,"WEATHER  INFORMATION","There will be weather like change, and there is a possibility of drowsiness.",BIHAR,SAMASTIPUR,WARISNAGAR,2018-02-13T13:32:41Z
JAYAD,AGRICULTURE,Others,Others,Weather,"Weather information","????? ??? ???? ???? ??? ?????  ????? ???? ?? ???????? ??",BIHAR,SAMASTIPUR,"SHIVAJI NAGAR",2018-02-13T13:38:06Z
RABI,AGRICULTURE,Others,Others,"Field Preparation","For farmer registration","For farmer registration: www.krishimis.in",BIHAR,SAMASTIPUR,UJIARPUR,2018-02-13T13:45:44Z
JAYAD,AGRICULTURE,Others,Others,Weather,"WEATHER INFORMATION","TODAY CHANCE OF RAIN IN YOUR AREA",BIHAR,SAMASTIPUR,WARISNAGAR,2018-02-13T13:49:04Z
RABI,AGRICULTURE,Others,Others,Weather,"WEATHER INFORMATION","chance of rain in your area",BIHAR,SAMASTIPUR,WARISNAGAR,2018-02-13T14:02:26Z
RABI,AGRICULTURE,Others,Others,Weather,"WEATHER INFORMATION","chance of rain in your area",BIHAR,SAMASTIPUR,WARISNAGAR,2018-02-13T14:06:28Z
RABI,AGRICULTURE,Others,Others,Weather,"Weather information","Today & tomorrow little chance of rain",BIHAR,SAMASTIPUR,WARISNAGAR,2018-02-13T14:08:28Z
RABI,AGRICULTURE,Others,Others,"Field Preparation","WEATHER INFORMATION","TODAY AND TOMORROW CHANCE OF RAIN IN YOUR AREA",BIHAR,SAMASTIPUR,SAMASTIPUR,2018-02-13T14:20:31Z
RABI,AGRICULTURE,Others,Others,Weather,"Weather information","Hazy weather in your area ,no chance of rain",BIHAR,SAMASTIPUR,TAJPUR,2018-02-13T15:06:24Z
RABI,AGRICULTURE,Others,Others,Weather,"WEATHER INFORMATION","chance of rain in your area",BIHAR,SAMASTIPUR,TAJPUR,2018-02-13T15:50:16Z
RABI,AGRICULTURE,Others,Others,"Field Preparation","WEATHER INFORMATION","Cloudy weather in your area and no chance of rain in your area",BIHAR,SAMASTIPUR,PUSA,2018-02-13T16:46:00Z
RABI,AGRICULTURE,Others,Others,Weather,"WEATHER INFORMATION","chance of rain in your area",BIHAR,SAMASTIPUR,WARISNAGAR,2018-02-13T17:03:52Z
RABI,AGRICULTURE,Others,Others,"Field Preparation","WEATHER INFORMATION","Cloudy weather in your area and no chance of rain in your area",BIHAR,SAMASTIPUR,BIBHUTPUR,2018-02-13T18:56:03Z
RABI,AGRICULTURE,Others,Others,Weather,"Weather information","Hazy weather in your area ,no chance of rain",BIHAR,SAMASTIPUR,WARISNAGAR,2018-02-13T19:02:11Z
RABI,AGRICULTURE,Others,Others,"Field Preparation","WEATHER INFORMATION","Cloudy weather in your area and no chance of rain in your area",BIHAR,SAMASTIPUR,BIBHUTPUR,2018-02-13T19:10:02Z
RABI,AGRICULTURE,Cereals,Wheat,Weather,"Weather information","Cloudy weather  today and tomorrow  no chance of  rain",BIHAR,SAMASTIPUR,BIBHUTPUR,2018-02-13T20:30:59Z
RABI,AGRICULTURE,Others,Others,Weather,"Weather information","today no chance of rain in your area",BIHAR,SAMASTIPUR,SAMASTIPUR,2018-02-14T07:11:01Z
JAYAD,AGRICULTURE,Others,Others,Weather,"WEATHER INFORMATION","Cloudy weather in your area and no chance of rain in your area",BIHAR,SAMASTIPUR,TAJPUR,2018-02-14T07:33:20Z
JAYAD,AGRICULTURE,Others,Others,Weather,"WEATHER INFORMATION","Cloudy weather in your area and no chance of rain in your area",BIHAR,SAMASTIPUR,SARAIRANJAN,2018-02-14T07:54:17Z
JAYAD,HORTICULTURE,Fruits,Mango,Floriculture,"FLOWERING IN MANGO","Spray boomflower @ 2 ml in 1 litre of water",BIHAR,SAMASTIPUR,"SHIVAJI NAGAR",2018-02-14T08:43:14Z
RABI,AGRICULTURE,Others,Others,Weather,"weather information","No chance of rain in your area",BIHAR,SAMASTIPUR,SARAIRANJAN,2018-02-22T14:49:06Z
RABI,AGRICULTURE,Cereals,Wheat,Weather,"WEATHER INFORMATION","???? ??????? ??? ????? ???? ?? ??????? ???? ?? ",BIHAR,SAMASTIPUR,SAMASTIPUR,2018-02-22T16:33:51Z
RABI,AGRICULTURE,Cereals,Wheat,Weather,"WEATHER INFORMATION","???? ??????? ??? ????? ???? ?? ??????? ???? ?? ",BIHAR,SAMASTIPUR,TAJPUR,2018-02-22T17:25:21Z
RABI,AGRICULTURE,Others,Others,Weather,"weather information","No chance of rain in your area",BIHAR,SAMASTIPUR,KALYANPUR,2018-02-22T17:59:39Z
RABI,AGRICULTURE,Others,Others,Weather,"Weather information","NO CHANCE OF RAIN",BIHAR,SAMASTIPUR,SAMASTIPUR,2018-02-23T07:59:11Z
RABI,AGRICULTURE,Others,Others,Weather,"Weather information","Hazy weather in your area ,no chance of rain",BIHAR,SAMASTIPUR,TAJPUR,2018-02-23T09:06:14Z
JAYAD,AGRICULTURE,Others,Others,"Plant Protection","Insect problem in lichi","spray imidacoloroprid 1 ml / 3litre of water",BIHAR,SAMASTIPUR,SAMASTIPUR,2018-02-23T09:22:36Z
JAYAD,AGRICULTURE,Others,Others,Varieties,"HYBRID ROSE (Rosa hybrida)","Gladiator, Baby Pink, Sofia Lawrence, YCD 1, YCD 2, YCD 3 are commonly cultivated.",BIHAR,SAMASTIPUR,PUSA,2018-02-23T09:47:33Z
JAYAD,AGRICULTURE,Others,Others,Weather,"weather information","Sunny weather but no rain in your area.",BIHAR,SAMASTIPUR,WARISNAGAR,2018-02-23T10:23:03Z
RABI,HORTICULTURE,Vegetables,Bhindi(Okra/Ladysfinger),"Plant Protection","INSECT PROBLEM IN BHINDI","Spray malathion @ 2G/lit of water",BIHAR,SAMASTIPUR,ROSERA,2018-02-23T10:39:41Z
RABI,HORTICULTURE,Vegetables,"Amaranthus/Grain Amaranthus","Cultural Practices","SEED TREATMENT OF ELEPHANT FOOT YAM","AAP TRICHODERMAVIRIDI SE UPCHARIT KARE",BIHAR,SAMASTIPUR,MOHIUDDINAGAR,2018-02-23T11:32:50Z
RABI,AGRICULTURE,Others,Others,"Field Preparation","WEATHER INFORMATION","Today and tomorrow no chance of rain in your area.",BIHAR,SAMASTIPUR,WARISNAGAR,2018-02-23T15:57:55Z
RABI,AGRICULTURE,Others,Others,"Field Preparation","WEATHER INFORMATION","Today and tomorrow no chance of rain in your area.",BIHAR,SAMASTIPUR,WARISNAGAR,2018-02-23T16:38:53Z
RABI,AGRICULTURE,Others,Others,Weather,"WEATHER  INFORMATION","NO chance of rain in your area.",BIHAR,SAMASTIPUR,BIBHUTPUR,2018-02-23T18:22:44Z
RABI,AGRICULTURE,Others,Others,Weather,"WEATHER  INFORMATION","NO chance of rain in your area.",BIHAR,SAMASTIPUR,BIBHUTPUR,2018-02-23T18:46:35Z
JAYAD,AGRICULTURE,Others,Others,Weather,"Weather information","NO CHANCE OF RAIN IN YOUR AREA",BIHAR,SAMASTIPUR,SARAIRANJAN,2018-02-24T09:00:19Z
JAYAD,AGRICULTURE,Others,Others,Weather,"weather information","No chance of rain in your area",BIHAR,SAMASTIPUR,UJIARPUR,2018-02-24T09:05:43Z
JAYAD,AGRICULTURE,Others,Others,Weather,"Weather information","Cloudy weather, rain is not likely.",BIHAR,SAMASTIPUR,WARISNAGAR,2018-02-24T09:26:09Z
RABI,AGRICULTURE,Others,Others,"Sowing Time and Weather","WEATHER INFORMATION","FOGGY WEATHER WITH SUNSHINE",BIHAR,SAMASTIPUR,WARISNAGAR,2018-02-24T09:30:21Z
KHARIF,HORTICULTURE,Fruits,Mango,"Nutrient Management","spray in mango at flower emergence stage","spray planofix@ 1 ml per 5 liter water and copper oxychloride @ 2 gram per liter of water",BIHAR,SAMASTIPUR,KALYANPUR,2018-02-24T10:03:01Z
RABI,AGRICULTURE,Others,Others,Weather,"WEATHER INFORMATION","TODAY AND TOMORROW NO CHANCE OF RAIN IN YOUR AREA",BIHAR,SAMASTIPUR,KALYANPUR,2018-02-24T10:03:41Z
RABI,AGRICULTURE,Others,Others,Weather,"WEATHER INFORMATION","TODAY AND TOMORROW NO CHANCE OF RAIN IN YOUR AREA",BIHAR,SAMASTIPUR,SAMASTIPUR,2018-02-24T10:39:36Z
RABI,AGRICULTURE,Others,Others,Weather,"WEATHER INFORMATION","TODAY AND TOMORROW NO CHANCE OF RAIN IN YOUR AREA",BIHAR,SAMASTIPUR,KALYANPUR,2018-02-24T12:13:31Z
RABI,AGRICULTURE,Others,Others,Weather,"WEATHER INFORMATION","TODAY AND TOMORROW NO CHANCE OF RAIN IN YOUR AREA",BIHAR,SAMASTIPUR,SAMASTIPUR,2018-02-24T12:35:24Z
JAYAD,AGRICULTURE,Others,Others,Weather,"WEATHER  INFORMATION","Sunny weather but no rain in your area.",BIHAR,SAMASTIPUR,SAMASTIPUR,2018-02-24T12:40:10Z
RABI,AGRICULTURE,Others,Others,Weather,"WEATHER INFORMATION","Very low cloudy area but no chance of rain",BIHAR,SAMASTIPUR,KHANPUR,2018-02-24T13:07:27Z
RABI,AGRICULTURE,Others,Others,Weather,"WEATHER INFORMATION","TODAY AND TOMORROW NO CHANCE OF RAIN IN YOUR AREA",BIHAR,SAMASTIPUR,WARISNAGAR,2018-02-24T13:19:13Z
JAYAD,AGRICULTURE,Others,Others,Seeds,"VERITY OF CHILI","PUSA SADABAHAR, PUNJAB LAL",BIHAR,SAMASTIPUR,DALSINGHSARAI,2018-02-24T13:37:15Z
RABI,AGRICULTURE,Others,Others,Weather,"WEATHER INFORMATION","TODAY AND TOMORROW NO CHANCE OF RAIN IN YOUR AREA",BIHAR,SAMASTIPUR,PATORI,2018-02-24T13:46:20Z
RABI,AGRICULTURE,Others,Others,Weather,"WEATHER INFORMATION","TODAY AND TOMORROW NO CHANCE OF RAIN IN YOUR AREA",BIHAR,SAMASTIPUR,UJIARPUR,2018-02-24T13:47:26Z
RABI,AGRICULTURE,Others,Others,Weather,"WEATHER INFORMATION","Hazy sunshine no chance of rain in your area.",BIHAR,SAMASTIPUR,TAJPUR,2018-02-24T17:01:08Z
RABI,AGRICULTURE,Others,Others,Weather,"WEATHER INFORMATION","Hazy sunshine no chance of rain in your area.",BIHAR,SAMASTIPUR,BIBHUTPUR,2018-02-24T18:20:40Z
RABI,AGRICULTURE,Others,Others,"Field Preparation","WEATHER INFORMATION","TODAY AND TOMORROW NO CHANCE OF RAIN IN YOUR AREA",BIHAR,SAMASTIPUR,SAMASTIPUR,2018-02-24T18:58:46Z
RABI,AGRICULTURE,Others,Others,Weather,"WEATHER INFORMATION","Hazy sunshine no chance of rain in your area.",BIHAR,SAMASTIPUR,PUSA,2018-02-24T21:53:19Z
JAYAD,AGRICULTURE,Others,Others,Weather,"WEATHER INFORMATION","No chance of rain in your area",BIHAR,SAMASTIPUR,UJIARPUR,2018-02-25T06:36:41Z
JAYAD,AGRICULTURE,Others,Others,Weather,"WEATHER INFORMATION","No chance of rain in your area",BIHAR,SAMASTIPUR,UJIARPUR,2018-02-25T06:38:11Z
JAYAD,AGRICULTURE,Others,Others,Weather,"WEATHER INFORMATION","No chance of rain in your area",BIHAR,SAMASTIPUR,UJIARPUR,2018-02-25T06:38:29Z
RABI,AGRICULTURE,Others,Others,Weather,"Weather information","????? ??? ???? ???? ??? ?????  ????? ???? ?? ???????? ??",BIHAR,SAMASTIPUR,SARAIRANJAN,2018-02-25T08:29:06Z
JAYAD,AGRICULTURE,Others,Others,Weather,"WEATHER INFORMATION","No chance of rain in your area",BIHAR,SAMASTIPUR,KALYANPUR,2018-02-25T09:40:43Z
RABI,AGRICULTURE,Others,Others,Weather,"WEATHER INFORMATION","chance of rain in your area",BIHAR,SAMASTIPUR,UJIARPUR,2018-02-25T10:43:31Z
RABI,AGRICULTURE,Others,Others,Weather,"WEATHER INFORMATION","chance of rain in your area",BIHAR,SAMASTIPUR,SARAIRANJAN,2018-02-25T10:55:25Z
RABI,AGRICULTURE,Others,Others,"Sowing Time and Weather","WEATHER INFORMATION","HAZY WEATHER",BIHAR,SAMASTIPUR,WARISNAGAR,2018-02-25T11:10:57Z
RABI,AGRICULTURE,Others,Others,"Sowing Time and Weather","WEATHER INFORMATION","HAZY WEATHER",BIHAR,SAMASTIPUR,KALYANPUR,2018-02-25T11:12:26Z
RABI,AGRICULTURE,Others,Others,Weather,"WEATHER INFORMATION","chance of rain in your area",BIHAR,SAMASTIPUR,SAMASTIPUR,2018-02-25T11:12:48Z
RABI,AGRICULTURE,Others,Others,Weather,"WEATHER INFORMATION","chance of rain in your area",BIHAR,SAMASTIPUR,WARISNAGAR,2018-02-25T11:51:15Z
RABI,AGRICULTURE,Others,Others,Weather,"WEATHER INFORMATION","Heavy Cloudy weather in your area, chance of rain in your area",BIHAR,SAMASTIPUR,PUSA,2018-02-25T12:28:40Z
RABI,AGRICULTURE,Others,Others,Weather,"WEATHER INFORMATION","Heavy Cloudy weather in your area, chance of rain in your area",BIHAR,SAMASTIPUR,SAMASTIPUR,2018-02-25T12:33:25Z
RABI,AGRICULTURE,Cereals,Wheat,Weather,"Weather information","????  ??? ????? ??? ???? ??? ?????",BIHAR,SAMASTIPUR,WARISNAGAR,2018-02-25T12:38:36Z
RABI,AGRICULTURE,Others,Others,Weather,"WEATHER INFORMATION","Heavy Cloudy weather in your area, chance of rain in your area",BIHAR,SAMASTIPUR,KALYANPUR,2018-02-25T13:40:52Z
RABI,AGRICULTURE,Cereals,Wheat,Weather,"Weather information","????  ??? ????? ??? ???? ??? ?????",BIHAR,SAMASTIPUR,WARISNAGAR,2018-02-25T13:49:32Z
RABI,AGRICULTURE,Cereals,Wheat,Weather,"Weather information","????  ??? ????? ??? ???? ??? ?????",BIHAR,SAMASTIPUR,WARISNAGAR,2018-02-25T13:49:33Z
KHARIF,AGRICULTURE,Cereals,Wheat,Weather,"Weather information","????  ??? ????? ??? ???? ??? ?????",BIHAR,SAMASTIPUR,KALYANPUR,2018-02-25T13:57:14Z
RABI,AGRICULTURE,Others,Others,"Sowing Time and Weather","WEATHER INFORMATION","HAZY WEATHER",BIHAR,SAMASTIPUR,SAMASTIPUR,2018-02-25T13:57:55Z
RABI,AGRICULTURE,Others,Others,"Sowing Time and Weather","WEATHER INFORMATION","Hazy sunshine with a thunderstorm",BIHAR,SAMASTIPUR,SAMASTIPUR,2018-02-25T14:10:34Z
JAYAD,AGRICULTURE,Others,Others,Weather,"WEATHER INFORMATION","CHANCE OF RAIN IN YOUR AREA",BIHAR,SAMASTIPUR,UJIARPUR,2018-02-25T14:12:23Z
RABI,AGRICULTURE,Others,Others,"Weed Management","WEATHER INFORMATION","Heavy Cloudy weather in your area, chance of rain in your area",BIHAR,SAMASTIPUR,SARAIRANJAN,2018-02-25T14:16:34Z
RABI,AGRICULTURE,Others,Others,"Field Preparation","WEATHER INFORMATION","TODAY AND TOMORROW NO CHANCE OF RAIN IN YOUR AREA",BIHAR,SAMASTIPUR,SAMASTIPUR,2018-02-25T14:37:52Z
RABI,AGRICULTURE,Others,Others,Weather,"WEATHER INFORMATION","Heavy Cloudy weather in your area, chance of rain in your area",BIHAR,SAMASTIPUR,KALYANPUR,2018-02-25T15:46:14Z
RABI,AGRICULTURE,Others,Others,"Field Preparation","WEATHER INFORMATION","TODAY AND TOMORROW NO CHANCE OF RAIN IN YOUR AREA",BIHAR,SAMASTIPUR,PUSA,2018-02-25T16:01:48Z
JAYAD,AGRICULTURE,Others,Others,Weather,"WEATHER INFORMATION","CHANCE OF RAIN IN YOUR AREA",BIHAR,SAMASTIPUR,WARISNAGAR,2018-02-25T16:05:27Z
RABI,AGRICULTURE,Others,Others,"Field Preparation","TODAY AND TOMORROW NO CHANCE OF RAIN IN YOUR AREA","TODAY AND TOMORROW NO CHANCE OF RAIN IN YOUR AREA",BIHAR,SAMASTIPUR,PUSA,2018-02-25T16:24:50Z
JAYAD,AGRICULTURE,Others,Others,Weather,"WEATHER INFORMATION","????? ???  ???? ??????? ??? ?? ?? ?? ????? ???? ?? ???????  ??",BIHAR,SAMASTIPUR,WARISNAGAR,2018-02-25T16:53:08Z
JAYAD,AGRICULTURE,Others,Others,Weather,"WEATHER INFORMATION","CHANCE OF RAIN IN YOUR AREA",BIHAR,SAMASTIPUR,MORWA,2018-02-25T17:00:33Z
RABI,AGRICULTURE,Cereals,Wheat,Weather,"Weather information","????  ??? ????? ??? ???? ??? ?????",BIHAR,SAMASTIPUR,UJIARPUR,2018-02-25T17:40:33Z
RABI,AGRICULTURE,Cereals,Wheat,Weather,"Weather information","????  ??? ????? ??? ???? ??? ?????",BIHAR,SAMASTIPUR,UJIARPUR,2018-02-25T17:40:34Z
RABI,AGRICULTURE,Others,Others,"Field Preparation","WEATHER INFORMATION","TODAY AND TOMORROW NO CHANCE OF RAIN IN YOUR AREA",BIHAR,SAMASTIPUR,WARISNAGAR,2018-02-25T17:56:33Z
JAYAD,AGRICULTURE,Others,Others,Weather,"WEATHER INFORMATION","????? ???  ???? ??????? ??? ?? ?? ?? ????? ???? ?? ???????  ??",BIHAR,SAMASTIPUR,BIBHUTPUR,2018-02-25T18:14:01Z
JAYAD,AGRICULTURE,Others,Others,Weather,"WEATHER INFORMATION","????? ???  ???? ??????? ??? ?? ?? ?? ????? ???? ?? ???????  ??",BIHAR,SAMASTIPUR,SAMASTIPUR,2018-02-25T18:22:28Z
RABI,AGRICULTURE,Others,Others,"Field Preparation",Insecticide,"Spray imidachloprid @ 1ml/3 lit of water",BIHAR,SAMASTIPUR,BIBHUTPUR,2018-02-25T18:50:53Z
RABI,AGRICULTURE,Others,Others,"Field Preparation",NUTRIENT,"SPRAY PLANOFIX 1 ML/5LITRE OF WATER",BIHAR,SAMASTIPUR,BIBHUTPUR,2018-02-25T18:52:53Z
RABI,AGRICULTURE,Others,Others,"Field Preparation",NUTRIENT,"SPRAY PLANOFIX 1 ML/5LITRE OF WATER",BIHAR,SAMASTIPUR,BIBHUTPUR,2018-02-25T18:55:13Z
RABI,AGRICULTURE,Others,Others,"Field Preparation","WEATHER INFORMATION","TODAY AND TOMORROW NO CHANCE OF RAIN IN YOUR AREA",BIHAR,SAMASTIPUR,KALYANPUR,2018-02-25T18:59:30Z
JAYAD,AGRICULTURE,Others,Others,Weather,"WEATHER INFORMATION","????? ???  ???? ??????? ??? ?? ?? ?? ????? ???? ?? ???????  ??",BIHAR,SAMASTIPUR,WARISNAGAR,2018-02-25T19:02:35Z
JAYAD,AGRICULTURE,Others,Others,Weather,"WEATHER INFORMATION","CHANCE OF RAIN IN YOUR AREA",BIHAR,SAMASTIPUR,KHANPUR,2018-02-25T19:08:16Z
JAYAD,AGRICULTURE,Others,Others,Weather,"WEATHER INFORMATION","CHANCE OF RAIN IN YOUR AREA",BIHAR,SAMASTIPUR,WARISNAGAR,2018-02-25T19:26:12Z
RABI,AGRICULTURE,Others,Others,"Field Preparation","WEATHER INFORMATION","TODAY AND TOMORROW NO CHANCE OF RAIN IN YOUR AREA",BIHAR,SAMASTIPUR,KHANPUR,2018-02-25T19:35:55Z
RABI,AGRICULTURE,Others,Others,"Field Preparation","WEATHER INFORMATION","TODAY AND TOMORROW NO CHANCE OF RAIN IN YOUR AREA",BIHAR,SAMASTIPUR,KHANPUR,2018-02-25T19:43:16Z
JAYAD,AGRICULTURE,Others,Others,Weather,"WEATHER  INFORMATION","???? ???? ???? ????? ,?? ????? ???? ???? ??  ???????? ??",BIHAR,SAMASTIPUR,SARAIRANJAN,2018-02-26T07:02:38Z
RABI,AGRICULTURE,Others,Others,Weather,"Weather information","Hazy weather in your area ,no chance of rain",BIHAR,SAMASTIPUR,TAJPUR,2018-02-26T07:26:10Z
RABI,AGRICULTURE,Others,Others,Weather,"Weather information","Hazy weather in your area ,no chance of rain",BIHAR,SAMASTIPUR,SARAIRANJAN,2018-02-26T07:30:08Z
RABI,AGRICULTURE,Cereals,Wheat,Weather,"Weather information","????  ??? ????? ??? ???? ??? ?????",BIHAR,SAMASTIPUR,MORWA,2018-02-26T07:49:48Z
JAYAD,AGRICULTURE,Others,Others,Weather,"WEATHER INFORMATION","Cloudy weather in your area and no chance of rain in your area",BIHAR,SAMASTIPUR,SARAIRANJAN,2018-02-26T07:58:38Z
JAYAD,AGRICULTURE,Others,Others,Weather,"WEATHER INFORMATION","TODAY AND TOMORROW NO CHANCE OF RAIN IN YOUR AREA",BIHAR,SAMASTIPUR,TAJPUR,2018-02-26T08:23:45Z
RABI,AGRICULTURE,Cereals,Wheat,Weather,"Weather  information","????  ??? ????? ??? ???? ??? ?????",BIHAR,SAMASTIPUR,KALYANPUR,2018-02-26T08:38:11Z
RABI,AGRICULTURE,Cereals,Wheat,Weather,"Weather  information","????  ??? ????? ??? ???? ??? ?????",BIHAR,SAMASTIPUR,KALYANPUR,2018-02-26T08:38:12Z
RABI,AGRICULTURE,Others,Others,Weather,"Weather information","Hazy weather in your area ,no chance of rain",BIHAR,SAMASTIPUR,WARISNAGAR,2018-02-26T09:36:53Z
RABI,AGRICULTURE,Others,Others,Weather,"Weather information","Hazy weather in your area ,no chance of rain",BIHAR,SAMASTIPUR,WARISNAGAR,2018-02-26T09:38:15Z
RABI,AGRICULTURE,Others,Others,Weather,"Weather information","Hazy weather in your area ,no chance of rain",BIHAR,SAMASTIPUR,KALYANPUR,2018-02-26T09:41:06Z
JAYAD,AGRICULTURE,Others,Others,Weather,"WEATHER INFORMATION","Cloudy weather in your area and no chance of rain in your area",BIHAR,SAMASTIPUR,SAMASTIPUR,2018-02-26T09:41:58Z
JAYAD,AGRICULTURE,Others,Others,Weather,"WEATHER  INFORMATION","???? ???? ???? ????? ,?? ????? ???? ???? ??  ???????? ??",BIHAR,SAMASTIPUR,SAMASTIPUR,2018-02-26T09:47:44Z
JAYAD,AGRICULTURE,Others,Others,Weather,"WEATHER  INFORMATION","?? ?? ?? ???? ??????? ??? ????? ?? ???????  ??? ??",BIHAR,SAMASTIPUR,WARISNAGAR,2018-02-26T10:31:14Z
JAYAD,AGRICULTURE,Others,Others,Weather,"WEATHER INFORMATION","Cloudy weather in your area and no chance of rain in your area",BIHAR,SAMASTIPUR,SARAIRANJAN,2018-02-26T10:36:14Z
RABI,AGRICULTURE,Others,Others,Weather,"Weather information","Hazy weather in your area ,no chance of rain",BIHAR,SAMASTIPUR,UJIARPUR,2018-02-26T10:42:20Z
RABI,AGRICULTURE,Cereals,Wheat,Weather,"WEATHER INFORMATION","????  ????  ????? ,?????? ?????     Hazy  weather  ,rain is not likely",BIHAR,SAMASTIPUR,MORWA,2018-02-26T10:52:33Z
RABI,AGRICULTURE,Others,Others,"Field Preparation","weather information","CLOUDY WEATHER BUT NO CHANCE OF RAIN",BIHAR,SAMASTIPUR,WARISNAGAR,2018-02-26T11:28:07Z
JAYAD,HORTICULTURE,Vegetables,Cauliflower,"Water Management, Micro Irrigation","IRRIGATION IN CAULIFLOWER","IRRIGATION SHOULD DONE ONCE IN A WEEK OF JANUARY AND FEBRUARY",BIHAR,SAMASTIPUR,BIBHUTPUR,2018-02-26T11:29:09Z
RABI,AGRICULTURE,Others,Others,Weather,"Weather information","Hazy weather in your area ,no chance of rain",BIHAR,SAMASTIPUR,WARISNAGAR,2018-02-26T11:47:05Z
RABI,HORTICULTURE,Vegetables,Brinjal,"Plant Protection","Brown leaf hopper","Spray with dimethoate 0.3%",BIHAR,SAMASTIPUR,WARISNAGAR,2018-02-26T11:56:00Z
RABI,AGRICULTURE,Others,Others,"Field Preparation","Pest attack","spray imidacoloroprid 1 ml / 3litre of water",BIHAR,SAMASTIPUR,HASANPUR,2018-02-26T11:59:20Z
RABI,AGRICULTURE,Cereals,Wheat,Weather,"WEATHER INFORMATION","Heavy Cloudy weather in your area, no chance of rain in your area",BIHAR,SAMASTIPUR,KALYANPUR,2018-02-26T12:25:50Z
JAYAD,AGRICULTURE,Others,Others,Weather,"WEATHER  INFORMATION","???? ???? ???? ????? ,?? ????? ???? ???? ??  ???????? ??",BIHAR,SAMASTIPUR,TAJPUR,2018-02-26T12:33:22Z
JAYAD,AGRICULTURE,Others,Others,Weather,"WEATHER INFORMATION","no chance of rain in your area",BIHAR,SAMASTIPUR,WARISNAGAR,2018-02-26T12:42:00Z
JAYAD,AGRICULTURE,Others,Others,Weather,"WEATHER  INFORMATION","???? ???? ???? ????? ,?? ????? ???? ???? ??  ???????? ??",BIHAR,SAMASTIPUR,DALSINGHSARAI,2018-02-26T12:53:49Z
RABI,AGRICULTURE,Others,Others,"Field Preparation","weather information","CLOUDY WEATHER BUT NO CHANCE OF RAIN",BIHAR,SAMASTIPUR,DALSINGHSARAI,2018-02-26T13:08:19Z
JAYAD,AGRICULTURE,Others,Others,Weather,"WEATHER  INFORMATION","???? ???? ???? ????? ,?? ????? ???? ???? ??  ???????? ??",BIHAR,SAMASTIPUR,WARISNAGAR,2018-02-26T13:12:50Z
RABI,AGRICULTURE,Cereals,Wheat,Weather,"WEATHER INFORMATION","????  ????  ????? ,?????? ?????     Hazy  weather  ,rain is not likely",BIHAR,SAMASTIPUR,WARISNAGAR,2018-02-26T14:04:33Z
JAYAD,AGRICULTURE,Others,Others,Weather,"WEATHER INFORMATION","Cloudy weather, rain is not possible",BIHAR,SAMASTIPUR,KHANPUR,2018-02-26T14:11:05Z
JAYAD,AGRICULTURE,Others,Others,Weather,"WEATHER INFORMATION","no chance of rain in your area",BIHAR,SAMASTIPUR,HASANPUR,2018-02-26T14:16:48Z
JAYAD,AGRICULTURE,Others,Others,Weather,"WEATHER INFORMATION","Cloudy weather, rain is not possible",BIHAR,SAMASTIPUR,WARISNAGAR,2018-02-26T17:13:10Z
JAYAD,AGRICULTURE,Others,Others,Weather,"WEATHER INFORMATION","Cloudy weather, rain is not possible",BIHAR,SAMASTIPUR,WARISNAGAR,2018-02-26T17:13:23Z
JAYAD,AGRICULTURE,Others,Others,Weather,"WEATHER INFORMATION","Cloudy weather, rain is not possible",BIHAR,SAMASTIPUR,WARISNAGAR,2018-02-26T17:13:39Z
RABI,AGRICULTURE,Cereals,Wheat,Weather,"weather information","Sunny weather but no rain in your area",BIHAR,SAMASTIPUR,WARISNAGAR,2018-02-26T17:58:38Z
JAYAD,AGRICULTURE,Others,Others,Weather,"WEATHER INFORMATION","Cloudy weather, rain is not possible",BIHAR,SAMASTIPUR,TAJPUR,2018-02-26T18:12:10Z
JAYAD,AGRICULTURE,Others,Others,Weather,"WEATHER INFORMATION","Cloudy weather, rain is not possible",BIHAR,SAMASTIPUR,TAJPUR,2018-02-26T18:12:30Z
JAYAD,AGRICULTURE,Others,Others,Weather,"WEATHER INFORMATION","Cloudy weather, rain is not possible",BIHAR,SAMASTIPUR,TAJPUR,2018-02-26T18:12:45Z
JAYAD,AGRICULTURE,Others,Others,Weather,"WEATHER INFORMATION","Cloudy weather, rain is not possible",BIHAR,SAMASTIPUR,TAJPUR,2018-02-26T18:13:15Z
JAYAD,AGRICULTURE,Others,Others,Weather,"WEATHER INFORMATION","Cloudy weather, rain is not possible",BIHAR,SAMASTIPUR,TAJPUR,2018-02-26T18:13:30Z
RABI,AGRICULTURE,Cereals,Wheat,Weather,"weather information","????? ???? ???? ?????",BIHAR,SAMASTIPUR,WARISNAGAR,2018-02-26T18:21:43Z
JAYAD,AGRICULTURE,Others,Others,Weather,"WEATHER INFORMATION","Cloudy weather, rain is not possible",BIHAR,SAMASTIPUR,WARISNAGAR,2018-02-26T18:38:16Z
RABI,AGRICULTURE,Others,Others,"Field Preparation","WEATHER INFORMATION","Today and tomorrow cloudy weather but no chance of rain in your area.",BIHAR,SAMASTIPUR,SARAIRANJAN,2018-02-27T07:26:37Z
RABI,AGRICULTURE,Others,Others,"Field Preparation","WEATHER INFORMATION","Today and tomorrow cloudy weather but no chance of rain in your area.",BIHAR,SAMASTIPUR,SARAIRANJAN,2018-02-27T07:29:39Z
RABI,AGRICULTURE,Others,Others,"Field Preparation","WEATHER INFORMATION","Today and tomorrow cloudy weather but no chance of rain in your area.",BIHAR,SAMASTIPUR,TAJPUR,2018-02-27T07:40:06Z
JAYAD,AGRICULTURE,Others,Others,Weather,"WEATHER INFORMATION","Cloudy weather in your area and no chance of rain in your area",BIHAR,SAMASTIPUR,KHANPUR,2018-02-27T08:40:54Z
JAYAD,AGRICULTURE,Others,Others,Weather,"WEATHER INFORMATION","???? ??? ?????? ? ?????  ????  ??  ????????  ??",BIHAR,SAMASTIPUR,TAJPUR,2018-02-27T08:44:28Z
RABI,AGRICULTURE,Others,Others,Weather,"Weather  information","????? ??? ???? ???? ??? ?????  ????? ???? ?? ???????? ??",BIHAR,SAMASTIPUR,UJIARPUR,2018-02-27T09:16:03Z
JAYAD,AGRICULTURE,Others,Others,Weather,"WEATHER INFORMATION","Cloudy weather in your area and no chance of rain in your area",BIHAR,SAMASTIPUR,KALYANPUR,2018-02-27T09:22:25Z
JAYAD,AGRICULTURE,Others,Others,Weather,"WEATHER INFORMATION","???? ??? ?????? ,?????  ????  ??  ????????  ????  ??",BIHAR,SAMASTIPUR,WARISNAGAR,2018-02-27T09:37:25Z
RABI,AGRICULTURE,Others,Others,Weather,"weather information","21 C 
RealFeel 23

Hazy sunshine
  


See Hourly

> 




Today

Feb 27



30 Hi 
RealFeel 32

Hazy sunshine
 More  



Tonight

Feb 27



16 Lo 
RealFeel 16

Hazy
 More  



Tomorrow

Feb 28



31 Hi 
RealFeel 33

Hazy",BIHAR,SAMASTIPUR,WARISNAGAR,2018-02-27T09:38:40Z
RABI,AGRICULTURE,Others,Others,"Field Preparation","WEATHER INFORMATION","Today and tomorrow cloudy weather but no chance of rain in your area.",BIHAR,SAMASTIPUR,SAMASTIPUR,2018-02-27T09:44:30Z
RABI,AGRICULTURE,Others,Others,"Field Preparation","WEATHER INFORMATION","Today and tomorrow cloudy weather but no chance of rain in your area.",BIHAR,SAMASTIPUR,SAMASTIPUR,2018-02-27T09:45:46Z
RABI,AGRICULTURE,Others,Others,"Field Preparation","WEATHER INFORMATION","Today and tomorrow cloudy weather but no chance of rain in your area.",BIHAR,SAMASTIPUR,SARAIRANJAN,2018-02-27T11:48:01Z
JAYAD,AGRICULTURE,Others,Others,Weather,"WEATHER INFORMATION","Cloudy weather in your area, but no chance of rain in your area",BIHAR,SAMASTIPUR,PUSA,2018-02-27T11:57:33Z
RABI,HORTICULTURE,Fruits,Mango,"Cultural Practices","washing of mango tree","spray imidacoloroprid 1 ml / 3litre of water,Spray Planofix @ 1 ml in 5 liter of water,Spray CARBENDAZYM @ 2g/litre  water sab mix kar spray kare",BIHAR,SAMASTIPUR,"SHIVAJI NAGAR",2018-02-27T12:27:22Z
RABI,AGRICULTURE,Others,Others,Weather,"WEATHER INFORMATION","Very low cloudy area but no chance of rain",BIHAR,SAMASTIPUR,SARAIRANJAN,2018-02-27T12:33:02Z
KHARIF,HORTICULTURE,Fruits,Mango,"Plant Protection","BLACKNING OF STEM","SPRAY CARBENDAZIM @ 1 GRAM/LITER WATER",BIHAR,SAMASTIPUR,SARAIRANJAN,2018-02-27T13:06:43Z
RABI,AGRICULTURE,Oilseeds,Mustard,"Plant Protection","aphid insect problem in musatrd","Spray malathion @ 2 gram in 1 liter of water",BIHAR,SAMASTIPUR,MOHIUDDINAGAR,2018-02-27T13:52:56Z
JAYAD,AGRICULTURE,Others,Others,Weather,"WEATHER INFORMATION","Cloudy weather in your area, but no chance of rain in your area",BIHAR,SAMASTIPUR,DALSINGHSARAI,2018-02-27T14:37:22Z
JAYAD,AGRICULTURE,Others,Others,Weather,"WEATHER INFORMATION","Cloudy weather in your area, but no chance of rain in your area",BIHAR,SAMASTIPUR,WARISNAGAR,2018-02-27T14:52:32Z
JAYAD,AGRICULTURE,Others,Others,Weather,"WEATHER INFORMATION","Cloudy weather in your area, but no chance of rain in your area",BIHAR,SAMASTIPUR,TAJPUR,2018-02-27T14:58:35Z
JAYAD,AGRICULTURE,Others,Others,Weather,"WEATHER  INFORMATION","Cloudy weather but no rain in your area.",BIHAR,SAMASTIPUR,PUSA,2018-02-27T16:01:15Z
KHARIF,AGRICULTURE,Others,Others,Weather,WEATHER,"NO RAIN",BIHAR,SAMASTIPUR,PUSA,2018-02-27T16:31:56Z
RABI,AGRICULTURE,Cereals,Wheat,Weather,"WEATHER INFORMATION","???? ??????? ??? ????? ???? ?? ??????? ???? ?? ",BIHAR,SAMASTIPUR,SAMASTIPUR,2018-02-27T16:42:57Z
JAYAD,AGRICULTURE,Others,Others,Weather,"WEATHER INFORMATION","Cloudy weather in your area, but no chance of rain in your area",BIHAR,SAMASTIPUR,WARISNAGAR,2018-02-27T17:22:22Z
JAYAD,AGRICULTURE,Others,Others,Weather,"WEATHER  INFORMATION","Cloudy weather but no rain in your area.",BIHAR,SAMASTIPUR,SARAIRANJAN,2018-02-27T17:46:19Z
JAYAD,AGRICULTURE,Others,Others,Weather,"WEATHER  INFORMATION","Cloudy weather but no rain in your area.",BIHAR,SAMASTIPUR,SARAIRANJAN,2018-02-27T17:53:37Z
JAYAD,AGRICULTURE,Others,Others,Weather,"WEATHER  INFORMATION","Cloudy weather but no rain in your area.",BIHAR,SAMASTIPUR,SARAIRANJAN,2018-02-27T18:33:21Z
RABI,AGRICULTURE,Others,Others,Weather,"WEATHER INFORMATION","no chance of rain in your area",BIHAR,SAMASTIPUR,WARISNAGAR,2018-02-28T10:13:38Z
RABI,AGRICULTURE,Others,Others,"Field Preparation","WEATHER INFORMATION","Cloudy weather, rain is not likely.",BIHAR,SAMASTIPUR,SARAIRANJAN,2018-02-28T11:10:43Z
RABI,AGRICULTURE,Others,Others,"Field Preparation","WEATHER INFORMATION","Cloudy weather, rain is not likely.",BIHAR,SAMASTIPUR,SARAIRANJAN,2018-02-28T11:13:53Z
RABI,AGRICULTURE,Others,Others,"Field Preparation","WEATHER INFORMATION","Cloudy weather, rain is not likely.",BIHAR,SAMASTIPUR,WARISNAGAR,2018-02-28T11:26:23Z
JAYAD,AGRICULTURE,Others,Others,Weather,"Weather  information","Cloudy weather  today and tomorrow  no chance of  rain",BIHAR,SAMASTIPUR,PUSA,2018-02-28T11:50:22Z
RABI,AGRICULTURE,Others,Others,Weather,"WEATHER INFORMATION","Very low cloudy area but no chance of rain",BIHAR,SAMASTIPUR,DALSINGHSARAI,2018-02-28T12:16:38Z
RABI,AGRICULTURE,Others,Others,"Field Preparation","WEATHER INFORMATION","Cloudy weather, rain is not likely.",BIHAR,SAMASTIPUR,BITHAN,2018-02-28T12:20:50Z
JAYAD,AGRICULTURE,Others,Others,Weather,"Weather  information","Cloudy weather  today and tomorrow  no chance of  rain",BIHAR,SAMASTIPUR,UJIARPUR,2018-02-28T12:21:28Z
JAYAD,AGRICULTURE,Others,Others,Weather,"Weather  information","Cloudy weather  today and tomorrow  no chance of  rain",BIHAR,SAMASTIPUR,SARAIRANJAN,2018-02-28T12:28:57Z
JAYAD,AGRICULTURE,Others,Others,Weather,"WEATHER INFORMATION","no chance of rain in your area",BIHAR,SAMASTIPUR,SARAIRANJAN,2018-02-28T13:01:18Z
RABI,AGRICULTURE,Others,Others,"Field Preparation","WEATHER INFORMATION","Cloudy weather, rain is not likely.",BIHAR,SAMASTIPUR,WARISNAGAR,2018-02-28T13:05:57Z
JAYAD,AGRICULTURE,Others,Others,Weather,"WEATHER INFORMATION","No chance of rain in your area",BIHAR,SAMASTIPUR,SARAIRANJAN,2018-02-28T13:06:21Z
RABI,AGRICULTURE,Others,Others,Weather,"WEATHER INFORMATION","Very low cloudy area but no chance of rain",BIHAR,SAMASTIPUR,UJIARPUR,2018-02-28T13:06:44Z
JAYAD,AGRICULTURE,Others,Others,Weather,"Weather  information","Cloudy weather  today and tomorrow  no chance of  rain",BIHAR,SAMASTIPUR,WARISNAGAR,2018-02-28T13:07:27Z
RABI,AGRICULTURE,Others,Others,Weather,"WEATHER INFORMATION","Cloudy weather, rain is not likely.",BIHAR,SAMASTIPUR,SARAIRANJAN,2018-02-28T13:10:35Z
RABI,AGRICULTURE,Cereals,Wheat,Weather,"WEATHER  INFORMATION","Sunny weather but no rain in your area.",BIHAR,SAMASTIPUR,WARISNAGAR,2018-02-28T13:52:48Z
RABI,AGRICULTURE,Others,Others,Weather,"Weather information","Cloudy weather, rain is not likely.",BIHAR,SAMASTIPUR,KALYANPUR,2018-02-28T14:11:13Z
JAYAD,AGRICULTURE,Cereals,Wheat,"Water Management","IRRIGATION IN WHEAT","NO IRRIGATION AT FLOWERING STAGE",BIHAR,SAMASTIPUR,UJIARPUR,2018-02-28T14:20:28Z
JAYAD,AGRICULTURE,Others,Others,Weather,"WEATHER INFORMATION","no chance of rain in your area",BIHAR,SAMASTIPUR,WARISNAGAR,2018-02-28T16:59:51Z
RABI,HORTICULTURE,Vegetables,Brinjal,"Plant Protection","Shoot and fruit borer","Dimethoate 30 % EC 7.0  ml/10 lit. 
Emamectin benzoate 5 % SG 4 g/10 lit.",BIHAR,SAMASTIPUR,KHANPUR,2018-02-28T17:33:19Z
RABI,HORTICULTURE,Vegetables,Brinjal,"Plant Protection","Brown leaf hopper","Spray with dimethoate 0.3%",BIHAR,SAMASTIPUR,ROSERA,2018-02-28T17:38:42Z
