"Country/State/UT Name","District Name","Caste Category",Total/Rural/Urban,"Marital Status","Present Age","Total Ever/Currently Married Women","Ever/Currently Married Women of Parity - 0","Ever/Currently Married Women of Parity - 1","Ever/Currently Married Women of Parity - 2","Ever/Currently Married Women of Parity - 3","Ever/Currently Married Women of Parity - 4","Ever/Currently Married Women of Parity - 5+","Total Children Ever Born - Persons","Total Children Ever Born - Males","Total Children Ever Born - Females"
Bihar,Madhubani,"All Scheduled Castes",Rural,"Ever Married","All ages",107506,26015,15381,16725,17369,14318,16698,256550,138722,117828
Bihar,Madhubani,"All Scheduled Castes",Rural,"Ever Married","Less than 15",2792,2404,60,74,0,0,0,208,95,113
Bihar,Madhubani,"All Scheduled Castes",Rural,"Ever Married",15-19,12141,8595,2271,627,210,103,0,4567,2398,2169
Bihar,Madhubani,"All Scheduled Castes",Rural,"Ever Married",20-24,16458,5814,4425,3457,1658,734,267,20783,10907,9876
Bihar,Madhubani,"All Scheduled Castes",Rural,"Ever Married",25-29,16783,2788,3041,3533,3631,2332,1427,38477,20028,18449
Bihar,Madhubani,"All Scheduled Castes",Rural,"Ever Married",30-34,15558,1785,1320,3080,3660,2822,2830,45635,24493,21142
Bihar,Madhubani,"All Scheduled Castes",Rural,"Ever Married",35-39,11840,1092,953,1675,2460,2376,3253,40055,21466,18589
Bihar,Madhubani,"All Scheduled Castes",Rural,"Ever Married",40-44,8964,904,671,1134,1901,1899,2403,30433,16421,14012
Bihar,Madhubani,"All Scheduled Castes",Rural,"Ever Married",45-49,6671,584,718,972,1208,1307,1873,22812,12789,10023
Bihar,Madhubani,"All Scheduled Castes",Rural,"Ever Married",50-54,4387,436,504,518,878,855,1174,14872,8537,6335
Bihar,Madhubani,"All Scheduled Castes",Rural,"Ever Married",55-59,3740,339,349,501,543,705,1301,13809,7695,6114
Bihar,Madhubani,"All Scheduled Castes",Rural,"Ever Married",60-64,3997,692,490,609,642,595,928,11518,6363,5155
Bihar,Madhubani,"All Scheduled Castes",Rural,"Ever Married",65-69,2130,277,266,254,319,304,683,7127,3906,3221
Bihar,Madhubani,"All Scheduled Castes",Rural,"Ever Married",70-74,1025,166,168,162,91,151,271,3076,1893,1183
Bihar,Madhubani,"All Scheduled Castes",Rural,"Ever Married",75-79,464,26,49,82,98,42,151,1603,890,713
Bihar,Madhubani,"All Scheduled Castes",Rural,"Ever Married","80 +",454,85,83,42,49,82,113,1316,663,653
Bihar,Madhubani,"All Scheduled Castes",Rural,"Currently Married","All ages",99161,24798,13892,15335,16088,13109,15025,233603,125862,107741
Bihar,Madhubani,"All Scheduled Castes",Rural,"Currently Married","Less than 15",2782,2394,60,74,0,0,0,208,95,113
Bihar,Madhubani,"All Scheduled Castes",Rural,"Currently Married",15-19,12106,8581,2250,627,210,103,0,4546,2385,2161
Bihar,Madhubani,"All Scheduled Castes",Rural,"Currently Married",20-24,16358,5784,4403,3413,1655,733,267,20660,10834,9826
Bihar,Madhubani,"All Scheduled Castes",Rural,"Currently Married",25-29,16661,2763,3009,3513,3603,2323,1419,38245,19874,18371
Bihar,Madhubani,"All Scheduled Castes",Rural,"Currently Married",30-34,15228,1720,1285,3011,3559,2774,2818,44907,24093,20814
Bihar,Madhubani,"All Scheduled Castes",Rural,"Currently Married",35-39,11473,1061,874,1528,2442,2334,3203,39191,21018,18173
Bihar,Madhubani,"All Scheduled Castes",Rural,"Currently Married",40-44,8236,767,514,998,1778,1803,2333,28884,15578,13306
Bihar,Madhubani,"All Scheduled Castes",Rural,"Currently Married",45-49,5972,494,574,861,1078,1205,1751,20973,11732,9241
Bihar,Madhubani,"All Scheduled Castes",Rural,"Currently Married",50-54,3329,310,320,372,621,696,988,11835,6709,5126
Bihar,Madhubani,"All Scheduled Castes",Rural,"Currently Married",55-59,3115,263,248,422,479,556,1146,11797,6599,5198
Bihar,Madhubani,"All Scheduled Castes",Rural,"Currently Married",60-64,2057,389,184,299,348,293,544,6227,3511,2716
Bihar,Madhubani,"All Scheduled Castes",Rural,"Currently Married",65-69,1112,163,92,109,179,174,395,3949,2184,1765
Bihar,Madhubani,"All Scheduled Castes",Rural,"Currently Married",70-74,328,58,43,68,56,54,33,758,467,291
Bihar,Madhubani,"All Scheduled Castes",Rural,"Currently Married",75-79,195,11,16,17,50,18,75,759,426,333
Bihar,Madhubani,"All Scheduled Castes",Rural,"Currently Married","80 +",117,12,8,18,9,32,38,459,222,237
Bihar,Madhubani,"All Scheduled Castes",Urban,"Ever Married","All ages",2702,626,435,403,436,332,470,6551,3447,3104
Bihar,Madhubani,"All Scheduled Castes",Urban,"Ever Married","Less than 15",75,67,0,8,0,0,0,16,0,16
Bihar,Madhubani,"All Scheduled Castes",Urban,"Ever Married",15-19,198,130,49,18,1,0,0,88,44,44
Bihar,Madhubani,"All Scheduled Castes",Urban,"Ever Married",20-24,497,172,152,64,70,38,1,647,340,307
Bihar,Madhubani,"All Scheduled Castes",Urban,"Ever Married",25-29,387,28,61,72,82,82,62,1118,552,566
Bihar,Madhubani,"All Scheduled Castes",Urban,"Ever Married",30-34,395,41,52,49,88,90,75,1190,596,594
Bihar,Madhubani,"All Scheduled Castes",Urban,"Ever Married",35-39,413,79,38,68,102,32,94,1125,679,446
Bihar,Madhubani,"All Scheduled Castes",Urban,"Ever Married",40-44,232,6,10,46,60,22,88,861,486,375
Bihar,Madhubani,"All Scheduled Castes",Urban,"Ever Married",45-49,169,5,11,25,21,37,70,743,362,381
Bihar,Madhubani,"All Scheduled Castes",Urban,"Ever Married",50-54,100,10,28,28,2,3,29,262,155,107
Bihar,Madhubani,"All Scheduled Castes",Urban,"Ever Married",55-59,73,37,9,1,0,11,15,133,67,66
Bihar,Madhubani,"All Scheduled Castes",Urban,"Ever Married",60-64,57,18,16,4,10,8,1,92,42,50
Bihar,Madhubani,"All Scheduled Castes",Urban,"Ever Married",65-69,40,0,1,20,0,0,19,152,73,79
Bihar,Madhubani,"All Scheduled Castes",Urban,"Ever Married",70-74,49,33,8,0,0,0,8,48,16,32
Bihar,Madhubani,"All Scheduled Castes",Urban,"Ever Married",75-79,9,0,0,0,0,9,0,36,27,9
Bihar,Madhubani,"All Scheduled Castes",Urban,"Ever Married","80 +",8,0,0,0,0,0,8,40,8,32
Bihar,Madhubani,"All Scheduled Castes",Urban,"Currently Married","All ages",2449,561,372,345,423,302,446,6069,3173,2896
Bihar,Madhubani,"All Scheduled Castes",Urban,"Currently Married","Less than 15",75,67,0,8,0,0,0,16,0,16
Bihar,Madhubani,"All Scheduled Castes",Urban,"Currently Married",15-19,198,130,49,18,1,0,0,88,44,44
Bihar,Madhubani,"All Scheduled Castes",Urban,"Currently Married",20-24,497,172,152,64,70,38,1,647,340,307
Bihar,Madhubani,"All Scheduled Castes",Urban,"Currently Married",25-29,385,28,60,72,82,81,62,1113,551,562
Bihar,Madhubani,"All Scheduled Castes",Urban,"Currently Married",30-34,389,40,50,49,86,90,74,1176,589,587
Bihar,Madhubani,"All Scheduled Castes",Urban,"Currently Married",35-39,401,79,38,60,101,29,94,1094,654,440
Bihar,Madhubani,"All Scheduled Castes",Urban,"Currently Married",40-44,199,6,10,29,52,14,88,771,436,335
Bihar,Madhubani,"All Scheduled Castes",Urban,"Currently Married",45-49,151,4,3,25,20,37,62,676,328,348
Bihar,Madhubani,"All Scheduled Castes",Urban,"Currently Married",50-54,58,9,2,19,1,2,25,188,114,74
Bihar,Madhubani,"All Scheduled Castes",Urban,"Currently Married",55-59,43,18,0,0,0,11,14,115,51,64
Bihar,Madhubani,"All Scheduled Castes",Urban,"Currently Married",60-64,27,8,8,0,10,0,1,44,23,21
Bihar,Madhubani,"All Scheduled Castes",Urban,"Currently Married",65-69,10,0,0,1,0,0,9,61,19,42
Bihar,Madhubani,"All Scheduled Castes",Urban,"Currently Married",70-74,8,0,0,0,0,0,8,40,16,24
Bihar,Madhubani,"All Scheduled Castes",Urban,"Currently Married","80 +",8,0,0,0,0,0,8,40,8,32
