Season,Sector,Category,Crop,QueryType,QueryText,KCCAns,StateName,DistrictName,BlockName,CreatedOn
KHARIF,AGRICULTURE,Others,Others,Weather,"WEATHER  INFORMATION","Today and tomorrow chance to rain",BIHAR,BANKA,BELHAR,2018-08-01T07:01:25Z
KHARIF,AGRICULTURE,Others,Others,Weather,"WEATHER  INFORMATION","Today and tomorrow chance to rain",BIHAR,BANKA,BELHAR,2018-08-01T07:01:25Z
KHARIF,AGRICULTURE,Others,Others,Weather,"WEATHER  INFORMATION","Today and tomorrow chance to rain",BIHAR,BANKA,BELHAR,2018-08-01T09:00:27Z
KHARIF,AGRICULTURE,Others,Others,Weather,"WEATHER  INFORMATION","Today and tomorrow chance to rain",BIHAR,BANKA,BELHAR,2018-08-01T09:00:27Z
KHARIF,AGRICULTURE,Others,Others,Weather,"WEATHER  INFORMATION","CHANCE OF RAIN IN YOUR AREA",BIHAR,BANKA,RAJAUN,2018-08-01T11:04:55Z
KHARIF,AGRICULTURE,Others,Others,Weather,"WEATHER  INFORMATION","CHANCE OF RAIN IN YOUR AREA",BIHAR,BANKA,RAJAUN,2018-08-01T11:04:55Z
KHARIF,AGRICULTURE,Cereals,"Paddy (Dhan)","Plant Protection","SHEATH BLIGHT IN PADDY","SPRAY HEXACONOZOLE 2ML/LIT OF WATER AND •Avoid excess doses of fertilizers NITROZEN",BIHAR,BANKA,BARAHAT,2018-08-01T18:52:42Z
KHARIF,AGRICULTURE,Cereals,"Paddy (Dhan)","Plant Protection","SHEATH BLIGHT IN PADDY","SPRAY HEXACONOZOLE 2ML/LIT OF WATER AND •Avoid excess doses of fertilizers NITROZEN",BIHAR,BANKA,BARAHAT,2018-08-01T18:52:42Z
RABI,HORTICULTURE,Vegetables,Brinjal,"Plant Protection","Bhendi yellow vein mosaic virus","•Spraying monocrotophos 1.5 ml/litre of water can restrict the disease spread.",BIHAR,BANKA,BARAHAT,2018-08-02T10:34:31Z
RABI,HORTICULTURE,Vegetables,Brinjal,"Plant Protection","Bhendi yellow vein mosaic virus","•Spraying monocrotophos 1.5 ml/litre of water can restrict the disease spread.",BIHAR,BANKA,BARAHAT,2018-08-02T10:34:31Z
KHARIF,AGRICULTURE,Others,Others,"Weed Management","weed control in paddy","spray nominigold 100ml/acre in paddy",BIHAR,BANKA,BARAHAT,2018-08-03T11:10:44Z
KHARIF,AGRICULTURE,Others,Others,"Weed Management","weed control in paddy","spray nominigold 100ml/acre in paddy",BIHAR,BANKA,BARAHAT,2018-08-03T11:10:44Z
RABI,HORTICULTURE,Vegetables,Brinjal,"Plant Protection","Stem borer","•Light trap @1/ha to attract and kill adults
•Spray neem oil 2ml/lit",BIHAR,BANKA,BARAHAT,2018-08-03T11:39:29Z
RABI,HORTICULTURE,Vegetables,Brinjal,"Plant Protection","Stem borer","•Light trap @1/ha to attract and kill adults
•Spray neem oil 2ml/lit",BIHAR,BANKA,BARAHAT,2018-08-03T11:39:29Z
KHARIF,AGRICULTURE,Others,Others,Weather,"Weather information","Cloudy weather in your area ,chance of rain in your area",BIHAR,BANKA,RAJAUN,2018-08-04T13:03:05Z
KHARIF,AGRICULTURE,Others,Others,Weather,"Weather information","Cloudy weather in your area ,chance of rain in your area",BIHAR,BANKA,RAJAUN,2018-08-04T13:03:05Z
KHARIF,AGRICULTURE,Others,Others,Weather,"Weather information","There will be cloud in your area today and tomorrow and there is a possibility of rain",BIHAR,BANKA,SHAMBHUGANJ,2018-08-04T15:40:18Z
KHARIF,AGRICULTURE,Others,Others,Weather,"Weather information","There will be cloud in your area today and tomorrow and there is a possibility of rain",BIHAR,BANKA,SHAMBHUGANJ,2018-08-04T15:40:18Z
KHARIF,AGRICULTURE,Others,Others,Weather,"Weather information","There will be cloud in your area today and tomorrow and there is a possibility of rain",BIHAR,BANKA,SHAMBHUGANJ,2018-08-04T15:40:45Z
KHARIF,AGRICULTURE,Others,Others,Weather,"Weather information","There will be cloud in your area today and tomorrow and there is a possibility of rain",BIHAR,BANKA,SHAMBHUGANJ,2018-08-04T15:40:45Z
KHARIF,AGRICULTURE,Others,Others,Weather,"Weather information","Cloudy weather in your area Today and tomorrow little chance of rain.",BIHAR,BANKA,RAJAUN,2018-08-04T16:05:31Z
KHARIF,AGRICULTURE,Others,Others,Weather,"Weather information","Cloudy weather in your area Today and tomorrow little chance of rain.",BIHAR,BANKA,RAJAUN,2018-08-04T16:05:31Z
KHARIF,AGRICULTURE,Others,Others,"Plant Protection","PLANT PROTECTION","Spray Imidacloprid @ 1 ml 3 liter of water",BIHAR,BANKA,AMARPUR,2018-08-04T17:10:39Z
KHARIF,AGRICULTURE,Others,Others,"Plant Protection","PLANT PROTECTION","Spray Imidacloprid @ 1 ml 3 liter of water",BIHAR,BANKA,AMARPUR,2018-08-04T17:10:39Z
KHARIF,AGRICULTURE,Others,Others,Weather,"Weather information","Heavy Cloudy weather in your area, chance of rain in your area",BIHAR,BANKA,AMARPUR,2018-08-04T17:12:16Z
KHARIF,AGRICULTURE,Others,Others,Weather,"Weather information","Heavy Cloudy weather in your area, chance of rain in your area",BIHAR,BANKA,AMARPUR,2018-08-04T17:12:16Z
KHARIF,AGRICULTURE,Others,Others,"Plant Protection","plant protection","Spray mancozeb @ 2g/lit of water",BIHAR,BANKA,AMARPUR,2018-08-04T17:12:50Z
KHARIF,AGRICULTURE,Others,Others,"Plant Protection","plant protection","Spray mancozeb @ 2g/lit of water",BIHAR,BANKA,AMARPUR,2018-08-04T17:12:50Z
KHARIF,AGRICULTURE,Others,Others,Weather,"Weather information","There will be cloud in your area today and tomorrow and there is a possibility of rain",BIHAR,BANKA,AMARPUR,2018-08-04T17:14:07Z
KHARIF,AGRICULTURE,Others,Others,Weather,"Weather information","There will be cloud in your area today and tomorrow and there is a possibility of rain",BIHAR,BANKA,AMARPUR,2018-08-04T17:14:07Z
KHARIF,AGRICULTURE,Others,Others,Weather,"WEATHER INFORMATION","Cloudy weather in your area, chance of rain in your area .",BIHAR,BANKA,SHAMBHUGANJ,2018-08-05T06:57:08Z
KHARIF,AGRICULTURE,Others,Others,Weather,"WEATHER INFORMATION","Cloudy weather in your area, chance of rain in your area .",BIHAR,BANKA,SHAMBHUGANJ,2018-08-05T06:57:08Z
KHARIF,AGRICULTURE,Others,Others,Weather,"WEATHER INFORMATION","Heavy Cloudy weather in your area,chance of rain in your area",BIHAR,BANKA,BANKA,2018-08-07T08:19:37Z
KHARIF,AGRICULTURE,Others,Others,Weather,"WEATHER INFORMATION","Heavy Cloudy weather in your area,chance of rain in your area",BIHAR,BANKA,BANKA,2018-08-07T08:19:37Z
KHARIF,AGRICULTURE,Others,Others,Weather,"WEATHER INFORMATION","Heavy Cloudy weather in your area,chance of rain in your area",BIHAR,BANKA,BANKA,2018-08-07T08:19:53Z
KHARIF,AGRICULTURE,Others,Others,Weather,"WEATHER INFORMATION","Heavy Cloudy weather in your area,chance of rain in your area",BIHAR,BANKA,BANKA,2018-08-07T08:19:53Z
KHARIF,AGRICULTURE,Others,Others,Weather,"WEATHER INFORMATION","Cloudy weather in your area, chance of rain in your area .",BIHAR,BANKA,BELHAR,2018-08-08T12:35:16Z
KHARIF,AGRICULTURE,Others,Others,Weather,"WEATHER INFORMATION","Cloudy weather in your area, chance of rain in your area .",BIHAR,BANKA,BELHAR,2018-08-08T12:35:16Z
KHARIF,AGRICULTURE,Others,Others,Weather,"WEATHER INFORMATION","Cloudy weather in your area, chance of rain in your area",BIHAR,BANKA,BAUSI,2018-08-10T14:48:35Z
KHARIF,AGRICULTURE,Others,Others,Weather,"WEATHER INFORMATION","Cloudy weather in your area, chance of rain in your area",BIHAR,BANKA,BAUSI,2018-08-10T14:48:35Z
KHARIF,AGRICULTURE,Others,Others,Weather,"WEATHER INFORMATION","Cloudy weather in your area, chance of rain in your area",BIHAR,BANKA,BAUSI,2018-08-10T14:51:21Z
KHARIF,AGRICULTURE,Others,Others,Weather,"WEATHER INFORMATION","Cloudy weather in your area, chance of rain in your area",BIHAR,BANKA,BAUSI,2018-08-10T14:51:21Z
KHARIF,AGRICULTURE,Others,Others,Weather,"WEATHER INFORMATION","Cloudy weather in your area, chance of rain in your area",BIHAR,BANKA,BAUSI,2018-08-10T14:51:39Z
KHARIF,AGRICULTURE,Others,Others,Weather,"WEATHER INFORMATION","Cloudy weather in your area, chance of rain in your area",BIHAR,BANKA,BAUSI,2018-08-10T14:51:39Z
KHARIF,AGRICULTURE,Others,Others,Weather,"WEATHER INFORMATION","Cloudy weather in your area, chance of rain in your area",BIHAR,BANKA,BAUSI,2018-08-10T17:05:40Z
KHARIF,AGRICULTURE,Others,Others,Weather,"WEATHER INFORMATION","Cloudy weather in your area, chance of rain in your area",BIHAR,BANKA,BAUSI,2018-08-10T17:05:40Z
KHARIF,WEATHER,Weather,Weather,Weather,"WEATHER INFORMATION","Cloudy weather in your area, chance of rain in your area",BIHAR,BANKA,FULLIDUMAR,2018-08-10T20:41:19Z
KHARIF,WEATHER,Weather,Weather,Weather,"WEATHER INFORMATION","Cloudy weather in your area, chance of rain in your area",BIHAR,BANKA,FULLIDUMAR,2018-08-10T20:41:19Z
KHARIF,WEATHER,Weather,Weather,Weather,"Weather Information","There will be cloud in your area today and tomorrow and there is a possibility of rain",BIHAR,BANKA,AMARPUR,2018-08-11T16:28:22Z
KHARIF,WEATHER,Weather,Weather,Weather,"Weather Information","There will be cloud in your area today and tomorrow and there is a possibility of rain",BIHAR,BANKA,AMARPUR,2018-08-11T16:28:22Z
KHARIF,WEATHER,Weather,Weather,Weather,"WEATHER INFORMATION","???? ??? ????? ????? ???? ?? ??????? ??",BIHAR,BANKA,FULLIDUMAR,2018-08-11T19:16:09Z
KHARIF,WEATHER,Weather,Weather,Weather,"WEATHER INFORMATION","???? ??? ????? ????? ???? ?? ??????? ??",BIHAR,BANKA,FULLIDUMAR,2018-08-11T19:16:09Z
KHARIF,AGRICULTURE,Others,Others,"Government Schemes","PROBLEM RELATED TO DBT","AAP CSC ME CONTACT KARE",BIHAR,BANKA,DHURAIYA,2018-08-13T10:55:46Z
KHARIF,AGRICULTURE,Others,Others,"Government Schemes","PROBLEM RELATED TO DBT","AAP CSC ME CONTACT KARE",BIHAR,BANKA,DHURAIYA,2018-08-13T10:55:46Z
KHARIF,WEATHER,Weather,Weather,Weather,"WEATHER INFORMATION","Cloudy weather in your area, chance of rain in your area",BIHAR,BANKA,BARAHAT,2018-08-13T11:12:41Z
KHARIF,WEATHER,Weather,Weather,Weather,"WEATHER INFORMATION","Cloudy weather in your area, chance of rain in your area",BIHAR,BANKA,BARAHAT,2018-08-13T11:12:41Z
KHARIF,AGRICULTURE,Others,Others,"Weed Management","WEED MANAGEMENT IN PADDY","SATHI -100ML/HA",BIHAR,BANKA,BARAHAT,2018-08-13T15:13:18Z
KHARIF,AGRICULTURE,Others,Others,"Weed Management","WEED MANAGEMENT IN PADDY","SATHI -100ML/HA",BIHAR,BANKA,BARAHAT,2018-08-13T15:13:18Z
KHARIF,AGRICULTURE,Others,Others,"Fertilizer Use and Availability","FERTLIZER USED IN PADDY","DAP-2.5 KLG/KATTA,UREA-1.5KG/KATTA,MOP-1 KG/KATTA",BIHAR,BANKA,SHAMBHUGANJ,2018-08-14T14:59:34Z
KHARIF,AGRICULTURE,Others,Others,"Fertilizer Use and Availability","FERTLIZER USED IN PADDY","DAP-2.5 KLG/KATTA,UREA-1.5KG/KATTA,MOP-1 KG/KATTA",BIHAR,BANKA,SHAMBHUGANJ,2018-08-14T14:59:34Z
KHARIF,WEATHER,Weather,Weather,Weather,"Weather Information","?? ?? ??????? ??? ?? ?? ?? ???? ??? ????? ?? ????? ???? ?? ???????? ??",BIHAR,BANKA,BANKA,2018-08-16T06:18:50Z
KHARIF,WEATHER,Weather,Weather,Weather,"Weather Information","?? ?? ??????? ??? ?? ?? ?? ???? ??? ????? ?? ????? ???? ?? ???????? ??",BIHAR,BANKA,BANKA,2018-08-16T06:18:50Z
KHARIF,WEATHER,Weather,Weather,Weather,"Weather Information","?? ?? ??????? ??? ?? ?? ?? ???? ??? ????? ?? ????? ???? ?? ???????? ??",BIHAR,BANKA,BANKA,2018-08-16T06:19:29Z
KHARIF,WEATHER,Weather,Weather,Weather,"Weather Information","?? ?? ??????? ??? ?? ?? ?? ???? ??? ????? ?? ????? ???? ?? ???????? ??",BIHAR,BANKA,BANKA,2018-08-16T06:19:29Z
KHARIF,WEATHER,Weather,Weather,Weather,"Weather Information","?? ?? ??????? ??? ?? ?? ?? ???? ??? ????? ?? ????? ???? ?? ???????? ??",BIHAR,BANKA,BELHAR,2018-08-16T06:20:02Z
KHARIF,WEATHER,Weather,Weather,Weather,"Weather Information","?? ?? ??????? ??? ?? ?? ?? ???? ??? ????? ?? ????? ???? ?? ???????? ??",BIHAR,BANKA,BELHAR,2018-08-16T06:20:02Z
KHARIF,WEATHER,Weather,Weather,Weather,"Weather Information","?? ?? ??????? ??? ?? ?? ?? ???? ??? ????? ?? ????? ???? ?? ???????? ??",BIHAR,BANKA,BELHAR,2018-08-16T06:20:10Z
KHARIF,WEATHER,Weather,Weather,Weather,"Weather Information","?? ?? ??????? ??? ?? ?? ?? ???? ??? ????? ?? ????? ???? ?? ???????? ??",BIHAR,BANKA,BELHAR,2018-08-16T06:20:10Z
KHARIF,WEATHER,Weather,Weather,Weather,"Weather Information","?? ?? ??????? ??? ?? ?? ?? ???? ??? ????? ?? ????? ???? ?? ???????? ??",BIHAR,BANKA,SHAMBHUGANJ,2018-08-16T06:20:23Z
KHARIF,WEATHER,Weather,Weather,Weather,"Weather Information","?? ?? ??????? ??? ?? ?? ?? ???? ??? ????? ?? ????? ???? ?? ???????? ??",BIHAR,BANKA,SHAMBHUGANJ,2018-08-16T06:20:23Z
KHARIF,AGRICULTURE,Others,Others,"Government Schemes","PROBLEM RELATED TO DBT","AAP BLOCK ME CONTACT KARE",BIHAR,BANKA,KATORIA,2018-08-17T11:56:34Z
KHARIF,AGRICULTURE,Others,Others,"Government Schemes","PROBLEM RELATED TO DBT","AAP BLOCK ME CONTACT KARE",BIHAR,BANKA,KATORIA,2018-08-17T11:56:34Z
KHARIF,AGRICULTURE,Others,Others,"Field Preparation","Weather Information","Cloudy weather Today & tomorrow  no   chance of rain",BIHAR,BANKA,BANKA,2018-08-17T19:34:37Z
KHARIF,AGRICULTURE,Others,Others,"Field Preparation","Weather Information","Cloudy weather Today & tomorrow  no   chance of rain",BIHAR,BANKA,BANKA,2018-08-17T19:34:37Z
RABI,HORTICULTURE,Vegetables,Bhindi(Okra/Ladysfinger),"Plant Protection",Whitefly,"•Spray any of the following insecticide
?Phosalone 35 EC @ 2.5 l/ha
?Quinalphos 25 EC @ 2.0 l/ha",BIHAR,BANKA,BARAHAT,2018-08-18T10:28:13Z
RABI,HORTICULTURE,Vegetables,Bhindi(Okra/Ladysfinger),"Plant Protection",Whitefly,"•Spray any of the following insecticide
?Phosalone 35 EC @ 2.5 l/ha
?Quinalphos 25 EC @ 2.0 l/ha",BIHAR,BANKA,BARAHAT,2018-08-18T10:28:13Z
KHARIF,AGRICULTURE,Others,Others,"Weed Management","WEED MANAGEMENT IN PADDY","Nominee Gold-80 -100ML/ACRE",BIHAR,BANKA,AMARPUR,2018-08-18T16:36:07Z
KHARIF,AGRICULTURE,Others,Others,"Weed Management","WEED MANAGEMENT IN PADDY","Nominee Gold-80 -100ML/ACRE",BIHAR,BANKA,AMARPUR,2018-08-18T16:36:07Z
KHARIF,AGRICULTURE,Others,Others,Weather,"Weather Information","Cloudy weather in your area, chance of rain in your area.",BIHAR,BANKA,BAUSI,2018-08-18T18:36:24Z
KHARIF,AGRICULTURE,Others,Others,Weather,"Weather Information","Cloudy weather in your area, chance of rain in your area.",BIHAR,BANKA,BAUSI,2018-08-18T18:36:24Z
KHARIF,AGRICULTURE,Others,Others,Weather,WEATHER,"THE RAIN WILL BE CHANCE",BIHAR,BANKA,BARAHAT,2018-08-19T20:44:15Z
KHARIF,AGRICULTURE,Others,Others,Weather,WEATHER,"THE RAIN WILL BE CHANCE",BIHAR,BANKA,BARAHAT,2018-08-19T20:44:15Z
KHARIF,AGRICULTURE,Others,Others,"Government Schemes","DBT PROBLEM","AAP block  ME CONTACT KARE",BIHAR,BANKA,DHURAIYA,2018-08-20T09:31:45Z
KHARIF,AGRICULTURE,Others,Others,"Government Schemes","DBT PROBLEM","AAP block  ME CONTACT KARE",BIHAR,BANKA,DHURAIYA,2018-08-20T09:31:45Z
KHARIF,AGRICULTURE,Others,Others,"Field Preparation","Weather Information","Cloudy weather Today & tomorrow  no   chance of rain",BIHAR,BANKA,AMARPUR,2018-08-21T20:19:42Z
KHARIF,AGRICULTURE,Others,Others,"Field Preparation","Weather Information","Cloudy weather Today & tomorrow  no   chance of rain",BIHAR,BANKA,AMARPUR,2018-08-21T20:19:42Z
KHARIF,AGRICULTURE,Others,Others,"Field Preparation","Weather Information","Cloudy weather Today & tomorrow  no   chance of rain",BIHAR,BANKA,AMARPUR,2018-08-21T20:22:00Z
KHARIF,AGRICULTURE,Others,Others,"Field Preparation","Weather Information","Cloudy weather Today & tomorrow  no   chance of rain",BIHAR,BANKA,AMARPUR,2018-08-21T20:22:00Z
KHARIF,AGRICULTURE,Others,Others,"Field Preparation","Weather Information","Cloudy weather Today & tomorrow  no   chance of rain",BIHAR,BANKA,AMARPUR,2018-08-21T20:23:12Z
KHARIF,AGRICULTURE,Others,Others,"Field Preparation","Weather Information","Cloudy weather Today & tomorrow  no   chance of rain",BIHAR,BANKA,AMARPUR,2018-08-21T20:23:12Z
KHARIF,AGRICULTURE,Others,Others,"Government Schemes","DBT PROBLEM","30 OCTOBER",BIHAR,BANKA,BARAHAT,2018-08-22T07:56:39Z
KHARIF,AGRICULTURE,Others,Others,"Government Schemes","DBT PROBLEM","30 OCTOBER",BIHAR,BANKA,BARAHAT,2018-08-22T07:56:39Z
KHARIF,WEATHER,Weather,Weather,Weather,"WEATHER  INFORMATION","CHANCE OF RAIN IN YOUR AREA",BIHAR,BANKA,SHAMBHUGANJ,2018-08-22T13:35:36Z
KHARIF,WEATHER,Weather,Weather,Weather,"WEATHER  INFORMATION","CHANCE OF RAIN IN YOUR AREA",BIHAR,BANKA,SHAMBHUGANJ,2018-08-22T13:35:36Z
KHARIF,AGRICULTURE,Others,Others,"Field Preparation","Government scheme website","Government scheme website- www.krishi.bih.nic.in.",BIHAR,BANKA,SHAMBHUGANJ,2018-08-24T07:59:22Z
KHARIF,AGRICULTURE,Others,Others,"Field Preparation","Government scheme website","Government scheme website- www.krishi.bih.nic.in.",BIHAR,BANKA,SHAMBHUGANJ,2018-08-24T07:59:22Z
KHARIF,AGRICULTURE,Others,Others,"Field Preparation","Government scheme website","Government scheme website- www.krishi.bih.nic.in.",BIHAR,BANKA,SHAMBHUGANJ,2018-08-24T08:02:04Z
KHARIF,AGRICULTURE,Others,Others,"Field Preparation","Government scheme website","Government scheme website- www.krishi.bih.nic.in.",BIHAR,BANKA,SHAMBHUGANJ,2018-08-24T08:02:04Z
KHARIF,AGRICULTURE,Others,Others,Weather,"WEATHER INFORMATION","Cloudy weather in your area, chance of rain in your area .",BIHAR,BANKA,BELHAR,2018-08-24T13:42:45Z
KHARIF,AGRICULTURE,Others,Others,Weather,"WEATHER INFORMATION","Cloudy weather in your area, chance of rain in your area .",BIHAR,BANKA,BELHAR,2018-08-24T13:42:45Z
KHARIF,AGRICULTURE,Cereals,"Paddy (Dhan)",Weather,"WEATHER INFORMATION","????? ???  ???? ??????? ??? ?? ?? ?? ????? ???? ?? ???????  ??",BIHAR,BANKA,BELHAR,2018-08-26T12:09:43Z
KHARIF,AGRICULTURE,Cereals,"Paddy (Dhan)",Weather,"WEATHER INFORMATION","????? ???  ???? ??????? ??? ?? ?? ?? ????? ???? ?? ???????  ??",BIHAR,BANKA,BELHAR,2018-08-26T12:09:43Z
KHARIF,AGRICULTURE,Cereals,"Paddy (Dhan)",Weather,"Weather information","???? ???  ????? ????? ???? ?? ??????? ??",BIHAR,BANKA,BARAHAT,2018-08-27T12:00:25Z
KHARIF,AGRICULTURE,Cereals,"Paddy (Dhan)",Weather,"Weather information","???? ???  ????? ????? ???? ?? ??????? ??",BIHAR,BANKA,BARAHAT,2018-08-27T12:00:25Z
KHARIF,AGRICULTURE,Others,Others,"Field Preparation","Mushroom cultivation","Mushroom cultivation -Dr. Dayaram – 9430464088",BIHAR,BANKA,SHAMBHUGANJ,2018-08-27T21:56:45Z
KHARIF,AGRICULTURE,Others,Others,"Field Preparation","Mushroom cultivation","Mushroom cultivation -Dr. Dayaram – 9430464088",BIHAR,BANKA,SHAMBHUGANJ,2018-08-27T21:56:45Z
KHARIF,AGRICULTURE,Cereals,"Paddy (Dhan)","Weed Management","weed management in rice field","spray nominigold @1 ml / 2 litre water",BIHAR,BANKA,BANKA,2018-08-29T10:03:58Z
KHARIF,AGRICULTURE,Cereals,"Paddy (Dhan)","Weed Management","weed management in rice field","spray nominigold @1 ml / 2 litre water",BIHAR,BANKA,BANKA,2018-08-29T10:03:58Z
KHARIF,AGRICULTURE,Others,Others,"Field Preparation","Weather Information","Cloudy weather Today & tomorrow  no   chance of rain",BIHAR,BANKA,AMARPUR,2018-08-29T21:56:54Z
KHARIF,AGRICULTURE,Others,Others,"Field Preparation","Weather Information","Cloudy weather Today & tomorrow  no   chance of rain",BIHAR,BANKA,AMARPUR,2018-08-29T21:56:54Z
KHARIF,AGRICULTURE,Others,Others,"Field Preparation","WEED PROBLEM IN PADDY","NOMNIGOLD@ 100 ML/200 LIT /ACRE",BIHAR,BANKA,DHURAIYA,2018-08-30T14:13:37Z
KHARIF,AGRICULTURE,Others,Others,"Field Preparation","WEED PROBLEM IN PADDY","NOMNIGOLD@ 100 ML/200 LIT /ACRE",BIHAR,BANKA,DHURAIYA,2018-08-30T14:13:37Z
