Season,Sector,Category,Crop,QueryType,QueryText,KCCAns,StateName,DistrictName,BlockName,CreatedOn
JAYAD,AGRICULTURE,Cereals,Wheat,"Market Information","market information of wheat","aap block me contact kare gehu ki rate ke liye",BIHAR,BUXAR,BRAHMPUR,2018-04-02T09:24:28Z
JAYAD,AGRICULTURE,Others,Others,Weather,"Weather information","Cloudy weather in your area and no chance of rain in your area",BIHAR,BUXAR,BUXAR,2018-04-02T18:03:35Z
JAYAD,AGRICULTURE,Others,Others,Weather,"Weather information","Cloudy weather in your area and no chance of rain in your area",BIHAR,BUXAR,BRAHMPUR,2018-04-02T18:26:10Z
RABI,AGRICULTURE,Others,Others,Weather,"WEATHER INFORMATION","Cloudy weather in your area, but Hazy sunshine no chance of rain in your area.",BIHAR,BUXAR,BRAHMPUR,2018-04-02T21:07:21Z
RABI,AGRICULTURE,Others,Others,Weather,"WEATHER INFORMATION","Cloudy weather in your area, but Hazy sunshine no chance of rain in your area.",BIHAR,BUXAR,BUXAR,2018-04-04T18:10:38Z
JAYAD,AGRICULTURE,Others,Others,Weather,"WEATHER INFORMATION","Heavy Cloudy weather in your area, chance of rain in your area",BIHAR,BUXAR,DUMRAON,2018-04-04T19:47:09Z
RABI,AGRICULTURE,Cereals,Wheat,Weather,"WEATHER INFORMATION","Cloudy weather in your area up to 5 days,chance of little rain.",BIHAR,BUXAR,BUXAR,2018-04-04T21:28:26Z
RABI,AGRICULTURE,Cereals,Wheat,Weather,"WEATHER INFORMATION","???? ???  ?????,?????  ?? ???  ???????  ??? ??",BIHAR,BUXAR,CHAUSA,2018-04-06T08:24:59Z
RABI,AGRICULTURE,Cereals,Wheat,Weather,"WEATHER INFORMATION","???? ???  ?????,?????  ?? ???  ???????  ??? ??",BIHAR,BUXAR,CHAUSA,2018-04-06T08:26:03Z
JAYAD,AGRICULTURE,Pulses,"Bengal Gram (Gram/Chick Pea/Kabuli/Chana)","Cultural Practices","MSP RATE OF GRAM","(Gram)	4400",BIHAR,BUXAR,SIMRI,2018-04-06T11:48:26Z
JAYAD,AGRICULTURE,Pulses,"Lentil (Masur)","Market Information","MSP RATE OF LENTIL","Masur)	4250",BIHAR,BUXAR,SIMRI,2018-04-06T11:49:29Z
JAYAD,AGRICULTURE,Cereals,Wheat,"Market Information","MSP RATE OF WHEAT","Wheat	1735",BIHAR,BUXAR,SIMRI,2018-04-06T11:51:20Z
JAYAD,AGRICULTURE,Others,Others,Weather,"WEATHER INFORMATION","TODAY AND TOMARROW CHANCE OF RAIN IN YOUR AREA",BIHAR,BUXAR,SIMRI,2018-04-06T13:01:54Z
JAYAD,AGRICULTURE,Others,Others,Weather,"WEATHER INFORMATION","Heavy Cloudy weather in your area, chance of rain in your area",BIHAR,BUXAR,RAJPUR,2018-04-07T11:01:17Z
JAYAD,AGRICULTURE,Others,Others,Weather,"WEATHER INFORMATION","Cloudy weather in your area,  chance of rain in your area",BIHAR,BUXAR,RAJPUR,2018-04-07T12:39:07Z
JAYAD,AGRICULTURE,Others,Others,Weather,"WEATHER INFORMATION","Cloudy weather in your area,  chance of rain in your area",BIHAR,BUXAR,RAJPUR,2018-04-07T12:40:26Z
JAYAD,AGRICULTURE,Others,Others,Weather,"WEATHER INFORMATION","CHANCE OF RAIN IN YOUR AREA",BIHAR,BUXAR,RAJPUR,2018-04-07T12:43:24Z
RABI,AGRICULTURE,Others,Others,Weather,"Weather information","Cloudy weather in your area but no chance of rain in your area",BIHAR,BUXAR,SIMRI,2018-04-07T15:31:59Z
JAYAD,AGRICULTURE,Others,Others,Weather,"WEATHER INFORMATION","????? ???  ???? ??????? ??? ?? ?? ?? ????? ???? ?? ???????  ??",BIHAR,BUXAR,BUXAR,2018-04-07T20:19:21Z
RABI,AGRICULTURE,Cereals,Wheat,Weather,"Weather Informesion","Cloudy weather  today and tomorrow  no chance of  rain",BIHAR,BUXAR,RAJPUR,2018-04-08T13:38:52Z
JAYAD,AGRICULTURE,Others,Others,Weather,"Weather information","There will be light clouds in the sky chance of rain in your area.",BIHAR,BUXAR,SIMRI,2018-04-08T17:47:36Z
RABI,AGRICULTURE,Others,Others,Weather,WEATHER,"NO RAIN",BIHAR,BUXAR,SIMRI,2018-04-09T14:41:07Z
JAYAD,AGRICULTURE,Others,Others,Weather,"weather information","Cloudy weather Today & tomorrow   chance of rain",BIHAR,BUXAR,RAJPUR,2018-04-10T06:52:56Z
JAYAD,AGRICULTURE,Others,Others,Weather,"weather information","Cloudy weather Today & tomorrow   chance of rain",BIHAR,BUXAR,RAJPUR,2018-04-10T06:53:24Z
JAYAD,AGRICULTURE,Others,Others,Weather,"weather information","Cloudy weather Today & tomorrow   chance of rain",BIHAR,BUXAR,RAJPUR,2018-04-10T06:56:49Z
JAYAD,AGRICULTURE,Others,Others,Weather,"WEATHER INFORMATION","Cloudy weather in your area,  chance of rain in your area",BIHAR,BUXAR,BRAHMPUR,2018-04-10T08:34:18Z
JAYAD,AGRICULTURE,Others,Others,Weather,"WEATHER INFORMATION","Heavy Cloudy weather in your area, chance of rain in your area",BIHAR,BUXAR,CHAUSA,2018-04-10T10:22:03Z
JAYAD,AGRICULTURE,Others,Others,Weather,"WEATHER INFORMATION","Heavy Cloudy weather in your area, chance of rain in your area",BIHAR,BUXAR,CHAUSA,2018-04-10T10:22:18Z
JAYAD,AGRICULTURE,Millets,"Maize (Makka)","Fertilizer Use and Availability","fertilizer management in maize","fertilizer management in maize----NPK @ 40,40,30 KG/ha",BIHAR,BUXAR,CHAUSA,2018-04-11T10:40:56Z
JAYAD,AGRICULTURE,Others,Others,Weather,"WEATHER INFORMATION","today and tomarrow chance of rain in your area",BIHAR,BUXAR,RAJPUR,2018-04-11T14:53:28Z
JAYAD,AGRICULTURE,Others,Others,Weather,"WEATHER INFORMATION","today and tomarrow chance of rain in your area",BIHAR,BUXAR,RAJPUR,2018-04-11T14:54:30Z
JAYAD,AGRICULTURE,Others,Others,Weather,"WEATHER INFORMATION","today and tomarrow chance of rain in your area",BIHAR,BUXAR,RAJPUR,2018-04-11T14:54:41Z
JAYAD,AGRICULTURE,Others,Others,Weather,"WEATHER INFORMATION","today and tomarrow chance of rain in your area",BIHAR,BUXAR,RAJPUR,2018-04-11T14:54:53Z
JAYAD,AGRICULTURE,Others,Others,Weather,"WEATHER INFORMATION","today and tomarrow chance of rain in your area",BIHAR,BUXAR,RAJPUR,2018-04-11T14:55:03Z
JAYAD,AGRICULTURE,Others,Others,Weather,"WEATHER INFORMATION","Cloudy weather in your area,  chance of rain in your area",BIHAR,BUXAR,NAWANAGAR,2018-04-12T07:25:49Z
JAYAD,AGRICULTURE,Others,Others,Weather,"WEATHER INFORMATION","Cloudy weather in your area,  chance of rain in your area",BIHAR,BUXAR,NAWANAGAR,2018-04-12T07:29:30Z
JAYAD,AGRICULTURE,Others,Others,Weather,"Weather information","There will be light clouds in the sky chance of rain in your area.",BIHAR,BUXAR,BRAHMPUR,2018-04-12T21:00:16Z
RABI,AGRICULTURE,Cereals,Wheat,Weather,"WEATHER INFORMATION","?? ?? ??????? ??? ???? ???  ????? ??  ????? ???? ?? ??????? ??",BIHAR,BUXAR,NAWANAGAR,2018-04-14T06:24:41Z
RABI,HORTICULTURE,Vegetables,Brinjal,"Plant Protection","Bacterial Wilt","Spray Copper fungicides to control the disease (2% Bordeaux mixture.)


The disease is more prevalent in the presence of root knot Nematodes, so control of these nematodes will suppress the disease spread.",BIHAR,BUXAR,CHAUSA,2018-04-14T10:38:56Z
RABI,AGRICULTURE,Others,Others,Weather,"Weather information","Cloudy weather in your area but no chance of rain in your area",BIHAR,BUXAR,BRAHMPUR,2018-04-14T13:48:10Z
JAYAD,AGRICULTURE,Others,Others,Weather,"WEATHER INFORMATION","no chance of rain in your area",BIHAR,BUXAR,CHAUSA,2018-04-14T15:23:53Z
RABI,"ANIMAL HUSBANDRY",Animal,"Bovine(Cow,Buffalo)","Animal Nutrition","animal information","app apne najdiki pashuchitashak adhikari se sappak kare",BIHAR,BUXAR,BUXAR,2018-04-15T17:49:43Z
JAYAD,AGRICULTURE,Others,Others,Weather,"WEATHER INFORMATION","???? ??????? ??? ????? ???? ?? ??????? ???? ?? ",BIHAR,BUXAR,SIMRI,2018-04-16T16:49:37Z
RABI,AGRICULTURE,Others,Others,"Field Preparation","Weather information","Sunny weather but no rain in your area.",BIHAR,BUXAR,CHAKKI,2018-04-18T08:15:38Z
JAYAD,HORTICULTURE,Vegetables,Onion,"Plant Protection","THRIPS INFESTATION IN ONION","Syray Dimethoate 30% EC @ 2 ml / 3 lit of water",BIHAR,BUXAR,BUXAR,2018-04-19T09:46:41Z
JAYAD,AGRICULTURE,Others,Others,Weather,"weather information","Hazy weather in your area ,no chance of rain",BIHAR,BUXAR,BUXAR,2018-04-19T09:47:26Z
JAYAD,AGRICULTURE,Others,Others,Weather,"WEATHER INFORMATION","no  chance of rain in your area",BIHAR,BUXAR,BUXAR,2018-04-20T08:50:09Z
RABI,AGRICULTURE,Others,Others,Weather,"weather information","37 C 
RealFeel 42

Hazy sunshine
  


See Hourly

> 




Today

Apr 20



40 Hi 
RealFeel 43

Hazy sunshine and hot
 More  



Tonight

Apr 20



26 Lo 
RealFeel 26

Hazy and warm
 More  



Tomorrow

Apr 21



41 Hi 
RealFeel 43

Hazy",BIHAR,BUXAR,ITARHI,2018-04-20T12:34:46Z
JAYAD,AGRICULTURE,Others,Others,Weather,"WEATHER INFORMATION","?? ???? ??????? ??? ???? ??? ????? ?????  ????? ?? ???  ???????  ??? ??",BIHAR,BUXAR,ITARHI,2018-04-22T12:02:07Z
RABI,AGRICULTURE,Cereals,Wheat,Weather,"Weather information","????? ?? ????? ???? ??? ?????? ? ???? ?????????? ?? ??????? ??",BIHAR,BUXAR,SIMRI,2018-04-22T16:50:57Z
RABI,AGRICULTURE,Cereals,Wheat,Weather,"Weather information","????? ?? ????? ???? ??? ?????? ????? ????? ???? ?? ??? ??????? ???? ??",BIHAR,BUXAR,ITARHI,2018-04-22T17:00:13Z
RABI,AGRICULTURE,Cereals,Wheat,Weather,"Weather information","????? ?? ????? ???? ??? ?????? ????? ????? ???? ?? ??? ??????? ???? ??",BIHAR,BUXAR,DUMRAON,2018-04-22T17:04:50Z
JAYAD,AGRICULTURE,Others,Others,Weather,"Weather information","No chance of rain in your area",BIHAR,BUXAR,BRAHMPUR,2018-04-23T16:11:36Z
JAYAD,AGRICULTURE,Others,Others,"Government Schemes","Farmer Reg. & Anudan",dbtagriculture.bihar.gov.in,BIHAR,BUXAR,RAJPUR,2018-04-24T12:47:04Z
JAYAD,FISHERIES,Inland,Others,"Fish  Marketing","Fishery Toll free No.-",18003456185,BIHAR,BUXAR,BUXAR,2018-04-28T13:30:39Z
JAYAD,AGRICULTURE,Others,Others,Weather,"WEATHER INFORMATION","Cloudy weather in your area, chance of rain in your area",BIHAR,BUXAR,CHAUSA,2018-04-29T09:13:21Z
JAYAD,AGRICULTURE,Others,Others,Weather,"WEATHER INFORMATION","TODAY AND TOMARROW CHANCE OF RAIN IN YOUR AREA",BIHAR,BUXAR,CHAUSA,2018-04-29T09:16:49Z
JAYAD,AGRICULTURE,Others,Others,Weather,"WEATHER INFORMATION","TODAY AND TOMARROW CHANCE OF RAIN IN YOUR AREA",BIHAR,BUXAR,CHAUSA,2018-04-29T09:18:32Z
JAYAD,AGRICULTURE,Others,Others,Weather,"Weather information","Heavy Cloudy weather in your area, chance of rain in your area",BIHAR,BUXAR,BRAHMPUR,2018-04-29T20:51:39Z
KHARIF,AGRICULTURE,Others,Others,"Field Preparation","WEATHER INFORMATION","chance of rain in your area",BIHAR,BUXAR,DUMRAON,2018-04-30T13:28:38Z
RABI,AGRICULTURE,Cereals,Wheat,Weather,"WEATHER INFORMATION","?? ???? ??????? ??? ???? ??? ????? ?????  ????? ?? ???  ???????  ??? ??",BIHAR,BUXAR,RAJPUR,2018-04-30T13:57:47Z
