Season,Sector,Category,Crop,QueryType,QueryText,KCCAns,StateName,DistrictName,BlockName,CreatedOn
JAYAD,HORTICULTURE,Vegetables,Chillies,"Plant Protection","INSECT INFESTATION IN CHILLY","SPRAY MALATHION @ 2 ML PER LITRE WATER",BIHAR,CHAMPARAN(WEST),BAIRIA,2018-05-02T11:27:19Z
JAYAD,AGRICULTURE,Millets,"Maize (Makka)","Plant Protection","INSECT INFESTATION IN MAIZE","Spray dimethoate @ 1 ml in 1 litre of water",BIHAR,CHAMPARAN(WEST),BAIRIA,2018-05-02T11:29:20Z
JAYAD,AGRICULTURE,Others,Others,Weather,"Weather information","Cloudy weather in your area chance of rain in your area",BIHAR,CHAMPARAN(WEST),BAIRIA,2018-05-02T11:30:11Z
JAYAD,AGRICULTURE,Others,Others,"Field Preparation","Government Scheme Website","Government Scheme Website - www.krishi.bih.nic.in.",BIHAR,CHAMPARAN(WEST),BETTIAH,2018-05-02T11:31:54Z
JAYAD,AGRICULTURE,Others,Others,Weather,"WEATHER INFORMATION","Heavy Cloudy weather in your area, chance of rain in your area",BIHAR,CHAMPARAN(WEST),MAINATAND,2018-05-02T20:13:39Z
RABI,AGRICULTURE,Others,Others,"Plant Protection","Insect problem in okra","Spray  Imidachloprid @ 1ml/3lit of water",BIHAR,CHAMPARAN(WEST),CHANPATIA,2018-05-02T20:20:44Z
JAYAD,AGRICULTURE,Others,Others,"Field Preparation","Weather information","Heavy Cloudy weather in your area,chance of rain in your area",BIHAR,CHAMPARAN(WEST),NARKATIAGANJ,2018-05-04T11:06:02Z
JAYAD,AGRICULTURE,Others,Others,"Field Preparation","Weather information","Heavy Cloudy weather in your area,chance of rain in your area",BIHAR,CHAMPARAN(WEST),NARKATIAGANJ,2018-05-04T11:14:27Z
JAYAD,AGRICULTURE,Others,Others,"Field Preparation","Weather information","Heavy Cloudy weather in your area,chance of rain in your area",BIHAR,CHAMPARAN(WEST),NARKATIAGANJ,2018-05-04T11:57:03Z
JAYAD,AGRICULTURE,Others,Others,Weather,"Weather information","Cloudy weather in your area chance of rain in your area",BIHAR,CHAMPARAN(WEST),BAGAHA-II,2018-05-04T12:01:03Z
JAYAD,AGRICULTURE,Others,Others,"Field Preparation","Weather information","Heavy Cloudy weather in your area,chance of rain in your area",BIHAR,CHAMPARAN(WEST),NARKATIAGANJ,2018-05-04T12:03:19Z
RABI,AGRICULTURE,Others,Others,Weather,"Weather information","Cloudy weather in your area but no chance of rain in your area",BIHAR,CHAMPARAN(WEST),NARKATIAGANJ,2018-05-04T18:29:14Z
RABI,AGRICULTURE,Others,Others,Weather,"Weather information","Cloudy weather in your area chance of rain in your area",BIHAR,CHAMPARAN(WEST),BAGAHA-I,2018-05-04T20:32:07Z
JAYAD,AGRICULTURE,Others,Others,"Field Preparation","WEATHER INFORMATION","Cloudy weather in your area, but no chance of rain in your area .",BIHAR,CHAMPARAN(WEST),SIKTA,2018-05-05T10:06:36Z
JAYAD,AGRICULTURE,Others,Others,"Field Preparation","WEATHER INFORMATION","today and tomarrow chance of rain in your area",BIHAR,CHAMPARAN(WEST),CHANPATIA,2018-05-05T12:17:11Z
JAYAD,AGRICULTURE,Others,Others,"Field Preparation","today and tomarrow chance of rain in your area","today and tomarrow chance of rain in your area",BIHAR,CHAMPARAN(WEST),SIKTA,2018-05-05T12:32:20Z
RABI,AGRICULTURE,Others,Others,Weather,"weather information","Hazy weather in your area ,no chance of rain",BIHAR,CHAMPARAN(WEST),BETTIAH,2018-05-05T17:11:42Z
JAYAD,AGRICULTURE,Others,Others,"Field Preparation","varity of paddy","mijh tehu
gsrq 'kh?k z
idus okyh
izHksn
rqjUrk 75&80 20&25
20
25 t wu ls
10 t qykbZ
20&22 fnu
dk fcpM+k 15
x 15 ls-eh- dh
nwjh ij
ckSuh fdLesa
ljkst &BaM
d s izfrjkskh
izHkkr 90&95 30&35
lkdsr 4 110&115 30&35
fjNkkfj;k 110&115 30&35
ljkst 110&115 30&35
kuyeh 110&115 25&35
e;e",BIHAR,CHAMPARAN(WEST),BAGAHA-I,2018-05-06T12:33:45Z
RABI,AGRICULTURE,Others,Others,"Plant Protection","Yellowing of leaf","Spray saaf @2gm /lit of water",BIHAR,CHAMPARAN(WEST),LAURIYA,2018-05-06T14:04:43Z
JAYAD,AGRICULTURE,Others,Others,Weather,"Weather information","Cloudy weather in your area chance of rain in your area",BIHAR,CHAMPARAN(WEST),BAGAHA-I,2018-05-06T17:31:56Z
RABI,AGRICULTURE,Others,Others,"Plant Protection","Fusarium wilt IN CHILLI","Drenching with 1% Bordeaux mixture or Blue copper or Fytolan 0.25% may give protection",BIHAR,CHAMPARAN(WEST),BAGAHA-I,2018-05-06T17:34:29Z
RABI,AGRICULTURE,Others,Others,Weather,"weather information","Cloudy weather Today & tomorrow   chance of rain",BIHAR,CHAMPARAN(WEST),NARKATIAGANJ,2018-05-06T17:42:09Z
JAYAD,AGRICULTURE,Others,Others,Weather,"Weather information","Cloudy weather in your area chance of rain in your area",BIHAR,CHAMPARAN(WEST),NARKATIAGANJ,2018-05-06T18:19:13Z
JAYAD,AGRICULTURE,Others,Others,Weather,"Weather information","Cloudy weather in your area chance of rain in your area",BIHAR,CHAMPARAN(WEST),NARKATIAGANJ,2018-05-06T18:19:28Z
JAYAD,AGRICULTURE,Others,Others,Weather,"WEATHER INFORMATION","Cloudy weather in your area, chance of rain in your area",BIHAR,CHAMPARAN(WEST),NARKATIAGANJ,2018-05-07T16:43:02Z
JAYAD,AGRICULTURE,Others,Others,"Field Preparation","WEATHER INFORMATION","Cloudy weather in your area, but no chance of rain in your area .",BIHAR,CHAMPARAN(WEST),CHANPATIA,2018-05-08T07:48:07Z
RABI,AGRICULTURE,Others,Others,"Plant Protection","Growth Delay","Spray multi micro nutrients @ 2 ml in 1 liter of water",BIHAR,CHAMPARAN(WEST),CHANPATIA,2018-05-08T18:43:01Z
JAYAD,AGRICULTURE,Others,Others,"Field Preparation","Weather information","Cloudy weather in your area but no chance of rain in your area",BIHAR,CHAMPARAN(WEST),BAIRIA,2018-05-09T06:51:28Z
JAYAD,AGRICULTURE,Others,Others,"Field Preparation","Weather information","Sunny weather but no rain in your area.",BIHAR,CHAMPARAN(WEST),RAMNAGAR,2018-05-09T07:20:03Z
JAYAD,AGRICULTURE,Others,Others,"Field Preparation","weather information","Cloudy weather Today & tomorrow   chance of rain",BIHAR,CHAMPARAN(WEST),CHANPATIA,2018-05-09T16:32:28Z
JAYAD,HORTICULTURE,Vegetables,Bhindi(Okra/Ladysfinger),"Plant Protection","CERCOSPORA SPOT IN BHINDI","SPRAY MANCOZEB 2.5GM/LIT OF WATER IN BHINDI",BIHAR,CHAMPARAN(WEST),CHANPATIA,2018-05-09T16:39:28Z
JAYAD,AGRICULTURE,Others,Others,"Field Preparation","weather information","Cloudy weather Today & tomorrow   chance of rain",BIHAR,CHAMPARAN(WEST),CHANPATIA,2018-05-09T16:48:35Z
JAYAD,AGRICULTURE,Others,Others,Weather,"Weather information","Cloudy weather in your area chance of rain in your area",BIHAR,CHAMPARAN(WEST),BAGAHA-II,2018-05-10T07:16:28Z
JAYAD,AGRICULTURE,Others,Others,Weather,"Weather information","Cloudy weather in your area chance of rain in your area",BIHAR,CHAMPARAN(WEST),NARKATIAGANJ,2018-05-10T08:23:35Z
RABI,AGRICULTURE,Cereals,Wheat,Weather,"WEATHER INFORMATION","?? ???? ??????? ??? ???? ??? ????? ?????  ????? ?? ???  ???????  ??? ??",BIHAR,CHAMPARAN(WEST),NARKATIAGANJ,2018-05-10T16:07:35Z
RABI,AGRICULTURE,Cereals,Wheat,Weather,"WEATHER INFORMATION","?? ?? ?? ???? ??????? ??? ???? ??? ????? ?? ????? ?? ??????? ??",BIHAR,CHAMPARAN(WEST),NARKATIAGANJ,2018-05-10T16:46:54Z
JAYAD,AGRICULTURE,Others,Others,"Field Preparation","Weather information","Cloudy weather in your area but no chance of rain in your area",BIHAR,CHAMPARAN(WEST),BAIRIA,2018-05-11T07:05:13Z
JAYAD,AGRICULTURE,Others,Others,"Field Preparation","Weather information","Cloudy weather in your area but no chance of rain in your area",BIHAR,CHAMPARAN(WEST),RAMNAGAR,2018-05-11T07:56:51Z
RABI,AGRICULTURE,Cereals,Wheat,Weather,"Weather information","???? ???  ?????",BIHAR,CHAMPARAN(WEST),NARKATIAGANJ,2018-05-11T10:44:57Z
JAYAD,AGRICULTURE,Others,Others,Weather,"Weather information","There will be light clouds in the sky no chance of rain in your area.",BIHAR,CHAMPARAN(WEST),NARKATIAGANJ,2018-05-11T13:12:56Z
RABI,AGRICULTURE,Others,Others,Weather,"WEATHER INFORMATION","Cloudy weather in your area, NO chance of rain in your area",BIHAR,CHAMPARAN(WEST),SIKTA,2018-05-11T14:45:50Z
RABI,AGRICULTURE,Others,Others,"Weed Management","weed management barren field","glyphosate-1 ml/liter of water",BIHAR,CHAMPARAN(WEST),CHANPATIA,2018-05-11T18:52:58Z
JAYAD,HORTICULTURE,Vegetables,"Bitter Gourd","Plant Protection","INSECT INFESTATION IN BITTER GOURD","Spray methyl demeton or dimethoate @ 1 ml in one litre of water",BIHAR,CHAMPARAN(WEST),MAINATAND,2018-05-12T09:58:05Z
RABI,AGRICULTURE,Cereals,Wheat,Weather,"WEATHER INFORMATION","?? ?? ?? ???? ??????? ??? ???? ??? ????? ?? ????? ?? ??????? ??",BIHAR,CHAMPARAN(WEST),NAUTAN,2018-05-12T20:49:03Z
JAYAD,AGRICULTURE,Others,Others,"Plant Protection","WEATHER INFORMATION","Cloudy weather in your area but no chance of rain in your area",BIHAR,CHAMPARAN(WEST),LAURIYA,2018-05-13T11:56:52Z
RABI,AGRICULTURE,Cereals,Wheat,Weather,"WEATHER INFORMATION","?? ?? ?? ???? ??????? ??? ???? ??? ????? ?? ????? ?? ??????? ??",BIHAR,CHAMPARAN(WEST),NARKATIAGANJ,2018-05-13T16:33:50Z
JAYAD,AGRICULTURE,Others,Others,Weather,"weather information","Cloudy weather in your area, chance of rain in your area.",BIHAR,CHAMPARAN(WEST),MAINATAND,2018-05-14T10:03:53Z
JAYAD,AGRICULTURE,Others,Others,"Field Preparation",weed,"glyphosate-2 ml/lit water spray",BIHAR,CHAMPARAN(WEST),LAURIYA,2018-05-14T13:26:07Z
RABI,AGRICULTURE,Cereals,Wheat,Weather,"WEATHER INFORMATION","?? ?? ?? ???? ??????? ??? ???? ??? ????? ?? ????? ?? ??????? ??",BIHAR,CHAMPARAN(WEST),BHITAHA,2018-05-14T14:44:22Z
JAYAD,AGRICULTURE,Others,Others,Weather,"Weather Information","Cloudy weather today and tomorrow little chance of rain.",BIHAR,CHAMPARAN(WEST),NARKATIAGANJ,2018-05-14T15:03:27Z
JAYAD,AGRICULTURE,Others,Others,Weather,"Weather Information","Cloudy weather today and tomorrow little chance of rain.",BIHAR,CHAMPARAN(WEST),NARKATIAGANJ,2018-05-14T15:03:41Z
JAYAD,AGRICULTURE,Others,Others,Weather,"Weather Information","Cloudy weather today and tomorrow little chance of rain.",BIHAR,CHAMPARAN(WEST),MAINATAND,2018-05-14T16:22:54Z
JAYAD,AGRICULTURE,Others,Others,Weather,"Weather Information","Cloudy weather today and tomorrow little chance of rain.",BIHAR,CHAMPARAN(WEST),MAINATAND,2018-05-14T16:25:56Z
JAYAD,AGRICULTURE,Others,Others,Weather,"Weather Information","Cloudy weather today and tomorrow little chance of rain.",BIHAR,CHAMPARAN(WEST),MAINATAND,2018-05-14T16:26:19Z
RABI,HORTICULTURE,Vegetables,Chillies,"Plant Protection","Gram caterpillar","Spinosad 45 % SC 3.2 ml/10 lit. 
Thiodicarb 75 % WP 2.0 g/lit.",BIHAR,CHAMPARAN(WEST),BETTIAH,2018-05-15T06:33:29Z
JAYAD,AGRICULTURE,Others,Others,Weather,"weather information","Cloudy weather in your area, chance of rain in your area",BIHAR,CHAMPARAN(WEST),GAUNAHA,2018-05-15T08:33:36Z
JAYAD,AGRICULTURE,Others,Others,"Field Preparation","Weather information","Cloudy weather today and  tomorrow little chance of rain in your area.",BIHAR,CHAMPARAN(WEST),MAINATAND,2018-05-15T12:38:11Z
JAYAD,AGRICULTURE,Others,Others,"Soil Testing","how to take Sample for soil test","31 ???? ??? ?? ?????? ???? ?? , ??? ?? ?????? ?? 1 ????  ????? 1 ??? ?? ??? ????? ?? ???? ??? ??? ?? ???? ?????? ???? ??, ??? ??? ?? ?????? ??? ???? ???? ??? ??? ???? ?????? ??????? ?? !",BIHAR,CHAMPARAN(WEST),NARKATIAGANJ,2018-05-15T14:59:44Z
JAYAD,AGRICULTURE,Others,Others,Weather,"weather information","Cloudy weather in your area, chance of rain in your area.",BIHAR,CHAMPARAN(WEST),NARKATIAGANJ,2018-05-15T16:53:01Z
JAYAD,AGRICULTURE,Others,Others,Weather,"WEATHER INFORMATION","chance of rain in your area",BIHAR,CHAMPARAN(WEST),BAGAHA-I,2018-05-15T17:24:18Z
JAYAD,AGRICULTURE,Others,Others,Weather,"weather information","Cloudy weather in your area, chance of rain in your area.",BIHAR,CHAMPARAN(WEST),MAJHAULIA,2018-05-15T21:34:05Z
JAYAD,AGRICULTURE,"Sugar and Starch Crops","Sugarcane (Noble Cane)","Plant Protection","stem borer insect problem in sugercane","Spray chlorpyriphos 20 ec @ 2 ml in 1 liter of water",BIHAR,CHAMPARAN(WEST),MADHUBANI,2018-05-16T07:05:41Z
JAYAD,AGRICULTURE,Others,Others,Weather,"Weather information","Cloudy weather in your area chance of rain in your area",BIHAR,CHAMPARAN(WEST),NARKATIAGANJ,2018-05-16T14:16:30Z
JAYAD,AGRICULTURE,Others,Others,Weather,"Weather information","Cloudy weather in your area chance of rain in your area",BIHAR,CHAMPARAN(WEST),NARKATIAGANJ,2018-05-16T14:16:43Z
JAYAD,AGRICULTURE,Others,Others,Weather,"Weather information","Cloudy weather in your area chance of rain in your area",BIHAR,CHAMPARAN(WEST),NARKATIAGANJ,2018-05-16T14:16:55Z
