Season,Sector,Category,Crop,QueryType,QueryText,KCCAns,StateName,DistrictName,BlockName,CreatedOn
JAYAD,AGRICULTURE,Others,Others,Weather,"WEATHER INFORMATION","TODAY AND TOMARROW CHANCE OF RAIN IN YOUR AREA",BIHAR,MUZAFFARPUR,KURHANI,2018-05-01T06:26:28Z
JAYAD,AGRICULTURE,Others,Others,Weather,"WEATHER INFORMATION","TODAY AND TOMARROW CHANCE OF RAIN IN YOUR AREA",BIHAR,MUZAFFARPUR,KURHANI,2018-05-01T06:28:49Z
JAYAD,AGRICULTURE,Others,Others,Weather,"Weather information","Cloudy weather in your area but no chance of rain in your area",BIHAR,MUZAFFARPUR,GAIGHAT,2018-05-01T07:25:02Z
JAYAD,HORTICULTURE,Vegetables,Bhindi(Okra/Ladysfinger),"Plant Protection","whitefly insect problem in bhindi","Spray imidachloprid 17.8sl@1ml/3lit of water",BIHAR,MUZAFFARPUR,MINAPUR,2018-05-01T07:35:21Z
JAYAD,AGRICULTURE,Others,Others,Weather,"WEATHER INFORMATION","TODAY AND TOMARROW CHANCE OF RAIN IN YOUR AREA",BIHAR,MUZAFFARPUR,MINAPUR,2018-05-01T07:39:41Z
JAYAD,AGRICULTURE,Others,Others,"Plant Protection","YELLOWING OF LEAVES / problem fungus","spray mancozeb @ 2 gm / lit of water",BIHAR,MUZAFFARPUR,MINAPUR,2018-05-01T13:22:24Z
JAYAD,AGRICULTURE,Others,Others,"Field Preparation","Yellowing of leaf / Rotting problem","Spray copper oxycloride @ 2 gram in 1 litter of water",BIHAR,MUZAFFARPUR,MINAPUR,2018-05-01T18:46:52Z
RABI,AGRICULTURE,Others,Others,"Field Preparation","Insect infestation","Spray Imidacloroprid @ 1 ml /3 lit of water",BIHAR,MUZAFFARPUR,KANTI,2018-05-02T09:23:43Z
JAYAD,AGRICULTURE,Others,Others,Weather,"Weather Information","Cloudy weather today and tomorrow little chance of rain.",BIHAR,MUZAFFARPUR,KURHANI,2018-05-02T11:17:03Z
JAYAD,AGRICULTURE,Others,Others,"Field Preparation","WEATHER INFORMATION","Cloudy weather today and  tomorrow little chance of rain in your area.",BIHAR,MUZAFFARPUR,MINAPUR,2018-05-02T12:36:09Z
JAYAD,AGRICULTURE,Others,Others,Weather,"Weather information","Cloudy weather in your area chance of rain in your area",BIHAR,MUZAFFARPUR,AURAI,2018-05-02T13:12:36Z
JAYAD,AGRICULTURE,Others,Others,Weather,"WEATHER INFORMATION","Heavy Cloudy weather in your area, chance of rain in your area",BIHAR,MUZAFFARPUR,BOCHAHAN,2018-05-02T14:20:37Z
JAYAD,AGRICULTURE,Others,Others,"Plant Protection","Nutritional medicine","Spray Multi micro nutrient @ 2 gram in 1 liter of water",BIHAR,MUZAFFARPUR,KANTI,2018-05-02T18:29:41Z
JAYAD,AGRICULTURE,Others,Others,Weather,"Weather information","Cloudy weather in your area chance of rain in your area",BIHAR,MUZAFFARPUR,SARAIYA,2018-05-04T09:50:00Z
JAYAD,HORTICULTURE,Vegetables,Brinjal,"Cultural Practices","sowing time of brinjal",NA,BIHAR,MUZAFFARPUR,SAKRA,2018-05-04T10:01:12Z
JAYAD,HORTICULTURE,Vegetables,Brinjal,"Cultural Practices","sowing time of brinjal","December  January and May  June.",BIHAR,MUZAFFARPUR,SAKRA,2018-05-04T10:02:36Z
JAYAD,AGRICULTURE,Others,Others,"Field Preparation","Weather information","Heavy Cloudy weather in your area,chance of rain in your area",BIHAR,MUZAFFARPUR,SAKRA,2018-05-04T12:26:01Z
JAYAD,AGRICULTURE,Others,Others,"Field Preparation","Weather information","Cloudy weather in your area but no chance of rain in your area",BIHAR,MUZAFFARPUR,SARAIYA,2018-05-04T12:29:29Z
KHARIF,AGRICULTURE,Cereals,Oats,Weather,weather,"no rain",BIHAR,MUZAFFARPUR,KANTI,2018-05-04T15:20:05Z
JAYAD,AGRICULTURE,Others,Others,"Field Preparation","WEATHER INFORMATION","today and tomarrow chance of rain in your area",BIHAR,MUZAFFARPUR,MINAPUR,2018-05-05T07:32:05Z
JAYAD,AGRICULTURE,Others,Others,Weather,"weather information","Cloudy weather, rain is not likely in your area.",BIHAR,MUZAFFARPUR,KURHANI,2018-05-05T09:05:38Z
JAYAD,AGRICULTURE,Others,Others,Weather,"weather information","Hazy weather in your area ,no chance of rain",BIHAR,MUZAFFARPUR,GAIGHAT,2018-05-05T09:47:59Z
JAYAD,AGRICULTURE,Cereals,Wheat,"Market Information","MSP OF WHEAT","MSP OF WHEAT IS RS. 1735 PER QUINTAL",BIHAR,MUZAFFARPUR,GAIGHAT,2018-05-05T09:49:05Z
JAYAD,AGRICULTURE,Others,Others,"Field Preparation","WEATHER INFORMATION","Cloudy weather in your area, but no chance of rain in your area .",BIHAR,MUZAFFARPUR,KURHANI,2018-05-05T13:22:07Z
RABI,AGRICULTURE,Cereals,Wheat,Weather,"WEATHER INFORMATION","???? ???  ?????  ????? ????? ???? ??  ???  ???????  ??? ??",BIHAR,MUZAFFARPUR,MOTIPUR,2018-05-05T15:46:43Z
RABI,AGRICULTURE,Cereals,Wheat,Weather,"WEATHER INFORMATION","???? ???  ?????  ????? ????? ???? ??  ???  ???????  ??? ??",BIHAR,MUZAFFARPUR,AURAI,2018-05-05T16:11:46Z
RABI,AGRICULTURE,Cereals,Wheat,Weather,"WEATHER INFORMATION","???? ???  ?????  ????? ????? ???? ??  ???  ???????  ??? ??",BIHAR,MUZAFFARPUR,KURHANI,2018-05-05T19:29:18Z
JAYAD,HORTICULTURE,Vegetables,Chillies,"Plant Protection","FRUIT BORER OF CHILLI","Spray dimethoate @ 1 ml in 1 litre of water",BIHAR,MUZAFFARPUR,SAHEBGANJ,2018-05-06T07:51:52Z
JAYAD,AGRICULTURE,Others,Others,Weather,"Weather information","TODAY CHANCE OF RAIN IN YOUR AREA",BIHAR,MUZAFFARPUR,KURHANI,2018-05-06T08:07:19Z
JAYAD,AGRICULTURE,Others,Others,"Field Preparation","Weather information","Weather will be clear and glowing sun",BIHAR,MUZAFFARPUR,BOCHAHAN,2018-05-06T09:29:34Z
JAYAD,AGRICULTURE,Others,Others,Weather,"WEATHER INFORMATION","Cloudy weather today and tomorrow  but no chance of rain in your area.",BIHAR,MUZAFFARPUR,GAIGHAT,2018-05-06T10:14:55Z
JAYAD,AGRICULTURE,Others,Others,Weather,"Weather information","Cloudy weather in your area chance of rain in your area",BIHAR,MUZAFFARPUR,KURHANI,2018-05-06T10:39:47Z
JAYAD,AGRICULTURE,Others,Others,Weather,"Weather information","Cloudy weather in your area chance of rain in your area",BIHAR,MUZAFFARPUR,MINAPUR,2018-05-06T14:59:23Z
RABI,AGRICULTURE,Others,Others,"Plant Protection","insect infestation in pointed gourd","Spray dimethoate @ 1 ml in 1 litre of water",BIHAR,MUZAFFARPUR,PAROO,2018-05-07T17:31:38Z
JAYAD,AGRICULTURE,Others,Others,Weather,"WEATHER INFORMATION","Heavy Cloudy weather in your area, chance of rain in your area",BIHAR,MUZAFFARPUR,SAKRA,2018-05-08T06:44:44Z
JAYAD,AGRICULTURE,Others,Others,Weather,"WEATHER INFORMATION","Heavy Cloudy weather in your area, chance of rain in your area",BIHAR,MUZAFFARPUR,SAKRA,2018-05-08T06:45:22Z
JAYAD,AGRICULTURE,Others,Others,Weather,"WEATHER INFORMATION","Heavy Cloudy weather in your area, chance of rain in your area",BIHAR,MUZAFFARPUR,SAKRA,2018-05-08T08:16:17Z
JAYAD,AGRICULTURE,Others,Others,Weather,"WEATHER INFORMATION","Heavy Cloudy weather in your area, chance of rain in your area",BIHAR,MUZAFFARPUR,SAKRA,2018-05-08T08:18:41Z
RABI,AGRICULTURE,Others,Others,"Plant Protection","Leaf curl in papaya","neem oil-5 ml/liter of water",BIHAR,MUZAFFARPUR,MUSHAHARI,2018-05-08T08:28:24Z
JAYAD,AGRICULTURE,Others,Others,"Field Preparation","WEATHER INFORMATION","Cloudy weather in your area, but no chance of rain in your area .",BIHAR,MUZAFFARPUR,BANDRA,2018-05-08T08:29:14Z
JAYAD,AGRICULTURE,Others,Others,Weather,"WEATHER INFORMATION","Heavy Cloudy weather in your area, chance of rain in your area",BIHAR,MUZAFFARPUR,KURHANI,2018-05-08T09:11:58Z
RABI,AGRICULTURE,Cereals,Wheat,Weather,"WEATHER INFORMATION","???? ???  ?????  ????? ????? ???? ??  ???  ???????  ??? ??",BIHAR,MUZAFFARPUR,BOCHAHAN,2018-05-08T10:33:28Z
JAYAD,AGRICULTURE,Others,Others,"Field Preparation","WEATHER INFORMATION","today and tomarrow chance of rain in your area",BIHAR,MUZAFFARPUR,MINAPUR,2018-05-08T11:01:30Z
RABI,AGRICULTURE,Others,Others,Weather,"Weather information","Cloudy weather in your area but no chance of rain in your area",BIHAR,MUZAFFARPUR,PAROO,2018-05-08T11:32:24Z
JAYAD,AGRICULTURE,Others,Others,Weather,"WEATHER INFORMATION","There will be weather like change, and there is a possibility of drowsiness.",BIHAR,MUZAFFARPUR,MINAPUR,2018-05-08T13:22:27Z
RABI,AGRICULTURE,Cereals,Wheat,Weather,"WEATHER INFORMATION","?? ?? ?? ???? ??????? ??? ???? ??? ????? ?? ????? ?? ??????? ??",BIHAR,MUZAFFARPUR,MUSHAHARI,2018-05-08T16:31:11Z
RABI,AGRICULTURE,Cereals,Wheat,Weather,"WEATHER INFORMATION","?? ?? ?? ???? ??????? ??? ???? ??? ????? ?? ????? ?? ??????? ??",BIHAR,MUZAFFARPUR,MUSHAHARI,2018-05-08T16:38:45Z
RABI,AGRICULTURE,Cereals,Wheat,Weather,"WEATHER INFORMATION","?? ?? ?? ???? ??????? ??? ???? ??? ????? ?? ????? ?? ??????? ??",BIHAR,MUZAFFARPUR,MUSHAHARI,2018-05-08T16:39:03Z
JAYAD,AGRICULTURE,Cereals,Wheat,"Field Preparation","Weather information","Cloudy weather in your area but no chance of rain in your area",BIHAR,MUZAFFARPUR,SAKRA,2018-05-09T06:24:00Z
JAYAD,AGRICULTURE,Others,Others,Weather,"weather information","Cloudy weather Today & tomorrow   chance of rain",BIHAR,MUZAFFARPUR,GAIGHAT,2018-05-09T07:50:34Z
JAYAD,AGRICULTURE,Others,Others,"Field Preparation","Weather information","CLOUDY WEATHER CHANCE OF RAIN",BIHAR,MUZAFFARPUR,MUSHAHARI,2018-05-09T09:45:02Z
JAYAD,AGRICULTURE,Others,Others,Weather,"weather information","Cloudy weather Today & tomorrow   chance of rain",BIHAR,MUZAFFARPUR,MUSHAHARI,2018-05-09T10:05:54Z
RABI,AGRICULTURE,Cereals,Wheat,Weather,"Weather information","TODAY AND TOMORROW NO CHANCE OF RAIN",BIHAR,MUZAFFARPUR,PAROO,2018-05-09T11:59:46Z
RABI,AGRICULTURE,Cereals,Wheat,Weather,"Weather information","Cloudy weather in your area but no chance of rain in your area",BIHAR,MUZAFFARPUR,PAROO,2018-05-09T13:12:06Z
JAYAD,HORTICULTURE,Fruits,Litchi,"Plant Protection","fruit cracking of litchi","Spray borax @ 2 gram in 1 litre of water",BIHAR,MUZAFFARPUR,KURHANI,2018-05-09T13:59:09Z
JAYAD,AGRICULTURE,Others,Others,"Plant Protection","PLANT PROTECTION","spray imidacoloroprid 1 ml / 3litre of water",BIHAR,MUZAFFARPUR,BANDRA,2018-05-09T16:22:13Z
RABI,AGRICULTURE,Cereals,Wheat,Weather,"WEATHER INFORMATION","?? ?? ?? ???? ??????? ??? ???? ??? ????? ?? ????? ?? ??????? ??",BIHAR,MUZAFFARPUR,KATRA,2018-05-09T16:36:18Z
JAYAD,AGRICULTURE,Others,Others,Weather,"Weather information","Cloudy weather in your area chance of rain in your area",BIHAR,MUZAFFARPUR,MINAPUR,2018-05-10T06:52:28Z
JAYAD,AGRICULTURE,Others,Others,Weather,"Weather information","Cloudy weather in your area chance of rain in your area",BIHAR,MUZAFFARPUR,MINAPUR,2018-05-10T06:52:40Z
JAYAD,AGRICULTURE,Others,Others,Weather,"Weather information","Cloudy weather in your area chance of rain in your area",BIHAR,MUZAFFARPUR,SAKRA,2018-05-10T07:48:22Z
RABI,HORTICULTURE,Vegetables,Brinjal,"Plant Protection","Shoot and fruit borer","Phosalone 35 % EC 1.5  ml/lit. 
Quinalphos 25 % EC 1.5 ml/lit. 
Thiodicarb 75 % WP 2.0 g/lit.",BIHAR,MUZAFFARPUR,BOCHAHAN,2018-05-10T10:37:06Z
RABI,AGRICULTURE,Cereals,Wheat,Weather,"WEATHER INFORMATION","???? ???  ?????  ????? ????? ???? ??  ???  ???????  ??? ??",BIHAR,MUZAFFARPUR,KANTI,2018-05-10T11:29:20Z
JAYAD,AGRICULTURE,Others,Others,"Plant Protection","Insect infestation","Spray chlorpyriphos @ 2 ml in 1 liter of water",BIHAR,MUZAFFARPUR,AURAI,2018-05-10T17:07:31Z
RABI,AGRICULTURE,Cereals,Wheat,Weather,"WEATHER INFORMATION","?? ?? ?? ???? ??????? ??? ???? ??? ????? ?? ????? ?? ??????? ??",BIHAR,MUZAFFARPUR,PAROO,2018-05-10T17:20:12Z
RABI,HORTICULTURE,Vegetables,Bhindi(Okra/Ladysfinger),"Plant Protection","Bhendi yellow vein mosaic virus","Synthetic pyrethroids should not be used because it will aggravate the situation.


It can be controlled by application of Chlorpyriphos 2.5 ml + neem oil 2 ml lit of water.",BIHAR,MUZAFFARPUR,BOCHAHAN,2018-05-11T06:13:51Z
JAYAD,AGRICULTURE,Others,Others,"Field Preparation","Weather information","Cloudy weather in your area but no chance of rain in your area",BIHAR,MUZAFFARPUR,SAKRA,2018-05-11T06:49:19Z
JAYAD,AGRICULTURE,Others,Others,"Field Preparation","Weather information","Cloudy weather in your area but no chance of rain in your area",BIHAR,MUZAFFARPUR,SARAIYA,2018-05-11T06:51:34Z
RABI,AGRICULTURE,Cereals,Wheat,Weather,"Weather information","Cloudy weather in your area, chance of rain in your area",BIHAR,MUZAFFARPUR,GAIGHAT,2018-05-11T08:02:19Z
JAYAD,AGRICULTURE,Cereals,"Paddy (Dhan)",Varieties,"Varity of rice for low land area","Rajshree, satyam, sakuntla, rajendra mansuri, swarna sab 1",BIHAR,MUZAFFARPUR,MUSHAHARI,2018-05-11T12:17:21Z
JAYAD,AGRICULTURE,Cereals,"Paddy (Dhan)",Varieties,"Varity of rice for low land area","Rajshree, satyam, sakuntla, rajendra mansuri, swarna sab 1",BIHAR,MUZAFFARPUR,MOTIPUR,2018-05-11T12:21:27Z
JAYAD,AGRICULTURE,Cereals,"Paddy (Dhan)","Field Preparation","Weather information","Cloudy weather in your area, chance of rain in your area",BIHAR,MUZAFFARPUR,MINAPUR,2018-05-11T12:30:15Z
JAYAD,HORTICULTURE,Vegetables,Bhindi(Okra/Ladysfinger),"Plant Protection","INSECT INFESTATION IN BHINDI","Spray malathion @ 2 gm in 1 litre of water",BIHAR,MUZAFFARPUR,PAROO,2018-05-11T13:42:21Z
JAYAD,HORTICULTURE,Vegetables,"Bottle Gourd","Plant Protection","ROTTING OF BOTTLE GOURD","Spray Copper oxy chloride @ 2 gm / lit of water",BIHAR,MUZAFFARPUR,PAROO,2018-05-11T13:43:49Z
JAYAD,AGRICULTURE,Others,Others,Weather,"Weather information","There will be light clouds in the sky no chance of rain in your area.",BIHAR,MUZAFFARPUR,PAROO,2018-05-11T13:44:44Z
JAYAD,AGRICULTURE,Others,Others,Weather,"Weather Information","Cloudy weather today and tomorrow little chance of rain.",BIHAR,MUZAFFARPUR,BANDRA,2018-05-11T18:33:15Z
JAYAD,AGRICULTURE,Others,Others,Weather,"Weather Information","Cloudy weather today and tomorrow little chance of rain.",BIHAR,MUZAFFARPUR,BANDRA,2018-05-11T19:11:36Z
RABI,AGRICULTURE,Others,Others,"Plant Protection","insect infestation in mango","dimethoate 1 ml/liter of water",BIHAR,MUZAFFARPUR,KURHANI,2018-05-12T07:44:43Z
JAYAD,AGRICULTURE,Others,Others,Weather,"WEATHER INFORMATION","?? ?? ?? ???? ??????? ??? ????? ?? ???????  ??? ??",BIHAR,MUZAFFARPUR,KATRA,2018-05-12T08:28:11Z
RABI,AGRICULTURE,Others,Others,Weather,"Weather information","Cloudy weather in your area but no chance of rain in your area",BIHAR,MUZAFFARPUR,KURHANI,2018-05-12T08:36:20Z
RABI,HORTICULTURE,Vegetables,Chillies,"Plant Protection","Chilli thrips","Imidacloprid 17.8 % SL 3.0 ml/10 lit. 
Dimethoate 30 % EC 1.0 ml/lit. 
Emamectin benzoate 5 % SG 4 g/10 lit.",BIHAR,MUZAFFARPUR,BOCHAHAN,2018-05-12T09:04:07Z
JAYAD,AGRICULTURE,Others,Others,"Field Preparation","WEATHER INFORMATION","NO CHANCE OF RAIN IN YOUR AREA",BIHAR,MUZAFFARPUR,SAHEBGANJ,2018-05-12T09:09:52Z
JAYAD,AGRICULTURE,Others,Others,"Field Preparation","WEATHER INFORMATION","NO CHANCE OF RAIN IN YOUR AREA",BIHAR,MUZAFFARPUR,KURHANI,2018-05-12T09:33:48Z
JAYAD,AGRICULTURE,Others,Others,"Field Preparation","WEATHER INFORMATION","Cloudy weather in your area, chance of rain in your area",BIHAR,MUZAFFARPUR,KURHANI,2018-05-12T10:38:06Z
JAYAD,AGRICULTURE,Others,Others,"Field Preparation",KVK,"Dr R.K. Mandol
Programme Coordinator
Krishi Vigyan Kendra (RAU)
At+P.O.Saraya
Distt. Muzaffarpur  843126
Email: kvksaraiya@yahoo.co.in
06223-
255552 - - 09934607122",BIHAR,MUZAFFARPUR,KURHANI,2018-05-12T13:54:54Z
JAYAD,AGRICULTURE,Others,Others,Weather,"Weather Information","Cloudy weather today and tomorrow little chance of rain.",BIHAR,MUZAFFARPUR,MUSHAHARI,2018-05-12T21:54:55Z
JAYAD,AGRICULTURE,Others,Others,Weather,"WEATHER INFORMATION","Heavy Cloudy weather in your area, chance of rain in your area",BIHAR,MUZAFFARPUR,BOCHAHAN,2018-05-13T18:44:33Z
RABI,HORTICULTURE,Vegetables,Bhindi(Okra/Ladysfinger),"Plant Protection","Bhendi fruit borer","Spray carbaryl 50 WP 2 g/lit or B. thuringiensis 2 g/lit",BIHAR,MUZAFFARPUR,BOCHAHAN,2018-05-14T06:28:29Z
JAYAD,AGRICULTURE,Others,Others,Weather,"WEATHER INFORMATION","There will be weather like change, and there is a possibility of drowsiness.",BIHAR,MUZAFFARPUR,KURHANI,2018-05-14T06:58:38Z
JAYAD,AGRICULTURE,Others,Others,"Field Preparation","Weather information","TODAY AND TOMORROW NO CHANCE OF RAIN",BIHAR,MUZAFFARPUR,SARAIYA,2018-05-14T08:48:54Z
JAYAD,AGRICULTURE,Others,Others,"Field Preparation","Weather information","TODAY AND TOMORROW NO CHANCE OF RAIN",BIHAR,MUZAFFARPUR,KURHANI,2018-05-14T09:59:15Z
JAYAD,AGRICULTURE,Cereals,"Paddy (Dhan)",Varieties,"Variety of rice for low land area","Variety of rice for low land area
Rajshree, satyam, sakuntla, rajendra mansuri, swarna sab 1",BIHAR,MUZAFFARPUR,PAROO,2018-05-14T13:23:30Z
RABI,AGRICULTURE,Cereals,Wheat,Weather,"WEATHER INFORMATION","?? ???? ??????? ??? ???? ??? ????? ?????  ????? ?? ???  ???????  ??? ??",BIHAR,MUZAFFARPUR,MINAPUR,2018-05-14T15:47:37Z
RABI,AGRICULTURE,Cereals,Wheat,Weather,"WEATHER INFORMATION","???? ??????? ??? ???? ??? ????? ?? ????? ????  ?? ??????? ??",BIHAR,MUZAFFARPUR,KURHANI,2018-05-14T16:02:41Z
RABI,AGRICULTURE,Cereals,Wheat,Weather,"WEATHER INFORMATION","???? ??????? ??? ???? ??? ????? ?? ????? ????  ?? ??????? ??",BIHAR,MUZAFFARPUR,MUSHAHARI,2018-05-14T19:32:22Z
JAYAD,AGRICULTURE,Others,Others,"Field Preparation","WEATHER INFORMATION","Cloudy weather today and  tomorrow little chance of rain in your area.",BIHAR,MUZAFFARPUR,MINAPUR,2018-05-15T06:24:11Z
RABI,HORTICULTURE,Vegetables,Chillies,"Plant Protection","Chilli thrips","Imidacloprid 17.8 % SL 3.0 ml/10 lit. 
Dimethoate 30 % EC 1.0 ml/lit. 
Emamectin benzoate 5 % SG 4 g/10 lit.",BIHAR,MUZAFFARPUR,KANTI,2018-05-15T06:27:27Z
JAYAD,AGRICULTURE,Others,Others,"Field Preparation","Farmer Reg","Farmer Reg. & Anudan:- dbtagriculture.bihar.gov.in",BIHAR,MUZAFFARPUR,KURHANI,2018-05-15T10:04:07Z
JAYAD,AGRICULTURE,Others,Others,Weather,"weather information","Cloudy weather Today & tomorrow   chance of rain",BIHAR,MUZAFFARPUR,PAROO,2018-05-15T10:53:59Z
JAYAD,AGRICULTURE,Others,Others,"Field Preparation","Weather information","Cloudy weather today and  tomorrow little chance of rain in your area.",BIHAR,MUZAFFARPUR,KURHANI,2018-05-15T11:34:13Z
JAYAD,AGRICULTURE,Others,Others,Weather,"WEATHER INFORMATION",", chance of rain in your area",BIHAR,MUZAFFARPUR,KURHANI,2018-05-15T11:44:49Z
JAYAD,HORTICULTURE,Vegetables,Brinjal,"Plant Protection","SHOOT AND FRUIT BORER OF BRINJAL","Spray cloropyriphos @ 1 ml in 1 litre of water",BIHAR,MUZAFFARPUR,PAROO,2018-05-15T11:46:22Z
JAYAD,AGRICULTURE,Others,Others,Weather,"WEATHER INFORMATION","chance of rain in your area",BIHAR,MUZAFFARPUR,MUSHAHARI,2018-05-15T13:37:07Z
RABI,AGRICULTURE,Cereals,Wheat,Weather,"Weather information","?? ?? ??????? ??? ???? ???  ????? ??  ????? ???? ?? ??????? ??",BIHAR,MUZAFFARPUR,GAIGHAT,2018-05-15T17:38:25Z
JAYAD,AGRICULTURE,Others,Others,Weather,"weather information","Cloudy weather in your area, chance of rain in your area.",BIHAR,MUZAFFARPUR,KATRA,2018-05-15T21:01:15Z
JAYAD,AGRICULTURE,Cereals,"Paddy (Dhan)",Varieties,"Varity of rice for low land area","Rajshree, satyam, sakuntla, rajendra mansuri, swarna sab 1",BIHAR,MUZAFFARPUR,SAKRA,2018-05-16T07:21:48Z
JAYAD,AGRICULTURE,Others,Others,Weather,"Weather information","There will be light clouds in the sky no chance of rain in your area.",BIHAR,MUZAFFARPUR,SAHEBGANJ,2018-05-16T09:57:28Z
JAYAD,AGRICULTURE,Others,Others,Weather,"weather information","Cloudy weather in your area, little chance of rain in your area.",BIHAR,MUZAFFARPUR,BOCHAHAN,2018-05-16T12:30:36Z
RABI,HORTICULTURE,Vegetables,Chillies,"Plant Protection","Viral diseases","Apply Carbofuran 3G @ 4-5 Kg/acre in the mainfield to control sucking complex and insect vectors selectively.


If it is not possible spray the crop with systemic insecticides. Dimethoate 2ml of Acephate 1g per litre of water.",BIHAR,MUZAFFARPUR,BOCHAHAN,2018-05-16T15:31:32Z
JAYAD,AGRICULTURE,Others,Others,"Field Preparation","Weather information","Cloudy weather today and  tomorrow little chance of rain in your area.",BIHAR,MUZAFFARPUR,GAIGHAT,2018-05-16T19:26:33Z
