Season,Sector,Category,Crop,QueryType,QueryText,KCCAns,StateName,DistrictName,BlockName,CreatedOn
JAYAD,AGRICULTURE,Others,Others,Weather,"Weather information","Cloudy weather in your area chance of rain in your area",BIHAR,BEGUSARAI,GADHPURA,2018-05-01T07:58:49Z
JAYAD,AGRICULTURE,Others,Others,Weather,"Weather information","Cloudy weather in your area chance of rain in your area",BIHAR,BEGUSARAI,BEGUSARAI,2018-05-01T13:03:43Z
RABI,AGRICULTURE,Cereals,Wheat,Weather,"WEATHER INFORMATION","????? ????  ??  ????????  ????  ??",BIHAR,BEGUSARAI,GADHPURA,2018-05-01T17:32:30Z
JAYAD,AGRICULTURE,Others,Others,Weather,"Weather information","Cloudy weather in your area chance of rain in your area",BIHAR,BEGUSARAI,"SAHEBPUR KAMAL",2018-05-02T07:32:54Z
RABI,AGRICULTURE,Others,Others,"Plant Protection","insect infestation in onion","Spray  Imidachloprid @ 1ml/3lit of water",BIHAR,BEGUSARAI,BARAUNI,2018-05-02T14:29:25Z
RABI,AGRICULTURE,Cereals,Wheat,Weather,"Weather information","TODAY AND TOMORROW NO CHANCE OF RAIN",BIHAR,BEGUSARAI,BHAGWANPUR,2018-05-02T17:15:30Z
RABI,AGRICULTURE,Others,Others,Weather,"weather information","Cloudy weather Today & tomorrow   chance of rain",BIHAR,BEGUSARAI,BEGUSARAI,2018-05-02T20:10:55Z
RABI,AGRICULTURE,Others,Others,Weather,"Weather information","Cloudy weather in your area but no chance of rain in your area",BIHAR,BEGUSARAI,GADHPURA,2018-05-04T16:23:00Z
RABI,AGRICULTURE,Others,Others,"Plant Protection","weather information","Hazy weather in your area ,no chance of rain",BIHAR,BEGUSARAI,BEGUSARAI,2018-05-05T15:52:33Z
RABI,AGRICULTURE,Others,Others,Weather,"weather information","Hazy weather in your area ,no chance of rain",BIHAR,BEGUSARAI,MATIHANI,2018-05-05T19:25:18Z
JAYAD,AGRICULTURE,Others,Others,Weather,"Weather information","Heavy Cloudy weather in your area,chance of rain in your area",BIHAR,BEGUSARAI,DANDARI,2018-05-05T21:21:30Z
RABI,AGRICULTURE,Cereals,Wheat,Weather,"WEATHER INFORMATION","???? ???  ????? ????? ???? ?? ??????? ??",BIHAR,BEGUSARAI,DANDARI,2018-05-05T21:30:28Z
JAYAD,AGRICULTURE,Others,Others,"Field Preparation","Weather information","Weather will be clear and glowing sun",BIHAR,BEGUSARAI,"CHERIA BARIARPUR",2018-05-06T09:33:33Z
JAYAD,AGRICULTURE,Others,Others,Weather,"Weather information","Cloudy weather in your area but no chance of rain in your area",BIHAR,BEGUSARAI,"CHERIA BARIARPUR",2018-05-06T11:19:47Z
RABI,AGRICULTURE,Others,Others,Weather,"weather information","Hazy weather in your area ,no chance of rain",BIHAR,BEGUSARAI,BEGUSARAI,2018-05-06T20:07:52Z
JAYAD,AGRICULTURE,Others,Others,"Field Preparation","WEATHER INFORMATION","today and tomarrow chance of rain in your area",BIHAR,BEGUSARAI,MATIHANI,2018-05-08T13:09:14Z
JAYAD,AGRICULTURE,Others,Others,"Field Preparation","Weather information","Heavy Cloudy weather in your area,chance of rain in your area",BIHAR,BEGUSARAI,BAKHRI,2018-05-09T07:12:19Z
JAYAD,AGRICULTURE,Others,Others,"Field Preparation","Weather information","Cloudy weather in your area but no chance of rain in your area",BIHAR,BEGUSARAI,BHAGWANPUR,2018-05-09T07:17:47Z
JAYAD,AGRICULTURE,Others,Others,"Field Preparation","Weather information","CLOUDY WEATHER CHANCE OF RAIN",BIHAR,BEGUSARAI,BALLIA,2018-05-09T07:48:46Z
RABI,AGRICULTURE,Others,Others,"Plant Protection","Fruit cracking","Spray Borex @ 2gm/lit of water",BIHAR,BEGUSARAI,"SAHEBPUR KAMAL",2018-05-09T14:23:25Z
RABI,HORTICULTURE,Vegetables,Chillies,"Plant Protection","Chilli thrips","Imidacloprid 17.8 % SL 3.0 ml/10 lit. 
Dimethoate 30 % EC 1.0 ml/lit.",BIHAR,BEGUSARAI,"SAMHO AKHA KURHA",2018-05-09T18:09:13Z
RABI,HORTICULTURE,Vegetables,Chillies,"Plant Protection","Tobacco cutworm","Indoxacarb 14.5 % SC 6.5 ml/10 lit. 
Novaluron 10 % EC 7.5 ml/10 lit. 
Spinosad 45 % SC 3.2 ml/10 lit.",BIHAR,BEGUSARAI,"SAMHO AKHA KURHA",2018-05-09T18:16:16Z
JAYAD,AGRICULTURE,Others,Others,Weather,"Weather information","Cloudy weather in your area chance of rain in your area",BIHAR,BEGUSARAI,BACHHWARA,2018-05-10T10:37:27Z
RABI,HORTICULTURE,Vegetables,Bhindi(Okra/Ladysfinger),"Plant Protection","Cercospora Leaf Spots","Spraying Mancozeb 0.25 % control the disease.",BIHAR,BEGUSARAI,"SAMHO AKHA KURHA",2018-05-11T06:51:05Z
JAYAD,AGRICULTURE,Others,Others,"Field Preparation","Weather information","Cloudy weather in your area but no chance of rain in your area",BIHAR,BEGUSARAI,BAKHRI,2018-05-11T07:30:07Z
JAYAD,AGRICULTURE,Others,Others,"Field Preparation","Weather information","Cloudy weather in your area but no chance of rain in your area",BIHAR,BEGUSARAI,BHAGWANPUR,2018-05-11T07:53:16Z
JAYAD,AGRICULTURE,Others,Others,"Field Preparation","WEATHER INFORMATION","Cloudy weather in your area but no chance of rain in your area",BIHAR,BEGUSARAI,GADHPURA,2018-05-13T12:11:56Z
JAYAD,AGRICULTURE,Others,Others,"Field Preparation","Weather information","Cloudy weather in your area but no chance of rain in your area",BIHAR,BEGUSARAI,DANDARI,2018-05-14T06:42:12Z
JAYAD,AGRICULTURE,Others,Others,"Field Preparation","TODAY AND TOMORROW NO CHANCE OF RAIN","TODAY AND TOMORROW NO CHANCE OF RAIN",BIHAR,BEGUSARAI,BHAGWANPUR,2018-05-14T07:29:57Z
RABI,HORTICULTURE,Vegetables,Bhindi(Okra/Ladysfinger),"Plant Protection","Red cotton bug","Spray phosphamidon 40 SL @ 600 ml/ha",BIHAR,BEGUSARAI,"SAHEBPUR KAMAL",2018-05-14T11:10:58Z
RABI,AGRICULTURE,Others,Others,Weather,"Weather information","Cloudy weather in your area but no chance of rain in your area",BIHAR,BEGUSARAI,BHAGWANPUR,2018-05-14T14:01:30Z
RABI,AGRICULTURE,Cereals,Wheat,Weather,"WEATHER INFORMATION","?? ???? ??????? ??? ???? ??? ????? ?????  ????? ?? ???  ???????  ??? ??",BIHAR,BEGUSARAI,BHAGWANPUR,2018-05-14T14:08:46Z
JAYAD,AGRICULTURE,Others,Others,Weather,"Weather Information","Cloudy weather today and tomorrow little chance of rain.",BIHAR,BEGUSARAI,BALLIA,2018-05-14T16:42:42Z
JAYAD,AGRICULTURE,Others,Others,Weather,"weather information","Cloudy weather in your area, chance of rain in your area.",BIHAR,BEGUSARAI,BALLIA,2018-05-15T14:37:15Z
JAYAD,AGRICULTURE,Others,Others,Weather,"weather information","Cloudy weather in your area, chance of rain in your area.",BIHAR,BEGUSARAI,"SAHEBPUR KAMAL",2018-05-15T18:36:23Z
JAYAD,HORTICULTURE,Vegetables,Onion,"Plant Protection","YELLOWING  PROBLEM OF ONION LEAF","MANCOZEB @ 2 gram in 1 liter of water",BIHAR,BEGUSARAI,"CHERIA BARIARPUR",2018-05-16T08:59:11Z
JAYAD,AGRICULTURE,Others,Others,Weather,"Weather information","There will be light clouds in the sky no chance of rain in your area.",BIHAR,BEGUSARAI,DANDARI,2018-05-16T13:28:06Z
RABI,AGRICULTURE,Others,Others,"Weed Management","WEED MANAGEMENT IN BANANA","HAND WEEDING",BIHAR,BEGUSARAI,BEGUSARAI,2018-05-16T14:03:22Z
