Season,Sector,Category,Crop,QueryType,QueryText,KCCAns,StateName,DistrictName,BlockName,CreatedOn
RABI,AGRICULTURE,Cereals,Wheat,Weather,"WEATHER INFORMATION","Sunny weather but no rain in your area.",BIHAR,BEGUSARAI,BHAGWANPUR,2018-02-01T07:46:20Z
RABI,AGRICULTURE,Cereals,Wheat,Weather,"WEATHER INFORMATION","????? ???? ???? ????? ?????? ??? ???? ????? I",BIHAR,BEGUSARAI,NAWKOTHI,2018-02-01T12:36:00Z
RABI,AGRICULTURE,Others,Others,"Field Preparation","Growth Delay","Spray boom flower @ 2 ml in 1 litre of water",BIHAR,BEGUSARAI,BAKHRI,2018-02-01T16:45:04Z
RABI,AGRICULTURE,Others,Others,"Field Preparation","Yellowing of leaf / Rotting problem","Spray mancozeb @ 2g/lit of water",BIHAR,BEGUSARAI,BAKHRI,2018-02-01T16:48:08Z
RABI,AGRICULTURE,Others,Others,Weather,"WEATHER INFORMATION","Hazy sunshine",BIHAR,BEGUSARAI,BEGUSARAI,2018-02-01T17:55:53Z
RABI,AGRICULTURE,Others,Others,Weather,"WEATHER INFORMATION","Hazy sunshine",BIHAR,BEGUSARAI,BEGUSARAI,2018-02-01T17:55:53Z
RABI,AGRICULTURE,Others,Others,Weather,"WEATHER INFORMATION","Hazy sunshine",BIHAR,BEGUSARAI,BEGUSARAI,2018-02-01T18:29:13Z
RABI,AGRICULTURE,Others,Others,Weather,"WEATHER INFORMATION","Hazy sunshine",BIHAR,BEGUSARAI,BEGUSARAI,2018-02-01T18:36:37Z
RABI,AGRICULTURE,Others,Others,"Field Preparation","Weather information","Hazy weather in your area ,no chance of rain",BIHAR,BEGUSARAI,"SAMHO AKHA KURHA",2018-02-01T19:37:28Z
RABI,AGRICULTURE,Others,Others,"Sowing Time and Weather","WEATHER INFORMATION","HAZY WEATHER",BIHAR,BEGUSARAI,GADHPURA,2018-02-02T10:34:01Z
RABI,AGRICULTURE,Others,Others,Weather,"Weather information","Hazy weather in your area ,no chance of rain",BIHAR,BEGUSARAI,GADHPURA,2018-02-02T11:58:22Z
RABI,"ANIMAL HUSBANDRY",Animal,Goat,"Animal Breeding","goatry farming","contact to block",BIHAR,BEGUSARAI,BEGUSARAI,2018-02-02T12:53:36Z
RABI,AGRICULTURE,Others,Others,"Field Preparation","Weather information","Hazy weather in your area ,no chance of rain",BIHAR,BEGUSARAI,TEGHRA,2018-02-02T14:39:37Z
RABI,HORTICULTURE,Vegetables,Capsicum,"Field Preparation","sowing time of capsicum","september ti february",BIHAR,BEGUSARAI,BALLIA,2018-02-03T09:17:10Z
RABI,HORTICULTURE,Vegetables,Potato,"Plant Protection","blight in potato","Spray mancozeb/saaf @ 2 gm in 1 litre of  water",BIHAR,BEGUSARAI,BEGUSARAI,2018-02-03T10:20:57Z
JAYAD,AGRICULTURE,Others,Others,"Plant Protection","Weather information","Hazy weather in your area ,no chance of rain",BIHAR,BEGUSARAI,TEGHRA,2018-02-03T15:01:24Z
RABI,HORTICULTURE,Vegetables,Mushroom,"Government Schemes","CULTIVATION OF MUSHROOM","TO CONSULT TO K V K BENGUSARAI",BIHAR,BEGUSARAI,BAKHRI,2018-02-03T16:05:32Z
KHARIF,HORTICULTURE,Vegetables,Mushroom,"Government Schemes","MUSHROOM CULTIVATION","CONSULT NEAR K V K",BIHAR,BEGUSARAI,BAKHRI,2018-02-03T16:07:45Z
RABI,AGRICULTURE,Millets,"Maize (Makka)","Plant Protection","MAIZE PROBLE INSECTS","Spray Fesolone or asefet or carbaril @ 2 ml in 1 liter of water",BIHAR,BEGUSARAI,GADHPURA,2018-02-03T16:19:54Z
RABI,AGRICULTURE,Others,Others,Weather,"WEATHER INFORMATION","No chance of rain in your area",BIHAR,BEGUSARAI,BIRPUR,2018-02-03T17:08:37Z
JAYAD,AGRICULTURE,Others,Others,Weather,"Weather information","Hazy weather in your area ,no chance of rain",BIHAR,BEGUSARAI,BIRPUR,2018-02-03T17:09:25Z
RABI,AGRICULTURE,Others,Others,Weather,"WEATHER INFORMATION","Hazy sun",BIHAR,BEGUSARAI,BEGUSARAI,2018-02-03T18:12:34Z
RABI,AGRICULTURE,Others,Others,Weather,"WEATHER INFORMATION","Hazy sun",BIHAR,BEGUSARAI,BEGUSARAI,2018-02-03T18:13:08Z
RABI,AGRICULTURE,Cereals,Wheat,"Organic Farming","RABBIT EFFET WHEAT","COPPER CARBOHIDE MIXED",BIHAR,BEGUSARAI,BAKHRI,2018-02-03T19:18:29Z
RABI,AGRICULTURE,Others,Others,Weather,"WEATHER INFORMATION","No chance of rain in your area",BIHAR,BEGUSARAI,BAKHRI,2018-02-04T07:40:00Z
RABI,AGRICULTURE,Others,Others,Weather,"WEATHER INFORMATION","No chance of rain in your area",BIHAR,BEGUSARAI,BAKHRI,2018-02-04T07:40:13Z
JAYAD,AGRICULTURE,Others,Others,Weather,"WEATHER INFORMATION","The weather will remain like oak, but the smoke will be feeding",BIHAR,BEGUSARAI,GADHPURA,2018-02-04T09:31:59Z
RABI,AGRICULTURE,Others,Others,Weather,"WEATHER INFORMATION","No chance of rain in your area",BIHAR,BEGUSARAI,GADHPURA,2018-02-04T09:43:54Z
RABI,AGRICULTURE,Others,Others,Weather,"WEATHER INFORMATION","No chance of rain in your area",BIHAR,BEGUSARAI,GADHPURA,2018-02-04T09:44:07Z
JAYAD,AGRICULTURE,Others,Others,"Government Schemes","query mini harvested","- www.krishimis.in",BIHAR,BEGUSARAI,BHAGWANPUR,2018-02-04T17:52:58Z
RABI,HORTICULTURE,Vegetables,Others,"Field Preparation","WHICH CROP SHOULB CAN BE SOWING IN FEBRUARY SEASON","BOTTLE GOUARD, BITTER GOUARD, SNAKE GOUARD, RIDGE GOURD, CUCUMBER",BIHAR,BEGUSARAI,BAKHRI,2018-02-05T07:23:40Z
RABI,AGRICULTURE,Millets,"Maize (Makka)","Field Preparation","Puccinia sp maize","spray mancozeb @ 2 gm / lit of water",BIHAR,BEGUSARAI,BEGUSARAI,2018-02-05T12:15:11Z
JAYAD,AGRICULTURE,Others,Others,Weather,"WEATHER INFORMATION","Hazy sun",BIHAR,BEGUSARAI,KHODAWANDPUR,2018-02-05T15:07:26Z
KHARIF,HORTICULTURE,Fruits,Mango,"Nutrient Management","for flower inducing","spray paclobutrazol",BIHAR,BEGUSARAI,BIRPUR,2018-02-06T08:53:56Z
RABI,AGRICULTURE,Others,Others,"Sowing Time and Weather","WEATHER INFORMATION","The weather will remain like oak, but the smoke will be feeding.",BIHAR,BEGUSARAI,BEGUSARAI,2018-02-06T12:02:56Z
RABI,AGRICULTURE,Pulses,"Bengal Gram (Gram/Chick Pea/Kabuli/Chana)","Field Preparation","GRAM FLOWERING","Spray Planofix @ 1 ml in 5 liter of water",BIHAR,BEGUSARAI,BARAUNI,2018-02-06T12:11:52Z
JAYAD,AGRICULTURE,Others,Others,"Training and Exposure Visits","QUERY FOR MUSHROOM CULTIVATION","CONTACT WITH K.V.K OF BEGUSARAI",BIHAR,BEGUSARAI,BALLIA,2018-02-06T15:00:58Z
RABI,AGRICULTURE,Others,Others,"Field Preparation","pest attack on guava","Spray Monocrotophos 36 WSC @ 1ml/lit or Dimethoate 30 EC @ 2 ml/lit to control aphids.",BIHAR,BEGUSARAI,MANSURCHAK,2018-02-06T15:02:10Z
RABI,AGRICULTURE,Cereals,Wheat,Weather,"WEATHER INFORMATION","????? ???? ???? ????? ?????? ??? ???? ????? I",BIHAR,BEGUSARAI,GADHPURA,2018-02-07T10:53:22Z
JAYAD,AGRICULTURE,Others,Others,"Plant Protection","INSECT INFESTATION IN MAIZE","CARBOFURON-3-4 GRAIN /GABHA",BIHAR,BEGUSARAI,BEGUSARAI,2018-02-07T11:26:24Z
RABI,AGRICULTURE,Cereals,Wheat,Weather,"WEATHER INFORMATION","????? ???? ???? ????? ?????? ??? ???? ????? I",BIHAR,BEGUSARAI,"SAHEBPUR KAMAL",2018-02-07T11:50:44Z
RABI,AGRICULTURE,Cereals,Wheat,Weather,"WEATHER INFORMATION","????? ???? ???? ????? ?????? ??? ???? ????? I",BIHAR,BEGUSARAI,BARAUNI,2018-02-07T12:09:27Z
RABI,AGRICULTURE,Others,Others,"Field Preparation","Spray Imidacloroprid 17.8 SL @ 1 ml /3 lit of water","Spray Imidacloroprid 17.8 SL @ 1 ml /3 lit of water",BIHAR,BEGUSARAI,GADHPURA,2018-02-07T14:39:26Z
RABI,AGRICULTURE,Others,Others,"Field Preparation","WEATHER INFORMATION","Today and tomorrow no chance of rain in your area.",BIHAR,BEGUSARAI,MATIHANI,2018-02-07T14:49:46Z
JAYAD,AGRICULTURE,Others,Others,"Plant Protection","Nutritional medicine","in 1 Spray Multi micro nutrient @ 2 gram liter of water",BIHAR,BEGUSARAI,BEGUSARAI,2018-02-08T09:24:58Z
RABI,AGRICULTURE,Others,Others,"Field Preparation","ICAR,CIAF CONTACT NUMBER","ICAR-Central Institute of Freshwater Aquaculture.
Kausalyaganga, Bhubaneswar-751002, ODISHA, INDIA.
Phone: 91-674-2465421,2465446 FAX: 91-674-2465407.
E-Mail: Director.Cifa@icar.gov.in , Website: www.cifa.nic.in.",BIHAR,BEGUSARAI,BEGUSARAI,2018-02-08T13:14:46Z
RABI,AGRICULTURE,Others,Others,"Field Preparation","ICAR CONTACT NUMBER","Krishi Bhavan, New Delhi 110 001. Phone: (Off.) 91-11-23382629, 91-11-23386711; Fax: 91-11-23384773. E-mail: dg.icar@nic.in.",BIHAR,BEGUSARAI,BEGUSARAI,2018-02-08T13:18:44Z
JAYAD,HORTICULTURE,Fruits,Mango,"Nutrient Management","FLOWERING IN MANGO","Spray boom flower @ 2 ml in 1 litre of water",BIHAR,BEGUSARAI,CHHAURAHI,2018-02-09T11:00:01Z
RABI,HORTICULTURE,Fruits,Mango,"Field Preparation","MANGO PLANT WASH","SPRAY ROGER 2 ML/LITRE OF WATER
SPRAY PLANOFIX 1ML/4 LITRE OF WATER",BIHAR,BEGUSARAI,CHHAURAHI,2018-02-09T11:23:10Z
RABI,AGRICULTURE,Cereals,Wheat,Weather,"WEATHER INFORMATION","Sunny weather but no rain in your area.",BIHAR,BEGUSARAI,"SAHEBPUR KAMAL",2018-02-09T18:32:49Z
JAYAD,AGRICULTURE,Others,Others,Weather,"WEATHER INFORMATION","Cloudy weather in your area, but no chance of rain in your area.",BIHAR,BEGUSARAI,NAWKOTHI,2018-02-10T12:42:39Z
JAYAD,AGRICULTURE,Others,Others,Weather,"WEATHER INFORMATION","Cloudy weather in your area, but no chance of rain in your area.",BIHAR,BEGUSARAI,BEGUSARAI,2018-02-10T13:40:32Z
RABI,AGRICULTURE,Others,Others,"Training and Exposure Visits","mushroom cultivation","Dr. Mukesh Prasad Singh
Programme Coordinator
Krishi Vigyan Kendra (RAU)
Khodawanpur
Distt. Begusarai - -848 20209304781745/
09304781745
Email: raupusa@sancharnet",BIHAR,BEGUSARAI,TEGHRA,2018-02-10T15:34:52Z
RABI,AGRICULTURE,Cereals,Wheat,"Nutrient Management","GRAIN EMERGENCE STAGE OF WHEAT","Spray urea @ 5 gram in 1 litter of water",BIHAR,BEGUSARAI,MATIHANI,2018-02-11T11:12:33Z
RABI,AGRICULTURE,Others,Others,Weather,"Weather information","Cloudy this evening, then partly cloudy late",BIHAR,BEGUSARAI,BEGUSARAI,2018-02-11T13:31:52Z
JAYAD,AGRICULTURE,Others,Others,Weather,"WEATHER INFORMATION","Cloudy weather in your area and no chance of rain in your area",BIHAR,BEGUSARAI,NAWKOTHI,2018-02-12T08:16:23Z
RABI,AGRICULTURE,Others,Others,Weather,"Weather information","Hazy weather in your area ,no chance of rain",BIHAR,BEGUSARAI,"CHERIA BARIARPUR",2018-02-12T08:38:29Z
RABI,AGRICULTURE,Others,Others,Weather,"weather information","12



24 /14C 

Cloudy
  
 


Tue

Feb 13



24 /14 

Mostly cloudy
 More  
 


Wed

Feb 14



25 /12 

Hazy sunshine
 More  
 


Thu

Feb 15



25 /10 

Hazy sunshine
 More  
 


Fri

Feb 16



25 /12 

Hazy sunshine
 More",BIHAR,BEGUSARAI,MATIHANI,2018-02-12T09:46:03Z
JAYAD,AGRICULTURE,Others,Others,Weather,"WEATHER INFORMATION","Cloudy weather in your area and no chance of rain in your area",BIHAR,BEGUSARAI,GADHPURA,2018-02-12T10:56:51Z
JAYAD,AGRICULTURE,Others,Others,Weather,"WEATHER  INFORMATION","Cloudy weather tomorrow today and little chance of rain in your area.",BIHAR,BEGUSARAI,GADHPURA,2018-02-12T11:36:37Z
RABI,AGRICULTURE,Others,Others,Weather,"WEATHER INFORMATION","No chance of rain in your area",BIHAR,BEGUSARAI,BALLIA,2018-02-12T11:44:10Z
RABI,AGRICULTURE,Others,Others,Weather,"WEATHER INFORMATION","chance of rain in your area",BIHAR,BEGUSARAI,BALLIA,2018-02-12T11:47:56Z
RABI,HORTICULTURE,Vegetables,Brinjal,"Plant Protection","spotted beetle","Spray Carbaryl 50 WP @ 3g/lit",BIHAR,BEGUSARAI,"SAMHO AKHA KURHA",2018-02-12T13:41:18Z
RABI,AGRICULTURE,Cereals,Wheat,Weather,"Weather information","Cloudy weather  today and tomorrow  no chance of  rain lrain likely.",BIHAR,BEGUSARAI,KHODAWANDPUR,2018-02-12T14:35:03Z
JAYAD,AGRICULTURE,Others,Others,Weather,"Weather information","????? ??? ???? ???? ??? ?????  ????? ???? ?? ???????? ??",BIHAR,BEGUSARAI,GADHPURA,2018-02-13T07:15:35Z
RABI,AGRICULTURE,Cereals,Wheat,Weather,"Weather information","Cloudy weather  today and tomorrow  no chance of  rain",BIHAR,BEGUSARAI,BEGUSARAI,2018-02-13T18:40:46Z
RABI,AGRICULTURE,Others,Others,"Field Preparation","WEATHER INFORMATION","Cloudy weather in your area and no chance of rain in your area",BIHAR,BEGUSARAI,BIRPUR,2018-02-13T20:04:34Z
RABI,AGRICULTURE,Cereals,Wheat,"Nutrient Management","FERTILIZER USE DURING FLOWER EMERGENCE STAGE","NO USE OF FERTILIZER DURING FLOWER EMERGENCE STAGE",BIHAR,BEGUSARAI,"CHERIA BARIARPUR",2018-02-22T12:58:56Z
RABI,AGRICULTURE,Others,Others,Weather,"Weather information","NO CHANCE OF RAIN",BIHAR,BEGUSARAI,BACHHWARA,2018-02-23T08:10:24Z
RABI,AGRICULTURE,Others,Others,Weather,"Weather information","NO CHANCE OF RAIN",BIHAR,BEGUSARAI,BALLIA,2018-02-23T08:10:32Z
RABI,AGRICULTURE,Others,Others,Weather,"Weather information","NO CHANCE OF RAIN",BIHAR,BEGUSARAI,BACHHWARA,2018-02-23T08:10:58Z
KHARIF,HORTICULTURE,Fruits,Mango,"Nutrient Management","SPRAY IN MANGO AT FLOWER EMERGENCE","Spray copper oxychloride @ 2 gram in 1 litre of water and planofix@ 4-5 liter of water",BIHAR,BEGUSARAI,"CHERIA BARIARPUR",2018-02-24T08:58:12Z
RABI,AGRICULTURE,Pulses,"Pigeon pea (red gram/arhar/tur)","Water Management","IRRIGATION IN FLOWERING TIME","AFTER FLOWERING",BIHAR,BEGUSARAI,"SAHEBPUR KAMAL",2018-02-24T12:13:48Z
KHARIF,HORTICULTURE,Fruits,Mango,"Nutrient Management","IRRIGATION AT FLOWER EMERGENCE STAGE","Spray Copper oxy chloride @ 2 gm / lit of water and planofix @ 1 ml /3 liter of water",BIHAR,BEGUSARAI,BAKHRI,2018-02-25T08:17:29Z
RABI,AGRICULTURE,Cereals,Wheat,Weather,"Weather information","Weather will be clear and glowing sun",BIHAR,BEGUSARAI,BHAGWANPUR,2018-02-25T11:05:10Z
JAYAD,AGRICULTURE,Others,Others,Weather,"WEATHER INFORMATION","????? ???  ???? ??????? ??? ?? ?? ?? ????? ???? ?? ???????  ??",BIHAR,BEGUSARAI,BEGUSARAI,2018-02-25T14:39:37Z
JAYAD,HORTICULTURE,Fruits,Mango,"Nutrient Management","FRUIT DROPPING IN MANGO","PALANOFIX @ 1 ML PER 5 LITRE OF WATER",BIHAR,BEGUSARAI,BACHHWARA,2018-02-26T08:47:30Z
RABI,HORTICULTURE,Vegetables,Tomato,"Water Management, Micro Irrigation","KHAR PATWAR","HAND WEEDING",BIHAR,BEGUSARAI,BACHHWARA,2018-02-26T10:55:10Z
JAYAD,AGRICULTURE,Others,Others,Weather,"WEATHER INFORMATION","Cloudy weather in your area and no chance of rain in your area",BIHAR,BEGUSARAI,"CHERIA BARIARPUR",2018-02-26T10:57:03Z
JAYAD,HORTICULTURE,Flowers,Marigold,"Plant Protection","MEALY BUG IN MARIGOLD","Spray dimethoate @ 1 ml in 1 litre of water",BIHAR,BEGUSARAI,BHAGWANPUR,2018-02-26T11:07:22Z
JAYAD,AGRICULTURE,Others,Others,Weather,"WEATHER INFORMATION","Cloudy weather in your area and no chance of rain in your area",BIHAR,BEGUSARAI,"CHERIA BARIARPUR",2018-02-26T11:23:08Z
JAYAD,AGRICULTURE,Others,Others,Weather,"WEATHER INFORMATION","no chance of rain in your area",BIHAR,BEGUSARAI,NAWKOTHI,2018-02-26T11:47:50Z
RABI,HORTICULTURE,Vegetables,Brinjal,"Plant Protection","Bacterial Wilt","Spray Copper fungicides to control the disease (2% Bordeaux mixture.)",BIHAR,BEGUSARAI,BEGUSARAI,2018-02-26T12:06:14Z
RABI,AGRICULTURE,Others,Others,"Field Preparation","weather information","CLOUDY WEATHER BUT NO CHANCE OF RAIN",BIHAR,BEGUSARAI,BEGUSARAI,2018-02-26T12:19:49Z
JAYAD,HORTICULTURE,Vegetables,"Ridge Gourd","Plant Protection","LAHI PROBLEM","Spray imidachloprid @ 1ml/3 lit of water",BIHAR,BEGUSARAI,BHAGWANPUR,2018-02-26T12:31:52Z
RABI,AGRICULTURE,Others,Others,"Field Preparation","weather information","CLOUDY WEATHER BUT NO CHANCE OF RAIN",BIHAR,BEGUSARAI,BEGUSARAI,2018-02-26T12:37:26Z
JAYAD,AGRICULTURE,Others,Others,Weather,"WEATHER INFORMATION","Cloudy weather, rain is not possible",BIHAR,BEGUSARAI,GADHPURA,2018-02-26T17:45:47Z
JAYAD,AGRICULTURE,Others,Others,"Plant Protection","plant protection","Spray imidachloprid @ 1ml/3 lit of water",BIHAR,BEGUSARAI,BACHHWARA,2018-02-26T18:30:45Z
RABI,AGRICULTURE,Others,Others,"Field Preparation","WEATHER INFORMATION","Today and tomorrow cloudy weather but no chance of rain in your area.",BIHAR,BEGUSARAI,BAKHRI,2018-02-27T10:34:33Z
JAYAD,AGRICULTURE,Others,Others,"Plant Protection","LEAF ROT DISEASE IN COCON","Pour fungicide solution of Hexaconazole - 2ml or Mancozeb - 3g in 300ml water per palm to the base of spindle leaf. 2-3 rounds of spraying are sufficient in case of mild infection.",BIHAR,BEGUSARAI,TEGHRA,2018-02-27T11:17:23Z
JAYAD,AGRICULTURE,Others,Others,Weather,"WEATHER INFORMATION","no chance of rain in your area There will be light clouds in the sky.",BIHAR,BEGUSARAI,BEGUSARAI,2018-02-27T12:28:07Z
JAYAD,AGRICULTURE,Others,Others,"Plant Protection","Insect problem in MANGO","?????????????? 1 ???? ????? 3 ???? ???? ?? ?????? ?????? ???",BIHAR,BEGUSARAI,BAKHRI,2018-02-27T12:44:15Z
RABI,AGRICULTURE,Others,Others,Weather,"Weather information","????? ??? ???? ???? ??? ?????  ????? ???? ?? ??? ???????? ???? ??",BIHAR,BEGUSARAI,BARAUNI,2018-02-27T13:33:46Z
RABI,HORTICULTURE,Fruits,Mango,"Plant Protection","INSECT PROBLEM IN MANGO PLANT","Spray imidachloprid @ 1ml/3 lit of water",BIHAR,BEGUSARAI,DANDARI,2018-02-28T07:52:38Z
JAYAD,AGRICULTURE,Others,Others,Weather,"Weather  information","Cloudy weather  today and tomorrow  no chance of  rain",BIHAR,BEGUSARAI,BIRPUR,2018-02-28T11:27:10Z
RABI,AGRICULTURE,Others,Others,"Field Preparation","WEATHER INFORMATION","Cloudy weather, rain is not likely.",BIHAR,BEGUSARAI,BAKHRI,2018-02-28T12:02:27Z
RABI,AGRICULTURE,Others,Others,Weather,"WEATHER INFORMATION","Very low cloudy area but no chance of rain",BIHAR,BEGUSARAI,MANSURCHAK,2018-02-28T13:32:50Z
RABI,AGRICULTURE,Others,Others,Weather,"Weather information","Weather will be clear and glowing sun",BIHAR,BEGUSARAI,BHAGWANPUR,2018-02-28T19:42:25Z
