Season,Sector,Category,Crop,QueryType,QueryText,KCCAns,StateName,DistrictName,BlockName,CreatedOn
KHARIF,AGRICULTURE,Others,Others,Weather,"Weather information","Today & tomorrow little chance of rain",BIHAR,KHAGARIA,ALAULI,2018-07-01T16:14:58Z
KHARIF,AGRICULTURE,Others,Others,Weather,"Weather information","Today & tomorrow little chance of rain",BIHAR,KHAGARIA,ALAULI,2018-07-01T16:14:58Z
KHARIF,AGRICULTURE,Cereals,"Paddy (Dhan)",Varieties,"VARIETIES OF RICE","SWARNA SAB 1-140-145 DIN KI VARIETIES,SAHABHAGI-130-135 DIN KI VARIETIES HAI",BIHAR,KHAGARIA,KHAGARIA,2018-07-02T11:03:15Z
KHARIF,AGRICULTURE,Cereals,"Paddy (Dhan)",Varieties,"VARIETIES OF RICE","SWARNA SAB 1-140-145 DIN KI VARIETIES,SAHABHAGI-130-135 DIN KI VARIETIES HAI",BIHAR,KHAGARIA,KHAGARIA,2018-07-02T11:03:15Z
KHARIF,AGRICULTURE,Cereals,"Paddy (Dhan)",Weather,"WEATHER INFORMATION","?? ?? ??????? ??? ???? ???  ????? ??  ????? ???? ?? ??????? ??",BIHAR,KHAGARIA,BELDAUR,2018-07-04T10:38:53Z
KHARIF,AGRICULTURE,Cereals,"Paddy (Dhan)",Weather,"WEATHER INFORMATION","?? ?? ??????? ??? ???? ???  ????? ??  ????? ???? ?? ??????? ??",BIHAR,KHAGARIA,BELDAUR,2018-07-04T10:38:53Z
KHARIF,AGRICULTURE,Others,Others,Weather,"WEATHER INFORMATION","Cloudy weather in your area, chance of rain in your area .",BIHAR,KHAGARIA,GOGRI,2018-07-08T06:16:05Z
KHARIF,AGRICULTURE,Others,Others,Weather,"WEATHER INFORMATION","Cloudy weather in your area, chance of rain in your area .",BIHAR,KHAGARIA,GOGRI,2018-07-08T06:16:05Z
KHARIF,AGRICULTURE,Others,Others,"Field Preparation","yellow leaf on paddy","Spray copper oxychloride @ 2 gram in 1 litre of water",BIHAR,KHAGARIA,ALAULI,2018-07-08T16:58:14Z
KHARIF,AGRICULTURE,Others,Others,"Field Preparation","yellow leaf on paddy","Spray copper oxychloride @ 2 gram in 1 litre of water",BIHAR,KHAGARIA,ALAULI,2018-07-08T16:58:14Z
KHARIF,AGRICULTURE,Others,Others,Weather,"Weather information","Today & tomorrow little chance of rain",BIHAR,KHAGARIA,KHAGARIA,2018-07-08T17:24:05Z
KHARIF,AGRICULTURE,Others,Others,Weather,"Weather information","Today & tomorrow little chance of rain",BIHAR,KHAGARIA,KHAGARIA,2018-07-08T17:24:05Z
KHARIF,AGRICULTURE,Others,Others,"Field Preparation","WEATHER INFORMATION","Cloudy weather in your area, chance of rain in your area .",BIHAR,KHAGARIA,ALAULI,2018-07-08T21:34:40Z
KHARIF,AGRICULTURE,Others,Others,"Field Preparation","WEATHER INFORMATION","Cloudy weather in your area, chance of rain in your area .",BIHAR,KHAGARIA,ALAULI,2018-07-08T21:34:40Z
KHARIF,AGRICULTURE,Others,Others,Weather,"Weather information","TODAY AND TOMORROW  CHANCE OF RAIN",BIHAR,KHAGARIA,ALAULI,2018-07-10T10:12:04Z
KHARIF,AGRICULTURE,Others,Others,Weather,"Weather information","TODAY AND TOMORROW  CHANCE OF RAIN",BIHAR,KHAGARIA,ALAULI,2018-07-10T10:12:04Z
KHARIF,AGRICULTURE,Others,Others,Weather,"WEATHER INFORMATION","Cloudy weather in your area, chance of rain in your area",BIHAR,KHAGARIA,PARBATTA,2018-07-11T10:53:49Z
KHARIF,AGRICULTURE,Others,Others,Weather,"WEATHER INFORMATION","Cloudy weather in your area, chance of rain in your area",BIHAR,KHAGARIA,PARBATTA,2018-07-11T10:53:49Z
KHARIF,AGRICULTURE,Cereals,"Paddy (Dhan)",Weather,"WEATHER INFORMATION","???? ???  ????? ????? ???? ?? ??????? ??",BIHAR,KHAGARIA,PARBATTA,2018-07-11T17:31:11Z
KHARIF,AGRICULTURE,Cereals,"Paddy (Dhan)",Weather,"WEATHER INFORMATION","???? ???  ????? ????? ???? ?? ??????? ??",BIHAR,KHAGARIA,PARBATTA,2018-07-11T17:31:11Z
KHARIF,AGRICULTURE,Others,Others,Weather,"WEATHER INFORMATION","Cloudy weather in your area, chance of rain in your area",BIHAR,KHAGARIA,PARBATTA,2018-07-14T08:24:28Z
KHARIF,AGRICULTURE,Others,Others,Weather,"WEATHER INFORMATION","Cloudy weather in your area, chance of rain in your area",BIHAR,KHAGARIA,PARBATTA,2018-07-14T08:24:28Z
KHARIF,AGRICULTURE,Others,Others,"Field Preparation","Heavy Cloudy weather in your area,chance of rain in your area","Heavy Cloudy weather in your area,chance of rain in your area",BIHAR,KHAGARIA,GOGRI,2018-07-15T08:55:41Z
KHARIF,AGRICULTURE,Others,Others,"Field Preparation","Heavy Cloudy weather in your area,chance of rain in your area","Heavy Cloudy weather in your area,chance of rain in your area",BIHAR,KHAGARIA,GOGRI,2018-07-15T08:55:41Z
KHARIF,AGRICULTURE,Cereals,"Paddy (Dhan)",Weather,"WEATHER INFORMATION","???? ???? ???? ??? ????? ,?? ????? ????? ???? ??  ???????? ??",BIHAR,KHAGARIA,PARBATTA,2018-07-16T14:33:45Z
KHARIF,AGRICULTURE,Cereals,"Paddy (Dhan)",Weather,"WEATHER INFORMATION","???? ???? ???? ??? ????? ,?? ????? ????? ???? ??  ???????? ??",BIHAR,KHAGARIA,PARBATTA,2018-07-16T14:33:45Z
KHARIF,AGRICULTURE,Cereals,"Paddy (Dhan)",Weather,"WEATHER INFORMATION","?? ?? ??????? ??? ???? ???  ????? ??  ????? ???? ?? ??????? ??",BIHAR,KHAGARIA,KHAGARIA,2018-07-17T14:51:56Z
KHARIF,AGRICULTURE,Cereals,"Paddy (Dhan)",Weather,"WEATHER INFORMATION","?? ?? ??????? ??? ???? ???  ????? ??  ????? ???? ?? ??????? ??",BIHAR,KHAGARIA,KHAGARIA,2018-07-17T14:51:56Z
KHARIF,AGRICULTURE,Others,Others,Weather,"WEATHER INFORMATION","today and tomorrow there is a possibility of light rain in your area",BIHAR,KHAGARIA,GOGRI,2018-07-19T08:40:58Z
KHARIF,AGRICULTURE,Others,Others,Weather,"WEATHER INFORMATION","today and tomorrow there is a possibility of light rain in your area",BIHAR,KHAGARIA,GOGRI,2018-07-19T08:40:58Z
KHARIF,AGRICULTURE,Others,Others,Weather,"WEATHER INFORMATION",", today and tomorrow there is a possibility of light rain in your area",BIHAR,KHAGARIA,GOGRI,2018-07-19T08:49:07Z
KHARIF,AGRICULTURE,Others,Others,Weather,"WEATHER INFORMATION",", today and tomorrow there is a possibility of light rain in your area",BIHAR,KHAGARIA,GOGRI,2018-07-19T08:49:07Z
KHARIF,AGRICULTURE,Others,Others,Weather,"WEATHER INFORMATION","today and tomorrow there is a possibility of light rain in your area.",BIHAR,KHAGARIA,GOGRI,2018-07-19T12:10:01Z
KHARIF,AGRICULTURE,Others,Others,Weather,"WEATHER INFORMATION","today and tomorrow there is a possibility of light rain in your area.",BIHAR,KHAGARIA,GOGRI,2018-07-19T12:10:01Z
KHARIF,AGRICULTURE,Others,Others,Weather,"WEATHER INFORMATION","Cloudy weather in your area, chance of rain in your area",BIHAR,KHAGARIA,ALAULI,2018-07-20T12:08:03Z
KHARIF,AGRICULTURE,Others,Others,Weather,"WEATHER INFORMATION","Cloudy weather in your area, chance of rain in your area",BIHAR,KHAGARIA,ALAULI,2018-07-20T12:08:03Z
KHARIF,AGRICULTURE,Others,Others,Weather,"WEATHER INFORMATION","Cloudy weather in your area, chance of rain in your area",BIHAR,KHAGARIA,ALAULI,2018-07-20T12:16:21Z
KHARIF,AGRICULTURE,Others,Others,Weather,"WEATHER INFORMATION","Cloudy weather in your area, chance of rain in your area",BIHAR,KHAGARIA,ALAULI,2018-07-20T12:16:21Z
KHARIF,AGRICULTURE,Others,Others,Weather,"WEATHER INFORMATION","Cloudy weather in your area, chance of rain in your area",BIHAR,KHAGARIA,BELDAUR,2018-07-21T12:43:18Z
KHARIF,AGRICULTURE,Others,Others,Weather,"WEATHER INFORMATION","Cloudy weather in your area, chance of rain in your area",BIHAR,KHAGARIA,BELDAUR,2018-07-21T12:43:18Z
KHARIF,AGRICULTURE,Others,Others,"Field Preparation","weather information","Cloudy weather in your area, chance of rain in your area.",BIHAR,KHAGARIA,ALAULI,2018-07-21T18:34:21Z
KHARIF,AGRICULTURE,Others,Others,"Field Preparation","weather information","Cloudy weather in your area, chance of rain in your area.",BIHAR,KHAGARIA,ALAULI,2018-07-21T18:34:21Z
KHARIF,AGRICULTURE,Others,Others,Weather,"WEATHER INFORMATION","Cloudy weather in your area, chance of rain in your area .",BIHAR,KHAGARIA,KHAGARIA,2018-07-29T09:58:35Z
KHARIF,AGRICULTURE,Others,Others,Weather,"WEATHER INFORMATION","Cloudy weather in your area, chance of rain in your area .",BIHAR,KHAGARIA,KHAGARIA,2018-07-29T09:58:35Z
KHARIF,AGRICULTURE,Others,Others,"Field Preparation","For farmer registration","For farmer registration : www.krishimis.in",BIHAR,KHAGARIA,KHAGARIA,2018-07-30T15:21:14Z
KHARIF,AGRICULTURE,Others,Others,"Field Preparation","For farmer registration","For farmer registration : www.krishimis.in",BIHAR,KHAGARIA,KHAGARIA,2018-07-30T15:21:14Z
KHARIF,AGRICULTURE,Others,Others,Weather,"Asking for weather report.","Have told him according to the IMD data analysis.",BIHAR,KHAGARIA,KHAGARIA,2018-07-30T15:33:50Z
KHARIF,AGRICULTURE,Others,Others,Weather,"Asking for weather report.","Have told him according to the IMD data analysis.",BIHAR,KHAGARIA,KHAGARIA,2018-07-30T15:33:50Z
KHARIF,AGRICULTURE,Others,Others,"Plant Protection","Insect infestation","Spray quinqalphos @ 2ml/lit of water",BIHAR,KHAGARIA,GOGRI,2018-07-30T16:31:54Z
KHARIF,AGRICULTURE,Others,Others,"Plant Protection","Insect infestation","Spray quinqalphos @ 2ml/lit of water",BIHAR,KHAGARIA,GOGRI,2018-07-30T16:31:54Z
