Season,Sector,Category,Crop,QueryType,QueryText,KCCAns,StateName,DistrictName,BlockName,CreatedOn
JAYAD,AGRICULTURE,Others,Others,"Field Preparation","weather information","Cloudy weather, rain is not likely in your area.",BIHAR,KISHANGANJ,THAKURGANJ,2018-05-01T14:46:30Z
JAYAD,AGRICULTURE,Others,Others,Weather,"Weather information","Cloudy weather in your area chance of rain in your area",BIHAR,KISHANGANJ,POTHIA,2018-05-06T15:20:02Z
JAYAD,AGRICULTURE,Others,Others,Weather,"Weather information","Cloudy weather in your area chance of rain in your area",BIHAR,KISHANGANJ,POTHIA,2018-05-06T15:35:30Z
RABI,AGRICULTURE,Cereals,Wheat,Weather,"WEATHER INFORMATION","???? ???  ????? ????? ???? ?? ??????? ??",BIHAR,KISHANGANJ,KISHANGANJ,2018-05-08T12:37:54Z
RABI,HORTICULTURE,Vegetables,Bhindi(Okra/Ladysfinger),"Plant Protection","Bhendi yellow vein mosaic virus","can be controlled by application of Chlorpyriphos 2.5 ml + neem oil 2 ml lit of water.",BIHAR,KISHANGANJ,DIGHALBANK,2018-05-14T11:18:15Z
JAYAD,AGRICULTURE,Others,Others,Weather,"Weather information","Cloudy weather in your area chance of rain in your area",BIHAR,KISHANGANJ,BAHADURGANJ,2018-05-15T14:42:38Z
JAYAD,HORTICULTURE,Vegetables,Bhindi(Okra/Ladysfinger),"Plant Protection","varieties of bhindi","varieties of bhindi - arka anamica, arka abhay , prabhat kranti and okra-4,",BIHAR,KISHANGANJ,BAHADURGANJ,2018-05-15T16:11:20Z
