Season,Sector,Category,Crop,QueryType,QueryText,KCCAns,StateName,DistrictName,BlockName,CreatedOn
JAYAD,AGRICULTURE,Others,Others,Weather,"WEATHER INFORMATION","???? ???  ?????  ????? ????? ???? ??  ???  ???????  ??? ??",BIHAR,KAIMUR,BHABUA,2018-04-01T14:03:16Z
JAYAD,HORTICULTURE,Fruits,Mango,"Plant Protection","INSECT INFESTATION IN MANGO","APPLY BORDEUX PASTE",BIHAR,KAIMUR,DURGAWATI,2018-04-02T07:56:30Z
RABI,HORTICULTURE,Vegetables,Chillies,"Plant Protection","Chilli thrips","Imidacloprid 17.8 % SL 3.0 ml/10 lit. 
Dimethoate 30 % EC 1.0 ml/lit. 
Emamectin benzoate 5 % SG 4 g/10 lit.",BIHAR,KAIMUR,BHABUA,2018-04-02T10:44:30Z
JAYAD,AGRICULTURE,Others,Others,Weather,"WEATHER INFORMATION","no rain in your area.",BIHAR,KAIMUR,CHAINPUR,2018-04-02T12:41:22Z
RABI,AGRICULTURE,Others,Others,Weather,weather,"22 C 
RealFeel 21

Hazy clouds
  


See Hourly

> 




Today

Apr 3



39 Hi 
RealFeel 42

Hazy sun and very warm
 More  



Tonight

Apr 3



22 Lo 
RealFeel 21

Hazy
 More  



Tomorrow

Apr 4



39 Hi 
RealFeel 42

Very warm with hazy sunshine",BIHAR,KAIMUR,CHAND,2018-04-03T07:51:44Z
JAYAD,AGRICULTURE,Pulses,"Black Gram (urd bean)","Cultural Practices","SOWING TIME OF URD BEAN","SUMMER URD MAY GROWN UPTO 10 FEBRUARY 10 MARCH",BIHAR,KAIMUR,BHAGWANPUR,2018-04-04T10:25:02Z
RABI,AGRICULTURE,Others,Others,Weather,"WEATHER INFORMATION","Cloudy weather, but chance of rain in your area",BIHAR,KAIMUR,MOHANIA,2018-04-05T13:53:51Z
JAYAD,AGRICULTURE,Others,Others,Weather,"WEATHER INFORMATION","Cloudy weather Today & tomorrow   chance of rain",BIHAR,KAIMUR,BHAGWANPUR,2018-04-05T14:18:39Z
JAYAD,AGRICULTURE,Others,Others,Weather,"Weather information","Cloudy weather Today and tomorrow little chance of rain in your area",BIHAR,KAIMUR,ADHAURA,2018-04-05T16:57:08Z
RABI,AGRICULTURE,Others,Others,Weather,"weather information","20 C 
RealFeel 21

Hazy sunshine
  


See Hourly

> 




Today

Apr 6



36 Hi 
RealFeel 37

Mostly cloudy and very warm
 More  



Tonight

Apr 6



24 Lo 
RealFeel 24

Mainly clear
 More  



Tomorrow

Apr 7



36 Hi 
RealFeel 37

A t-storm around in the p.m.",BIHAR,KAIMUR,DURGAWATI,2018-04-06T06:05:12Z
RABI,AGRICULTURE,Cereals,Wheat,Weather,"WEATHER INFORMATION","???? ???  ?????,?????  ?? ???  ???????  ??? ??",BIHAR,KAIMUR,CHAINPUR,2018-04-06T12:27:10Z
RABI,AGRICULTURE,Cereals,Wheat,Weather,"WEATHER INFORMATION","???? ???  ?????,?????  ?? ???  ???????  ??? ??",BIHAR,KAIMUR,CHAINPUR,2018-04-06T12:28:35Z
JAYAD,AGRICULTURE,Others,Others,Weather,"WEATHER INFORMATION","TODAY AND TOMARROW CHANCE OF RAIN IN YOUR AREA",BIHAR,KAIMUR,CHAINPUR,2018-04-06T14:47:19Z
JAYAD,AGRICULTURE,Others,Others,Weather,"WEATHER INFORMATION","Cloudy weather in your area,  chance of rain in your area",BIHAR,KAIMUR,BHABUA,2018-04-06T15:06:04Z
JAYAD,AGRICULTURE,Others,Others,Weather,"WEATHER INFORMATION","Cloudy weather in your area,  chance of rain in your area",BIHAR,KAIMUR,BHABUA,2018-04-06T15:06:19Z
JAYAD,AGRICULTURE,Others,Others,Weather,"WEATHER INFORMATION","Cloudy weather in your area,  chance of rain in your area",BIHAR,KAIMUR,BHABUA,2018-04-06T15:06:34Z
JAYAD,AGRICULTURE,Others,Others,"Plant Protection","Insect infestation","sprey of chloropyriphos@2ml/lit water",BIHAR,KAIMUR,DURGAWATI,2018-04-06T17:52:13Z
JAYAD,AGRICULTURE,Others,Others,Weather,"WEATHER INFORMATION","Cloudy weather in your area,  chance of rain in your area",BIHAR,KAIMUR,RAMPUR,2018-04-06T19:36:44Z
JAYAD,AGRICULTURE,Others,Others,Weather,"WEATHER INFORMATION","Cloudy weather in your area,  chance of rain in your area",BIHAR,KAIMUR,RAMPUR,2018-04-06T19:36:58Z
RABI,AGRICULTURE,Others,Others,Weather,"Weather information","There will be light clouds in the sky chance of rain in your area.",BIHAR,KAIMUR,KUDRA,2018-04-06T20:00:27Z
RABI,AGRICULTURE,Others,Others,Weather,"Weather information","There will be light clouds in the sky chance of rain in your area.",BIHAR,KAIMUR,KUDRA,2018-04-06T20:10:58Z
JAYAD,AGRICULTURE,Others,Others,Weather,"WEATHER INFORMATION","TODAY AND TOMARROW CHANCE OF RAIN IN YOUR AREA",BIHAR,KAIMUR,KUDRA,2018-04-06T20:54:30Z
JAYAD,AGRICULTURE,Others,Others,Weather,"WEATHER INFORMATION","TODAY AND TOMARROW CHANCE OF RAIN IN YOUR AREA",BIHAR,KAIMUR,KUDRA,2018-04-06T21:01:44Z
JAYAD,AGRICULTURE,Others,Others,Weather,"WEATHER INFORMATION","CHANCE OF RAIN IN YOUR AREA",BIHAR,KAIMUR,CHAND,2018-04-07T08:46:46Z
RABI,AGRICULTURE,Others,Others,Varieties,"weather information","30 C 
RealFeel 31

Hazy sunshine
  


See Hourly

> 




Today

Apr 7



36 Hi 
RealFeel 37

Partly sunny and very warm
 More  



Tonight

Apr 7



24 Lo 
RealFeel 24

A t-storm around this evening
 More  



Tomorrow

Apr 8



33 Hi 
RealFeel",BIHAR,KAIMUR,BHABUA,2018-04-07T10:28:41Z
RABI,AGRICULTURE,Cereals,Wheat,Weather,"WEATHER INFORMATION","and  tomorrow little chance of rain in your area",BIHAR,KAIMUR,CHAINPUR,2018-04-07T12:42:19Z
JAYAD,AGRICULTURE,Others,Others,Storage,"WEATHER INFORMATION","Cloudy weather in your area,  chance of rain in your area",BIHAR,KAIMUR,KUDRA,2018-04-07T13:28:38Z
RABI,AGRICULTURE,Others,Others,Weather,"Weather information","Cloudy weather in your area but no chance of rain in your area",BIHAR,KAIMUR,CHAINPUR,2018-04-07T18:15:34Z
RABI,AGRICULTURE,Others,Others,Weather,"Weather information","Cloudy weather in your area but no chance of rain in your area",BIHAR,KAIMUR,CHAINPUR,2018-04-07T18:17:10Z
RABI,AGRICULTURE,Others,Others,Weather,weather,"22 C 
RealFeel 23

Mostly sunny
  


See Hourly

> 




Today

Apr 8



33 Hi 
RealFeel 35

A blend of sun and clouds
 More  



Tonight

Apr 8



22 Lo 
RealFeel 24

Mainly clear
 More  



Tomorrow

Apr 9



33 Hi 
RealFeel 37

An afternoon thunderstorm
 More  







Video Weather Forecast

Weather Forecast overview for Asia 

 Asia Weather Forecast 
    

 




Mohanpur Satellite
 
 
 


See Weather Satellite

  



 








India new April 5  

Thunderstorms to offer some heat relief across northern India into early next week 

April 07, 2018, 11:51:26 AM EDT

Thunderstorms set to erupt daily into early next week will work to cut into the heat that has surged back with a vengeance across northern India, including New Delhi. 
Mor














Mohanpur Weather Map - Nearby Places





+

-

















22





22





22





22





22





22





22





22





22





22





22










Leaflet   Bing Maps













Mohanpur Weather Conditions - Nearby Places



Ramgawan Kamal
 
 22  



Adalpur
 
 22  



Madhopur
 
 22  



Araia
 
 22  



Yamdipur
 
 22  



Sarhad Madho
 
 22  



Sarari
 
 22  



Bingawan
 
 22  



Baghra
 
 22  



Dumari
 
 22",BIHAR,KAIMUR,CHAINPUR,2018-04-08T06:03:55Z
JAYAD,AGRICULTURE,Others,Others,Weather,"weather information IN KAIMUR","Cloudy weather, rain is not likely.",BIHAR,KAIMUR,RAMGARH,2018-04-08T06:31:06Z
JAYAD,AGRICULTURE,Others,Others,Weather,"WEATHER INFORMATION","Cloudy weather in your area,  chance of rain in your area",BIHAR,KAIMUR,KUDRA,2018-04-08T08:54:52Z
JAYAD,AGRICULTURE,Others,Others,Weather,"WEATHER INFORMATION","Cloudy weather in your area,  chance of rain in your area",BIHAR,KAIMUR,KUDRA,2018-04-08T08:57:26Z
JAYAD,AGRICULTURE,Others,Others,Weather,"WEATHER INFORMATION","CHANCE OF RAIN IN YOUR AREA",BIHAR,KAIMUR,CHAND,2018-04-08T09:18:04Z
JAYAD,AGRICULTURE,Others,Others,Weather,"weather information","Cloudy weather,rain is likely in your area.",BIHAR,KAIMUR,MOHANIA,2018-04-08T09:21:09Z
RABI,AGRICULTURE,Cereals,Wheat,Weather,"Weather Informesion","????? ??? ???? ???? ??? ?????",BIHAR,KAIMUR,CHAND,2018-04-08T09:27:52Z
RABI,AGRICULTURE,Cereals,Wheat,Weather,"Weather Informesion","????? ??? ???? ???? ??? ?????",BIHAR,KAIMUR,CHAND,2018-04-08T09:27:54Z
JAYAD,AGRICULTURE,Others,Others,Weather,"weather information","Cloudy weather,rain is likely in your area.",BIHAR,KAIMUR,CHAINPUR,2018-04-08T11:34:17Z
JAYAD,AGRICULTURE,Others,Others,Weather,"WEATHER INFORMATION","Heavy Cloudy weather in your area, chance of rain in your area",BIHAR,KAIMUR,CHAINPUR,2018-04-08T13:57:49Z
RABI,AGRICULTURE,Others,Others,Weather,"Weather information","??? ?????  ?????  ,????  ????  ????? ,?????? ?????",BIHAR,KAIMUR,RAMGARH,2018-04-09T08:40:50Z
JAYAD,AGRICULTURE,Others,Others,Weather,"WEATHER INFORMATION","Cloudy weather in your area,  chance of rain in your area",BIHAR,KAIMUR,KUDRA,2018-04-09T12:02:41Z
JAYAD,AGRICULTURE,Others,Others,Weather,"Varieties of Moong","H.U.M-16, Pusa vishal, Samarat, Sona, P.S-16, S.M.L-668",BIHAR,KAIMUR,KUDRA,2018-04-09T12:04:04Z
RABI,AGRICULTURE,Others,Others,Weather,"weather information","Cloudy weather, rain is not likely.",BIHAR,KAIMUR,KUDRA,2018-04-09T20:33:32Z
RABI,AGRICULTURE,Cereals,Wheat,Weather,"Weather information","Cloudy weather Today and tomorrow little chance of rain in your area",BIHAR,KAIMUR,CHAND,2018-04-10T06:33:28Z
RABI,AGRICULTURE,Cereals,Wheat,"Nutrient Management","poor quality of grain","due to unfavourable climatic condition",BIHAR,KAIMUR,RAMPUR,2018-04-10T06:37:14Z
RABI,AGRICULTURE,Cereals,Wheat,Weather,"Weather information","Heavy Cloudy weather in your area, no chance of rain in your area",BIHAR,KAIMUR,RAMGARH,2018-04-10T06:45:33Z
JAYAD,AGRICULTURE,Others,Others,Weather,"weather information","Cloudy weather Today & tomorrow   chance of rain",BIHAR,KAIMUR,BHABUA,2018-04-10T07:00:19Z
JAYAD,AGRICULTURE,Others,Others,Weather,"weather information","Cloudy weather Today & tomorrow   chance of rain",BIHAR,KAIMUR,BHABUA,2018-04-10T07:01:33Z
JAYAD,AGRICULTURE,Others,Others,Weather,"weather information","Cloudy weather Today & tomorrow   chance of rain",BIHAR,KAIMUR,BHAGWANPUR,2018-04-10T09:55:24Z
JAYAD,AGRICULTURE,Others,Others,Weather,"WEATHER INFORMATION","Cloudy weather in your area,  chance of rain in your area",BIHAR,KAIMUR,MOHANIA,2018-04-10T10:30:48Z
JAYAD,AGRICULTURE,Others,Others,Weather,"WEATHER INFORMATION","Cloudy weather today and  tomorrow little chance of rain in your area.",BIHAR,KAIMUR,DURGAWATI,2018-04-10T15:24:49Z
JAYAD,AGRICULTURE,Others,Others,Weather,"WEATHER INFORMATION","Cloudy weather today and  tomorrow little chance of rain in your area.",BIHAR,KAIMUR,DURGAWATI,2018-04-10T15:24:50Z
JAYAD,AGRICULTURE,Others,Others,Weather,"WEATHER INFORMATION","Cloudy weather in your area,  chance of rain in your area",BIHAR,KAIMUR,NUAON,2018-04-11T10:02:31Z
RABI,AGRICULTURE,Others,Others,Weather,"Weather Information","Cloudy weather today and tomorrow little chance of rain",BIHAR,KAIMUR,BHABUA,2018-04-11T10:11:06Z
JAYAD,AGRICULTURE,Others,Others,Weather,"WEATHER INFORMATION","Cloudy weather in your area,  chance of rain in your area",BIHAR,KAIMUR,NUAON,2018-04-11T11:07:40Z
JAYAD,AGRICULTURE,Others,Others,Weather,"weather information","Cloudy weather Today & tomorrow   chance of rain",BIHAR,KAIMUR,DURGAWATI,2018-04-11T12:29:11Z
JAYAD,AGRICULTURE,Others,Others,Weather,"weather information","Cloudy weather Today & tomorrow   chance of rain",BIHAR,KAIMUR,CHAINPUR,2018-04-11T12:35:20Z
RABI,AGRICULTURE,Cereals,Wheat,Weather,"weather information","?? ?? ?? ????? ?? ??????? ??",BIHAR,KAIMUR,BHAGWANPUR,2018-04-11T14:03:51Z
JAYAD,AGRICULTURE,Others,Others,Weather,"Weather information","Cloudy weather Today and tomorrow little chance of rain in your area",BIHAR,KAIMUR,RAMGARH,2018-04-11T14:18:50Z
RABI,AGRICULTURE,Cereals,Wheat,Weather,"weather information","?? ?? ?? ????? ?? ??????? ?? ",BIHAR,KAIMUR,NUAON,2018-04-11T17:56:50Z
RABI,AGRICULTURE,Others,Others,"Field Preparation","WEATHER INFORMATION","Cloudy weather today and tomorrow  but no chance of rain in your area.",BIHAR,KAIMUR,BHABUA,2018-04-11T18:21:03Z
JAYAD,AGRICULTURE,Others,Others,Weather,"WEATHER INFORMATION","???? ??????? ??? ???? ??? ????? ?? ????? ????  ?? ??????? ??",BIHAR,KAIMUR,BHABUA,2018-04-12T08:43:40Z
JAYAD,AGRICULTURE,Others,Others,Weather,"weather information","Cloudy weather,rain is likely.",BIHAR,KAIMUR,BHAGWANPUR,2018-04-12T09:55:31Z
RABI,AGRICULTURE,Others,Others,Weather,"WEATHER INFORMATION","29 C 
RealFeel 32

Hazy sunshine
  


See Hourly

> 




Today

Apr 12



38 Hi 
RealFeel 41

Hazy sun
 More  



Tonight

Apr 12



21 Lo 
RealFeel 20

Hazy
 More  



Tomorrow

Apr 13



38 Hi 
RealFeel 41

Hazy sun",BIHAR,KAIMUR,NUAON,2018-04-12T10:00:33Z
JAYAD,AGRICULTURE,Others,Others,Weather,"WEATHER INFORMATION","Cloudy weather in your area,  chance of rain in your area",BIHAR,KAIMUR,CHAND,2018-04-12T10:31:00Z
JAYAD,AGRICULTURE,Oilseeds,"Sunflower (suryamukhi)","Cultural Practices","sowing time of sunflower","sunflower can be grown successfully in any season",BIHAR,KAIMUR,BHABUA,2018-04-12T11:19:11Z
JAYAD,AGRICULTURE,Oilseeds,"Sunflower (suryamukhi)",Varieties,"varieties of sunflower","varieties of sunflower- jwalamukhi, sungene-85, PAC-36, KBSH-1",BIHAR,KAIMUR,BHABUA,2018-04-12T11:22:27Z
JAYAD,AGRICULTURE,Others,Others,Weather,"Weather information","Cloudy weather Today little chance of rain in your area",BIHAR,KAIMUR,KUDRA,2018-04-12T11:58:15Z
RABI,AGRICULTURE,Others,Others,"Field Preparation","WEATHER INFORMATION","Cloudy weather today and tomorrow  but no chance of rain in your area.",BIHAR,KAIMUR,CHAINPUR,2018-04-12T16:20:34Z
JAYAD,AGRICULTURE,Others,Others,Weather,"Weather information","There will be light clouds in the sky chance of rain in your area.",BIHAR,KAIMUR,DURGAWATI,2018-04-13T08:28:49Z
JAYAD,AGRICULTURE,Others,Others,Weather,"Weather information","TODAY AND TOMORROW NO CHANCE OF RAIN",BIHAR,KAIMUR,DURGAWATI,2018-04-13T08:32:05Z
JAYAD,AGRICULTURE,Oilseeds,"Sunflower (suryamukhi)","Plant Protection","INSECT INFESTATION IN SUNFLOWER","Spray neem oil, mix 2 ml in 1 liter of water and sprinkle it",BIHAR,KAIMUR,KUDRA,2018-04-13T12:50:09Z
JAYAD,HORTICULTURE,"Medicinal and Aromatic Plants",Mentha,"Water Management, Micro Irrigation","IRRIGATION IN MENTHA","Irrigation is given twice in a week.",BIHAR,KAIMUR,KUDRA,2018-04-13T12:51:36Z
JAYAD,HORTICULTURE,Vegetables,Onion,"Plant Protection","FUNGAL INFECTION IN ONION","Spray copper oxycloride @ 2 gram in 1 litter of water",BIHAR,KAIMUR,KUDRA,2018-04-13T12:55:13Z
JAYAD,AGRICULTURE,Others,Others,Weather,"weather information","Hazy weather in your area ,no chance of rain",BIHAR,KAIMUR,KUDRA,2018-04-13T12:56:30Z
JAYAD,AGRICULTURE,Others,Others,Weather,"weather information","Hazy weather in your area ,no chance of rain",BIHAR,KAIMUR,NUAON,2018-04-13T13:54:08Z
JAYAD,AGRICULTURE,Others,Others,"Weed Management","WEEDS IN FALLOW LAND","Spray glyphosate @ 2 ml in 1 litre of water",BIHAR,KAIMUR,BHABUA,2018-04-14T13:18:37Z
JAYAD,AGRICULTURE,Others,Others,Weather,"WEATHER INFORMATION","no  chance of rain in your area",BIHAR,KAIMUR,CHAND,2018-04-15T09:37:54Z
JAYAD,HORTICULTURE,Vegetables,"Bitter Gourd","Plant Protection","APHID INFESTATION IN BITTER GOURD","Spray Imidachloprid @ 1 ml/ 3  lit along with sufficient quantity of stickers",BIHAR,KAIMUR,BHABUA,2018-04-15T10:41:42Z
RABI,AGRICULTURE,Others,Others,"Field Preparation","Fruit cracking","Spray borax @ 2 gram in 1 liter of water",BIHAR,KAIMUR,CHAND,2018-04-16T19:05:33Z
JAYAD,AGRICULTURE,Others,Others,Weather,"Weather information","Cloudy weather in your area but no chance of rain in your area",BIHAR,KAIMUR,BHAGWANPUR,2018-04-17T07:59:03Z
RABI,AGRICULTURE,Others,Others,Weather,"weather informatio","36 C 
RealFeel 39

Hazy sunshine
  


See Hourly

> 




Today

Apr 17



39 Hi 
RealFeel 41

Hot with hazy sunshine
 More  



Tonight

Apr 17



24 Lo 
RealFeel 25

Hazy and warm
 More  



Tomorrow

Apr 18



39 Hi 
RealFeel 40

Hazy sun; hot, less humid",BIHAR,KAIMUR,BHABUA,2018-04-17T12:34:42Z
JAYAD,AGRICULTURE,Pulses,"Green Gram (Moong Bean/ Moong)","Weed Management","WEED MANAGEMENT IN MOONG","AAP KHAR PATWAR NASHI KA USE NAHI KAR SAKTE HAI MOONG ME",BIHAR,KAIMUR,KUDRA,2018-04-18T07:31:32Z
JAYAD,AGRICULTURE,Others,Others,Weather,"weather information","Hazy weather in your area ,no chance of rain",BIHAR,KAIMUR,BHAGWANPUR,2018-04-18T09:59:30Z
JAYAD,AGRICULTURE,Pulses,"Black Gram (urd bean)","Cultural Practices","flower initiation in urd bean","Spray boom flower @ 2 ml in 1 litre of water",BIHAR,KAIMUR,MOHANIA,2018-04-19T08:37:15Z
JAYAD,"ANIMAL HUSBANDRY",Animal,"Bovine(Cow,Buffalo)","Animal Breeding","ANIMAL BREEDING OF BUFFALO",NA,BIHAR,KAIMUR,RAMPUR,2018-04-19T11:24:50Z
JAYAD,HORTICULTURE,Vegetables,Bhindi(Okra/Ladysfinger),"Plant Protection","FRUIT INDUCED IN BHINDI","Spray boomflower @ 2 ml in 1 litre of water",BIHAR,KAIMUR,RAMPUR,2018-04-19T11:28:09Z
JAYAD,AGRICULTURE,Others,Others,Weather,"WEATHER INFORMATION","Cloudy weather in your area, no  chance of rain in your area",BIHAR,KAIMUR,RAMPUR,2018-04-19T11:29:50Z
JAYAD,AGRICULTURE,Others,Others,Weather,"WEATHER INFORMATION","Cloudy weather in your area, no  chance of rain in your area",BIHAR,KAIMUR,RAMPUR,2018-04-19T11:31:05Z
RABI,HORTICULTURE,Vegetables,Bhindi(Okra/Ladysfinger),"Plant Protection","Leaf roller","Spray carbaryl 50 WP 2 g/lit or phosalone 35 EC 2 ml/lit",BIHAR,KAIMUR,BHABUA,2018-04-22T10:24:00Z
JAYAD,AGRICULTURE,Others,Others,Weather,"Weather information","No chance of rain in your area",BIHAR,KAIMUR,BHABUA,2018-04-23T15:30:21Z
JAYAD,AGRICULTURE,Others,Others,Weather,"Weather information","No chance of rain in your area",BIHAR,KAIMUR,BHABUA,2018-04-23T16:05:39Z
JAYAD,AGRICULTURE,Others,Others,Weather,"Weather information","NO CHANCE OF RAIN",BIHAR,KAIMUR,CHAND,2018-04-24T13:30:30Z
JAYAD,AGRICULTURE,Others,Others,Weather,"WEATHER INFORMATION","THERE IS NO CHANCE OF RAIN TODAY.",BIHAR,KAIMUR,BHAGWANPUR,2018-04-28T10:13:34Z
JAYAD,HORTICULTURE,Vegetables,Brinjal,"Nutrient Management","FLOWER INITIATION IN BRINJAL","SPRAY BOOMFLOWER @ 2 ML PER LITRE WATER",BIHAR,KAIMUR,CHAINPUR,2018-04-28T15:53:46Z
JAYAD,HORTICULTURE,Vegetables,Bhindi(Okra/Ladysfinger),"Plant Protection","powdery mildew of bhindi","Spary sulphur 2.5 ml per litre water 3 or 4 times at 15 days interval.",BIHAR,KAIMUR,BHABUA,2018-04-30T12:17:19Z
JAYAD,HORTICULTURE,Vegetables,"Bitter Gourd","Plant Protection","insect infestation in bitter gourd","Spray Neem Oil 1500 ppm @ 2ml/ litre of water",BIHAR,KAIMUR,BHABUA,2018-04-30T12:20:22Z
JAYAD,AGRICULTURE,Others,Others,Weather,"Weather information","Heavy Cloudy weather in your area, chance of rain in your area",BIHAR,KAIMUR,BHAGWANPUR,2018-04-30T18:52:39Z
