"Country/ State/ UT Name","District Name","Caste Category","Total/ Rural/ Urban","Marital Status","Present Age","Total Ever/Currently Married Women","Ever/Currently Married Women with Number of Surviving Children - 0","Ever/Currently Married Women with Number of Surviving Children - 1","Ever/Currently Married Women with Number of Surviving Children - 2","Ever/Currently Married Women with Number of Surviving Children - 3","Ever/Currently Married Women with Number of Surviving Children - 4","Ever/Currently Married Women with Number of Surviving Children - 5+","Total Surviving Children - Total","Total Surviving Children - Males","Total Surviving Children - Females"
Bihar,Muzaffarpur,"All Scheduled Castes",Rural,"Ever Married","All ages",126636,30308,19524,20787,20674,16930,18364,297694,165671,132023
Bihar,Muzaffarpur,"All Scheduled Castes",Rural,"Ever Married","Less than 15",1177,1054,89,34,0,0,0,157,107,50
Bihar,Muzaffarpur,"All Scheduled Castes",Rural,"Ever Married",15-19,10433,7628,1982,591,125,97,0,3927,2233,1694
Bihar,Muzaffarpur,"All Scheduled Castes",Rural,"Ever Married",20-24,19163,7629,5321,3551,1818,532,311,21718,12048,9670
Bihar,Muzaffarpur,"All Scheduled Castes",Rural,"Ever Married",25-29,18946,3934,3523,4652,3611,2012,1205,38624,20885,17739
Bihar,Muzaffarpur,"All Scheduled Castes",Rural,"Ever Married",30-34,18996,2380,2301,3806,4424,3505,2580,51824,27597,24227
Bihar,Muzaffarpur,"All Scheduled Castes",Rural,"Ever Married",35-39,15379,1778,1430,2198,3340,3182,3446,48373,26761,21612
Bihar,Muzaffarpur,"All Scheduled Castes",Rural,"Ever Married",40-44,10318,1060,988,1593,1874,2019,2784,33791,19324,14467
Bihar,Muzaffarpur,"All Scheduled Castes",Rural,"Ever Married",45-49,9371,1024,792,1316,1759,1910,2554,31859,18056,13803
Bihar,Muzaffarpur,"All Scheduled Castes",Rural,"Ever Married",50-54,6159,936,732,782,1212,1141,1356,18527,10687,7840
Bihar,Muzaffarpur,"All Scheduled Castes",Rural,"Ever Married",55-59,5197,704,521,734,853,827,1558,17078,9827,7251
Bihar,Muzaffarpur,"All Scheduled Castes",Rural,"Ever Married",60-64,4903,853,836,606,891,651,1066,13673,7800,5873
Bihar,Muzaffarpur,"All Scheduled Castes",Rural,"Ever Married",65-69,2427,360,390,319,293,439,626,7232,4023,3209
Bihar,Muzaffarpur,"All Scheduled Castes",Rural,"Ever Married",70-74,2022,427,305,288,213,277,512,5673,3203,2470
Bihar,Muzaffarpur,"All Scheduled Castes",Rural,"Ever Married",75-79,638,112,64,105,68,116,165,1876,921,955
Bihar,Muzaffarpur,"All Scheduled Castes",Rural,"Ever Married","80 +",988,240,176,131,111,165,165,2450,1655,795
Bihar,Muzaffarpur,"All Scheduled Castes",Rural,"Currently Married","All ages",117119,28346,17567,19305,19301,15794,16757,274807,152702,122105
Bihar,Muzaffarpur,"All Scheduled Castes",Rural,"Currently Married","Less than 15",1176,1054,89,33,0,0,0,155,106,49
Bihar,Muzaffarpur,"All Scheduled Castes",Rural,"Currently Married",15-19,10328,7556,1974,591,100,97,0,3844,2216,1628
Bihar,Muzaffarpur,"All Scheduled Castes",Rural,"Currently Married",20-24,19073,7559,5321,3551,1817,521,303,21623,11993,9630
Bihar,Muzaffarpur,"All Scheduled Castes",Rural,"Currently Married",25-29,18824,3914,3498,4635,3584,1988,1196,38343,20755,17588
Bihar,Muzaffarpur,"All Scheduled Castes",Rural,"Currently Married",30-34,18687,2287,2229,3729,4392,3486,2564,51338,27286,24052
Bihar,Muzaffarpur,"All Scheduled Castes",Rural,"Currently Married",35-39,15064,1687,1371,2166,3293,3124,3418,47737,26384,21353
Bihar,Muzaffarpur,"All Scheduled Castes",Rural,"Currently Married",40-44,9858,981,872,1534,1827,1930,2714,32674,18665,14009
Bihar,Muzaffarpur,"All Scheduled Castes",Rural,"Currently Married",45-49,8615,887,674,1139,1628,1855,2416,29978,16980,12998
Bihar,Muzaffarpur,"All Scheduled Castes",Rural,"Currently Married",50-54,4900,650,455,568,1001,1012,1214,15847,9199,6648
Bihar,Muzaffarpur,"All Scheduled Castes",Rural,"Currently Married",55-59,4468,575,349,609,787,759,1389,15217,8689,6528
Bihar,Muzaffarpur,"All Scheduled Castes",Rural,"Currently Married",60-64,2770,500,357,322,494,410,687,8225,4804,3421
Bihar,Muzaffarpur,"All Scheduled Castes",Rural,"Currently Married",65-69,1402,183,159,175,146,314,425,4644,2558,2086
Bihar,Muzaffarpur,"All Scheduled Castes",Rural,"Currently Married",70-74,726,137,83,102,76,142,186,2207,1285,922
Bihar,Muzaffarpur,"All Scheduled Castes",Rural,"Currently Married",75-79,347,71,29,55,42,42,100,1009,511,498
Bihar,Muzaffarpur,"All Scheduled Castes",Rural,"Currently Married","80 +",404,132,33,32,41,57,109,1115,770,345
Bihar,Muzaffarpur,"All Scheduled Castes",Urban,"Ever Married","All ages",6763,1656,949,1112,1140,797,1109,16305,8919,7386
Bihar,Muzaffarpur,"All Scheduled Castes",Urban,"Ever Married","Less than 15",30,30,0,0,0,0,0,0,0,0
Bihar,Muzaffarpur,"All Scheduled Castes",Urban,"Ever Married",15-19,618,412,156,22,13,15,0,299,198,101
Bihar,Muzaffarpur,"All Scheduled Castes",Urban,"Ever Married",20-24,1187,493,290,220,127,21,36,1382,699,683
Bihar,Muzaffarpur,"All Scheduled Castes",Urban,"Ever Married",25-29,1126,221,130,251,287,144,93,2588,1285,1303
Bihar,Muzaffarpur,"All Scheduled Castes",Urban,"Ever Married",30-34,1055,126,164,197,215,177,176,2920,1590,1330
Bihar,Muzaffarpur,"All Scheduled Castes",Urban,"Ever Married",35-39,817,94,36,134,167,141,245,2754,1534,1220
Bihar,Muzaffarpur,"All Scheduled Castes",Urban,"Ever Married",40-44,582,51,43,35,108,103,242,2306,1269,1037
Bihar,Muzaffarpur,"All Scheduled Castes",Urban,"Ever Married",45-49,448,93,24,49,82,91,109,1408,780,628
Bihar,Muzaffarpur,"All Scheduled Castes",Urban,"Ever Married",50-54,300,61,54,35,22,46,82,885,489,396
Bihar,Muzaffarpur,"All Scheduled Castes",Urban,"Ever Married",55-59,264,27,12,79,57,25,64,825,516,309
Bihar,Muzaffarpur,"All Scheduled Castes",Urban,"Ever Married",60-64,151,28,22,41,30,1,29,401,210,191
Bihar,Muzaffarpur,"All Scheduled Castes",Urban,"Ever Married",65-69,106,18,9,24,23,23,9,272,155,117
Bihar,Muzaffarpur,"All Scheduled Castes",Urban,"Ever Married",70-74,34,0,8,17,0,0,9,99,57,42
Bihar,Muzaffarpur,"All Scheduled Castes",Urban,"Ever Married",75-79,22,0,0,8,0,7,7,86,72,14
Bihar,Muzaffarpur,"All Scheduled Castes",Urban,"Ever Married","80 +",18,0,0,0,8,2,8,72,60,12
Bihar,Muzaffarpur,"All Scheduled Castes",Urban,"Currently Married","All ages",6285,1546,894,1004,1069,761,1011,15064,8225,6839
Bihar,Muzaffarpur,"All Scheduled Castes",Urban,"Currently Married","Less than 15",30,30,0,0,0,0,0,0,0,0
Bihar,Muzaffarpur,"All Scheduled Castes",Urban,"Currently Married",15-19,611,412,156,22,13,8,0,271,177,94
Bihar,Muzaffarpur,"All Scheduled Castes",Urban,"Currently Married",20-24,1178,486,290,218,127,21,36,1378,697,681
Bihar,Muzaffarpur,"All Scheduled Castes",Urban,"Currently Married",25-29,1116,220,128,244,287,144,93,2572,1270,1302
Bihar,Muzaffarpur,"All Scheduled Castes",Urban,"Currently Married",30-34,1028,123,148,195,213,174,175,2876,1574,1302
Bihar,Muzaffarpur,"All Scheduled Castes",Urban,"Currently Married",35-39,788,84,36,134,158,138,238,2673,1481,1192
Bihar,Muzaffarpur,"All Scheduled Castes",Urban,"Currently Married",40-44,553,48,42,34,104,101,224,2163,1199,964
Bihar,Muzaffarpur,"All Scheduled Castes",Urban,"Currently Married",45-49,388,84,16,40,79,87,82,1182,680,502
Bihar,Muzaffarpur,"All Scheduled Castes",Urban,"Currently Married",50-54,248,41,52,25,17,46,67,765,414,351
Bihar,Muzaffarpur,"All Scheduled Castes",Urban,"Currently Married",55-59,203,3,8,64,47,25,56,705,436,269
Bihar,Muzaffarpur,"All Scheduled Castes",Urban,"Currently Married",60-64,55,4,8,11,16,1,15,201,118,83
Bihar,Muzaffarpur,"All Scheduled Castes",Urban,"Currently Married",65-69,58,9,1,16,8,15,9,171,98,73
Bihar,Muzaffarpur,"All Scheduled Castes",Urban,"Currently Married",70-74,17,0,8,1,0,0,8,62,38,24
Bihar,Muzaffarpur,"All Scheduled Castes",Urban,"Currently Married","80 +",8,0,0,0,0,0,8,40,40,0
