Season,Sector,Category,Crop,QueryType,QueryText,KCCAns,StateName,DistrictName,BlockName,CreatedOn
RABI,HORTICULTURE,Vegetables,Bhindi(Okra/Ladysfinger),"Plant Protection","Shoot and fruit borer","Emamectin benzoate 5 % SG 3.0 g/10 lit 
Phosalone 35 % EC 1.5 ml /lit 
Pyridalyl 10 % EC 1.0  ml/lit",BIHAR,SARAN,MARHAURAH,2018-01-01T06:36:15Z
RABI,HORTICULTURE,Vegetables,Brinjal,"Plant Protection","Brown leaf hopper","STD solution (control insect vectors)
Spray with dimethoate 0.3%",BIHAR,SARAN,DARIAPUR,2018-01-02T06:58:34Z
RABI,HORTICULTURE,Vegetables,Chillies,"Plant Protection","Green peach aphid","Carbosulfan 25 % EC 1.0 ml/lit. 
Fipronil 5 % SC 1.0 ml/lit.",BIHAR,SARAN,DARIAPUR,2018-01-03T07:26:40Z
RABI,HORTICULTURE,Vegetables,Brinjal,"Plant Protection","Tobacco mosaic virus","Spray insecticides like Dimethoate 2 ml/litre or Metasystox 1 ml/litre of water to control the insect vectors.",BIHAR,SARAN,DARIAPUR,2018-01-03T17:03:31Z
RABI,"ANIMAL HUSBANDRY",Animal,Goat,"Animal Breeding","goat breeding","contact to your block",BIHAR,SARAN,DARIAPUR,2018-01-04T10:02:14Z
RABI,AGRICULTURE,Others,Others,Weather,"WEATHER INFORMATION","CLOUDY WEATHER",BIHAR,SARAN,AMNOUR,2018-01-04T10:59:22Z
RABI,HORTICULTURE,Vegetables,Potato,"Plant Protection","ATTACK OF FUNGUS IN POTATO","SPRAY MANCOZIB @ 2 GM / LIT OF WATER",BIHAR,SARAN,AMNOUR,2018-01-04T11:01:16Z
RABI,AGRICULTURE,Others,Others,Weather,"WEATHER INFORMATION","no chance of rain in your area",BIHAR,SARAN,EKMA,2018-01-04T11:40:18Z
RABI,HORTICULTURE,Fruits,Mango,"Plant Protection","attack of mildew in mango","make a mixture of cuso4 @ 5 kg / 10 lit of water in separate beaker and again make mixture of caco3 @ 5 kg / 10 lit of water and finally mix both mixture and applied in affected part of mango plant",BIHAR,SARAN,AMNOUR,2018-01-04T13:08:56Z
RABI,AGRICULTURE,Others,Others,Weather,"weather information","cloudy weather",BIHAR,SARAN,AMNOUR,2018-01-04T13:10:12Z
RABI,AGRICULTURE,Others,Others,Weather,"weather information","cloudy weather",BIHAR,SARAN,JALALPUR,2018-01-06T07:05:56Z
RABI,AGRICULTURE,Others,Others,Weather,"weather information","cloudy weather",BIHAR,SARAN,JALALPUR,2018-01-06T07:07:13Z
RABI,HORTICULTURE,Vegetables,Potato,"Plant Protection","ATTACK OF FUNGUS IN POTATO","SPRAY FUNGUS @ 2 GN / LIT OF WATER",BIHAR,SARAN,DARIAPUR,2018-01-06T09:13:54Z
RABI,AGRICULTURE,Others,Others,Weather,"WEATHER INFORMATION","CLOUDY WEATHER",BIHAR,SARAN,DARIAPUR,2018-01-06T09:15:00Z
RABI,AGRICULTURE,Others,Others,"Market Information",information,"????  ???? ????????? ?? ?????? ??? ",BIHAR,SARAN,ISUAPUR,2018-01-06T10:03:10Z
RABI,HORTICULTURE,Fruits,Mango,"Cultural Practices","WASHING OF MANGO","Spray  Imidachloprid @ 1ml/3lit of water",BIHAR,SARAN,SONEPUR,2018-01-06T10:56:11Z
RABI,AGRICULTURE,Others,Others,Weather,"WEATHER  INFORMATION","Cloudy weather, rain is not likely.",BIHAR,SARAN,SONEPUR,2018-01-06T10:57:22Z
RABI,HORTICULTURE,Vegetables,Brinjal,"Plant Protection","Tobacco mosaic virus","Dimethoate 2 ml/litre or Metasystox 1 ml/litre of water to control the insect vectors.",BIHAR,SARAN,DARIAPUR,2018-01-06T11:14:14Z
RABI,AGRICULTURE,Others,Others,Weather,"WEATHER  INFORMATION","Cloudy weather, rain is not likely.",BIHAR,SARAN,BANIAPUR,2018-01-06T13:45:38Z
RABI,AGRICULTURE,Others,Others,Weather,WEATHER,"NO RAIN",BIHAR,SARAN,CHHAPRA,2018-01-06T21:20:34Z
RABI,HORTICULTURE,Vegetables,Bhindi(Okra/Ladysfinger),"Plant Protection","Leaf roller","Spray carbaryl 50 WP 2 g/lit or phosalone 35 EC 2 ml/lit",BIHAR,SARAN,DARIAPUR,2018-01-07T07:59:22Z
RABI,AGRICULTURE,Others,Others,"Agriculture Mechanization","Kiwanis registration -","Kiwanis registration - www.krishimis.in",BIHAR,SARAN,MASHRAKH,2018-01-07T12:00:42Z
RABI,AGRICULTURE,Others,Others,"Field Preparation","WEATHER INFORMATION","Very low cloudy area but no chance of rain",BIHAR,SARAN,MAKER,2018-01-07T17:50:06Z
RABI,AGRICULTURE,Others,Others,"Field Preparation","EARLY BLIGHT IN POTATO","Spray Streptomycin 0.5 GRM+Copper oxychloride 2gm 1 liter of water paddy bacterial leaf blight",BIHAR,SARAN,EKMA,2018-01-08T12:37:43Z
RABI,AGRICULTURE,Others,Others,"Field Preparation","varieties of cowpea","varieties of cowpea ---- Pusa Komal,Arka Garima ,,pusa rituraj  ,pusa  barsati",BIHAR,SARAN,DARIAPUR,2018-01-08T16:40:15Z
RABI,AGRICULTURE,Others,Others,"Cultural Practices","sowing time of brinjal",jan-feb,BIHAR,SARAN,BANIAPUR,2018-01-08T18:03:17Z
RABI,AGRICULTURE,Others,Others,"Field Preparation","WEATHER  INFORMATION","Cloudy weather, rain is not likely.",BIHAR,SARAN,DARIAPUR,2018-01-09T11:24:40Z
RABI,AGRICULTURE,Others,Others,Weather,"WEATHER INFORMATION","HAZY SUNSHINE",BIHAR,SARAN,MARHAURAH,2018-01-09T17:42:16Z
RABI,AGRICULTURE,Others,Others,Weather,WEATHER,"15 C 
RealFeel 15

Hazy sunshine
  


See Hourly

> 




Today

Jan 10



24 Hi 
RealFeel 26

Hazy sun
 More  



Tonight

Jan 10



6 Lo 
RealFeel 8

Hazy and chilly
 More  



Tomorrow

Jan 11



25 Hi 
RealFeel 26

Hazy sun
 More  







Video Weather Forecast

Weather Forecast overview for Asia 

 Asia Weather Forecast 
    

 




Kaimori Satellite
 
 
 


See Weather Satellite

  



 









Kaimori Weather Map - Nearby Places





+

-


















15





15





15





15





15





15





15





15





15





15





15










Leaflet   Bing Maps













Kaimori Weather Conditions - Nearby Places



Kuda
 
 15  



Dugariya
 
 15  



Diwari
 
 15  



Ghatera
 
 15  



Mohantara
 
 15  



Jhagri
 
 15  



Madiya
 
 15  



Nimi
 
 15  



Tamoriya
 
 15  



Bagaswahi
 
 15",BIHAR,SARAN,DARIAPUR,2018-01-10T10:27:33Z
RABI,AGRICULTURE,Others,Others,"Field Preparation","WEATHER INFORMATION","WEATHER INFORMATION",BIHAR,SARAN,AMNOUR,2018-01-10T14:57:03Z
RABI,AGRICULTURE,Others,Others,Weather,"query for subsidy animal","last date-30 september",BIHAR,SARAN,MANJHI,2018-01-10T15:49:38Z
RABI,AGRICULTURE,Others,Others,"Field Preparation","WEATHER INFORMATION","Cloudy with a shower",BIHAR,SARAN,MAKER,2018-01-10T17:37:45Z
RABI,AGRICULTURE,Others,Others,"Field Preparation","Cloudy with a shower","Cloudy with a shower",BIHAR,SARAN,MAKER,2018-01-10T17:55:51Z
RABI,HORTICULTURE,Vegetables,Bhindi(Okra/Ladysfinger),"Plant Protection","Bacterial Wilt","Spray Copper fungicides to control the disease (2% Bordeaux mixture.)


The disease is more prevalent in the presence of root knot Nematodes, so control of these nematodes will suppress the disease spread.",BIHAR,SARAN,BANIAPUR,2018-01-11T09:02:25Z
JAYAD,HORTICULTURE,Vegetables,Pumpkin,"Field Preparation","maturity period of pumpkin","3 months",BIHAR,SARAN,DARIAPUR,2018-01-12T11:05:04Z
RABI,HORTICULTURE,Fruits,Mango,"Plant Protection","BLACK SPOT DISEASE PROBLEM OF MANGO PLANT","Spray copper oxycloride @ 2 gram in 1 litter of water",BIHAR,SARAN,MANJHI,2018-01-12T12:44:15Z
RABI,AGRICULTURE,Others,Others,"Fertilizer Use and Availability","FERTILIZER USED IN ONION","COMPOST-80-100 QUINTAL/HA,NITROGEN-120 KG/HA,SULPHURE-20-40 KG/HA,POTAS-60 KG/HA",BIHAR,SARAN,BANIAPUR,2018-01-12T13:12:30Z
RABI,AGRICULTURE,Others,Others,Weather,"weather information","27 Hi 
RealFeel 28

Hazy sun
 More  



Tonight

Jan 13



10 Lo 
RealFeel 12

Hazy
 More  



Tomorrow

Jan",BIHAR,SARAN,GARKHA,2018-01-13T06:09:01Z
RABI,HORTICULTURE,Vegetables,Brinjal,"Plant Protection","Tobacco mosaic virus","Spray insecticides like Dimethoate 2 ml/litre or Metasystox 1 ml/litre of water to control the insect vectors.",BIHAR,SARAN,DARIAPUR,2018-01-13T07:11:46Z
RABI,AGRICULTURE,Others,Others,Weather,"WEATHER INFORMATION","Very low cloudy area but no chance of rain",BIHAR,SARAN,DARIAPUR,2018-01-13T11:13:49Z
RABI,AGRICULTURE,Others,Others,Weather,"WEATHER INFORMATION","HAZY SUNSHINE WITH COLD ENVIRONMENT UPTO 18 JANUARY",BIHAR,SARAN,MAKER,2018-01-14T19:35:13Z
RABI,AGRICULTURE,Others,Others,"Field Preparation","WEATHER  INFORMATION","Cloudy weather, rain is not likely.",BIHAR,SARAN,BANIAPUR,2018-01-14T19:49:19Z
RABI,AGRICULTURE,Others,Others,"Field Preparation","WEATHER INFORMATION","Very low cloudy area but no chance of rain",BIHAR,SARAN,NAGRA,2018-01-15T17:49:50Z
RABI,AGRICULTURE,Others,Others,"Field Preparation","Copper oxychloride","Copper oxychloride 0.25% @ 2 gm in 1 liter of water",BIHAR,SARAN,NAGRA,2018-01-15T17:56:46Z
RABI,AGRICULTURE,Others,Others,Weather,"WEATHER INFORMATION","Sunny weather but no rain in your area.",BIHAR,SARAN,JALALPUR,2018-01-15T18:05:00Z
KHARIF,AGRICULTURE,Others,Others,"Field Preparation","TOMATO CULTIVATION","Swarna Baibhav,Swarna Sampada,Swarna Naveen ,Swarna Lalima",BIHAR,SARAN,ISUAPUR,2018-01-16T08:30:20Z
RABI,"ANIMAL HUSBANDRY",Animal,"Bovine(Cow,Buffalo)","Disease Management","disease problem in goat",NA,BIHAR,SARAN,CHHAPRA,2018-01-16T09:37:37Z
RABI,AGRICULTURE,Others,Others,"Plant Protection","plant protection","SPRAY INDOFIL M-45 75% WP @ 2GRM/LIT OF WATER",BIHAR,SARAN,CHHAPRA,2018-01-16T10:22:33Z
RABI,AGRICULTURE,Others,Others,Weather,"WEATHER INFORMATION","Hazy sunshine",BIHAR,SARAN,CHHAPRA,2018-01-16T10:23:09Z
RABI,AGRICULTURE,Others,Others,Weather,"WEATHER INFORMATION","Hazy sunshine",BIHAR,SARAN,CHHAPRA,2018-01-16T10:23:53Z
RABI,AGRICULTURE,Others,Others,"Field Preparation","CRACKING OF BANANA","BOREX-2G/LIT WATER SPRAY",BIHAR,SARAN,CHHAPRA,2018-01-16T10:51:40Z
RABI,AGRICULTURE,Others,Others,"Field Preparation","YELLOWING OF LEAVES / problem fungus","Spray Copper oxy chloride @ 2 gm / lit of water",BIHAR,SARAN,CHHAPRA,2018-01-16T11:50:01Z
RABI,AGRICULTURE,Others,Others,Weather,"WEATHER  INFORMATION","Cloudy weather ,Hazy sun,but not chance of rain",BIHAR,SARAN,MARHAURAH,2018-01-16T13:23:49Z
RABI,AGRICULTURE,Others,Others,"Field Preparation","weed problem in wheat","hand weeding in wheat",BIHAR,SARAN,MAKER,2018-01-16T16:29:03Z
RABI,AGRICULTURE,Others,Others,Weather,"WEATHER INFORMATION","Hazy sunshine",BIHAR,SARAN,MAKER,2018-01-16T17:05:35Z
RABI,AGRICULTURE,Others,Others,"Plant Protection","query for hydro ponic","to meet nearest kvk",BIHAR,SARAN,MAKER,2018-01-16T18:35:44Z
RABI,AGRICULTURE,Others,Others,"Field Preparation","crop insurance","For crop insurance consult to bank or agriculture insurance agency",BIHAR,SARAN,ISUAPUR,2018-01-17T12:57:50Z
RABI,AGRICULTURE,Cereals,Wheat,"Plant Protection","VITAMIN MANAGEMENT IN WHEAT","SPRAY MULTIPLAX @ 2 GM/ LITRE WATER",BIHAR,SARAN,REVELGANJ,2018-01-17T13:24:59Z
RABI,HORTICULTURE,Flowers,Marigold,"Plant Protection","BLACK SPOT PROBLEM OF MARRIGOLD PLANT","Spray copper oxycloride @ 2 gram in 1 litter of water",BIHAR,SARAN,REVELGANJ,2018-01-17T13:27:39Z
RABI,AGRICULTURE,Others,Others,Weather,"WEATHER INFORMATION","Hazy sunshine",BIHAR,SARAN,TARAIYA,2018-01-17T13:29:56Z
RABI,AGRICULTURE,Others,Others,Weather,"WEATHER INFORMATION","Hazy sunshine",BIHAR,SARAN,TARAIYA,2018-01-17T13:31:11Z
RABI,AGRICULTURE,Others,Others,"Sowing Time and Weather","WEATHER INFORMATION","HAZY SUNSHINE",BIHAR,SARAN,MAKER,2018-01-18T07:55:18Z
RABI,AGRICULTURE,Cereals,Wheat,"Field Preparation","WHEAT WEED MANAGEMENT","Sulfosulfuran @ 25.0g a.i./ha in 250-300 liters of water /ha.",BIHAR,SARAN,MAKER,2018-01-18T07:57:48Z
RABI,AGRICULTURE,Millets,"Maize (Makka)","Field Preparation","MAIZE LEAVES BORER","SPRAY CHLORPYRIPHOS 2 MILI/LITRE OF WATER",BIHAR,SARAN,DARIAPUR,2018-01-18T11:52:21Z
RABI,AGRICULTURE,Others,Others,"Sowing Time and Weather","SOWING TIME OF SUNFLOWER","15 FEB-10 MARCH",BIHAR,SARAN,BANIAPUR,2018-01-18T12:24:19Z
RABI,HORTICULTURE,Vegetables,Brinjal,"Plant Protection","Tobacco mosaic virus","Spray insecticides like Dimethoate 2 ml/litre or Metasystox 1 ml/litre of water to control the insect vectors.",BIHAR,SARAN,DARIAPUR,2018-01-18T13:10:52Z
RABI,AGRICULTURE,Millets,"Maize (Makka)","Field Preparation","MAIZE LEAVES YELLOWING","Spray mancozeb @ 2g/lit of water",BIHAR,SARAN,MANJHI,2018-01-18T15:33:32Z
RABI,AGRICULTURE,Others,Others,"Sowing Time and Weather","WEATHER INFORMATION","HAZY WEATHER",BIHAR,SARAN,MANJHI,2018-01-18T17:01:46Z
RABI,AGRICULTURE,Others,Others,"Plant Protection","plant protection","Spray mancozeb @ 2g/lit of water",BIHAR,SARAN,DARIAPUR,2018-01-18T18:32:01Z
RABI,AGRICULTURE,Cereals,Wheat,"Weed Management","weed management in wheat crop","aap khar patwarnasi ka use nahi kar sakte",BIHAR,SARAN,MAKER,2018-01-19T11:36:23Z
RABI,"ANIMAL HUSBANDRY",Animal,"Bovine(Cow,Buffalo)","Disease Management","AFFECTED BY LOOSE MOTION OF COW",NA,BIHAR,SARAN,MAKER,2018-01-20T07:51:41Z
RABI,AGRICULTURE,Others,Others,Weather,"WEATHER  INFORMATION","Cloudy weather ,Hazy sun,but not chance of rain",BIHAR,SARAN,MAKER,2018-01-20T07:53:24Z
JAYAD,AGRICULTURE,Others,Others,"Plant Protection","Thrips and onion fly in \onion","Spray  Imidachloprid @ 1ml/3lit of water",BIHAR,SARAN,AMNOUR,2018-01-20T10:44:40Z
RABI,HORTICULTURE,Vegetables,Bhindi(Okra/Ladysfinger),"Plant Protection","WEATHER INFORMATION","There is no possibility of rain in your area. Will the sun rise in the middle of the middle.",BIHAR,SARAN,BANIAPUR,2018-01-20T19:57:16Z
RABI,AGRICULTURE,Cereals,Wheat,Weather,"Weather information","Cloudy weather  today and tomorrow  no chance of rain.",BIHAR,SARAN,DARIAPUR,2018-01-22T10:39:54Z
RABI,AGRICULTURE,Others,Others,Varieties,"varity of sponge gourd","Rajendra-1pusa chikni.pusa supriya",BIHAR,SARAN,DARIAPUR,2018-01-22T16:39:44Z
RABI,HORTICULTURE,Vegetables,Bhindi(Okra/Ladysfinger),"Cultural Practices","varieties of bhindi -","varieties of bhindi - arka anamica, arka abhay , prabhat kranti and okra-4,
Hybrid- Anokhi, Indranil,bhawani, Krishna",BIHAR,SARAN,ISUAPUR,2018-01-23T11:04:53Z
RABI,AGRICULTURE,Others,Others,"Weed Management","WEED MANAGENT IN WHEAT","HAND WEEDING",BIHAR,SARAN,MAKER,2018-01-23T14:22:59Z
RABI,AGRICULTURE,Cereals,Wheat,Weather,"Weather information","Cloudy weather  today and tomorrow  no chance of rain.",BIHAR,SARAN,JALALPUR,2018-01-24T09:16:47Z
RABI,AGRICULTURE,Cereals,Wheat,Weather,"Weather information","Cloudy weather  today and tomorrow  no chance of rain.",BIHAR,SARAN,MAKER,2018-01-24T10:14:49Z
RABI,AGRICULTURE,Others,Others,Weather,"WEATHER  INFORMATION","little chance of rain",BIHAR,SARAN,MAKER,2018-01-24T10:17:12Z
RABI,AGRICULTURE,Others,Others,"Field Preparation","WEATHER INFORMATION","Heavy Cloudy weather in your area, no chance of rain in your area",BIHAR,SARAN,GARKHA,2018-01-24T18:00:09Z
KHARIF,AGRICULTURE,Cereals,Wheat,Varieties,"WEEDICIDE IN WHEAT","SPRAY TOTAL 40GM/HECT IN 500LIT IN WHEAT",BIHAR,SARAN,PARSA,2018-01-25T18:01:03Z
RABI,AGRICULTURE,Others,Others,"Field Preparation","WEATHER INFORMATION","Cloudy weather in your area, but no chance of rain in your area.",BIHAR,SARAN,MAKER,2018-01-25T19:40:51Z
RABI,AGRICULTURE,Others,Others,"Plant Protection","GUMPSIS IN MANGO","TO USED BORDEUX MIXTURE",BIHAR,SARAN,MAKER,2018-01-25T20:13:53Z
RABI,AGRICULTURE,Cereals,Wheat,Weather,"Weather information","Cloudy weather  today and tomorrow  no chance of rain.",BIHAR,SARAN,MANJHI,2018-01-26T19:05:06Z
RABI,AGRICULTURE,Cereals,Wheat,Weather,"horbiside use in wheat crop","2,4,d 2ml/lea pani",BIHAR,SARAN,MAKER,2018-01-27T08:27:40Z
RABI,AGRICULTURE,Cereals,Wheat,Weather,"Weather information","Cloudy weather  today and tomorrow  no chance of rain.",BIHAR,SARAN,GARKHA,2018-01-27T10:49:42Z
RABI,AGRICULTURE,Cereals,Wheat,Weather,"Weather information","Cloudy weather  today and tomorrow  no chance of rain.",BIHAR,SARAN,MAKER,2018-01-27T15:38:51Z
RABI,AGRICULTURE,Cereals,Wheat,"Field Preparation","WHEAT WEED MANAGEMENT","CALL TRANSFERED TO EXPERT",BIHAR,SARAN,MAKER,2018-01-27T15:41:20Z
KHARIF,AGRICULTURE,Others,Others,Weather,WEATHER,"NO RAIN",BIHAR,SARAN,JALALPUR,2018-01-27T17:48:16Z
RABI,AGRICULTURE,Others,Others,"Field Preparation","FUNGUS ATTACK ON POTATO","MANCOZEB-2G/LIT WATER SPRAY",BIHAR,SARAN,GARKHA,2018-01-27T20:02:46Z
RABI,HORTICULTURE,Vegetables,Chillies,"Plant Protection","Leaf curl in chilli","Apply Carbofuran 3G @ 4-5 Kg/acre in the mainfield to control sucking complex and insect vectors selectively.",BIHAR,SARAN,DARIAPUR,2018-01-28T07:15:26Z
RABI,AGRICULTURE,Pulses,"Pigeon pea (red gram/arhar/tur)","Field Preparation","PROTECTION OF ARHAR FROM INSECT DOSE OF ROGAR,INDOFIL M-45","SPRAY ROGAR 2 MILI/LITRE OF WATER
SPRAY INDOFIL M-45 2 GRAM/LITRE OF WATER",BIHAR,SARAN,MARHAURAH,2018-01-28T11:38:09Z
RABI,AGRICULTURE,Others,Others,"Field Preparation","The sky will remain cloudy","The sky will remain cloudy",BIHAR,SARAN,PARSA,2018-01-28T15:47:27Z
RABI,AGRICULTURE,Cereals,Wheat,Weather,"WEATHER INFORMATION","????? ???  ???? ??????? ??? ?? ?? ?? ????? ???? ?? ???????  ??",BIHAR,SARAN,REVELGANJ,2018-01-28T18:10:55Z
RABI,HORTICULTURE,Vegetables,Bhindi(Okra/Ladysfinger),"Plant Protection","Red cotton bug","Spray phosphamidon 40 SL @ 600 ml/ha",BIHAR,SARAN,DARIAPUR,2018-01-29T09:07:31Z
RABI,HORTICULTURE,Vegetables,Bhindi(Okra/Ladysfinger),"Plant Protection","Bhendi yellow vein mosaic virus","Spraying monocrotophos 1.5 ml/litre of water can restrict the disease spread",BIHAR,SARAN,DARIAPUR,2018-01-29T09:14:02Z
RABI,AGRICULTURE,Millets,"Maize (Makka)","Cultural Practices","stem rotting in maize","Spray Copper Oxychloride @ 3 gm./lt.of water.",BIHAR,SARAN,GARKHA,2018-01-29T17:30:07Z
RABI,HORTICULTURE,Vegetables,"Bitter Gourd","Plant Protection",Aphid,"?Methyl demeton 25 EC 500 ml/ha
?Dimethoate 30 EC 500 ml/ha
?Phosphamidon 40 SL 600 ml/ha.",BIHAR,SARAN,DARIAPUR,2018-01-30T10:29:05Z
RABI,AGRICULTURE,Cereals,Wheat,"Nutrient Management","NUTRIENT MANAGEMENT IN WHEAT","SPRAY MULTIPLAX @ 2 G/ LITRE WATER",BIHAR,SARAN,DARIAPUR,2018-01-30T14:10:47Z
