Season,Sector,Category,Crop,QueryType,QueryText,KCCAns,StateName,DistrictName,BlockName,CreatedOn
KHARIF,AGRICULTURE,Others,Others,"Government Schemes","PROBLEM RELATED TO DBT","AAP SAHAJ KENDRA ME CONTACT KARE",BIHAR,DARBHANGA,BENIPUR,2018-08-01T11:18:06Z
KHARIF,AGRICULTURE,Others,Others,"Government Schemes","PROBLEM RELATED TO DBT","AAP SAHAJ KENDRA ME CONTACT KARE",BIHAR,DARBHANGA,BENIPUR,2018-08-01T11:18:06Z
KHARIF,AGRICULTURE,Others,Others,Weather,"WEATHER INFORMATION","Cloudy weather in your area, chance of rain in your area",BIHAR,DARBHANGA,HAYAGHAT,2018-08-01T18:20:10Z
KHARIF,AGRICULTURE,Others,Others,Weather,"WEATHER INFORMATION","Cloudy weather in your area, chance of rain in your area",BIHAR,DARBHANGA,HAYAGHAT,2018-08-01T18:20:10Z
KHARIF,AGRICULTURE,Others,Others,Weather,"WEATHER INFORMATION","Cloudy weather in your area, chance of rain in your area",BIHAR,DARBHANGA,HAYAGHAT,2018-08-01T18:20:31Z
KHARIF,AGRICULTURE,Others,Others,Weather,"WEATHER INFORMATION","Cloudy weather in your area, chance of rain in your area",BIHAR,DARBHANGA,HAYAGHAT,2018-08-01T18:20:31Z
KHARIF,AGRICULTURE,Others,Others,"Field Preparation",www.krishimis.in,www.krishimis.in,BIHAR,DARBHANGA,BENIPUR,2018-08-02T14:29:22Z
KHARIF,AGRICULTURE,Others,Others,"Field Preparation",www.krishimis.in,www.krishimis.in,BIHAR,DARBHANGA,BENIPUR,2018-08-02T14:29:22Z
KHARIF,AGRICULTURE,Others,Others,Weather,"WEATHER INFORMATION","Heavy Cloudy weather in your area,chance of rain in your area",BIHAR,DARBHANGA,JALE,2018-08-02T15:51:39Z
KHARIF,AGRICULTURE,Others,Others,Weather,"WEATHER INFORMATION","Heavy Cloudy weather in your area,chance of rain in your area",BIHAR,DARBHANGA,JALE,2018-08-02T15:51:39Z
KHARIF,AGRICULTURE,Others,Others,Weather,"WEATHER INFORMATION","Heavy Cloudy weather in your area,chance of rain in your area",BIHAR,DARBHANGA,JALE,2018-08-02T15:51:52Z
KHARIF,AGRICULTURE,Others,Others,Weather,"WEATHER INFORMATION","Heavy Cloudy weather in your area,chance of rain in your area",BIHAR,DARBHANGA,JALE,2018-08-02T15:51:52Z
KHARIF,AGRICULTURE,Others,Others,Weather,"WEATHER INFORMATION","Heavy Cloudy weather in your area,chance of rain in your area",BIHAR,DARBHANGA,JALE,2018-08-02T15:52:04Z
KHARIF,AGRICULTURE,Others,Others,Weather,"WEATHER INFORMATION","Heavy Cloudy weather in your area,chance of rain in your area",BIHAR,DARBHANGA,JALE,2018-08-02T15:52:04Z
KHARIF,AGRICULTURE,Others,Others,Weather,"WEATHER INFORMATION","Heavy Cloudy weather in your area,chance of rain in your area",BIHAR,DARBHANGA,SINGHWARA,2018-08-02T16:57:09Z
KHARIF,AGRICULTURE,Others,Others,Weather,"WEATHER INFORMATION","Heavy Cloudy weather in your area,chance of rain in your area",BIHAR,DARBHANGA,SINGHWARA,2018-08-02T16:57:09Z
KHARIF,AGRICULTURE,Others,Others,"Field Preparation","Insect infestation","Spray  Imidachloprid @ 1ml/3lit of water",BIHAR,DARBHANGA,BENIPUR,2018-08-02T20:33:12Z
KHARIF,AGRICULTURE,Others,Others,"Field Preparation","Insect infestation","Spray  Imidachloprid @ 1ml/3lit of water",BIHAR,DARBHANGA,BENIPUR,2018-08-02T20:33:12Z
KHARIF,AGRICULTURE,Others,Others,"Government Schemes","query for registration","to go CSC KENDRA",BIHAR,DARBHANGA,SINGHWARA,2018-08-03T07:23:44Z
KHARIF,AGRICULTURE,Others,Others,"Government Schemes","query for registration","to go CSC KENDRA",BIHAR,DARBHANGA,SINGHWARA,2018-08-03T07:23:44Z
KHARIF,AGRICULTURE,Others,Others,"Government Schemes","PROBLEM RELATEDT DBT","For farmer registration: www.krishimis.in",BIHAR,DARBHANGA,GHANSHYAMPUR,2018-08-03T09:13:34Z
KHARIF,AGRICULTURE,Others,Others,"Government Schemes","PROBLEM RELATEDT DBT","For farmer registration: www.krishimis.in",BIHAR,DARBHANGA,GHANSHYAMPUR,2018-08-03T09:13:34Z
KHARIF,AGRICULTURE,Others,Others,Weather,"weather information","Cloudy weather in your area, chance of rain in your area.",BIHAR,DARBHANGA,HAYAGHAT,2018-08-03T10:22:18Z
KHARIF,AGRICULTURE,Others,Others,Weather,"weather information","Cloudy weather in your area, chance of rain in your area.",BIHAR,DARBHANGA,HAYAGHAT,2018-08-03T10:22:18Z
KHARIF,AGRICULTURE,Others,Others,Weather,"WEATHER INFORMATION","Heavy Cloudy weather in your area,chance of rain in your area",BIHAR,DARBHANGA,DARBHANGA,2018-08-03T10:57:06Z
KHARIF,AGRICULTURE,Others,Others,Weather,"WEATHER INFORMATION","Heavy Cloudy weather in your area,chance of rain in your area",BIHAR,DARBHANGA,DARBHANGA,2018-08-03T10:57:06Z
KHARIF,AGRICULTURE,Others,Others,"Government Schemes","PROBLEM RELATED TO DBT","AAP SAHAJ KENDRA ME CONTACT KARE",BIHAR,DARBHANGA,DARBHANGA,2018-08-03T11:17:37Z
KHARIF,AGRICULTURE,Others,Others,"Government Schemes","PROBLEM RELATED TO DBT","AAP SAHAJ KENDRA ME CONTACT KARE",BIHAR,DARBHANGA,DARBHANGA,2018-08-03T11:17:37Z
KHARIF,AGRICULTURE,Others,Others,"Government Schemes","PROBLEM RELATED TO DBT","AAP SAHAJ KENDRA ME CONTACT KARE",BIHAR,DARBHANGA,KIRATPUR,2018-08-03T11:47:46Z
KHARIF,AGRICULTURE,Others,Others,"Government Schemes","PROBLEM RELATED TO DBT","AAP SAHAJ KENDRA ME CONTACT KARE",BIHAR,DARBHANGA,KIRATPUR,2018-08-03T11:47:46Z
KHARIF,AGRICULTURE,Others,Others,Weather,"WEATHER INFORMATION","chance of rain in your area.",BIHAR,DARBHANGA,SINGHWARA,2018-08-03T17:40:40Z
KHARIF,AGRICULTURE,Others,Others,Weather,"WEATHER INFORMATION","chance of rain in your area.",BIHAR,DARBHANGA,SINGHWARA,2018-08-03T17:40:40Z
KHARIF,AGRICULTURE,Others,Others,Weather,"WEATHER INFORMATION","chance of rain in your area.",BIHAR,DARBHANGA,BIRAUL,2018-08-03T20:49:16Z
KHARIF,AGRICULTURE,Others,Others,Weather,"WEATHER INFORMATION","chance of rain in your area.",BIHAR,DARBHANGA,BIRAUL,2018-08-03T20:49:16Z
KHARIF,AGRICULTURE,Others,Others,Weather,"Weather information","Today & tomorrow little chance of rain",BIHAR,DARBHANGA,BAHADURPUR,2018-08-04T08:23:52Z
KHARIF,AGRICULTURE,Others,Others,Weather,"Weather information","Today & tomorrow little chance of rain",BIHAR,DARBHANGA,BAHADURPUR,2018-08-04T08:23:52Z
RABI,HORTICULTURE,Vegetables,Chillies,"Plant Protection","Yellow mite or muranai mite","Chlorfenapyr 10 % SC 1.5 ml/lit. 
Diafenthiuron 50 % WP 8.0 g/10 lit. 
Dimethoate 30 % EC 1.0 ml/lit.",BIHAR,DARBHANGA,DARBHANGA,2018-08-04T10:55:26Z
RABI,HORTICULTURE,Vegetables,Chillies,"Plant Protection","Yellow mite or muranai mite","Chlorfenapyr 10 % SC 1.5 ml/lit. 
Diafenthiuron 50 % WP 8.0 g/10 lit. 
Dimethoate 30 % EC 1.0 ml/lit.",BIHAR,DARBHANGA,DARBHANGA,2018-08-04T10:55:26Z
KHARIF,AGRICULTURE,Others,Others,Weather,"Weather information","Cloudy weather in your area, chance of rain in your area",BIHAR,DARBHANGA,GAURABAURAM,2018-08-04T11:26:26Z
KHARIF,AGRICULTURE,Others,Others,Weather,"Weather information","Cloudy weather in your area, chance of rain in your area",BIHAR,DARBHANGA,GAURABAURAM,2018-08-04T11:26:26Z
KHARIF,AGRICULTURE,Others,Others,Weather,"Weather information","Cloudy weather in your area Today and tomorrow little chance of rain.",BIHAR,DARBHANGA,BIRAUL,2018-08-04T14:50:40Z
KHARIF,AGRICULTURE,Others,Others,Weather,"Weather information","Cloudy weather in your area Today and tomorrow little chance of rain.",BIHAR,DARBHANGA,BIRAUL,2018-08-04T14:50:40Z
KHARIF,AGRICULTURE,Cereals,"Paddy (Dhan)",Weather,"weather information","???? ??? ?????? ,???? ?????????? ???? ?? ???????  ????",BIHAR,DARBHANGA,BAHADURPUR,2018-08-04T16:24:24Z
KHARIF,AGRICULTURE,Cereals,"Paddy (Dhan)",Weather,"weather information","???? ??? ?????? ,???? ?????????? ???? ?? ???????  ????",BIHAR,DARBHANGA,BAHADURPUR,2018-08-04T16:24:24Z
KHARIF,AGRICULTURE,Others,Others,Weather,"WEATHER INFORMATION","Cloudy weather in your area, chance of rain in your area .",BIHAR,DARBHANGA,"HANUMAN NAGAR",2018-08-05T06:16:25Z
KHARIF,AGRICULTURE,Others,Others,Weather,"WEATHER INFORMATION","Cloudy weather in your area, chance of rain in your area .",BIHAR,DARBHANGA,"HANUMAN NAGAR",2018-08-05T06:16:25Z
KHARIF,AGRICULTURE,Others,Others,"Government Schemes","PROBLEM RELATED TO DBT","AAP SAHAJ KENDRA  ME CONTACT KARE",BIHAR,DARBHANGA,ALINAGAR,2018-08-05T09:25:58Z
KHARIF,AGRICULTURE,Others,Others,"Government Schemes","PROBLEM RELATED TO DBT","AAP SAHAJ KENDRA  ME CONTACT KARE",BIHAR,DARBHANGA,ALINAGAR,2018-08-05T09:25:58Z
KHARIF,AGRICULTURE,Others,Others,"Government Schemes","farmer registration","For farmer registration : www.krishimis.in",BIHAR,DARBHANGA,GAURABAURAM,2018-08-05T10:32:15Z
KHARIF,AGRICULTURE,Others,Others,"Government Schemes","farmer registration","For farmer registration : www.krishimis.in",BIHAR,DARBHANGA,GAURABAURAM,2018-08-05T10:32:15Z
KHARIF,AGRICULTURE,Cereals,"Paddy (Dhan)",Weather,"WEATHER INFORMATION","???? ??? ????? ????? ???? ?? ??????? ??",BIHAR,DARBHANGA,MANIGACHHI,2018-08-05T17:14:27Z
KHARIF,AGRICULTURE,Cereals,"Paddy (Dhan)",Weather,"WEATHER INFORMATION","???? ??? ????? ????? ???? ?? ??????? ??",BIHAR,DARBHANGA,MANIGACHHI,2018-08-05T17:14:27Z
KHARIF,AGRICULTURE,Others,Others,Weather,"WEATHER INFORMATION","Cloudy weather in your area, chance of rain in your area .",BIHAR,DARBHANGA,"HANUMAN NAGAR",2018-08-06T11:02:06Z
KHARIF,AGRICULTURE,Others,Others,Weather,"WEATHER INFORMATION","Cloudy weather in your area, chance of rain in your area .",BIHAR,DARBHANGA,"HANUMAN NAGAR",2018-08-06T11:02:06Z
KHARIF,AGRICULTURE,Others,Others,Weather,"WEATHER INFORMATION","Cloudy weather in your area,chance of rain in your area",BIHAR,DARBHANGA,BAHADURPUR,2018-08-06T14:26:04Z
KHARIF,AGRICULTURE,Others,Others,Weather,"WEATHER INFORMATION","Cloudy weather in your area,chance of rain in your area",BIHAR,DARBHANGA,BAHADURPUR,2018-08-06T14:26:04Z
KHARIF,AGRICULTURE,Others,Others,Weather,"WEATHER INFORMATION","Cloudy weather in your area,chance of rain in your area",BIHAR,DARBHANGA,BAHADURPUR,2018-08-06T14:26:23Z
KHARIF,AGRICULTURE,Others,Others,Weather,"WEATHER INFORMATION","Cloudy weather in your area,chance of rain in your area",BIHAR,DARBHANGA,BAHADURPUR,2018-08-06T14:26:23Z
KHARIF,AGRICULTURE,Others,Others,Weather,"WEATHER INFORMATION","Cloudy weather in your area,chance of rain in your area",BIHAR,DARBHANGA,BAHADURPUR,2018-08-06T14:26:29Z
KHARIF,AGRICULTURE,Others,Others,Weather,"WEATHER INFORMATION","Cloudy weather in your area,chance of rain in your area",BIHAR,DARBHANGA,BAHADURPUR,2018-08-06T14:26:29Z
RABI,HORTICULTURE,Vegetables,Chillies,"Plant Protection","Tobacco cutworm","Indoxacarb 14.5 % SC 6.5 ml/10 lit. 
Novaluron 10 % EC 7.5 ml/10 lit. 
Spinosad 45 % SC 3.2 ml/10 lit",BIHAR,DARBHANGA,DARBHANGA,2018-08-07T07:04:17Z
RABI,HORTICULTURE,Vegetables,Chillies,"Plant Protection","Tobacco cutworm","Indoxacarb 14.5 % SC 6.5 ml/10 lit. 
Novaluron 10 % EC 7.5 ml/10 lit. 
Spinosad 45 % SC 3.2 ml/10 lit",BIHAR,DARBHANGA,DARBHANGA,2018-08-07T07:04:17Z
KHARIF,AGRICULTURE,Cereals,"Paddy (Dhan)","Weed Management","WEED MANAGEMENT IN RICE","BISPAYRIBACK SODIUM 10 % @ 20-25 GRAM /500-600 LITRE WATER AFTER 20-30 DAYS",BIHAR,DARBHANGA,BIRAUL,2018-08-07T08:21:56Z
KHARIF,AGRICULTURE,Cereals,"Paddy (Dhan)","Weed Management","WEED MANAGEMENT IN RICE","BISPAYRIBACK SODIUM 10 % @ 20-25 GRAM /500-600 LITRE WATER AFTER 20-30 DAYS",BIHAR,DARBHANGA,BIRAUL,2018-08-07T08:21:56Z
KHARIF,AGRICULTURE,Others,Others,Weather,"WEATHER INFORMATION","CHANCE TO RAIN IN YOUR AREA",BIHAR,DARBHANGA,BIRAUL,2018-08-07T08:33:31Z
KHARIF,AGRICULTURE,Others,Others,Weather,"WEATHER INFORMATION","CHANCE TO RAIN IN YOUR AREA",BIHAR,DARBHANGA,BIRAUL,2018-08-07T08:33:31Z
KHARIF,AGRICULTURE,Others,Others,Weather,"WEATHER INFORMATION","Heavy Cloudy weather in your area,chance of rain in your area",BIHAR,DARBHANGA,BIRAUL,2018-08-07T10:22:16Z
KHARIF,AGRICULTURE,Others,Others,Weather,"WEATHER INFORMATION","Heavy Cloudy weather in your area,chance of rain in your area",BIHAR,DARBHANGA,BIRAUL,2018-08-07T10:22:16Z
KHARIF,AGRICULTURE,Others,Others,Weather,"WEATHER INFORMATION","Cloudy weather in your area, chance of rain in your area",BIHAR,DARBHANGA,GHANSHYAMPUR,2018-08-07T10:23:16Z
KHARIF,AGRICULTURE,Others,Others,Weather,"WEATHER INFORMATION","Cloudy weather in your area, chance of rain in your area",BIHAR,DARBHANGA,GHANSHYAMPUR,2018-08-07T10:23:16Z
KHARIF,HORTICULTURE,Vegetables,Brinjal,"Plant Protection","WHITE FLY INSECT PROBLEM IN BRINJAL","spray imidachloprid 17.8SL @1 ml/3 liter water",BIHAR,DARBHANGA,DARBHANGA,2018-08-07T11:19:26Z
KHARIF,HORTICULTURE,Vegetables,Brinjal,"Plant Protection","WHITE FLY INSECT PROBLEM IN BRINJAL","spray imidachloprid 17.8SL @1 ml/3 liter water",BIHAR,DARBHANGA,DARBHANGA,2018-08-07T11:19:26Z
KHARIF,AGRICULTURE,Others,Others,Weather,"WEATHER INFORMATION","Cloudy weather in your area, chance of rain in your area",BIHAR,DARBHANGA,DARBHANGA,2018-08-07T11:56:27Z
KHARIF,AGRICULTURE,Others,Others,Weather,"WEATHER INFORMATION","Cloudy weather in your area, chance of rain in your area",BIHAR,DARBHANGA,DARBHANGA,2018-08-07T11:56:27Z
KHARIF,AGRICULTURE,Cereals,"Paddy (Dhan)",Weather,"WEATHER INFORMATION","?? ?? ?? ???? ??????? ??? ???? ??? ????? ?? ????? ?? ??????? ??",BIHAR,DARBHANGA,BAHADURPUR,2018-08-07T17:46:17Z
KHARIF,AGRICULTURE,Cereals,"Paddy (Dhan)",Weather,"WEATHER INFORMATION","?? ?? ?? ???? ??????? ??? ???? ??? ????? ?? ????? ?? ??????? ??",BIHAR,DARBHANGA,BAHADURPUR,2018-08-07T17:46:17Z
KHARIF,AGRICULTURE,Cereals,"Paddy (Dhan)",Weather,"WEATHER INFORMATION","?? ?? ?? ???? ??????? ??? ???? ??? ????? ?? ????? ?? ??????? ??",BIHAR,DARBHANGA,TARDIH,2018-08-07T18:49:41Z
KHARIF,AGRICULTURE,Cereals,"Paddy (Dhan)",Weather,"WEATHER INFORMATION","?? ?? ?? ???? ??????? ??? ???? ??? ????? ?? ????? ?? ??????? ??",BIHAR,DARBHANGA,TARDIH,2018-08-07T18:49:41Z
KHARIF,AGRICULTURE,Cereals,"Paddy (Dhan)",Weather,"WEATHER INFORMATION","?? ?? ?? ???? ??????? ??? ???? ??? ????? ?? ????? ?? ??????? ??",BIHAR,DARBHANGA,TARDIH,2018-08-07T19:12:34Z
KHARIF,AGRICULTURE,Cereals,"Paddy (Dhan)",Weather,"WEATHER INFORMATION","?? ?? ?? ???? ??????? ??? ???? ??? ????? ?? ????? ?? ??????? ??",BIHAR,DARBHANGA,TARDIH,2018-08-07T19:12:34Z
KHARIF,AGRICULTURE,Others,Others,Weather,"WEATHER INFORMATION","Cloudy weather in your area, chance of rain in your area .",BIHAR,DARBHANGA,SINGHWARA,2018-08-08T08:12:08Z
KHARIF,AGRICULTURE,Others,Others,Weather,"WEATHER INFORMATION","Cloudy weather in your area, chance of rain in your area .",BIHAR,DARBHANGA,SINGHWARA,2018-08-08T08:12:08Z
KHARIF,AGRICULTURE,Others,Others,Weather,"WEATHER INFORMATION","Cloudy weather in your area, chance of rain in your area .",BIHAR,DARBHANGA,GAURABAURAM,2018-08-08T09:31:28Z
KHARIF,AGRICULTURE,Others,Others,Weather,"WEATHER INFORMATION","Cloudy weather in your area, chance of rain in your area .",BIHAR,DARBHANGA,GAURABAURAM,2018-08-08T09:31:28Z
KHARIF,AGRICULTURE,Cereals,"Paddy (Dhan)",Weather,"weather information","???? ??? ?????? ,???? ?????????? ???? ?? ???????  ????",BIHAR,DARBHANGA,BAHERI,2018-08-08T19:42:19Z
KHARIF,AGRICULTURE,Cereals,"Paddy (Dhan)",Weather,"weather information","???? ??? ?????? ,???? ?????????? ???? ?? ???????  ????",BIHAR,DARBHANGA,BAHERI,2018-08-08T19:42:19Z
KHARIF,AGRICULTURE,Cereals,"Paddy (Dhan)",Weather,"weather information","???? ??? ?????? ,???? ?????????? ???? ?? ???????  ????",BIHAR,DARBHANGA,TARDIH,2018-08-08T20:44:13Z
KHARIF,AGRICULTURE,Cereals,"Paddy (Dhan)",Weather,"weather information","???? ??? ?????? ,???? ?????????? ???? ?? ???????  ????",BIHAR,DARBHANGA,TARDIH,2018-08-08T20:44:13Z
KHARIF,AGRICULTURE,Others,Others,Weather,"WEATHER INFORMATION","Cloudy weather in your area, chance of rain in your area",BIHAR,DARBHANGA,JALE,2018-08-08T21:59:17Z
KHARIF,AGRICULTURE,Others,Others,Weather,"WEATHER INFORMATION","Cloudy weather in your area, chance of rain in your area",BIHAR,DARBHANGA,JALE,2018-08-08T21:59:17Z
KHARIF,AGRICULTURE,Cereals,"Paddy (Dhan)",Weather,"Weather information","???? ???  ????? ????? ???? ?? ??????? ??",BIHAR,DARBHANGA,KEOTIRUNWAY,2018-08-09T11:54:30Z
KHARIF,AGRICULTURE,Cereals,"Paddy (Dhan)",Weather,"Weather information","???? ???  ????? ????? ???? ?? ??????? ??",BIHAR,DARBHANGA,KEOTIRUNWAY,2018-08-09T11:54:30Z
KHARIF,AGRICULTURE,Cereals,"Paddy (Dhan)",Weather,"Weather information","???? ???  ????? ????? ???? ?? ??????? ??",BIHAR,DARBHANGA,KEOTIRUNWAY,2018-08-09T11:56:51Z
KHARIF,AGRICULTURE,Cereals,"Paddy (Dhan)",Weather,"Weather information","???? ???  ????? ????? ???? ?? ??????? ??",BIHAR,DARBHANGA,KEOTIRUNWAY,2018-08-09T11:56:51Z
KHARIF,AGRICULTURE,Cereals,"Paddy (Dhan)",Weather,"???? ???  ????? ????? ???? ?? ??????? ??","???? ???  ????? ????? ???? ?? ??????? ??",BIHAR,DARBHANGA,KEOTIRUNWAY,2018-08-09T11:57:29Z
KHARIF,AGRICULTURE,Cereals,"Paddy (Dhan)",Weather,"???? ???  ????? ????? ???? ?? ??????? ??","???? ???  ????? ????? ???? ?? ??????? ??",BIHAR,DARBHANGA,KEOTIRUNWAY,2018-08-09T11:57:29Z
KHARIF,AGRICULTURE,Cereals,"Paddy (Dhan)",Weather,7667961870,"???? ???  ????? ????? ???? ?? ??????? ??",BIHAR,DARBHANGA,KEOTIRUNWAY,2018-08-09T11:57:34Z
KHARIF,AGRICULTURE,Cereals,"Paddy (Dhan)",Weather,7667961870,"???? ???  ????? ????? ???? ?? ??????? ??",BIHAR,DARBHANGA,KEOTIRUNWAY,2018-08-09T11:57:34Z
KHARIF,AGRICULTURE,Cereals,"Paddy (Dhan)",Weather,"Weather information","???? ???  ????? ????? ???? ?? ??????? ??",BIHAR,DARBHANGA,KEOTIRUNWAY,2018-08-09T11:58:15Z
KHARIF,AGRICULTURE,Cereals,"Paddy (Dhan)",Weather,"Weather information","???? ???  ????? ????? ???? ?? ??????? ??",BIHAR,DARBHANGA,KEOTIRUNWAY,2018-08-09T11:58:15Z
KHARIF,AGRICULTURE,Others,Others,"Field Preparation","weather information","Cloudy weather,rain is likely in your area.",BIHAR,DARBHANGA,GAURABAURAM,2018-08-09T17:06:28Z
KHARIF,AGRICULTURE,Others,Others,"Field Preparation","weather information","Cloudy weather,rain is likely in your area.",BIHAR,DARBHANGA,GAURABAURAM,2018-08-09T17:06:28Z
KHARIF,AGRICULTURE,Others,Others,Weather,"WEATHER INFORMATION","Heavy Cloudy weather in your area,chance of rain in your area",BIHAR,DARBHANGA,BAHADURPUR,2018-08-09T17:20:28Z
KHARIF,AGRICULTURE,Others,Others,Weather,"WEATHER INFORMATION","Heavy Cloudy weather in your area,chance of rain in your area",BIHAR,DARBHANGA,BAHADURPUR,2018-08-09T17:20:28Z
KHARIF,AGRICULTURE,Others,Others,Weather,"WEATHER INFORMATION","Heavy Cloudy weather in your area,chance of rain in your area",BIHAR,DARBHANGA,BAHADURPUR,2018-08-09T17:20:53Z
KHARIF,AGRICULTURE,Others,Others,Weather,"WEATHER INFORMATION","Heavy Cloudy weather in your area,chance of rain in your area",BIHAR,DARBHANGA,BAHADURPUR,2018-08-09T17:20:53Z
KHARIF,AGRICULTURE,Others,Others,Weather,"WEATHER INFORMATION","Heavy Cloudy weather in your area,chance of rain in your area",BIHAR,DARBHANGA,BAHADURPUR,2018-08-09T17:21:20Z
KHARIF,AGRICULTURE,Others,Others,Weather,"WEATHER INFORMATION","Heavy Cloudy weather in your area,chance of rain in your area",BIHAR,DARBHANGA,BAHADURPUR,2018-08-09T17:21:20Z
KHARIF,AGRICULTURE,Others,Others,Weather,"WEATHER INFORMATION","Heavy Cloudy weather in your area,chance of rain in your area",BIHAR,DARBHANGA,JALE,2018-08-09T18:33:47Z
KHARIF,AGRICULTURE,Others,Others,Weather,"WEATHER INFORMATION","Heavy Cloudy weather in your area,chance of rain in your area",BIHAR,DARBHANGA,JALE,2018-08-09T18:33:47Z
KHARIF,AGRICULTURE,Others,Others,Weather,"WEATHER INFORMATION","Heavy Cloudy weather in your area,chance of rain in your area",BIHAR,DARBHANGA,JALE,2018-08-09T18:34:13Z
KHARIF,AGRICULTURE,Others,Others,Weather,"WEATHER INFORMATION","Heavy Cloudy weather in your area,chance of rain in your area",BIHAR,DARBHANGA,JALE,2018-08-09T18:34:13Z
KHARIF,AGRICULTURE,Others,Others,Weather,"WEATHER INFORMATION","Cloudy weather in your area, chance of rain in your area",BIHAR,DARBHANGA,KEOTIRUNWAY,2018-08-10T08:09:46Z
KHARIF,AGRICULTURE,Others,Others,Weather,"WEATHER INFORMATION","Cloudy weather in your area, chance of rain in your area",BIHAR,DARBHANGA,KEOTIRUNWAY,2018-08-10T08:09:46Z
KHARIF,AGRICULTURE,Cereals,"Paddy (Dhan)",Weather,"Weather information","???? ???  ????? ????? ???? ?? ??????? ??",BIHAR,DARBHANGA,BAHERI,2018-08-10T15:01:14Z
KHARIF,AGRICULTURE,Cereals,"Paddy (Dhan)",Weather,"Weather information","???? ???  ????? ????? ???? ?? ??????? ??",BIHAR,DARBHANGA,BAHERI,2018-08-10T15:01:14Z
KHARIF,AGRICULTURE,Others,Others,Weather,"WEATHER INFORMATION","Cloudy weather in your area, chance of rain in your area",BIHAR,DARBHANGA,BAHADURPUR,2018-08-10T16:16:35Z
KHARIF,AGRICULTURE,Others,Others,Weather,"WEATHER INFORMATION","Cloudy weather in your area, chance of rain in your area",BIHAR,DARBHANGA,BAHADURPUR,2018-08-10T16:16:35Z
KHARIF,WEATHER,Weather,Weather,Weather,"WEATHER INFORMATION","Cloudy weather in your area, chance of rain in your area .",BIHAR,DARBHANGA,GAURABAURAM,2018-08-11T07:50:23Z
KHARIF,WEATHER,Weather,Weather,Weather,"WEATHER INFORMATION","Cloudy weather in your area, chance of rain in your area .",BIHAR,DARBHANGA,GAURABAURAM,2018-08-11T07:50:23Z
KHARIF,AGRICULTURE,Cereals,"Paddy (Dhan)","Plant Protection","RICE  HISPA INSECT INFESTATION IN RICE FIELD","SPRAY CYPERMETHRIN 10 EC @ 1 ML / LITRE WATER",BIHAR,DARBHANGA,DARBHANGA,2018-08-11T08:22:05Z
KHARIF,AGRICULTURE,Cereals,"Paddy (Dhan)","Plant Protection","RICE  HISPA INSECT INFESTATION IN RICE FIELD","SPRAY CYPERMETHRIN 10 EC @ 1 ML / LITRE WATER",BIHAR,DARBHANGA,DARBHANGA,2018-08-11T08:22:05Z
KHARIF,HORTICULTURE,Vegetables,"Amarphophallus (Surankand/Elephant Foot Yam)","Plant Protection","Rotting problem IN ELEPHANT FOOT YAM","Spray copper oxychloride @ 2 gram in 1 litre of water",BIHAR,DARBHANGA,JALE,2018-08-11T09:07:18Z
KHARIF,HORTICULTURE,Vegetables,"Amarphophallus (Surankand/Elephant Foot Yam)","Plant Protection","Rotting problem IN ELEPHANT FOOT YAM","Spray copper oxychloride @ 2 gram in 1 litre of water",BIHAR,DARBHANGA,JALE,2018-08-11T09:07:18Z
KHARIF,HORTICULTURE,Vegetables,Brinjal,"Cultural Practices","Best variety of brinjal-","Best variety of brinjal- rajendra baigan-2, pant baigan, punjab sadabahar, sonali, pusa purple long, pusa anmol, arka navneet",BIHAR,DARBHANGA,BAHADURPUR,2018-08-11T11:11:25Z
KHARIF,HORTICULTURE,Vegetables,Brinjal,"Cultural Practices","Best variety of brinjal-","Best variety of brinjal- rajendra baigan-2, pant baigan, punjab sadabahar, sonali, pusa purple long, pusa anmol, arka navneet",BIHAR,DARBHANGA,BAHADURPUR,2018-08-11T11:11:25Z
KHARIF,WEATHER,Weather,Weather,Weather,"Weather Information","There will be cloud in your area today and tomorrow and there is a possibility of rain",BIHAR,DARBHANGA,BAHERI,2018-08-11T14:11:47Z
KHARIF,WEATHER,Weather,Weather,Weather,"Weather Information","There will be cloud in your area today and tomorrow and there is a possibility of rain",BIHAR,DARBHANGA,BAHERI,2018-08-11T14:11:47Z
KHARIF,WEATHER,Weather,Weather,Weather,"Weather Information","There will be cloud in your area today and tomorrow and there is a possibility of rain",BIHAR,DARBHANGA,BAHERI,2018-08-11T14:12:04Z
KHARIF,WEATHER,Weather,Weather,Weather,"Weather Information","There will be cloud in your area today and tomorrow and there is a possibility of rain",BIHAR,DARBHANGA,BAHERI,2018-08-11T14:12:04Z
KHARIF,AGRICULTURE,Others,Others,"Weed Management","Weed problem in paddy","Spray nomnigold @ 1ml/3lit of water",BIHAR,DARBHANGA,BAHERI,2018-08-11T17:11:27Z
KHARIF,AGRICULTURE,Others,Others,"Weed Management","Weed problem in paddy","Spray nomnigold @ 1ml/3lit of water",BIHAR,DARBHANGA,BAHERI,2018-08-11T17:11:27Z
KHARIF,WEATHER,Weather,Weather,Weather,"WEATHER INFORMATION","???? ??? ????? ????? ???? ?? ??????? ??",BIHAR,DARBHANGA,BIRAUL,2018-08-11T20:15:23Z
KHARIF,WEATHER,Weather,Weather,Weather,"WEATHER INFORMATION","???? ??? ????? ????? ???? ?? ??????? ??",BIHAR,DARBHANGA,BIRAUL,2018-08-11T20:15:23Z
KHARIF,WEATHER,Weather,Weather,Weather,"WEATHER INFORMATION","????? ????  ?? ????????  ??",BIHAR,DARBHANGA,BIRAUL,2018-08-12T17:50:00Z
KHARIF,WEATHER,Weather,Weather,Weather,"WEATHER INFORMATION","????? ????  ?? ????????  ??",BIHAR,DARBHANGA,BIRAUL,2018-08-12T17:50:00Z
KHARIF,AGRICULTURE,Others,Others,"Plant Protection","Yellowing of leaf IN PADDY","Spray mancozeb @ 2g/lit of water",BIHAR,DARBHANGA,BIRAUL,2018-08-13T15:23:14Z
KHARIF,AGRICULTURE,Others,Others,"Plant Protection","Yellowing of leaf IN PADDY","Spray mancozeb @ 2g/lit of water",BIHAR,DARBHANGA,BIRAUL,2018-08-13T15:23:14Z
KHARIF,AGRICULTURE,Others,Others,"Field Preparation","Cloudy weather in your area, chance of rain in your area.","Cloudy weather in your area, chance of rain in your area.",BIHAR,DARBHANGA,TARDIH,2018-08-13T21:47:45Z
KHARIF,AGRICULTURE,Others,Others,"Field Preparation","Cloudy weather in your area, chance of rain in your area.","Cloudy weather in your area, chance of rain in your area.",BIHAR,DARBHANGA,TARDIH,2018-08-13T21:47:45Z
KHARIF,AGRICULTURE,Others,Others,Weather,"WEATHER  INFORMATION","Mostly cloudy, a shower or thunderstorm around",BIHAR,DARBHANGA,GAURABAURAM,2018-08-14T15:11:14Z
KHARIF,AGRICULTURE,Others,Others,Weather,"WEATHER  INFORMATION","Mostly cloudy, a shower or thunderstorm around",BIHAR,DARBHANGA,GAURABAURAM,2018-08-14T15:11:14Z
KHARIF,AGRICULTURE,Others,Others,"Field Preparation","Weather information","Cloudy weather in your area, chance of rain in your area .",BIHAR,DARBHANGA,DARBHANGA,2018-08-14T19:42:08Z
KHARIF,AGRICULTURE,Others,Others,"Field Preparation","Weather information","Cloudy weather in your area, chance of rain in your area .",BIHAR,DARBHANGA,DARBHANGA,2018-08-14T19:42:08Z
KHARIF,WEATHER,Weather,Weather,Weather,"WEATHER INFORMATION","Cloudy weather in your area,chance of rain in your area",BIHAR,DARBHANGA,BAHADURPUR,2018-08-15T10:41:47Z
KHARIF,WEATHER,Weather,Weather,Weather,"WEATHER INFORMATION","Cloudy weather in your area,chance of rain in your area",BIHAR,DARBHANGA,BAHADURPUR,2018-08-15T10:41:47Z
KHARIF,WEATHER,Weather,Weather,Weather,"WEATHER INFORMATION","Cloudy weather in your area,chance of rain in your area",BIHAR,DARBHANGA,BAHADURPUR,2018-08-15T10:42:16Z
KHARIF,WEATHER,Weather,Weather,Weather,"WEATHER INFORMATION","Cloudy weather in your area,chance of rain in your area",BIHAR,DARBHANGA,BAHADURPUR,2018-08-15T10:42:16Z
KHARIF,AGRICULTURE,Cereals,"Paddy (Dhan)","Plant Protection","TERMITE INSECT PROBLEM IN RICE FIELD","SPRAY CHLOROPYRIPHOS 20 EC @ 2 ML / LITRE WATER",BIHAR,DARBHANGA,HAYAGHAT,2018-08-15T11:25:15Z
KHARIF,AGRICULTURE,Cereals,"Paddy (Dhan)","Plant Protection","TERMITE INSECT PROBLEM IN RICE FIELD","SPRAY CHLOROPYRIPHOS 20 EC @ 2 ML / LITRE WATER",BIHAR,DARBHANGA,HAYAGHAT,2018-08-15T11:25:15Z
KHARIF,AGRICULTURE,Others,Others,"Field Preparation","Kisan registration - www.krishi.bih.nic.in","Kisan registration - www.krishi.bih.nic.in",BIHAR,DARBHANGA,"KUSHESHWAR ASTHAN",2018-08-15T15:15:21Z
KHARIF,AGRICULTURE,Others,Others,"Field Preparation","Kisan registration - www.krishi.bih.nic.in","Kisan registration - www.krishi.bih.nic.in",BIHAR,DARBHANGA,"KUSHESHWAR ASTHAN",2018-08-15T15:15:21Z
KHARIF,WEATHER,Weather,Weather,Weather,"Weather Information","?? ?? ??????? ??? ?? ?? ?? ???? ??? ????? ?? ????? ???? ?? ???????? ??",BIHAR,DARBHANGA,TARDIH,2018-08-16T07:36:07Z
KHARIF,WEATHER,Weather,Weather,Weather,"Weather Information","?? ?? ??????? ??? ?? ?? ?? ???? ??? ????? ?? ????? ???? ?? ???????? ??",BIHAR,DARBHANGA,TARDIH,2018-08-16T07:36:07Z
KHARIF,AGRICULTURE,Cereals,"Paddy (Dhan)","Weed Management","WEED MANAGEMENT IN RICE FIELD","SPRAY BISPARIBACK SODIUM @20-25 G/500-600 LITRE WATER",BIHAR,DARBHANGA,BAHERI,2018-08-16T08:53:00Z
KHARIF,AGRICULTURE,Cereals,"Paddy (Dhan)","Weed Management","WEED MANAGEMENT IN RICE FIELD","SPRAY BISPARIBACK SODIUM @20-25 G/500-600 LITRE WATER",BIHAR,DARBHANGA,BAHERI,2018-08-16T08:53:00Z
KHARIF,AGRICULTURE,Others,Others,"Government Schemes","problem related to dbt",c.s.e.----7488048547,BIHAR,DARBHANGA,GHANSHYAMPUR,2018-08-16T10:44:33Z
KHARIF,AGRICULTURE,Others,Others,"Government Schemes","problem related to dbt",c.s.e.----7488048547,BIHAR,DARBHANGA,GHANSHYAMPUR,2018-08-16T10:44:33Z
KHARIF,AGRICULTURE,Others,Others,"Government Schemes","problem related to dbt",c.s.e.----7488048547,BIHAR,DARBHANGA,GHANSHYAMPUR,2018-08-16T10:44:35Z
KHARIF,AGRICULTURE,Others,Others,"Government Schemes","problem related to dbt",c.s.e.----7488048547,BIHAR,DARBHANGA,GHANSHYAMPUR,2018-08-16T10:44:35Z
KHARIF,WEATHER,Weather,Weather,Weather,"Weather Information","?? ?? ??????? ??? ?? ?? ?? ???? ??? ????? ?? ????? ???? ?? ???????? ??",BIHAR,DARBHANGA,"KUSHESWAR ASTHAN EAST",2018-08-16T13:24:15Z
KHARIF,WEATHER,Weather,Weather,Weather,"Weather Information","?? ?? ??????? ??? ?? ?? ?? ???? ??? ????? ?? ????? ???? ?? ???????? ??",BIHAR,DARBHANGA,"KUSHESWAR ASTHAN EAST",2018-08-16T13:24:15Z
KHARIF,AGRICULTURE,Others,Others,"Government Schemes","problem related to dbt","aap csc me contact kare",BIHAR,DARBHANGA,BIRAUL,2018-08-16T13:54:43Z
KHARIF,AGRICULTURE,Others,Others,"Government Schemes","problem related to dbt","aap csc me contact kare",BIHAR,DARBHANGA,BIRAUL,2018-08-16T13:54:43Z
KHARIF,WEATHER,Weather,Weather,Weather,"Weather Information","Cloudy weather in your area, chance of rain in your area.",BIHAR,DARBHANGA,BIRAUL,2018-08-16T13:58:45Z
KHARIF,WEATHER,Weather,Weather,Weather,"Weather Information","Cloudy weather in your area, chance of rain in your area.",BIHAR,DARBHANGA,BIRAUL,2018-08-16T13:58:45Z
KHARIF,AGRICULTURE,Others,Others,"Field Preparation","Weather Information","Cloudy weather in your area, chance of rain in your area.",BIHAR,DARBHANGA,DARBHANGA,2018-08-16T20:16:56Z
KHARIF,AGRICULTURE,Others,Others,"Field Preparation","Weather Information","Cloudy weather in your area, chance of rain in your area.",BIHAR,DARBHANGA,DARBHANGA,2018-08-16T20:16:56Z
KHARIF,AGRICULTURE,Others,Others,Weather,"Weather Information","Cloudy weather in your area, chance of rain in your area.",BIHAR,DARBHANGA,BIRAUL,2018-08-17T10:49:21Z
KHARIF,AGRICULTURE,Others,Others,Weather,"Weather Information","Cloudy weather in your area, chance of rain in your area.",BIHAR,DARBHANGA,BIRAUL,2018-08-17T10:49:21Z
KHARIF,WEATHER,Weather,Weather,Weather,"Weather Information","Cloudy weather in your area, chance of rain in your area.",BIHAR,DARBHANGA,"KUSHESHWAR ASTHAN",2018-08-17T11:59:31Z
KHARIF,WEATHER,Weather,Weather,Weather,"Weather Information","Cloudy weather in your area, chance of rain in your area.",BIHAR,DARBHANGA,"KUSHESHWAR ASTHAN",2018-08-17T11:59:31Z
KHARIF,WEATHER,Weather,Weather,Weather,"Weather Information","Cloudy weather in your area, chance of rain in your area.",BIHAR,DARBHANGA,HAYAGHAT,2018-08-17T13:42:52Z
KHARIF,WEATHER,Weather,Weather,Weather,"Weather Information","Cloudy weather in your area, chance of rain in your area.",BIHAR,DARBHANGA,HAYAGHAT,2018-08-17T13:42:52Z
KHARIF,HORTICULTURE,Vegetables,Beans,"Cultural Practices","SOWING TIME OF BEANS","SOWING TIME OF BEANS-JULY-AUGUST",BIHAR,DARBHANGA,HAYAGHAT,2018-08-17T13:51:18Z
KHARIF,HORTICULTURE,Vegetables,Beans,"Cultural Practices","SOWING TIME OF BEANS","SOWING TIME OF BEANS-JULY-AUGUST",BIHAR,DARBHANGA,HAYAGHAT,2018-08-17T13:51:18Z
KHARIF,HORTICULTURE,Vegetables,Beans,"Cultural Practices","SEED RATE OF BEANS","SEED RATE OF BEANS-8-10KG/HA",BIHAR,DARBHANGA,HAYAGHAT,2018-08-17T13:55:45Z
KHARIF,HORTICULTURE,Vegetables,Beans,"Cultural Practices","SEED RATE OF BEANS","SEED RATE OF BEANS-8-10KG/HA",BIHAR,DARBHANGA,HAYAGHAT,2018-08-17T13:55:45Z
KHARIF,HORTICULTURE,Vegetables,Beans,"Cultural Practices","VARIETIES OF BEANS","VARIETIES OF BEANS-ARKA KOMAL,ARKA SUMAN,ARKA ANOOP",BIHAR,DARBHANGA,HAYAGHAT,2018-08-17T13:58:33Z
KHARIF,HORTICULTURE,Vegetables,Beans,"Cultural Practices","VARIETIES OF BEANS","VARIETIES OF BEANS-ARKA KOMAL,ARKA SUMAN,ARKA ANOOP",BIHAR,DARBHANGA,HAYAGHAT,2018-08-17T13:58:33Z
KHARIF,WEATHER,Weather,Weather,Weather,"Weather Information","Cloudy weather in your area, chance of rain in your area.",BIHAR,DARBHANGA,HAYAGHAT,2018-08-17T13:59:43Z
KHARIF,WEATHER,Weather,Weather,Weather,"Weather Information","Cloudy weather in your area, chance of rain in your area.",BIHAR,DARBHANGA,HAYAGHAT,2018-08-17T13:59:43Z
KHARIF,AGRICULTURE,Others,Others,"Government Schemes","farmer registration","regarding to DBT",BIHAR,DARBHANGA,DARBHANGA,2018-08-17T14:06:49Z
KHARIF,AGRICULTURE,Others,Others,"Government Schemes","farmer registration","regarding to DBT",BIHAR,DARBHANGA,DARBHANGA,2018-08-17T14:06:49Z
KHARIF,AGRICULTURE,Others,Others,"Field Preparation","WEATHER INFORMATION","NO CHANCE OF RAIN IN YOUR AREA",BIHAR,DARBHANGA,KEOTIRUNWAY,2018-08-17T15:26:29Z
KHARIF,AGRICULTURE,Others,Others,"Field Preparation","WEATHER INFORMATION","NO CHANCE OF RAIN IN YOUR AREA",BIHAR,DARBHANGA,KEOTIRUNWAY,2018-08-17T15:26:29Z
KHARIF,WEATHER,Weather,Weather,Weather,"WEATHER INFORMATION","????? ???? ?? ??????? ??",BIHAR,DARBHANGA,TARDIH,2018-08-18T07:55:20Z
KHARIF,WEATHER,Weather,Weather,Weather,"WEATHER INFORMATION","????? ???? ?? ??????? ??",BIHAR,DARBHANGA,TARDIH,2018-08-18T07:55:20Z
KHARIF,WEATHER,Weather,Weather,Weather,"WEATHER INFORMATION","???? ??? ????? ????? ???? ?? ??????? ??",BIHAR,DARBHANGA,HAYAGHAT,2018-08-18T09:23:58Z
KHARIF,WEATHER,Weather,Weather,Weather,"WEATHER INFORMATION","???? ??? ????? ????? ???? ?? ??????? ??",BIHAR,DARBHANGA,HAYAGHAT,2018-08-18T09:23:58Z
KHARIF,WEATHER,Weather,Weather,Weather,"WEATHER INFORMATION","???? ??? ????? ????? ???? ?? ??????? ??",BIHAR,DARBHANGA,"HANUMAN NAGAR",2018-08-18T09:53:12Z
KHARIF,WEATHER,Weather,Weather,Weather,"WEATHER INFORMATION","???? ??? ????? ????? ???? ?? ??????? ??",BIHAR,DARBHANGA,"HANUMAN NAGAR",2018-08-18T09:53:12Z
KHARIF,WEATHER,Weather,Weather,Weather,"WEATHER INFORMATION","???? ??? ????? ????? ???? ?? ??????? ??",BIHAR,DARBHANGA,KEOTIRUNWAY,2018-08-18T11:56:15Z
KHARIF,WEATHER,Weather,Weather,Weather,"WEATHER INFORMATION","???? ??? ????? ????? ???? ?? ??????? ??",BIHAR,DARBHANGA,KEOTIRUNWAY,2018-08-18T11:56:15Z
KHARIF,WEATHER,Weather,Weather,Weather,"WEATHER INFORMATION","Cloudy weather in your area, chance of rain in your area",BIHAR,DARBHANGA,BIRAUL,2018-08-19T13:25:34Z
KHARIF,WEATHER,Weather,Weather,Weather,"WEATHER INFORMATION","Cloudy weather in your area, chance of rain in your area",BIHAR,DARBHANGA,BIRAUL,2018-08-19T13:25:34Z
KHARIF,AGRICULTURE,Others,Others,"Government Schemes","DBT PROBLEM","AAP BLOCK ME CONTACT KARE",BIHAR,DARBHANGA,GAURABAURAM,2018-08-20T08:27:56Z
KHARIF,AGRICULTURE,Others,Others,"Government Schemes","DBT PROBLEM","AAP BLOCK ME CONTACT KARE",BIHAR,DARBHANGA,GAURABAURAM,2018-08-20T08:27:56Z
KHARIF,WEATHER,Weather,Weather,Weather,"WEATHER INFORMATION","Cloudy weather in your area, chance of rain in your area",BIHAR,DARBHANGA,"HANUMAN NAGAR",2018-08-20T12:07:04Z
KHARIF,WEATHER,Weather,Weather,Weather,"WEATHER INFORMATION","Cloudy weather in your area, chance of rain in your area",BIHAR,DARBHANGA,"HANUMAN NAGAR",2018-08-20T12:07:04Z
KHARIF,AGRICULTURE,Others,Others,"Field Preparation","Weather Information","Cloudy weather Today & tomorrow  no   chance of rain",BIHAR,DARBHANGA,GHANSHYAMPUR,2018-08-21T19:59:55Z
KHARIF,AGRICULTURE,Others,Others,"Field Preparation","Weather Information","Cloudy weather Today & tomorrow  no   chance of rain",BIHAR,DARBHANGA,GHANSHYAMPUR,2018-08-21T19:59:55Z
KHARIF,WEATHER,Weather,Weather,Weather,"WEATHER  INFORMATION","CHANCE OF RAIN IN YOUR AREA",BIHAR,DARBHANGA,MANIGACHHI,2018-08-22T07:50:07Z
KHARIF,WEATHER,Weather,Weather,Weather,"WEATHER  INFORMATION","CHANCE OF RAIN IN YOUR AREA",BIHAR,DARBHANGA,MANIGACHHI,2018-08-22T07:50:07Z
KHARIF,AGRICULTURE,Others,Others,"Government Schemes","dbt problem","aap block me contact kare",BIHAR,DARBHANGA,"HANUMAN NAGAR",2018-08-22T10:37:27Z
KHARIF,AGRICULTURE,Others,Others,"Government Schemes","dbt problem","aap block me contact kare",BIHAR,DARBHANGA,"HANUMAN NAGAR",2018-08-22T10:37:27Z
KHARIF,WEATHER,Weather,Weather,Weather,"WEATHER  INFORMATION","CHANCE OF RAIN IN YOUR AREA",BIHAR,DARBHANGA,"HANUMAN NAGAR",2018-08-22T10:48:38Z
KHARIF,WEATHER,Weather,Weather,Weather,"WEATHER  INFORMATION","CHANCE OF RAIN IN YOUR AREA",BIHAR,DARBHANGA,"HANUMAN NAGAR",2018-08-22T10:48:38Z
KHARIF,AGRICULTURE,Others,Others,"Government Schemes","DBT PROBLOEM","AAP BLOCK ME CONTACT KARE",BIHAR,DARBHANGA,BIRAUL,2018-08-22T10:59:01Z
KHARIF,AGRICULTURE,Others,Others,"Government Schemes","DBT PROBLOEM","AAP BLOCK ME CONTACT KARE",BIHAR,DARBHANGA,BIRAUL,2018-08-22T10:59:01Z
KHARIF,AGRICULTURE,Others,Others,"Government Schemes","problem related to dbt","aap csc me contact kare",BIHAR,DARBHANGA,MANIGACHHI,2018-08-23T11:59:23Z
KHARIF,AGRICULTURE,Others,Others,"Government Schemes","problem related to dbt","aap csc me contact kare",BIHAR,DARBHANGA,MANIGACHHI,2018-08-23T11:59:23Z
KHARIF,WEATHER,Weather,Weather,Weather,"WEATHER INFORMATION","Cloudy weather in your area, chance of rain in your area",BIHAR,DARBHANGA,TARDIH,2018-08-23T18:11:25Z
KHARIF,WEATHER,Weather,Weather,Weather,"WEATHER INFORMATION","Cloudy weather in your area, chance of rain in your area",BIHAR,DARBHANGA,TARDIH,2018-08-23T18:11:25Z
KHARIF,WEATHER,Weather,Weather,Weather,"WEATHER INFORMATION","Cloudy weather in your area, chance of rain in your area",BIHAR,DARBHANGA,TARDIH,2018-08-23T18:15:09Z
KHARIF,WEATHER,Weather,Weather,Weather,"WEATHER INFORMATION","Cloudy weather in your area, chance of rain in your area",BIHAR,DARBHANGA,TARDIH,2018-08-23T18:15:09Z
KHARIF,AGRICULTURE,Others,Others,"Field Preparation","Government scheme website","Government scheme website- www.krishi.bih.nic.in.",BIHAR,DARBHANGA,MANIGACHHI,2018-08-24T06:21:11Z
KHARIF,AGRICULTURE,Others,Others,"Field Preparation","Government scheme website","Government scheme website- www.krishi.bih.nic.in.",BIHAR,DARBHANGA,MANIGACHHI,2018-08-24T06:21:11Z
KHARIF,NA,NA,NA,NA,"WEATHER INFORMATION","Cloudy weather in your area, chance of rain in your area .",BIHAR,DARBHANGA,GAURABAURAM,2018-08-24T11:16:49Z
KHARIF,NA,NA,NA,NA,"WEATHER INFORMATION","Cloudy weather in your area, chance of rain in your area .",BIHAR,DARBHANGA,GAURABAURAM,2018-08-24T11:16:49Z
KHARIF,AGRICULTURE,Cereals,"Paddy (Dhan)","Plant Protection","LEAF BLIGHT PROBLEM IN RICE FIELD","SPRAY CARBENDAZIM  @ 2 GRAM/LITRE OF WATER",BIHAR,DARBHANGA,BAHERI,2018-08-24T11:54:39Z
KHARIF,AGRICULTURE,Cereals,"Paddy (Dhan)","Plant Protection","LEAF BLIGHT PROBLEM IN RICE FIELD","SPRAY CARBENDAZIM  @ 2 GRAM/LITRE OF WATER",BIHAR,DARBHANGA,BAHERI,2018-08-24T11:54:39Z
KHARIF,AGRICULTURE,Others,Others,Weather,"WEATHER INFORMATION","Cloudy weather in your area, chance of rain in your area .",BIHAR,DARBHANGA,BAHERI,2018-08-25T06:24:02Z
KHARIF,AGRICULTURE,Others,Others,Weather,"WEATHER INFORMATION","Cloudy weather in your area, chance of rain in your area .",BIHAR,DARBHANGA,BAHERI,2018-08-25T06:24:02Z
KHARIF,AGRICULTURE,Others,Others,"Government Schemes","DBT  PROBLEM","AAP BLOCK ME CONTACT",BIHAR,DARBHANGA,BIRAUL,2018-08-25T08:39:59Z
KHARIF,AGRICULTURE,Others,Others,"Government Schemes","DBT  PROBLEM","AAP BLOCK ME CONTACT",BIHAR,DARBHANGA,BIRAUL,2018-08-25T08:39:59Z
KHARIF,AGRICULTURE,Others,Others,"Field Preparation","Weather Information","CLOUDY WEATHER LITTLE CHANCE OF RAIN",BIHAR,DARBHANGA,TARDIH,2018-08-27T16:21:28Z
KHARIF,AGRICULTURE,Others,Others,"Field Preparation","Weather Information","CLOUDY WEATHER LITTLE CHANCE OF RAIN",BIHAR,DARBHANGA,TARDIH,2018-08-27T16:21:28Z
KHARIF,AGRICULTURE,Others,Others,"Government Schemes","DBT PROBLEM","AAP BLOCK ME CONTACT KARE",BIHAR,DARBHANGA,"HANUMAN NAGAR",2018-08-28T10:31:38Z
KHARIF,AGRICULTURE,Others,Others,"Government Schemes","DBT PROBLEM","AAP BLOCK ME CONTACT KARE",BIHAR,DARBHANGA,"HANUMAN NAGAR",2018-08-28T10:31:38Z
KHARIF,AGRICULTURE,Cereals,"Paddy (Dhan)","Weed Management","weed management in rice field","SPRAY NOMINIGOLD @ 1 ML/ 2 LITRE WATER",BIHAR,DARBHANGA,BAHERI,2018-08-28T11:26:32Z
KHARIF,AGRICULTURE,Cereals,"Paddy (Dhan)","Weed Management","weed management in rice field","SPRAY NOMINIGOLD @ 1 ML/ 2 LITRE WATER",BIHAR,DARBHANGA,BAHERI,2018-08-28T11:26:32Z
KHARIF,AGRICULTURE,Others,Others,"Government Schemes","DBT PROBLEM","AAP CSC ME CONTACT KARE",BIHAR,DARBHANGA,BAHERI,2018-08-28T12:29:11Z
KHARIF,AGRICULTURE,Others,Others,"Government Schemes","DBT PROBLEM","AAP CSC ME CONTACT KARE",BIHAR,DARBHANGA,BAHERI,2018-08-28T12:29:11Z
KHARIF,AGRICULTURE,Others,Others,Weather,"WEATHER INFORMATION","AAJ AAPKE YAHA HALKI BARISH KI SAMBHAWNA HAI",BIHAR,DARBHANGA,SINGHWARA,2018-08-28T13:03:16Z
KHARIF,AGRICULTURE,Others,Others,Weather,"WEATHER INFORMATION","AAJ AAPKE YAHA HALKI BARISH KI SAMBHAWNA HAI",BIHAR,DARBHANGA,SINGHWARA,2018-08-28T13:03:16Z
KHARIF,AGRICULTURE,Others,Others,Weather,"WEATHER INFORMATION","AAJ AAPKE YAHA HALKI BARISH KI SAMBHAWNA HAI",BIHAR,DARBHANGA,SINGHWARA,2018-08-28T14:53:24Z
KHARIF,AGRICULTURE,Others,Others,Weather,"WEATHER INFORMATION","AAJ AAPKE YAHA HALKI BARISH KI SAMBHAWNA HAI",BIHAR,DARBHANGA,SINGHWARA,2018-08-28T14:53:24Z
KHARIF,AGRICULTURE,Others,Others,Weather,"WEATHER INFORMATION","AAJ AAPKE YAHA HALKI BARISH KI SAMBHAWNA HAI",BIHAR,DARBHANGA,GAURABAURAM,2018-08-28T14:56:08Z
KHARIF,AGRICULTURE,Others,Others,Weather,"WEATHER INFORMATION","AAJ AAPKE YAHA HALKI BARISH KI SAMBHAWNA HAI",BIHAR,DARBHANGA,GAURABAURAM,2018-08-28T14:56:08Z
KHARIF,AGRICULTURE,Others,Others,Weather,"Weather Information","Cloudy weather in your area, chance of rain in your area.",BIHAR,DARBHANGA,BAHERI,2018-08-29T09:33:50Z
KHARIF,AGRICULTURE,Others,Others,Weather,"Weather Information","Cloudy weather in your area, chance of rain in your area.",BIHAR,DARBHANGA,BAHERI,2018-08-29T09:33:50Z
KHARIF,AGRICULTURE,Others,Others,"Government Schemes","DBT PROBLEM","CSC ME CONTACT KARE",BIHAR,DARBHANGA,TARDIH,2018-08-31T10:28:46Z
KHARIF,AGRICULTURE,Others,Others,"Government Schemes","DBT PROBLEM","CSC ME CONTACT KARE",BIHAR,DARBHANGA,TARDIH,2018-08-31T10:28:46Z
