Season,Sector,Category,Crop,QueryType,QueryText,KCCAns,StateName,DistrictName,BlockName,CreatedOn
0,AGRICULTURE,Others,Others,NA,"Weather information","No chance to rain in your area",BIHAR,MADHUBANI,PANDAUL,2018-10-01T08:44:36Z
0,AGRICULTURE,Others,Others,NA,"Weather information","No chance to rain in your area",BIHAR,MADHUBANI,PANDAUL,2018-10-01T08:44:36Z
0,AGRICULTURE,Others,Others,NA,"Weather information","No chance to rain in your area",BIHAR,MADHUBANI,"BABU BARHI",2018-10-01T10:31:31Z
0,AGRICULTURE,Others,Others,NA,"Weather information","No chance to rain in your area",BIHAR,MADHUBANI,"BABU BARHI",2018-10-01T10:31:31Z
0,HORTICULTURE,Vegetables,Others,NA,"PROTECTION IN MORINGA","Spray chlorpyrifos @  2 ml/liter of water",BIHAR,MADHUBANI,LAKHNAUR,2018-10-02T10:03:39Z
0,HORTICULTURE,Vegetables,Others,NA,"PROTECTION IN MORINGA","Spray chlorpyrifos @  2 ml/liter of water",BIHAR,MADHUBANI,LAKHNAUR,2018-10-02T10:03:39Z
0,HORTICULTURE,Vegetables,Others,NA,"PROTECTION IN MORINGA","Spray malathion @ 2 ml/liter of water",BIHAR,MADHUBANI,LAKHNAUR,2018-10-02T10:04:12Z
0,HORTICULTURE,Vegetables,Others,NA,"PROTECTION IN MORINGA","Spray malathion @ 2 ml/liter of water",BIHAR,MADHUBANI,LAKHNAUR,2018-10-02T10:04:12Z
0,HORTICULTURE,Vegetables,Others,NA,"PROTECTION IN MORINGA","Dust Carbaryl 10 D @ 25 kg/ha or spray Carbaryl 50 WP @ 2 g/liter of water",BIHAR,MADHUBANI,LAKHNAUR,2018-10-02T10:06:52Z
0,HORTICULTURE,Vegetables,Others,NA,"PROTECTION IN MORINGA","Dust Carbaryl 10 D @ 25 kg/ha or spray Carbaryl 50 WP @ 2 g/liter of water",BIHAR,MADHUBANI,LAKHNAUR,2018-10-02T10:06:52Z
0,AGRICULTURE,Cereals,"Paddy (Dhan)",NA,"leaf yellowing of paddy","spray mancozeb @ 2 gram/liter water",BIHAR,MADHUBANI,KHAJAULI,2018-10-02T12:44:46Z
0,AGRICULTURE,Cereals,"Paddy (Dhan)",NA,"leaf yellowing of paddy","spray mancozeb @ 2 gram/liter water",BIHAR,MADHUBANI,KHAJAULI,2018-10-02T12:44:46Z
0,AGRICULTURE,Others,Others,NA,"`Weather information","No chance of rain in your area",BIHAR,MADHUBANI,PANDAUL,2018-10-02T13:23:58Z
0,AGRICULTURE,Others,Others,NA,"`Weather information","No chance of rain in your area",BIHAR,MADHUBANI,PANDAUL,2018-10-02T13:23:58Z
0,AGRICULTURE,Others,Others,NA,"Weather information","no chance of rain in your area",BIHAR,MADHUBANI,PHULPARAS,2018-10-03T13:52:17Z
0,AGRICULTURE,Others,Others,NA,"Weather information","no chance of rain in your area",BIHAR,MADHUBANI,PHULPARAS,2018-10-03T13:52:17Z
0,AGRICULTURE,Cereals,"Paddy (Dhan)",NA,"TELL ME GREEN LEAF HOPPER CONTROL IN PADDY ?","SPRAY OF IMIDACHLOPRID 17.8% SL 0.5 ML PER LITER WATER",BIHAR,MADHUBANI,MADHUBANI,2018-10-03T16:02:22Z
0,AGRICULTURE,Cereals,"Paddy (Dhan)",NA,"TELL ME GREEN LEAF HOPPER CONTROL IN PADDY ?","SPRAY OF IMIDACHLOPRID 17.8% SL 0.5 ML PER LITER WATER",BIHAR,MADHUBANI,MADHUBANI,2018-10-03T16:02:22Z
0,AGRICULTURE,Cereals,"Paddy (Dhan)",NA,"plant protection","spray malathion 5% powder @25kg per hectare",BIHAR,MADHUBANI,BISFI,2018-10-03T17:25:26Z
0,AGRICULTURE,Cereals,"Paddy (Dhan)",NA,"plant protection","spray malathion 5% powder @25kg per hectare",BIHAR,MADHUBANI,BISFI,2018-10-03T17:25:26Z
0,AGRICULTURE,Others,Others,NA,"dbt problem","aap block me contact kare",BIHAR,MADHUBANI,LAUKAHI,2018-10-05T11:17:30Z
0,AGRICULTURE,Others,Others,NA,"dbt problem","aap block me contact kare",BIHAR,MADHUBANI,LAUKAHI,2018-10-05T11:17:30Z
0,AGRICULTURE,Others,Others,NA,"weather information","no chance of rain in your area",BIHAR,MADHUBANI,JHANJHARPUR,2018-10-05T20:35:52Z
0,AGRICULTURE,Others,Others,NA,"weather information","no chance of rain in your area",BIHAR,MADHUBANI,JHANJHARPUR,2018-10-05T20:35:52Z
0,AGRICULTURE,Others,Others,NA,"weather information","no chance of rain in your area",BIHAR,MADHUBANI,NA,2018-10-06T15:14:35Z
0,HORTICULTURE,Fruits,Mango,NA,"Nutrition requirement for a mango tree","Urea -1 kg,SSP - 500 g,MOP-800 G
COTTON DIPPED IN Monocrotophos has to be put in hole and banding should be done by polythene sheet",BIHAR,MADHUBANI,HARLAKHI,2018-10-17T10:49:38Z
0,HORTICULTURE,Fruits,Mango,NA,"Nutrition requirement for a mango tree","Urea -1 kg,SSP - 500 g,MOP-800 G
COTTON DIPPED IN Monocrotophos has to be put in hole and banding should be done by polythene sheet",BIHAR,MADHUBANI,HARLAKHI,2018-10-17T10:49:38Z
0,AGRICULTURE,Others,Others,NA,"dbt related","meet agriculture coordinator",BIHAR,MADHUBANI,LAUKAHI,2018-10-17T11:34:40Z
0,AGRICULTURE,Others,Others,NA,"dbt related","meet agriculture coordinator",BIHAR,MADHUBANI,LAUKAHI,2018-10-17T11:34:40Z
0,AGRICULTURE,Others,Others,NA,WEATHER,"NO RAIN",BIHAR,MADHUBANI,BENIPATTI,2018-10-17T15:36:05Z
0,AGRICULTURE,Others,Others,NA,WEATHER,"NO RAIN",BIHAR,MADHUBANI,BENIPATTI,2018-10-17T15:36:05Z
0,HORTICULTURE,Vegetables,Pumpkin,NA,PUMPKIN,"BOOMFLOWER 1 @3 LITER WATER",BIHAR,MADHUBANI,MADHWAPUR,2018-10-17T16:36:23Z
0,HORTICULTURE,Vegetables,Pumpkin,NA,PUMPKIN,"BOOMFLOWER 1 @3 LITER WATER",BIHAR,MADHUBANI,MADHWAPUR,2018-10-17T16:36:23Z
0,AGRICULTURE,Cereals,"Paddy (Dhan)",NA,"gundhy bug infestation","spray malathion or methyl parathion @ 2gram/1l of water",BIHAR,MADHUBANI,HARLAKHI,2018-10-17T17:00:43Z
0,AGRICULTURE,Cereals,"Paddy (Dhan)",NA,"gundhy bug infestation","spray malathion or methyl parathion @ 2gram/1l of water",BIHAR,MADHUBANI,HARLAKHI,2018-10-17T17:00:43Z
0,NA,NA,NA,NA,"Dbt problem","Contact to block agriculture officer",BIHAR,MADHUBANI,NA,2018-10-17T18:53:24Z
0,AGRICULTURE,Others,Others,NA,"WEATHER INFORMATION","THERE IS NO CHANCE OF RAIN",BIHAR,MADHUBANI,"BABU BARHI",2018-10-17T21:06:19Z
0,AGRICULTURE,Others,Others,NA,"WEATHER INFORMATION","THERE IS NO CHANCE OF RAIN",BIHAR,MADHUBANI,"BABU BARHI",2018-10-17T21:06:19Z
0,AGRICULTURE,Others,Others,NA,"Information regarding weather in ?","Some clouds and no chance of rain fall today.",BIHAR,MADHUBANI,ANDHRATHARHI,2018-10-18T08:59:44Z
0,AGRICULTURE,Others,Others,NA,"Information regarding weather in ?","Some clouds and no chance of rain fall today.",BIHAR,MADHUBANI,ANDHRATHARHI,2018-10-18T08:59:44Z
0,AGRICULTURE,Others,Others,NA,"DIESEL SUBSIDARY","CONSULT AGRICULTURE COORDINATOR",BIHAR,MADHUBANI,PHULPARAS,2018-10-18T09:04:42Z
0,AGRICULTURE,Others,Others,NA,"DIESEL SUBSIDARY","CONSULT AGRICULTURE COORDINATOR",BIHAR,MADHUBANI,PHULPARAS,2018-10-18T09:04:42Z
0,AGRICULTURE,Others,Others,NA,DBT,"Contact to block agriculture officer",BIHAR,MADHUBANI,PHULPARAS,2018-10-18T11:27:19Z
0,AGRICULTURE,Others,Others,NA,DBT,"Contact to block agriculture officer",BIHAR,MADHUBANI,PHULPARAS,2018-10-18T11:27:19Z
0,AGRICULTURE,Others,Others,NA,"GOVT SCHEME","CONSULT AGRICULTURAL CO ORDINATOR",BIHAR,MADHUBANI,MADHEPUR,2018-10-18T12:33:43Z
0,AGRICULTURE,Others,Others,NA,"GOVT SCHEME","CONSULT AGRICULTURAL CO ORDINATOR",BIHAR,MADHUBANI,MADHEPUR,2018-10-18T12:33:43Z
0,AGRICULTURE,Others,Others,NA,"Db t problem","Contact to block agriculture officer",BIHAR,MADHUBANI,ANDHRATHARHI,2018-10-18T13:17:34Z
0,AGRICULTURE,Others,Others,NA,"Db t problem","Contact to block agriculture officer",BIHAR,MADHUBANI,ANDHRATHARHI,2018-10-18T13:17:34Z
0,AGRICULTURE,Others,Others,NA,"WEATHER INFORMATIN","Cloudy weather in your area, but no chance of rain.",BIHAR,MADHUBANI,MADHWAPUR,2018-10-18T15:20:16Z
0,AGRICULTURE,Others,Others,NA,"WEATHER INFORMATIN","Cloudy weather in your area, but no chance of rain.",BIHAR,MADHUBANI,MADHWAPUR,2018-10-18T15:20:16Z
0,AGRICULTURE,Others,Others,NA,"Weather information","Cloudy weather in your area, but no chance of rain.",BIHAR,MADHUBANI,RAJNAGAR,2018-10-18T15:36:30Z
0,AGRICULTURE,Others,Others,NA,"Weather information","Cloudy weather in your area, but no chance of rain.",BIHAR,MADHUBANI,RAJNAGAR,2018-10-18T15:36:30Z
0,AGRICULTURE,Others,Others,NA,"Weather information","Cloudy weather in your area, but no chance of rain.",BIHAR,MADHUBANI,MADHUBANI,2018-10-18T17:55:27Z
0,AGRICULTURE,Others,Others,NA,"Weather information","Cloudy weather in your area, but no chance of rain.",BIHAR,MADHUBANI,MADHUBANI,2018-10-18T17:55:27Z
0,AGRICULTURE,Others,Others,NA,weather,"no rain",BIHAR,MADHUBANI,"LAUKAHA (KHUTAUNA)",2018-10-18T18:09:32Z
0,AGRICULTURE,Others,Others,NA,weather,"no rain",BIHAR,MADHUBANI,"LAUKAHA (KHUTAUNA)",2018-10-18T18:09:32Z
0,AGRICULTURE,Others,Others,NA,"weather information","Clear weather in your area,no chance of rain",BIHAR,MADHUBANI,PANDAUL,2018-10-18T18:58:49Z
0,AGRICULTURE,Others,Others,NA,"weather information","Clear weather in your area,no chance of rain",BIHAR,MADHUBANI,PANDAUL,2018-10-18T18:58:49Z
0,AGRICULTURE,Others,Others,NA,"WEATHER INFORMATIN","Cloudy weather in your area, but no chance of rain.",BIHAR,MADHUBANI,"BABU BARHI",2018-10-19T07:29:33Z
0,AGRICULTURE,Others,Others,NA,"WEATHER INFORMATIN","Cloudy weather in your area, but no chance of rain.",BIHAR,MADHUBANI,"BABU BARHI",2018-10-19T07:29:33Z
0,AGRICULTURE,Others,Others,NA,"dbt related","contact agriculture coordinator",BIHAR,MADHUBANI,BENIPATTI,2018-10-19T07:37:57Z
0,AGRICULTURE,Others,Others,NA,"dbt related","contact agriculture coordinator",BIHAR,MADHUBANI,BENIPATTI,2018-10-19T07:37:57Z
0,AGRICULTURE,Others,Others,NA,"Weather information","Weather will be clear and glowing sun",BIHAR,MADHUBANI,KALUAHI,2018-10-19T08:13:38Z
0,AGRICULTURE,Others,Others,NA,"Weather information","Weather will be clear and glowing sun",BIHAR,MADHUBANI,KALUAHI,2018-10-19T08:13:38Z
0,AGRICULTURE,Others,Others,NA,"Weather information","Clear weather in your area,no chance of rain",BIHAR,MADHUBANI,PANDAUL,2018-10-19T09:57:12Z
0,AGRICULTURE,Others,Others,NA,"Weather information","Clear weather in your area,no chance of rain",BIHAR,MADHUBANI,PANDAUL,2018-10-19T09:57:12Z
0,AGRICULTURE,Others,Others,NA,"dbt related","contact agriculture officer of your block",BIHAR,MADHUBANI,LAUKAHI,2018-10-19T10:54:00Z
0,AGRICULTURE,Others,Others,NA,"dbt related","contact agriculture officer of your block",BIHAR,MADHUBANI,LAUKAHI,2018-10-19T10:54:00Z
0,AGRICULTURE,Others,Others,NA,"WEATHER INFORMATIN","Cloudy weather in your area, but no chance of rain.",BIHAR,MADHUBANI,KALUAHI,2018-10-19T12:31:55Z
0,AGRICULTURE,Others,Others,NA,"WEATHER INFORMATIN","Cloudy weather in your area, but no chance of rain.",BIHAR,MADHUBANI,KALUAHI,2018-10-19T12:31:55Z
0,AGRICULTURE,Others,Others,NA,"YELLOWISH OF PADDY LEAF","?????????????  @ 2 ????? /liter of water",BIHAR,MADHUBANI,JAINAGAR,2018-10-19T13:17:27Z
0,AGRICULTURE,Others,Others,NA,"YELLOWISH OF PADDY LEAF","?????????????  @ 2 ????? /liter of water",BIHAR,MADHUBANI,JAINAGAR,2018-10-19T13:17:27Z
0,AGRICULTURE,Others,Others,NA,"WEATHER INFORMATION","Cloudy weather in your area, but no chance of rain in your area.",BIHAR,MADHUBANI,BISFI,2018-10-19T13:43:15Z
0,AGRICULTURE,Others,Others,NA,"WEATHER INFORMATION","Cloudy weather in your area, but no chance of rain in your area.",BIHAR,MADHUBANI,BISFI,2018-10-19T13:43:15Z
0,AGRICULTURE,Others,Others,NA,"WEATHER INFORMATIN","Cloudy weather in your area, but no chance of rain.",BIHAR,MADHUBANI,MADHWAPUR,2018-10-19T16:01:39Z
0,AGRICULTURE,Others,Others,NA,"WEATHER INFORMATIN","Cloudy weather in your area, but no chance of rain.",BIHAR,MADHUBANI,MADHWAPUR,2018-10-19T16:01:39Z
0,AGRICULTURE,Others,Others,NA,"weather information","there is no chance of rain",BIHAR,MADHUBANI,MADHWAPUR,2018-10-19T16:02:00Z
0,AGRICULTURE,Others,Others,NA,"weather information","there is no chance of rain",BIHAR,MADHUBANI,MADHWAPUR,2018-10-19T16:02:00Z
0,AGRICULTURE,Others,Others,NA,"Weather information","Cloudy weather in your area,   no chance of rain.",BIHAR,MADHUBANI,MADHWAPUR,2018-10-19T16:11:20Z
0,AGRICULTURE,Others,Others,NA,"Weather information","Cloudy weather in your area,   no chance of rain.",BIHAR,MADHUBANI,MADHWAPUR,2018-10-19T16:11:20Z
0,AGRICULTURE,Others,Others,NA,"WEATHER INFORMATION","No chance of rain in your area",BIHAR,MADHUBANI,MADHWAPUR,2018-10-19T16:21:03Z
0,AGRICULTURE,Others,Others,NA,"WEATHER INFORMATION","No chance of rain in your area",BIHAR,MADHUBANI,MADHWAPUR,2018-10-19T16:21:03Z
0,AGRICULTURE,Others,Others,NA,"Weather information","Cloudy weather in your area, but no chance of rain.",BIHAR,MADHUBANI,MADHWAPUR,2018-10-19T16:28:50Z
0,AGRICULTURE,Others,Others,NA,"Weather information","Cloudy weather in your area, but no chance of rain.",BIHAR,MADHUBANI,MADHWAPUR,2018-10-19T16:28:50Z
0,AGRICULTURE,Others,Others,NA,"Kisan registration","Kisan registration - www.krishimis.in",BIHAR,MADHUBANI,KALUAHI,2018-10-20T07:53:24Z
0,AGRICULTURE,Others,Others,NA,"Kisan registration","Kisan registration - www.krishimis.in",BIHAR,MADHUBANI,KALUAHI,2018-10-20T07:53:24Z
0,AGRICULTURE,Others,Others,NA,"Weather information","????? ??? ???? ??????? ??? ????? ??? ?? ???? ???? ?????? ,????? ????? ???? ?? ??????? ???? ?? |",BIHAR,MADHUBANI,PANDAUL,2018-10-20T08:02:45Z
0,AGRICULTURE,Others,Others,NA,"Weather information","????? ??? ???? ??????? ??? ????? ??? ?? ???? ???? ?????? ,????? ????? ???? ?? ??????? ???? ?? |",BIHAR,MADHUBANI,PANDAUL,2018-10-20T08:02:45Z
0,HORTICULTURE,Vegetables,Potato,NA,"weedicide to be applied in potato field","spray alachlor(Lasso)@2litre/700 litre of water after 1-2 days of sowing",BIHAR,MADHUBANI,HARLAKHI,2018-10-20T08:09:31Z
0,HORTICULTURE,Vegetables,Potato,NA,"weedicide to be applied in potato field","spray alachlor(Lasso)@2litre/700 litre of water after 1-2 days of sowing",BIHAR,MADHUBANI,HARLAKHI,2018-10-20T08:09:31Z
0,AGRICULTURE,Others,Others,NA,"Weather information","Clear weather in your area,no chance of rain",BIHAR,MADHUBANI,LADANIA,2018-10-20T11:21:01Z
0,AGRICULTURE,Others,Others,NA,"Weather information","Clear weather in your area,no chance of rain",BIHAR,MADHUBANI,LADANIA,2018-10-20T11:21:01Z
0,AGRICULTURE,Others,Others,NA,"Best variety of brinjal","Rajendra baigan-2, pant baigan, punjab sadabahar, sonali, 
pusa purple long, pusa anmol, arka navneet",BIHAR,MADHUBANI,LADANIA,2018-10-20T11:22:38Z
0,AGRICULTURE,Others,Others,NA,"Best variety of brinjal","Rajendra baigan-2, pant baigan, punjab sadabahar, sonali, 
pusa purple long, pusa anmol, arka navneet",BIHAR,MADHUBANI,LADANIA,2018-10-20T11:22:38Z
0,AGRICULTURE,Others,Others,NA,"DBT related problem","Contact to block agriculture officer",BIHAR,MADHUBANI,BISFI,2018-10-20T11:45:36Z
0,AGRICULTURE,Others,Others,NA,"DBT related problem","Contact to block agriculture officer",BIHAR,MADHUBANI,BISFI,2018-10-20T11:45:36Z
0,AGRICULTURE,Others,Others,NA,"Growth Delay","Spray boomflower @ 2 ml in 1 litre of water",BIHAR,MADHUBANI,KHAJAULI,2018-10-20T12:51:22Z
0,AGRICULTURE,Others,Others,NA,"Growth Delay","Spray boomflower @ 2 ml in 1 litre of water",BIHAR,MADHUBANI,KHAJAULI,2018-10-20T12:51:22Z
0,NA,NA,NA,NA,"DBT related problem","Contact to block agriculture officer",BIHAR,MADHUBANI,KALUAHI,2018-10-20T13:27:11Z
0,NA,NA,NA,NA,"DBT related problem","Contact to block agriculture officer",BIHAR,MADHUBANI,KALUAHI,2018-10-20T13:27:11Z
0,AGRICULTURE,Others,Others,NA,DBT,"Sri Revati Raman	9431818746	dao-mab-bih@nic.in	222346",BIHAR,MADHUBANI,PHULPARAS,2018-10-20T13:51:58Z
0,AGRICULTURE,Others,Others,NA,DBT,"Sri Revati Raman	9431818746	dao-mab-bih@nic.in	222346",BIHAR,MADHUBANI,PHULPARAS,2018-10-20T13:51:58Z
0,AGRICULTURE,Others,Others,NA,"FARMER REGISTRATION","CONSULT C.S.C CENTRE",BIHAR,MADHUBANI,PANDAUL,2018-10-20T14:19:31Z
0,AGRICULTURE,Others,Others,NA,"FARMER REGISTRATION","CONSULT C.S.C CENTRE",BIHAR,MADHUBANI,PANDAUL,2018-10-20T14:19:31Z
0,AGRICULTURE,Others,Others,NA,"WEATHER INFORMATION","THERE IS NO CHANCE OF RAIN",BIHAR,MADHUBANI,PHULPARAS,2018-10-20T14:50:54Z
0,AGRICULTURE,Others,Others,NA,"WEATHER INFORMATION","THERE IS NO CHANCE OF RAIN",BIHAR,MADHUBANI,PHULPARAS,2018-10-20T14:50:54Z
0,AGRICULTURE,Others,Others,NA,"Weather information","there is no chance of rain",BIHAR,MADHUBANI,RAJNAGAR,2018-10-20T16:11:04Z
0,AGRICULTURE,Others,Others,NA,"Weather information","there is no chance of rain",BIHAR,MADHUBANI,RAJNAGAR,2018-10-20T16:11:04Z
0,AGRICULTURE,Others,Others,NA,"WEATHER INFORMATIN","The sky will remain cloudy and chances of rain in your area",BIHAR,MADHUBANI,MADHUBANI,2018-10-20T17:53:18Z
0,AGRICULTURE,Others,Others,NA,"WEATHER INFORMATIN","The sky will remain cloudy and chances of rain in your area",BIHAR,MADHUBANI,MADHUBANI,2018-10-20T17:53:18Z
0,AGRICULTURE,Others,Others,NA,"Weather information","Cloudy weather in your area, but no chance of rain.",BIHAR,MADHUBANI,ANDHRATHARHI,2018-10-20T19:47:13Z
0,AGRICULTURE,Others,Others,NA,"Weather information","Cloudy weather in your area, but no chance of rain.",BIHAR,MADHUBANI,ANDHRATHARHI,2018-10-20T19:47:13Z
0,AGRICULTURE,Others,Others,NA,"DBT RELATED","CONTACT AGRICULTURE COORDINATOR",BIHAR,MADHUBANI,"LAUKAHA (KHUTAUNA)",2018-10-21T07:42:08Z
0,AGRICULTURE,Others,Others,NA,"DBT RELATED","CONTACT AGRICULTURE COORDINATOR",BIHAR,MADHUBANI,"LAUKAHA (KHUTAUNA)",2018-10-21T07:42:08Z
0,AGRICULTURE,Cereals,"Paddy (Dhan)",NA,"CASE WORM INFESTATION","Spray acephate@2gram/1 litre of water or cartap hydrochloride 4G @10kg/ha",BIHAR,MADHUBANI,GHOGHARDIHA,2018-10-21T09:01:47Z
0,AGRICULTURE,Cereals,"Paddy (Dhan)",NA,"CASE WORM INFESTATION","Spray acephate@2gram/1 litre of water or cartap hydrochloride 4G @10kg/ha",BIHAR,MADHUBANI,GHOGHARDIHA,2018-10-21T09:01:47Z
0,AGRICULTURE,Others,Others,NA,"Prevention in plant from insect","Spray neem oil @ 2 ml/liter of water",BIHAR,MADHUBANI,BISFI,2018-10-21T11:35:50Z
0,AGRICULTURE,Others,Others,NA,"Prevention in plant from insect","Spray neem oil @ 2 ml/liter of water",BIHAR,MADHUBANI,BISFI,2018-10-21T11:35:50Z
0,HORTICULTURE,NA,NA,NA,POULTRY,"CONTACT KVK",BIHAR,MADHUBANI,MADHWAPUR,2018-10-21T13:07:08Z
0,HORTICULTURE,NA,NA,NA,POULTRY,"CONTACT KVK",BIHAR,MADHUBANI,MADHWAPUR,2018-10-21T13:07:08Z
0,AGRICULTURE,Others,Others,NA,"DBT related problem","Contact in your block",BIHAR,MADHUBANI,PHULPARAS,2018-10-21T14:35:16Z
0,AGRICULTURE,Others,Others,NA,"DBT related problem","Contact in your block",BIHAR,MADHUBANI,PHULPARAS,2018-10-21T14:35:16Z
0,AGRICULTURE,Others,NA,NA,"WEATHER INFORMATION","NO CHANCE OF RAIN IN YOUR AREA",BIHAR,MADHUBANI,LAUKAHI,2018-10-21T15:36:38Z
0,AGRICULTURE,Others,NA,NA,"WEATHER INFORMATION","NO CHANCE OF RAIN IN YOUR AREA",BIHAR,MADHUBANI,LAUKAHI,2018-10-21T15:36:38Z
0,AGRICULTURE,Others,Others,NA,"WEATHER INFORMATION","NO CHANCE OF RAIN IN YOUR AREA",BIHAR,MADHUBANI,ANDHRATHARHI,2018-10-21T17:39:18Z
0,AGRICULTURE,Others,Others,NA,"WEATHER INFORMATION","NO CHANCE OF RAIN IN YOUR AREA",BIHAR,MADHUBANI,ANDHRATHARHI,2018-10-21T17:39:18Z
0,AGRICULTURE,Others,Others,NA,"Farmer registration",www.dbtagriculture.bihar.gov.in,BIHAR,MADHUBANI,ANDHRATHARHI,2018-10-21T18:05:59Z
0,AGRICULTURE,Others,Others,NA,"Farmer registration",www.dbtagriculture.bihar.gov.in,BIHAR,MADHUBANI,ANDHRATHARHI,2018-10-21T18:05:59Z
0,AGRICULTURE,Others,Others,NA,"DIESEL SUBSIDARY","CONSULT BLOCK AGRICULTURE OFFICER",BIHAR,MADHUBANI,"LAUKAHA (KHUTAUNA)",2018-10-21T19:01:19Z
0,AGRICULTURE,Others,Others,NA,"DIESEL SUBSIDARY","CONSULT BLOCK AGRICULTURE OFFICER",BIHAR,MADHUBANI,"LAUKAHA (KHUTAUNA)",2018-10-21T19:01:19Z
0,AGRICULTURE,Others,Others,NA,"Shoot and fruit borer in Brinjal","Shoot and fruit borer in Brinjal
Spray Phosalone 35 % EC @ 1.5 ml /litre of water or Quinalphos 25 % EC @ 1.5 ml/ litre of water",BIHAR,MADHUBANI,RAJNAGAR,2018-10-21T19:52:50Z
0,AGRICULTURE,Others,Others,NA,"Shoot and fruit borer in Brinjal","Shoot and fruit borer in Brinjal
Spray Phosalone 35 % EC @ 1.5 ml /litre of water or Quinalphos 25 % EC @ 1.5 ml/ litre of water",BIHAR,MADHUBANI,RAJNAGAR,2018-10-21T19:52:50Z
0,AGRICULTURE,Others,Others,NA,"FLOWER DROPPING","FLOWER DROPPING
Sprary planofix 1ml in 4- 5 lit of water.  (NAA @ 20 ppm)",BIHAR,MADHUBANI,RAJNAGAR,2018-10-21T19:53:46Z
0,AGRICULTURE,Others,Others,NA,"FLOWER DROPPING","FLOWER DROPPING
Sprary planofix 1ml in 4- 5 lit of water.  (NAA @ 20 ppm)",BIHAR,MADHUBANI,RAJNAGAR,2018-10-21T19:53:46Z
0,AGRICULTURE,Others,Others,NA,WEATHER,"NO RAIN",BIHAR,MADHUBANI,KHAJAULI,2018-10-21T20:29:06Z
0,AGRICULTURE,Others,Others,NA,WEATHER,"NO RAIN",BIHAR,MADHUBANI,KHAJAULI,2018-10-21T20:29:06Z
0,AGRICULTURE,Others,Others,NA,"Weather information","Cloudy weather in your area, but no chance of rain.",BIHAR,MADHUBANI,BISFI,2018-10-22T07:19:29Z
0,AGRICULTURE,Others,Others,NA,"Weather information","Weather will be clear and glowing sun",BIHAR,MADHUBANI,NA,2018-10-22T07:57:15Z
0,AGRICULTURE,Others,Others,NA,"Farmer registration",www.dbtagriculture.bihar.gov.in,BIHAR,MADHUBANI,GHOGHARDIHA,2018-10-22T09:03:45Z
0,AGRICULTURE,Others,Others,NA,WEATHER,"NO RAIN",BIHAR,MADHUBANI,PHULPARAS,2018-10-22T09:31:56Z
0,AGRICULTURE,Others,Others,NA,"Weather information","Weather will be clear and glowing sun",BIHAR,MADHUBANI,ANDHRATHARHI,2018-10-22T09:37:47Z
0,AGRICULTURE,Others,Others,NA,"DBT related problem","contact to your agriculture coordinaor",BIHAR,MADHUBANI,"BABU BARHI",2018-10-22T09:39:23Z
0,AGRICULTURE,Others,Others,NA,"Weather information","Weather will be clear and glowing sun",BIHAR,MADHUBANI,LAUKAHI,2018-10-22T11:33:36Z
0,AGRICULTURE,Others,Others,NA,"DBT PROBLEM","AAP CSC ME CONTRACT KARE",BIHAR,MADHUBANI,ANDHRATHARHI,2018-10-22T11:48:04Z
0,AGRICULTURE,Others,Others,NA,"Weather information","Weather will be clear and glowing sun",BIHAR,MADHUBANI,PHULPARAS,2018-10-22T13:09:25Z
0,AGRICULTURE,Others,Others,NA,"Weather information","Weather will be clear and glowing sun",BIHAR,MADHUBANI,MADHWAPUR,2018-10-22T13:49:34Z
0,AGRICULTURE,Others,Others,NA,"DBT PROBLEM","AAP CSC ME CONTRACT KARE",BIHAR,MADHUBANI,MADHWAPUR,2018-10-22T13:59:25Z
0,AGRICULTURE,Others,Others,NA,"DBT related problem","Contact in your block",BIHAR,MADHUBANI,KHAJAULI,2018-10-22T14:02:50Z
0,AGRICULTURE,Others,Others,NA,"DBT PROBLEM","18003456290  sahkarita no.",BIHAR,MADHUBANI,RAJNAGAR,2018-10-22T14:17:02Z
0,AGRICULTURE,Others,Others,NA,"Weather information","Cloudy weather in your area, but no chance of rain.",BIHAR,MADHUBANI,MADHWAPUR,2018-10-22T14:26:47Z
0,AGRICULTURE,Others,Others,NA,"DBT PROBLEM","AAP BLOCK ME CONTRACT KARE",BIHAR,MADHUBANI,BASOPATTI,2018-10-22T14:35:26Z
0,AGRICULTURE,Others,Others,NA,"WEATHER INFORMATION","Cloudy weather in your area,but no chance of rain up to 2-3 days.",BIHAR,MADHUBANI,BISFI,2018-10-22T14:42:25Z
0,AGRICULTURE,Others,Others,NA,"TECHANICAL TEAM FOR DBT","TO CONTACT -06122219900",BIHAR,MADHUBANI,MADHUBANI,2018-10-22T15:11:20Z
0,AGRICULTURE,Others,Others,NA,"Weather information","Cloudy weather in your area, but no chance of rain",BIHAR,MADHUBANI,MADHWAPUR,2018-10-22T15:21:32Z
0,AGRICULTURE,Others,Others,NA,"Weather information","Cloudy weather in your area, but no chance of rain.",BIHAR,MADHUBANI,MADHWAPUR,2018-10-22T15:35:24Z
0,AGRICULTURE,Others,Others,NA,"WEATHER INFORMATION","NO CHANCE OF RAIN IN YOUR AREA",BIHAR,MADHUBANI,MADHWAPUR,2018-10-22T15:53:43Z
0,NA,NA,NA,NA,"Weather information","Cloudy weather in your area, but no chance of rain",BIHAR,MADHUBANI,MADHWAPUR,2018-10-22T16:04:20Z
0,AGRICULTURE,Others,NA,NA,G,G,BIHAR,MADHUBANI,PANDAUL,2018-10-22T18:04:44Z
0,AGRICULTURE,Others,Others,NA,"DBT related problem","Contact in your block",BIHAR,MADHUBANI,PHULPARAS,2018-10-22T18:54:05Z
0,AGRICULTURE,Others,Others,NA,"DBT  problem","AAP  NICHE DIYE GAI EMAIL PAR MAIL KARE",BIHAR,MADHUBANI,PHULPARAS,2018-10-23T06:19:12Z
0,AGRICULTURE,Others,Others,NA,"DBT  problem","AAP  NICHE DIYE GAI EMAIL PAR MAIL KARE",BIHAR,MADHUBANI,PHULPARAS,2018-10-23T06:19:27Z
0,AGRICULTURE,Others,Others,NA,"DBT related problem","Contact to block agriculture coordinator",BIHAR,MADHUBANI,PHULPARAS,2018-10-23T07:05:24Z
0,AGRICULTURE,Others,Others,NA,"WEATHER INFORMATIN","Weather will be clear and glowing sun",BIHAR,MADHUBANI,MADHEPUR,2018-10-23T07:52:07Z
0,AGRICULTURE,Others,Others,NA,"WEATHER INFORMATIN","Weather will be clear and glowing sun",BIHAR,MADHUBANI,MADHWAPUR,2018-10-23T10:22:13Z
0,AGRICULTURE,Others,Others,NA,"WEATHER INFORMATION","Cloudy weather in your area,but no chance of rain up to 2-3 days.",BIHAR,MADHUBANI,"BABU BARHI",2018-10-23T10:52:51Z
0,AGRICULTURE,Others,Others,NA,"DBT  problem","Contact in your block",BIHAR,MADHUBANI,PANDAUL,2018-10-23T11:12:25Z
0,AGRICULTURE,Others,Others,NA,"Farmer registration",www.dbtagriculture.bihar.gov.in,BIHAR,MADHUBANI,BENIPATTI,2018-10-23T14:44:30Z
0,AGRICULTURE,Others,Others,NA,"Weather information","Cloudy weather in your area, but no chance of rain.",BIHAR,MADHUBANI,BISFI,2018-10-23T15:06:52Z
0,AGRICULTURE,Others,Others,NA,"Weather information","Cloudy weather in your area, but no chance of rain.",BIHAR,MADHUBANI,MADHWAPUR,2018-10-23T15:42:23Z
0,AGRICULTURE,Others,Others,NA,"WEATHER INFORMATION","Cloudy weather in your area,but no chance of rain up to 2-3 days.",BIHAR,MADHUBANI,JAINAGAR,2018-10-23T16:07:31Z
0,NA,NA,NA,NA,"Weather information","Cloudy weather in your area, but no chance of rain.",BIHAR,MADHUBANI,MADHWAPUR,2018-10-23T17:02:32Z
0,AGRICULTURE,Others,Others,NA,"WEATHER INFORMATION","Cloudy weather in your area,but no chance of rain up to 2-3 days.",BIHAR,MADHUBANI,PANDAUL,2018-10-23T18:36:55Z
0,AGRICULTURE,Others,Others,NA,"Farmer registration",www.dbtagriculture.bihar.gov.in,BIHAR,MADHUBANI,PHULPARAS,2018-10-23T19:34:16Z
0,AGRICULTURE,Others,Others,NA,"Farmer registration",www.dbtagriculture.bihar.gov.in,BIHAR,MADHUBANI,PHULPARAS,2018-10-23T19:45:47Z
0,AGRICULTURE,Others,Others,NA,"Farmer registration",www.dbtagriculture.bihar.gov.in,BIHAR,MADHUBANI,PHULPARAS,2018-10-23T19:45:47Z
0,AGRICULTURE,Others,Others,NA,"Weather information","Clear weather in your area,no chance of rain.",BIHAR,MADHUBANI,PHULPARAS,2018-10-24T07:17:38Z
0,AGRICULTURE,Others,Others,NA,"Weather information","Weather will be clear and glowing sun",BIHAR,MADHUBANI,ANDHRATHARHI,2018-10-24T07:58:40Z
0,AGRICULTURE,Others,Others,NA,"WEATHER INFORMATION","Weather will be clear and glowing sun",BIHAR,MADHUBANI,BISFI,2018-10-24T09:44:36Z
0,AGRICULTURE,Others,Others,NA,"Weather information","Weather will be clear and glowing sun",BIHAR,MADHUBANI,KALUAHI,2018-10-24T09:46:57Z
0,AGRICULTURE,Others,Others,NA,"Weather information","Weather will be clear and glowing sun",BIHAR,MADHUBANI,BENIPATTI,2018-10-24T10:14:47Z
0,AGRICULTURE,Others,Others,NA,"WEATHER INFORMATION","Cloudy weather in your area,but no chance of rain up to 2-3 days.",BIHAR,MADHUBANI,JHANJHARPUR,2018-10-24T11:49:13Z
0,AGRICULTURE,Others,Others,NA,"government schemes","contact to CSC center",BIHAR,MADHUBANI,JHANJHARPUR,2018-10-24T16:29:48Z
0,AGRICULTURE,Others,Others,NA,WEATHER,"NO RAIN",BIHAR,MADHUBANI,BASOPATTI,2018-10-24T19:33:51Z
0,AGRICULTURE,Others,Others,NA,"WEATHER INFORMATION","Cloudy weather in your area,but no chance of rain up to 2-3 days.",BIHAR,MADHUBANI,PHULPARAS,2018-10-25T06:26:16Z
0,AGRICULTURE,Others,Others,NA,"DBT  problem","aap niche  diye gai mail par email kare",BIHAR,MADHUBANI,ANDHRATHARHI,2018-10-25T08:29:40Z
0,AGRICULTURE,Others,Others,NA,"dbt site","dbt site www.krishi.bih.nic.in",BIHAR,MADHUBANI,PANDAUL,2018-10-25T08:56:20Z
0,AGRICULTURE,Others,Others,NA,"Weather information","Weather will be clear and glowing sun",BIHAR,MADHUBANI,MADHWAPUR,2018-10-25T11:07:09Z
0,AGRICULTURE,Others,Others,NA,"Weather information","Weather will be clear and glowing sun",BIHAR,MADHUBANI,JHANJHARPUR,2018-10-25T11:49:15Z
0,AGRICULTURE,Others,Others,NA,"Weather information","Weather will be clear and glowing sun",BIHAR,MADHUBANI,PANDAUL,2018-10-25T12:20:53Z
0,AGRICULTURE,Others,Others,NA,"dbt related","contact agriculture coordinate of your block",BIHAR,MADHUBANI,"LAUKAHA (KHUTAUNA)",2018-10-25T12:37:50Z
0,AGRICULTURE,Others,Others,NA,"dbt error","contact to agriculture coordinator",BIHAR,MADHUBANI,"LAUKAHA (KHUTAUNA)",2018-10-25T13:03:15Z
0,AGRICULTURE,Others,Others,NA,"DBT PROBLEM","TO CONTACT  AGRICULTURE COORDINATOR",BIHAR,MADHUBANI,GHOGHARDIHA,2018-10-25T13:33:04Z
0,AGRICULTURE,Others,Others,NA,"DBT PROBLEM","TO CONTACT AGRICULTURE COORDINATOR",BIHAR,MADHUBANI,PHULPARAS,2018-10-25T13:44:37Z
0,AGRICULTURE,Cereals,"Paddy (Dhan)",NA,"PLANT PROTECTION","SPRAY  OF CARBENDAZIM  2GM PER LIT OF WATER",BIHAR,MADHUBANI,MADHEPUR,2018-10-25T14:20:57Z
0,AGRICULTURE,Others,Others,NA,"WEATHER  INFORMATION","THERE IS NO CHANCE OF RAIN IN YOUR  AREA",BIHAR,MADHUBANI,KHAJAULI,2018-10-25T14:38:58Z
0,AGRICULTURE,Others,Others,NA,"For farmer registration: www.krishimis.in,https;//dbtagriculture.bihar.gov.in","For farmer registration: www.krishimis.in,https;//dbtagriculture.bihar.gov.in",BIHAR,MADHUBANI,PHULPARAS,2018-10-25T14:40:21Z
0,AGRICULTURE,Others,Others,NA,"For farmer registration: www.krishimis.in,https;//dbtagriculture.bihar.gov.in","For farmer registration: www.krishimis.in,https;//dbtagriculture.bihar.gov.in",BIHAR,MADHUBANI,PHULPARAS,2018-10-25T14:40:21Z
0,AGRICULTURE,Others,Others,NA,"DBT PROBLEM","TO CONTACT BLOCK AGRICULTURE OFFICERS",BIHAR,MADHUBANI,ANDHRATHARHI,2018-10-25T14:44:16Z
0,AGRICULTURE,Others,Others,NA,"For farmer registration: www.krishimis.in,https;//dbtagriculture.bihar.gov.in","For farmer registration: www.krishimis.in,https;//dbtagriculture.bihar.gov.in",BIHAR,MADHUBANI,PHULPARAS,2018-10-25T15:04:25Z
0,AGRICULTURE,Others,Others,NA,"WEATHER INFORMATION","THERE IS NO CHANCE OF RAIN IN YOUR AREA",BIHAR,MADHUBANI,"BABU BARHI",2018-10-25T15:34:23Z
0,AGRICULTURE,Others,Others,NA,"Contact Details of District Agriculture Officer","Contact Details of District Agriculture Officer
Sri Sudhir Kumar
dao-mab-bih@nic.in
9431818746",BIHAR,MADHUBANI,BISFI,2018-10-25T16:18:04Z
0,AGRICULTURE,Others,Others,NA,"Contact Details of District Agriculture Officer","Contact Details of District Agriculture Officer
Sri Sudhir Kumar
dao-mab-bih@nic.in
9431818746",BIHAR,MADHUBANI,BISFI,2018-10-25T16:18:04Z
0,AGRICULTURE,Others,Others,NA,"DBT PROBLEM","TO CONTACT AGRICULTURE COORDINATOR",BIHAR,MADHUBANI,RAJNAGAR,2018-10-25T17:15:13Z
0,AGRICULTURE,Others,Others,NA,"For farmer registration",http://www.krishi.bih.nic.in/,BIHAR,MADHUBANI,"BABU BARHI",2018-10-25T17:19:37Z
0,AGRICULTURE,Others,Others,NA,"For farmer registration",http://www.krishi.bih.nic.in/,BIHAR,MADHUBANI,"BABU BARHI",2018-10-25T17:19:37Z
0,AGRICULTURE,Others,Others,NA,"For farmer registration",http://www.krishi.bih.nic.in/,BIHAR,MADHUBANI,"BABU BARHI",2018-10-25T17:19:38Z
0,AGRICULTURE,Others,Others,NA,"DBT  problem","contact to your agriculture coordinator",BIHAR,MADHUBANI,MADHEPUR,2018-10-25T17:55:42Z
0,AGRICULTURE,Others,Others,NA,"WEATHER INFORMATION","THERE  IS NO CHANCE OF RAIN IN YOUR AREA",BIHAR,MADHUBANI,LADANIA,2018-10-25T18:18:49Z
0,AGRICULTURE,Others,Others,NA,"Weather information","no chance of rain in your area",BIHAR,MADHUBANI,MADHWAPUR,2018-10-25T19:29:31Z
0,AGRICULTURE,Others,Others,NA,"Weather information","no chance of rain in your area",BIHAR,MADHUBANI,MADHWAPUR,2018-10-25T19:50:39Z
0,AGRICULTURE,Others,Others,NA,WEATHER,"NO RAIN",BIHAR,MADHUBANI,MADHWAPUR,2018-10-25T19:53:04Z
0,AGRICULTURE,Others,NA,NA,"WEATHER INFORMATION","Cloudy weather in your area,but no chance of rain up to 2-3 days.",BIHAR,MADHUBANI,RAJNAGAR,2018-10-25T20:04:59Z
0,AGRICULTURE,Others,Others,NA,"WEATHER INFORMATION","Cloudy weather in your area, but no chance of rain.",BIHAR,MADHUBANI,MADHWAPUR,2018-10-25T20:30:43Z
0,NA,NA,NA,NA,DBT,NA,BIHAR,MADHUBANI,HARLAKHI,2018-10-26T07:37:56Z
0,AGRICULTURE,Others,Others,NA,"DAO OFFICE","Sri Sudhir Kumar-9431818746",BIHAR,MADHUBANI,PHULPARAS,2018-10-26T08:01:30Z
0,AGRICULTURE,Others,Others,NA,"dbt related","contact agriculture coordinator",BIHAR,MADHUBANI,LAKHNAUR,2018-10-26T09:10:32Z
0,AGRICULTURE,Others,Others,NA,"DBT related problem","Contact to block agriculture officer",BIHAR,MADHUBANI,KHAJAULI,2018-10-26T09:48:58Z
0,"ANIMAL HUSBANDRY",Animal,"Bovine(Cow,Buffalo)",NA,"BUFFALO DISEASE PROBLEM","DR. JAGVEER RAWAT-9468044373",BIHAR,MADHUBANI,JAINAGAR,2018-10-26T10:07:08Z
0,AGRICULTURE,Others,Others,NA,"dbt problem","server problem",BIHAR,MADHUBANI,"LAUKAHA (KHUTAUNA)",2018-10-26T10:51:17Z
0,AGRICULTURE,Others,Others,NA,"dbt related","can edit details from dbt in agriculture",BIHAR,MADHUBANI,BENIPATTI,2018-10-26T11:06:18Z
0,AGRICULTURE,Others,Others,NA,"dbt error","email on dbtcellagri@gmail.com",BIHAR,MADHUBANI,MADHEPUR,2018-10-26T11:52:00Z
0,AGRICULTURE,Others,Others,NA,"INFORMATION ABOUT SOIL","AAP  BLOCK ME CONTACT KARE",BIHAR,MADHUBANI,HARLAKHI,2018-10-26T12:22:35Z
0,AGRICULTURE,Others,Others,NA,"WEATHER INFORMATION","Cloudy weather in your area,but no chance of rain up to 2-3 days.",BIHAR,MADHUBANI,RAJNAGAR,2018-10-26T12:36:11Z
0,AGRICULTURE,Others,Others,NA,"Weather information","Cloudy weather in your area, but no chance of rain.",BIHAR,MADHUBANI,PANDAUL,2018-10-26T15:52:52Z
0,AGRICULTURE,Others,Others,NA,"TELL ME BIHAR STATE RELATED PROBLE ?","CONTECT IN AGRICULTURE DEPARTMENT .",BIHAR,MADHUBANI,PANDAUL,2018-10-26T19:46:53Z
0,AGRICULTURE,Others,Others,NA,"dbt related","contact agriculture coordinator",BIHAR,MADHUBANI,BISFI,2018-10-27T07:52:03Z
0,AGRICULTURE,Others,Others,NA,"DBT  related problem","Contact to block agriculture coordinator",BIHAR,MADHUBANI,BISFI,2018-10-27T09:49:30Z
0,AGRICULTURE,Others,Others,NA,"DBT  related problem","Contact to block agriculture coordinator",BIHAR,MADHUBANI,KALUAHI,2018-10-27T10:44:15Z
0,AGRICULTURE,Others,Others,NA,"Weather information","Clear  weather in your area, no chance of  rain.",BIHAR,MADHUBANI,LADANIA,2018-10-27T10:55:11Z
0,HORTICULTURE,Vegetables,Brinjal,NA,"insect problem in brinjal","Spray Quinalphos 25 EC@ 2ml/lit of water",BIHAR,MADHUBANI,KHAJAULI,2018-10-27T11:28:33Z
0,AGRICULTURE,Others,Others,NA,"DBT  related problem","CSC ME CONTACT KARE",BIHAR,MADHUBANI,GHOGHARDIHA,2018-10-27T11:35:31Z
0,AGRICULTURE,Others,Others,NA,"crop insurance","CSC ME CONTACT KARE",BIHAR,MADHUBANI,JAINAGAR,2018-10-27T11:48:57Z
0,AGRICULTURE,Others,Others,NA,"GOVT SCEMES","CONTACT DAO",BIHAR,MADHUBANI,LAUKAHI,2018-10-27T16:00:12Z
0,AGRICULTURE,Others,Others,NA,"GOVT SCHEMES",KRISHI.BIH.NIC.IN,BIHAR,MADHUBANI,ANDHRATHARHI,2018-10-27T16:28:42Z
0,AGRICULTURE,Others,Others,NA,"DBT  problem","contact to your agriculture coordinator",BIHAR,MADHUBANI,"BABU BARHI",2018-10-27T17:49:44Z
0,AGRICULTURE,Others,Others,NA,"TELL ME DIESELSUBSIDY  RAGESTRATION RELATED PROBLEM ?","CONTECT IN AGRICULTURE DEPARTMENT ?",BIHAR,MADHUBANI,JHANJHARPUR,2018-10-27T18:12:17Z
0,AGRICULTURE,Others,Others,NA,"WEATHER INFORMATION","Cloudy weather in your area, but no chance of rain.",BIHAR,MADHUBANI,HARLAKHI,2018-10-27T18:29:17Z
0,AGRICULTURE,Others,Others,NA,"WEATHER INFORMATION","Cloudy weather in your area, but no chance of rain.",BIHAR,MADHUBANI,HARLAKHI,2018-10-27T18:29:25Z
0,AGRICULTURE,Others,Others,NA,"Weather information","Weather will be clear and glowing sun",BIHAR,MADHUBANI,PHULPARAS,2018-10-28T06:50:33Z
0,AGRICULTURE,Others,Others,NA,"Weather information","Weather will be clear and glowing sun",BIHAR,MADHUBANI,PHULPARAS,2018-10-28T06:52:43Z
0,AGRICULTURE,Others,Others,NA,"Weather information","Weather will be clear and glowing sun",BIHAR,MADHUBANI,NA,2018-10-28T07:15:56Z
0,AGRICULTURE,Others,Others,NA,"I WANT TO DIESEL SUBSIDY RELATED  KNOWLEDGE ?","CONTECT IN AGRICULTURE DEPARTMENT ?",BIHAR,MADHUBANI,LADANIA,2018-10-28T08:43:58Z
0,AGRICULTURE,Others,Others,NA,"Weather information","Weather will be clear and glowing sun",BIHAR,MADHUBANI,LADANIA,2018-10-28T08:47:18Z
0,AGRICULTURE,Others,Others,NA,"Farmer registration",http://krishi.bih.nic.in,BIHAR,MADHUBANI,MADHUBANI,2018-10-28T10:22:08Z
0,AGRICULTURE,Others,Others,NA,"Farmer registration",www.dbtagriculture.bihar.gov.in,BIHAR,MADHUBANI,LAUKAHI,2018-10-28T10:43:38Z
0,AGRICULTURE,Others,Others,NA,"Contact Details of District Agriculture Officer","Contact Details of District Agriculture Officer Madhubani	
Sri Sudhir Kumar
dao-mab-bih@nic.in	
9431818746",BIHAR,MADHUBANI,LAUKAHI,2018-10-28T10:51:04Z
0,AGRICULTURE,Others,Others,NA,"Contact Details of District Agriculture Officer","Contact Details of District Agriculture Officer Madhubani	
Sri Sudhir Kumar
dao-mab-bih@nic.in	
9431818746",BIHAR,MADHUBANI,LAUKAHI,2018-10-28T10:51:04Z
0,AGRICULTURE,Others,Others,NA,"QUERY ABOUT SCHEME","TECHNICAL ERROR , 222346",BIHAR,MADHUBANI,"BABU BARHI",2018-10-28T13:20:33Z
0,AGRICULTURE,Others,Others,NA,"Weather information","Cloudy weather in your area,   no chance of rain",BIHAR,MADHUBANI,LAKHNAUR,2018-10-28T14:09:33Z
0,AGRICULTURE,Others,Others,NA,"DBT  problem","contact to your agriculture coordinator",BIHAR,MADHUBANI,BISFI,2018-10-28T14:44:33Z
0,AGRICULTURE,Others,Others,NA,"WEATHER INFORMATION","Cloudy weather in your area, but no chance of rain.",BIHAR,MADHUBANI,MADHWAPUR,2018-10-28T15:40:09Z
0,NA,NA,NA,NA,"DBT PROBLEM","APP CODENETER SE MELE",BIHAR,MADHUBANI,PHULPARAS,2018-10-28T17:34:09Z
0,AGRICULTURE,Others,Others,NA,"DBT  problem","contact to your agriculture coordinator",BIHAR,MADHUBANI,LADANIA,2018-10-28T18:01:42Z
0,AGRICULTURE,Others,Others,NA,"DBT related problem","Contact to block agriculture coordinator",BIHAR,MADHUBANI,PANDAUL,2018-10-28T18:23:13Z
0,AGRICULTURE,Others,Others,NA,"DBT related problem","Contact to block agriculture coordinator",BIHAR,MADHUBANI,JHANJHARPUR,2018-10-28T18:27:42Z
0,AGRICULTURE,Others,Others,NA,"DBT related problem","Contact to block agriculture coordinator",BIHAR,MADHUBANI,PANDAUL,2018-10-28T18:32:29Z
0,AGRICULTURE,Others,Others,NA,"DBT  problem","contact to your agriculture coordinator",BIHAR,MADHUBANI,BISFI,2018-10-28T19:50:19Z
0,AGRICULTURE,Others,Others,NA,"WEATHER INFORMATION","Cloudy weather in your area, but no chance of rain.",BIHAR,MADHUBANI,MADHWAPUR,2018-10-28T20:37:49Z
0,AGRICULTURE,Others,Others,NA,"WEATHER INFORMATION","Cloudy weather in your area, but no chance of rain.",BIHAR,MADHUBANI,MADHWAPUR,2018-10-28T20:37:55Z
0,AGRICULTURE,Others,Others,NA,"WEATHER INFORMATION","Cloudy weather in your area, but no chance of rain.",BIHAR,MADHUBANI,JHANJHARPUR,2018-10-28T21:37:24Z
0,AGRICULTURE,Others,Others,NA,"Weather information","Cloudy weather in your area, but no chance of rain",BIHAR,MADHUBANI,GHOGHARDIHA,2018-10-29T09:19:31Z
0,AGRICULTURE,Others,Others,NA,"DBT PROBLEM",www.krishimis.in,BIHAR,MADHUBANI,BISFI,2018-10-29T09:26:38Z
0,AGRICULTURE,NA,NA,NA,"DBT PROBLEM","aap BLOCK me contact kare",BIHAR,MADHUBANI,KALUAHI,2018-10-29T09:38:42Z
0,AGRICULTURE,Cereals,"Paddy (Dhan)",NA,"Weather information","Cloudy weather in your area,chance of little rain.",BIHAR,MADHUBANI,LAUKAHI,2018-10-29T09:48:18Z
0,AGRICULTURE,Others,Others,NA,"Weather information","Cloudy weather in your area, but no chance of rain",BIHAR,MADHUBANI,JAINAGAR,2018-10-29T10:03:47Z
0,AGRICULTURE,Others,Others,NA,"Weather information","Cloudy weather in your area, but no chance of rain",BIHAR,MADHUBANI,HARLAKHI,2018-10-29T10:07:44Z
0,AGRICULTURE,Others,Others,NA,"DBT PROBLEM","NICHE DIYE MAIL  PAR  MAIL KARE",BIHAR,MADHUBANI,KALUAHI,2018-10-29T10:08:33Z
0,AGRICULTURE,Others,Others,NA,"Weather information","Cloudy weather in your area, but no chance of rain.",BIHAR,MADHUBANI,LAUKAHI,2018-10-29T10:24:54Z
0,AGRICULTURE,Others,Others,NA,"Weather information","Cloudy weather in your area, but no chance of rain",BIHAR,MADHUBANI,BISFI,2018-10-29T11:17:50Z
0,AGRICULTURE,Others,Others,NA,"dbt problem","Contact to block agriculture officer",BIHAR,MADHUBANI,PANDAUL,2018-10-29T12:07:07Z
0,AGRICULTURE,Others,Others,NA,"Weather information","Cloudy weather in your area, but no chance of rain",BIHAR,MADHUBANI,BENIPATTI,2018-10-29T12:13:20Z
0,AGRICULTURE,Others,Others,NA,"DBT PROBLEM","aap block me contact kare",BIHAR,MADHUBANI,PANDAUL,2018-10-29T12:13:20Z
0,AGRICULTURE,Others,Others,NA,"DBT related problem","Contact to block agriculture officer",BIHAR,MADHUBANI,"BABU BARHI",2018-10-29T12:41:24Z
0,AGRICULTURE,Others,Others,NA,"Weather information","Cloudy weather in your area, but no chance of rain.",BIHAR,MADHUBANI,LAUKAHI,2018-10-29T12:51:12Z
0,AGRICULTURE,Others,Others,NA,"DBT PROBLEM","NICHE DIYE MAIL  PAR  MAIL KARE",BIHAR,MADHUBANI,"BABU BARHI",2018-10-29T13:52:51Z
0,AGRICULTURE,Others,Others,NA,"Weather information","Cloudy weather in your area, but no chance of rain",BIHAR,MADHUBANI,MADHEPUR,2018-10-29T14:00:38Z
0,AGRICULTURE,Others,Others,NA,"Weather information","Cloudy weather in your area,chance of little rain.",BIHAR,MADHUBANI,MADHWAPUR,2018-10-29T16:02:16Z
0,AGRICULTURE,Others,Others,NA,"Farmer registration",www.dbtagriculture.bihar.gov.in,BIHAR,MADHUBANI,BENIPATTI,2018-10-29T16:08:03Z
0,AGRICULTURE,Others,Others,NA,"TELL ME CONTACT NUMBER OF AGRICULTURE  DEPARTMENT  OF BIHAR","CONTACT NUMBER OF AGRICULTURE  DEPARTMENT  OF BIHAR-- 0612 2215720",BIHAR,MADHUBANI,MADHUBANI,2018-10-29T16:37:04Z
0,AGRICULTURE,Others,Others,NA,"Farmer registration",www.dbtagriculture.bihar.gov.in,BIHAR,MADHUBANI,MADHWAPUR,2018-10-29T16:56:41Z
0,AGRICULTURE,Others,Others,NA,"Weather information","Cloudy weather in your area,chance of little rain.",BIHAR,MADHUBANI,LADANIA,2018-10-29T18:01:10Z
0,AGRICULTURE,Others,Others,NA,WEATHER,"NO RAIN",BIHAR,MADHUBANI,MADHWAPUR,2018-10-29T18:02:49Z
0,NA,NA,NA,NA,"IRRELEVENT CALL","IRRELEVENT CALL",BIHAR,MADHUBANI,GHOGHARDIHA,2018-10-29T18:19:00Z
0,AGRICULTURE,Others,Others,NA,"Farmer registration",www.dbtagriculture.bihar.gov.in,BIHAR,MADHUBANI,GHOGHARDIHA,2018-10-29T19:10:41Z
0,AGRICULTURE,Others,Others,NA,"Weather information","Cloudy weather in your area,chance of little rain.",BIHAR,MADHUBANI,LAKHNAUR,2018-10-29T19:24:46Z
0,AGRICULTURE,Others,Others,NA,"DBT  problem","contact to your agriculture coordinator",BIHAR,MADHUBANI,ANDHRATHARHI,2018-10-29T19:25:04Z
0,AGRICULTURE,Others,Others,NA,"WEATHER INFORMATION","Cloudy weather in your area, but no chance of rain.",BIHAR,MADHUBANI,MADHWAPUR,2018-10-29T19:28:26Z
0,AGRICULTURE,Others,Others,NA,"WEATHER INFORMATION","Cloudy weather in your area, but no chance of rain.",BIHAR,MADHUBANI,MADHWAPUR,2018-10-29T19:28:46Z
0,NA,NA,NA,NA,"app  dbt","codeneter se mewle",BIHAR,MADHUBANI,PHULPARAS,2018-10-29T20:43:25Z
0,AGRICULTURE,Others,Others,NA,WEATHER,"NO RAIN",BIHAR,MADHUBANI,RAJNAGAR,2018-10-29T20:44:29Z
0,AGRICULTURE,Others,Others,NA,"GOVT SCHEMES","CONTACT AC",BIHAR,MADHUBANI,BISFI,2018-10-29T21:00:22Z
0,AGRICULTURE,Others,Others,NA,"Farmer registration",www.dbtagriculture.bihar.gov.in,BIHAR,MADHUBANI,BISFI,2018-10-29T21:01:14Z
0,AGRICULTURE,Others,Others,NA,WEATHER,"CHANCE OF RAIN",BIHAR,MADHUBANI,BISFI,2018-10-29T21:01:31Z
0,AGRICULTURE,Others,Others,NA,"Government schemes","contact to cooperative department",BIHAR,MADHUBANI,MADHEPUR,2018-10-29T21:32:39Z
0,AGRICULTURE,Others,NA,NA,"weather information","????? ??? ???? ??????? ??? ???? 2 -3 ?? ????? ??? ?? ???? ???? ?????? ,????? ????? ???? ?? ??????? ???? ?? |",BIHAR,MADHUBANI,"LAUKAHA (KHUTAUNA)",2018-10-30T07:08:34Z
0,AGRICULTURE,Others,Others,NA,"Weather information","Weather will be clear and glowing sun",BIHAR,MADHUBANI,NA,2018-10-30T08:00:09Z
0,AGRICULTURE,Others,Others,NA,"Weather information","Weather will be clear and glowing sun",BIHAR,MADHUBANI,ANDHRATHARHI,2018-10-30T08:36:28Z
0,AGRICULTURE,Others,Others,NA,"Weather information","Weather will be clear and glowing sun",BIHAR,MADHUBANI,BISFI,2018-10-30T09:13:35Z
0,AGRICULTURE,Others,Others,NA,"DBT -ROBLEM","NICHE DIYE  GAI E MAIL PAR  MAIL KARE",BIHAR,MADHUBANI,GHOGHARDIHA,2018-10-30T09:36:59Z
0,AGRICULTURE,Others,Others,NA,"DBT PROBLEM","SERVER PROBLEM",BIHAR,MADHUBANI,KALUAHI,2018-10-30T09:43:42Z
0,AGRICULTURE,Others,Others,NA,"Weather information","Weather will be clear and glowing sun",BIHAR,MADHUBANI,PHULPARAS,2018-10-30T10:14:16Z
0,AGRICULTURE,Others,Others,NA,"WEATHER INFORMATION","Clear weather in your area,no chance of rain",BIHAR,MADHUBANI,MADHWAPUR,2018-10-30T10:16:12Z
0,AGRICULTURE,Others,Others,NA,"Weather information","Cloudy weather in your area, but no chance of rain",BIHAR,MADHUBANI,HARLAKHI,2018-10-30T10:41:31Z
0,AGRICULTURE,Others,Others,NA,"SUKHA GRASIT PROBLEM","CONTACT IN YOUR CSC",BIHAR,MADHUBANI,KHAJAULI,2018-10-30T13:11:34Z
0,AGRICULTURE,Others,Others,NA,"Weather information","Clear sky in your area. no chance of rain.",BIHAR,MADHUBANI,GHOGHARDIHA,2018-10-30T13:33:06Z
0,AGRICULTURE,Others,Others,NA,"Weather information","Cloudy weather in your area, but no chance of rain",BIHAR,MADHUBANI,BISFI,2018-10-30T13:52:28Z
0,AGRICULTURE,Others,Others,NA,"DBT  problem","contact to your agriculture coordinator",BIHAR,MADHUBANI,BASOPATTI,2018-10-30T14:10:30Z
0,AGRICULTURE,Others,Others,NA,"DBT  problem","contact to your agriculture coordinator",BIHAR,MADHUBANI,MADHEPUR,2018-10-30T14:38:56Z
0,AGRICULTURE,Others,Others,NA,"WEATHER INFORMATION","THERE IS NO CHANCE OF RAIN IN YOUR AREA",BIHAR,MADHUBANI,JHANJHARPUR,2018-10-30T15:32:05Z
0,AGRICULTURE,Others,Others,NA,"Weather information","Clear sky in your area. no chance of rain.",BIHAR,MADHUBANI,HARLAKHI,2018-10-30T16:10:52Z
0,AGRICULTURE,Others,Others,NA,"Weather information","Clear sky in your area. no chance of rain.",BIHAR,MADHUBANI,BASOPATTI,2018-10-30T16:11:42Z
0,NA,NA,NA,NA,"DBT PROBLEM","Contact to block agriculture",BIHAR,MADHUBANI,"LAUKAHA (KHUTAUNA)",2018-10-30T16:57:07Z
0,AGRICULTURE,Others,Others,NA,"weather condition","Cloudy weather in your area,but no chance of rain up to 2-3 days.",BIHAR,MADHUBANI,"LAUKAHA (KHUTAUNA)",2018-10-30T17:12:04Z
0,HORTICULTURE,Vegetables,"Spinach (Palak)",NA,"Fertlizer rate application Information about Leafy Vegetables","Apply following fertlizers : FYM 25 t/ha, N 60 kg, P 60 kg and K 60 kg/ha",BIHAR,MADHUBANI,GHOGHARDIHA,2018-10-30T17:41:20Z
0,AGRICULTURE,Others,Others,NA,"weather condition",NA,BIHAR,MADHUBANI,KALUAHI,2018-10-30T17:44:45Z
0,AGRICULTURE,Others,Others,NA,"Farmer registration",www.dbtagriculture.bihar.gov.in,BIHAR,MADHUBANI,PHULPARAS,2018-10-30T18:18:21Z
0,AGRICULTURE,Others,Others,NA,"Farmer registration",www.dbtagriculture.bihar.gov.in,BIHAR,MADHUBANI,PHULPARAS,2018-10-30T18:18:39Z
0,AGRICULTURE,Others,Others,NA,"Farmer registrationFarmer registration","Farmer registration",BIHAR,MADHUBANI,PHULPARAS,2018-10-30T18:23:09Z
0,AGRICULTURE,Others,Others,NA,"Farmer registrationFarmer registration","Farmer registration",BIHAR,MADHUBANI,PHULPARAS,2018-10-30T18:23:09Z
0,AGRICULTURE,Others,Others,NA,"Farmer registrationFarmer registration","Farmer registration",BIHAR,MADHUBANI,PHULPARAS,2018-10-30T18:23:09Z
0,AGRICULTURE,Others,Others,NA,"Weather information","Clear sky in your area. no chance of rain.",BIHAR,MADHUBANI,BISFI,2018-10-30T18:23:50Z
0,AGRICULTURE,Others,Others,NA,"WEATHER INFORMATION","Cloudy weather in your area, but no chance of rain.",BIHAR,MADHUBANI,PHULPARAS,2018-10-30T19:07:40Z
0,AGRICULTURE,Others,Others,NA,"WEATHER INFORMATION","Cloudy weather in your area, but no chance of rain.",BIHAR,MADHUBANI,HARLAKHI,2018-10-30T19:08:05Z
0,AGRICULTURE,Others,Others,NA,"AVAILABILTY OF SEEDS OF WHEAT","VISIT NEAREST BLOCK",BIHAR,MADHUBANI,MADHEPUR,2018-10-30T20:07:10Z
0,AGRICULTURE,Others,Others,NA,"Farmer registration",www.dbtagriculture.bihar.gov.in,BIHAR,MADHUBANI,MADHEPUR,2018-10-30T20:24:58Z
0,AGRICULTURE,Others,Others,NA,"Farmer registration",www.dbtagriculture.bihar.gov.in,BIHAR,MADHUBANI,MADHUBANI,2018-10-30T21:46:41Z
0,AGRICULTURE,Others,Others,NA,"Cooperative dept of Bihar helpline no.","Cooperative dept of Bihar helpline no.",BIHAR,MADHUBANI,MADHUBANI,2018-10-30T21:47:56Z
0,AGRICULTURE,Others,Others,NA,"DIESEL ANUDAN","CONTACT PROJECT AGRICULTURE CO-ORDINATOR",BIHAR,MADHUBANI,"LAUKAHA (KHUTAUNA)",2018-10-31T06:49:39Z
0,AGRICULTURE,Others,Others,NA,"WEATHER INFORMATION","Weather will be clear and glowing sun",BIHAR,MADHUBANI,"BABU BARHI",2018-10-31T07:30:30Z
0,AGRICULTURE,Others,Others,NA,"WEATHER INFORMATION","Weather will be clear and glowing sun",BIHAR,MADHUBANI,"BABU BARHI",2018-10-31T07:31:26Z
0,AGRICULTURE,Others,Others,NA,"Weather information","Clear sky in your area. no chance of rain.",BIHAR,MADHUBANI,"LAUKAHA (KHUTAUNA)",2018-10-31T09:43:04Z
0,AGRICULTURE,Others,Others,NA,"Weather information","Cloudy weather in your area, but no chance of rain.",BIHAR,MADHUBANI,"BABU BARHI",2018-10-31T10:35:47Z
0,AGRICULTURE,Others,Others,NA,"Weather information","Cloudy weather in your area, but no chance of rain.",BIHAR,MADHUBANI,"BABU BARHI",2018-10-31T10:47:45Z
0,AGRICULTURE,Others,Others,NA,"Weather information","Cloudy weather in your area, but no chance of rain.",BIHAR,MADHUBANI,RAJNAGAR,2018-10-31T12:01:49Z
0,AGRICULTURE,Others,Others,NA,"Weather information","Cloudy weather in your area, but no chance of rain.",BIHAR,MADHUBANI,"BABU BARHI",2018-10-31T14:13:02Z
0,AGRICULTURE,Others,Others,NA,"Weather information","Cloudy weather in your area,but no chance of  rain.",BIHAR,MADHUBANI,LAUKAHI,2018-10-31T14:31:08Z
0,AGRICULTURE,Others,Others,NA,"CALL REGISTERED PROBLEM","CONTACT REQUIRED OFFICER NUMBER",BIHAR,MADHUBANI,HARLAKHI,2018-10-31T15:08:38Z
0,AGRICULTURE,Others,Others,NA,"CALL RELATED PROBLEM","CONTACT RESPECTIVE OFFICE",BIHAR,MADHUBANI,HARLAKHI,2018-10-31T15:26:57Z
0,AGRICULTURE,Others,NA,NA,"WEATHER INFORMATION","31 Oct	0	0  / 0	0  / 0	0
01 Nov	0	33.0  / 21.0	29.0  / 0	3.0
02 Nov	0	33.0  / 22.0	33.0  / 0	9.0
03 Nov	0	33.0  / 21.0	32.0  / 0	10.0
04 Nov	0	32.0  / 21.0	30.0  / 0	8.0
05 Nov	0	32.0  / 21.0	31.0  / 0	9.0",BIHAR,MADHUBANI,HARLAKHI,2018-10-31T15:28:05Z
0,AGRICULTURE,Others,Others,NA,"Weather information","Cloudy weather in your area, but no chance of rain.",BIHAR,MADHUBANI,LAUKAHI,2018-10-31T15:50:04Z
0,AGRICULTURE,Others,Others,NA,weather,"no rain",BIHAR,MADHUBANI,KHAJAULI,2018-10-31T15:50:22Z
0,AGRICULTURE,Others,Others,NA,weather,"no rain",BIHAR,MADHUBANI,KHAJAULI,2018-10-31T15:53:30Z
0,AGRICULTURE,Others,Others,NA,"Weather information","Cloudy weather in your area,but no chance of  rain.",BIHAR,MADHUBANI,RAJNAGAR,2018-10-31T17:14:46Z
0,AGRICULTURE,Others,Others,NA,"Weather information","Cloudy weather in your area, but no chance of rain.",BIHAR,MADHUBANI,"BABU BARHI",2018-10-31T17:18:02Z
0,AGRICULTURE,Others,Others,NA,"stem borer in  mango","monocrotophos-10 ml",BIHAR,MADHUBANI,LAKHNAUR,2018-10-31T17:49:43Z
0,AGRICULTURE,Others,Others,NA,"weather information","there is no chance of rain",BIHAR,MADHUBANI,PANDAUL,2018-10-31T18:07:00Z
0,NA,NA,NA,NA,"Farmer registration",www.dbtagriculture.bihar.gov.in,BIHAR,MADHUBANI,PANDAUL,2018-10-31T18:11:40Z
0,AGRICULTURE,Others,Others,NA,"WEATHER INFORMATION","Weather will be clear and glowing sun",BIHAR,MADHUBANI,PHULPARAS,2018-10-31T18:18:23Z
0,AGRICULTURE,Others,Others,NA,"WEATHER INFORMATION","Cloudy weather in your area, but no chance of rain.",BIHAR,MADHUBANI,"LAUKAHA (KHUTAUNA)",2018-10-31T19:32:41Z
0,AGRICULTURE,Others,Others,NA,WEATHER,"NO RAIN",BIHAR,MADHUBANI,BISFI,2018-10-31T19:38:24Z
0,AGRICULTURE,Others,Others,NA,"WEATHER INFORMATION","Cloudy weather in your area, but no chance of rain.",BIHAR,MADHUBANI,BASOPATTI,2018-10-31T19:40:25Z
