"Data Item","Facility Type","Total No. of Facilities #","Facilities reporting nil performance - Numbers","Details of Maximum and Minimum Performing facilities - Performance","Details of Maximum and Minimum Performing facilities - Value Reported","Details of Maximum and Minimum Performing facilities - Sub-district","Details of Maximum and Minimum Performing facilities - Facility"
"(A) Deliveries conducted at facility",DH,1,0,Maximum,631,"Jehanabad Urban","Sadar Hospital Jehanabad"
"(A) Deliveries conducted at facility",DH,1,0,Minimum,631,"Jehanabad Urban","Sadar Hospital Jehanabad"
"(A) Deliveries conducted at facility",CHC,1,0,Maximum,24,Ghoshi,Ghoshi
"(A) Deliveries conducted at facility",CHC,1,0,Minimum,24,Ghoshi,Ghoshi
"(A) Deliveries conducted at facility",PHC,36,24,Maximum,282,Makhdumpur,Makhdumpur
"(A) Deliveries conducted at facility",PHC,36,24,Minimum,2,Ghoshi,Bharathu
"(A) Deliveries conducted at facility",SC,104,87,Maximum,8,"Ratni Faridpur",Murhara
"(A) Deliveries conducted at facility",SC,104,87,Minimum,1,Ghoshi,Daharpur
"(A) Deliveries conducted at facility",SC,104,87,Minimum,1,Ghoshi,Parawan
"(A) Deliveries conducted at facility",SC,104,87,Minimum,1,Hulasganj,Keur
"(A) Deliveries conducted at facility",SC,104,87,Minimum,1,Makhdumpur,Dhodha
"(A) Deliveries conducted at facility",SC,104,87,Minimum,1,Makhdumpur,Ekkil
"(A) Deliveries conducted at facility",SC,104,87,Minimum,1,"Ratni Faridpur",Barheta
"(B) C -Section deliveries at facility",DH,1,0,Maximum,13,"Jehanabad Urban","Sadar Hospital Jehanabad"
"(B) C -Section deliveries at facility",DH,1,0,Minimum,13,"Jehanabad Urban","Sadar Hospital Jehanabad"
"(C) IPD Attendance",DH,1,0,Maximum,1812,"Jehanabad Urban","Sadar Hospital Jehanabad"
"(C) IPD Attendance",DH,1,0,Minimum,1812,"Jehanabad Urban","Sadar Hospital Jehanabad"
"(C) IPD Attendance",PHC,36,25,Maximum,925,Makhdumpur,Makhdumpur
"(C) IPD Attendance",PHC,36,25,Minimum,30,Hulasganj,Murgaon
"(D) OPD attendance (All)",DH,1,0,Maximum,13473,"Jehanabad Urban","Sadar Hospital Jehanabad"
"(D) OPD attendance (All)",DH,1,0,Minimum,13473,"Jehanabad Urban","Sadar Hospital Jehanabad"
"(D) OPD attendance (All)",CHC,1,0,Maximum,2046,Ghoshi,Ghoshi
"(D) OPD attendance (All)",CHC,1,0,Minimum,2046,Ghoshi,Ghoshi
"(D) OPD attendance (All)",PHC,36,1,Maximum,6552,Makhdumpur,Makhdumpur
"(D) OPD attendance (All)",PHC,36,1,Minimum,300,Ghoshi,Nandana
"(D) OPD attendance (All)",SC,104,1,Maximum,1039,Kako,"Barawan 1"
"(D) OPD attendance (All)",SC,104,1,Minimum,15,Hulasganj,Gangapur
"(E) Operation major (General and spinal anaesthesia)",DH,1,0,Maximum,50,"Jehanabad Urban","Sadar Hospital Jehanabad"
"(E) Operation major (General and spinal anaesthesia)",DH,1,0,Minimum,50,"Jehanabad Urban","Sadar Hospital Jehanabad"
"(E) Operation major (General and spinal anaesthesia)",CHC,1,0,Maximum,7,Ghoshi,Ghoshi
"(E) Operation major (General and spinal anaesthesia)",CHC,1,0,Minimum,7,Ghoshi,Ghoshi
"(E) Operation major (General and spinal anaesthesia)",PHC,36,29,Maximum,309,Hulasganj,Hulasganj
"(E) Operation major (General and spinal anaesthesia)",PHC,36,29,Minimum,25,Ghoshi,Ghoshi
"(F) Operation minor (No or local anaesthesia)",DH,1,0,Maximum,381,"Jehanabad Urban","Sadar Hospital Jehanabad"
"(F) Operation minor (No or local anaesthesia)",DH,1,0,Minimum,381,"Jehanabad Urban","Sadar Hospital Jehanabad"
"(F) Operation minor (No or local anaesthesia)",CHC,1,0,Maximum,76,Ghoshi,Ghoshi
"(F) Operation minor (No or local anaesthesia)",CHC,1,0,Minimum,76,Ghoshi,Ghoshi
"(F) Operation minor (No or local anaesthesia)",PHC,36,17,Maximum,1385,Makhdumpur,Makhdumpur
"(F) Operation minor (No or local anaesthesia)",PHC,36,17,Minimum,8,Jehanabad,"Jehanabad Sadar"
