Season,Sector,Category,Crop,QueryType,QueryText,KCCAns,StateName,DistrictName,BlockName,CreatedOn
JAYAD,AGRICULTURE,Others,Others,Weather,"WEATHER INFORMATION","Cloudy weather, but no  of rain in your area",BIHAR,GOPALGANJ,BARAULI,2018-04-01T13:04:46Z
RABI,HORTICULTURE,Vegetables,Chillies,"Plant Protection","Yellow mite or muranai mite","Chlorfenapyr 10 % SC 1.5 ml/lit. 
Diafenthiuron 50 % WP 8.0 g/10 lit. 
Dimethoate 30 % EC 1.0 ml/lit.",BIHAR,GOPALGANJ,BARAULI,2018-04-02T10:53:46Z
JAYAD,AGRICULTURE,Others,Others,Weather,"WEATHER INFORMATION","NO CHANCE OF RAIN today IN YOUR AREA",BIHAR,GOPALGANJ,BARAULI,2018-04-02T11:03:25Z
JAYAD,AGRICULTURE,Others,Others,"Plant Protection","Growth regulator in mango","Spray Planofix @ 1 ml in 5 liter of water",BIHAR,GOPALGANJ,BARAULI,2018-04-04T15:07:15Z
JAYAD,AGRICULTURE,Others,Others,Weather,"Nutritional medicine","Spray Multi micro nutrient @ 2 gram in 1 liter of water",BIHAR,GOPALGANJ,BARAULI,2018-04-04T15:09:13Z
JAYAD,HORTICULTURE,Fruits,Mango,"Nutrient Management","fruit dropping in mango","Spray Planofix 1 ml/4-5 Litre of Water",BIHAR,GOPALGANJ,PANCHDEORI,2018-04-06T11:35:04Z
JAYAD,AGRICULTURE,Others,Others,Weather,"GROTH REGULATER","PALANOFIX 1ML / LITAR OF WATER",BIHAR,GOPALGANJ,SIDHWALIYA,2018-04-06T15:34:44Z
RABI,AGRICULTURE,Millets,"Maize (Makka)","Plant Protection",INSCET,"CABAFURAN 3 G @ 5-7 KG/HECT.",BIHAR,GOPALGANJ,PHULWARIYA,2018-04-07T12:27:18Z
JAYAD,AGRICULTURE,Others,Others,Weather,"WEATHER INFORMATION","????? ???  ???? ??????? ??? ?? ?? ?? ????? ???? ?? ???????  ??",BIHAR,GOPALGANJ,PHULWARIYA,2018-04-07T14:46:06Z
JAYAD,AGRICULTURE,Others,Others,Weather,"WEATHER INFORMATION","today and tomarrow chance of rain in your area",BIHAR,GOPALGANJ,PHULWARIYA,2018-04-07T14:50:44Z
JAYAD,AGRICULTURE,Others,Others,Weather,"WEATHER INFORMATION","Cloudy weather in your area,  chance of rain in your area",BIHAR,GOPALGANJ,HATHUA,2018-04-08T11:31:30Z
JAYAD,AGRICULTURE,Others,Others,Weather,"WEATHER INFORMATION","Cloudy weather in your area,  chance of rain in your area",BIHAR,GOPALGANJ,HATHUA,2018-04-08T11:32:48Z
RABI,AGRICULTURE,Cereals,Wheat,Weather,"Weather Informesion","????? ??? ???? ???? ??? ?????",BIHAR,GOPALGANJ,HATHUA,2018-04-08T11:47:19Z
JAYAD,AGRICULTURE,Others,Others,Weather,"weather information","Cloudy weather,rain is likely in your area.",BIHAR,GOPALGANJ,SIDHWALIYA,2018-04-08T12:41:55Z
JAYAD,AGRICULTURE,Others,Others,Weather,"WEATHER INFORMATION","Cloudy weather today and  tomorrow little chance of rain in your area.",BIHAR,GOPALGANJ,BHOREY,2018-04-09T17:53:25Z
RABI,AGRICULTURE,Cereals,Wheat,Weather,"Weather information","Heavy Cloudy weather in your area, no chance of rain in your area",BIHAR,GOPALGANJ,BHOREY,2018-04-10T11:38:00Z
JAYAD,AGRICULTURE,Others,Others,Weather,"WEATHER INFORMATION","Cloudy weather in your area,  chance of rain in your area",BIHAR,GOPALGANJ,BHOREY,2018-04-10T12:56:34Z
JAYAD,AGRICULTURE,Others,Others,Weather,"WEATHER INFORMATION","Cloudy weather today and  tomorrow little chance of rain in your area.",BIHAR,GOPALGANJ,BARAULI,2018-04-12T09:06:22Z
JAYAD,AGRICULTURE,Others,Others,Weather,"Weather information","There will be light clouds in the sky chance of rain in your area.",BIHAR,GOPALGANJ,HATHUA,2018-04-13T10:55:04Z
RABI,AGRICULTURE,Others,Others,"Field Preparation","weather information","Hazy weather in your area ,no chance of rain",BIHAR,GOPALGANJ,SIDHWALIYA,2018-04-13T17:11:38Z
JAYAD,AGRICULTURE,Others,Others,Weather,"Weather information","Cloudy weather in your area but no chance of rain in your area",BIHAR,GOPALGANJ,HATHUA,2018-04-16T13:21:42Z
JAYAD,AGRICULTURE,Others,Others,Weather,"Weather information","Cloudy weather in your area but no chance of rain in your area",BIHAR,GOPALGANJ,HATHUA,2018-04-16T13:24:17Z
JAYAD,AGRICULTURE,Others,Others,"Plant Protection","Growth regulators mango","spray planofix 1 ml/4 liter water",BIHAR,GOPALGANJ,BARAULI,2018-04-16T19:53:58Z
RABI,AGRICULTURE,Others,Others,"Field Preparation","INFORMATION WEATHER","Cloudy weaTHER today and tomorrow  but no chance of rain in your area.",BIHAR,GOPALGANJ,HATHUA,2018-04-16T21:16:08Z
JAYAD,AGRICULTURE,Others,Others,Weather,"WEATHER INFORMATION","Cloudy weather in your area, no  chance of rain in your area",BIHAR,GOPALGANJ,HATHUA,2018-04-17T06:10:17Z
JAYAD,AGRICULTURE,Others,Others,Weather,"WEATHER INFORMATION","Cloudy weather in your area, no  chance of rain in your area",BIHAR,GOPALGANJ,HATHUA,2018-04-17T06:13:55Z
RABI,AGRICULTURE,Cereals,Wheat,Weather,"WEATHER INFORMATION","???? ???  ????? ????? ???? ?? ??????? ??",BIHAR,GOPALGANJ,PHULWARIYA,2018-04-19T10:23:58Z
RABI,AGRICULTURE,Cereals,Wheat,Weather,"Weather information","????? ???? ???? ????? ?????? ??? ???? ????? I",BIHAR,GOPALGANJ,HATHUA,2018-04-20T06:55:08Z
JAYAD,AGRICULTURE,Cereals,Wheat,"Cultural Practices","DOSE OF CELPHOS FOR STORED WHEAT","USE 1-2 CELPHOS TABLETS FOR 100 KG WHEAT",BIHAR,GOPALGANJ,BARAULI,2018-04-20T10:33:02Z
JAYAD,HORTICULTURE,Fruits,Mango,"Nutrient Management","FRUIT DROPPING IN MANGO","Spray Planofix 1 ml/4-5 Litre of Water",BIHAR,GOPALGANJ,BHOREY,2018-04-21T06:59:06Z
JAYAD,AGRICULTURE,Others,Others,Weather,"WEATHER INFORMATION","No chance of rain in your area",BIHAR,GOPALGANJ,BHOREY,2018-04-21T07:02:14Z
JAYAD,AGRICULTURE,Others,Others,Weather,"Weather information","Sunny weather but no rain in your area.",BIHAR,GOPALGANJ,KATAIYA,2018-04-21T17:47:40Z
JAYAD,AGRICULTURE,Others,Others,Weather,"Nutritional medicine","Spray Multi micro nutrient @ 2 gram in 1 liter of water",BIHAR,GOPALGANJ,BAIKUNTHPUR,2018-04-23T17:59:45Z
KHARIF,AGRICULTURE,Others,Others,"Field Preparation","Yellowing of leaf / Rotting problem","Spray mancozeb @ 2g/lit of water",BIHAR,GOPALGANJ,GOPALGANJ,2018-04-23T20:09:34Z
KHARIF,HORTICULTURE,Fruits,Mango,"Nutrient Management","FRUIT DROPPING IN MANGO","Spray Planofix 1 ml/4-5 Litre of Water",BIHAR,GOPALGANJ,THAWE,2018-04-24T09:37:29Z
JAYAD,HORTICULTURE,Fruits,Mango,"Plant Protection","Spray after fruit emergence in mango","SPRAY PLANOFIX 1 ML/4-5 LITRE OF WATER",BIHAR,GOPALGANJ,PANCHDEORI,2018-04-24T12:15:52Z
JAYAD,HORTICULTURE,Vegetables,"Bitter Gourd","Plant Protection","INSECT INFESTATION IN BHINDI","Spray Neem Oil 1500 ppm @ 2ml/ litre of water",BIHAR,GOPALGANJ,PANCHDEORI,2018-04-24T12:21:13Z
JAYAD,AGRICULTURE,Others,Others,Weather,"WEATHER INFORMATION","Cloudy weather in your area but no chance of rain in your area",BIHAR,GOPALGANJ,GOPALGANJ,2018-04-24T13:28:17Z
RABI,AGRICULTURE,Others,Others,Weather,"Weather Information","?? ?? ??????? ??? ?? ?? ?? ???? ??? ????? ?? ????? ???? ?? ???????? ??",BIHAR,GOPALGANJ,BARAULI,2018-04-25T16:48:50Z
RABI,AGRICULTURE,Others,Others,Weather,"Weather Information","?? ?? ??????? ??? ?? ?? ?? ???? ??? ????? ?? ????? ???? ?? ???????? ??",BIHAR,GOPALGANJ,BARAULI,2018-04-25T16:48:51Z
KHARIF,AGRICULTURE,Others,Others,"Field Preparation","WEATHER INFORMATION","Cloudy weather today and tomorrow  but no chance of rain in your area.",BIHAR,GOPALGANJ,PHULWARIYA,2018-04-25T17:22:01Z
JAYAD,AGRICULTURE,Others,Others,"Nutrient Management","Nutritional medicine","Insect infestation in paddy Nutritional medicine \",BIHAR,GOPALGANJ,BARAULI,2018-04-26T15:07:37Z
JAYAD,AGRICULTURE,Others,Others,Weather,"Weather Information","Cloudy weather today and tomorrow little chance of rain.",BIHAR,GOPALGANJ,KUCHAIKOTE,2018-04-26T15:36:15Z
JAYAD,AGRICULTURE,Others,Others,"Crop Insurance","INFORMATION ABOUT CROP INSURANCE","AAP BANK ME CONTACT KARE",BIHAR,GOPALGANJ,PHULWARIYA,2018-04-27T09:01:10Z
JAYAD,AGRICULTURE,Others,Others,Weather,"Weather information","Cloudy weather in your area chance of rain in your area",BIHAR,GOPALGANJ,BARAULI,2018-04-29T12:03:35Z
KHARIF,AGRICULTURE,Others,Others,"Field Preparation","Insect infestation","Spray Imidacloprid @ 1 ml 3 liter of water",BIHAR,GOPALGANJ,KUCHAIKOTE,2018-04-30T10:46:41Z
KHARIF,AGRICULTURE,Others,Others,"Field Preparation","Insect infestation","Spray Imidacloprid @ 1 ml 3 liter of water",BIHAR,GOPALGANJ,KUCHAIKOTE,2018-04-30T10:56:24Z
