Season,Sector,Category,Crop,QueryType,QueryText,KCCAns,StateName,DistrictName,BlockName,CreatedOn
RABI,AGRICULTURE,Millets,"Maize (Makka)","Plant Protection","LEAF BLIGHT PROBLEM IN MAIZE","Spray mancozeb @ 2g/lit of water",BIHAR,SHEOHAR,SHEOHAR,2018-02-01T10:36:24Z
RABI,AGRICULTURE,Cereals,Wheat,"Field Preparation","WHEAT LEAVES YELLOWING","Spray mancozeb @ 2 gm / lit of water",BIHAR,SHEOHAR,TARIYANI,2018-02-01T12:58:03Z
RABI,HORTICULTURE,Vegetables,Tomato,"Field Preparation","TOMATO FRUITING","SPRAY PLANOFIX 1 ML/5LITRE OF WATER",BIHAR,SHEOHAR,TARIYANI,2018-02-01T12:59:19Z
RABI,AGRICULTURE,Cereals,Wheat,Weather,"WEATHER INFORMATION","????? ???? ???? ????? ?????? ??? ???? ????? I",BIHAR,SHEOHAR,PURNAHIYA,2018-02-01T13:26:29Z
RABI,AGRICULTURE,Others,Others,"Market Information","scheme of pipe",block,BIHAR,SHEOHAR,PURNAHIYA,2018-02-03T14:23:45Z
RABI,HORTICULTURE,Fruits,"Acid Lime","Plant Protection","WEATHER INFORMATION","Cloudy weather in your area, but no chance of rain in your area 	
in your area, but chance of rain in your area",BIHAR,SHEOHAR,"DUMARI KATSARI",2018-02-03T16:40:31Z
JAYAD,AGRICULTURE,Others,Others,"Plant Protection","Yellowing of leaf in maize","Spray mancozeb @ 2g/lit of water",BIHAR,SHEOHAR,SHEOHAR,2018-02-03T16:51:57Z
RABI,AGRICULTURE,Others,Others,"Field Preparation","irrigation management","3-4 irrigation in wheat field",BIHAR,SHEOHAR,SHEOHAR,2018-02-04T12:06:40Z
JAYAD,AGRICULTURE,Others,Others,Weather,"Weather information","Hazy weather in your area ,no chance of rain",BIHAR,SHEOHAR,TARIYANI,2018-02-04T19:11:48Z
RABI,AGRICULTURE,Cereals,Wheat,Weather,"WEATHER INFORMATION","Sunny weather but no rain in your area.",BIHAR,SHEOHAR,TARIYANI,2018-02-04T19:32:08Z
RABI,AGRICULTURE,Cereals,Wheat,Weather,"Weather information","????  ??? ????? ??? ???? ??? ?????",BIHAR,SHEOHAR,TARIYANI,2018-02-05T12:47:51Z
RABI,AGRICULTURE,Cereals,Wheat,Weather,"WEATHER INFORMATION","???? ??? ?????? ? ?????  ????  ??  ????????  ??",BIHAR,SHEOHAR,TARIYANI,2018-02-06T17:31:29Z
RABI,AGRICULTURE,Cereals,Wheat,Weather,"WEATHER INFORMATION","????? ???? ???? ????? ?????? ??? ???? ????? I",BIHAR,SHEOHAR,PURNAHIYA,2018-02-08T15:49:45Z
RABI,AGRICULTURE,Cereals,Wheat,Weather,"WEATHER INFORMATION","????? ???? ???? ????? ?????? ??? ???? ????? I",BIHAR,SHEOHAR,PURNAHIYA,2018-02-08T16:05:06Z
RABI,AGRICULTURE,Others,Others,"Field Preparation","WEATHER INFORMATION","Cloudy weather in your area and no chance of rain in your area",BIHAR,SHEOHAR,TARIYANI,2018-02-11T16:59:55Z
RABI,AGRICULTURE,Others,Others,"Field Preparation","WEATHER INFORMATION","Cloudy weather in your area and no chance of rain in your area",BIHAR,SHEOHAR,TARIYANI,2018-02-11T18:03:48Z
KHARIF,AGRICULTURE,Millets,"Maize (Makka)","Weed Management","weed problem in maize","hand weeding",BIHAR,SHEOHAR,SHEOHAR,2018-02-12T09:46:23Z
JAYAD,AGRICULTURE,Others,Others,Weather,"WEATHER  INFORMATION","Cloudy weather tomorrow today and little chance of rain in your area.",BIHAR,SHEOHAR,PIPRAHI,2018-02-12T10:45:37Z
RABI,AGRICULTURE,Others,Others,"Field Preparation","For farmer registration","For farmer registration: www.krishimis.in",BIHAR,SHEOHAR,SHEOHAR,2018-02-13T13:05:38Z
RABI,HORTICULTURE,Vegetables,Tomato,"Plant Protection",hindi,hindi,BIHAR,SHEOHAR,SHEOHAR,2018-02-23T15:57:16Z
RABI,AGRICULTURE,Pulses,"Green Gram (Moong Bean/ Moong)",Varieties,"varieties of moong","h.u.m.16, p.s. 16 pusa vishal",BIHAR,SHEOHAR,TARIYANI,2018-02-24T12:04:13Z
RABI,AGRICULTURE,Others,Others,Weather,"WEATHER INFORMATION","TODAY AND TOMORROW NO CHANCE OF RAIN IN YOUR AREA",BIHAR,SHEOHAR,PURNAHIYA,2018-02-24T13:43:33Z
JAYAD,HORTICULTURE,Vegetables,"Bottle Gourd","Nutrient Management","proper growth","Spray Multi micro nutrient @ 2 gram in 1 litre of water",BIHAR,SHEOHAR,PIPRAHI,2018-02-25T13:13:10Z
RABI,AGRICULTURE,Cereals,Wheat,"Plant Protection","wheat aphid","Spray Imidacloroprid @ 1 ml / 3 lit of water",BIHAR,SHEOHAR,TARIYANI,2018-02-26T17:43:58Z
RABI,AGRICULTURE,Others,Others,"Field Preparation","Weather information","Hazy weather in your area ,no chance of rain",BIHAR,SHEOHAR,TARIYANI,2018-02-26T19:35:46Z
JAYAD,HORTICULTURE,Vegetables,Tomato,"Nutrient Management","FRUIT DROP IN TOMATO","SPRAY PLANOFIX 1 ML/5LITRE OF WATER",BIHAR,SHEOHAR,SHEOHAR,2018-02-27T09:01:35Z
RABI,AGRICULTURE,Others,Others,"Field Preparation","WEATHER INFORMATION","Today and tomorrow cloudy weather but no chance of rain in your area.",BIHAR,SHEOHAR,PURNAHIYA,2018-02-27T09:48:52Z
JAYAD,HORTICULTURE,Vegetables,Bhindi(Okra/Ladysfinger),"Cultural Practices","SPACING OF BHINDI","45 CM LINE TO LINE AND 30 CM PLANT TO PLANT",BIHAR,SHEOHAR,SHEOHAR,2018-02-27T17:37:00Z
RABI,AGRICULTURE,Cereals,Wheat,Weather,"WEATHER  INFORMATION","?? ?? ?? ???? ??????? ??? ????? ?? ???????  ??? ??",BIHAR,SHEOHAR,PIPRAHI,2018-02-28T09:49:45Z
RABI,AGRICULTURE,Cereals,Wheat,Weather,"WEATHER INFORMATION","Heavy Cloudy weather in your area, no chance of rain in your area",BIHAR,SHEOHAR,TARIYANI,2018-02-28T18:44:41Z
