Season,Sector,Category,Crop,QueryType,QueryText,KCCAns,StateName,DistrictName,BlockName,CreatedOn
0,AGRICULTURE,Others,Others,NA,"Weather information","No chance to rain in your area",BIHAR,KHAGARIA,GOGRI,2018-10-01T10:40:44Z
0,AGRICULTURE,Others,Others,NA,"Weather information","No chance to rain in your area",BIHAR,KHAGARIA,GOGRI,2018-10-01T10:40:44Z
0,AGRICULTURE,Cereals,"Paddy (Dhan)",NA,"blight disease in paddy","Hexaconazole 75% WG @ 100mg/ lit 1st spray at the time of disease appearance and 2nd spray 15 days later",BIHAR,KHAGARIA,ALAULI,2018-10-02T07:39:43Z
0,AGRICULTURE,Cereals,"Paddy (Dhan)",NA,"blight disease in paddy","Hexaconazole 75% WG @ 100mg/ lit 1st spray at the time of disease appearance and 2nd spray 15 days later",BIHAR,KHAGARIA,ALAULI,2018-10-02T07:39:43Z
0,AGRICULTURE,Others,Others,NA,"dbt problem","aap csc me contact kare",BIHAR,KHAGARIA,BELDAUR,2018-10-02T10:35:47Z
0,AGRICULTURE,Others,Others,NA,"dbt problem","aap csc me contact kare",BIHAR,KHAGARIA,BELDAUR,2018-10-02T10:35:47Z
0,AGRICULTURE,Others,Others,NA,"dbt problem","aap block me contact kare",BIHAR,KHAGARIA,CHAUTHAM,2018-10-02T11:03:35Z
0,AGRICULTURE,Others,Others,NA,"dbt problem","aap block me contact kare",BIHAR,KHAGARIA,CHAUTHAM,2018-10-02T11:03:35Z
0,AGRICULTURE,Cereals,"Paddy (Dhan)",NA,"GANDHI BUG","SPRAY IMIDACLOPRID 1ML/ 3LITRE OF WATER",BIHAR,KHAGARIA,BELDAUR,2018-10-02T11:37:38Z
0,AGRICULTURE,Cereals,"Paddy (Dhan)",NA,"GANDHI BUG","SPRAY IMIDACLOPRID 1ML/ 3LITRE OF WATER",BIHAR,KHAGARIA,BELDAUR,2018-10-02T11:37:38Z
0,AGRICULTURE,Others,Others,NA,"Weather information","no chance of rain in your area",BIHAR,KHAGARIA,KHAGARIA,2018-10-03T09:13:48Z
0,AGRICULTURE,Others,Others,NA,"Weather information","no chance of rain in your area",BIHAR,KHAGARIA,KHAGARIA,2018-10-03T09:13:48Z
0,AGRICULTURE,Others,Others,NA,"Weather information","no chance of rain in your area",BIHAR,KHAGARIA,GOGRI,2018-10-03T13:14:29Z
0,AGRICULTURE,Others,Others,NA,"Weather information","no chance of rain in your area",BIHAR,KHAGARIA,GOGRI,2018-10-03T13:14:29Z
0,AGRICULTURE,Others,Others,NA,"Insect infestation","Spray Fesolone or asefet or carbaril @ 2 ml in 1 liter of water",BIHAR,KHAGARIA,BELDAUR,2018-10-03T19:34:57Z
0,AGRICULTURE,Others,Others,NA,"Insect infestation","Spray Fesolone or asefet or carbaril @ 2 ml in 1 liter of water",BIHAR,KHAGARIA,BELDAUR,2018-10-03T19:34:57Z
0,AGRICULTURE,Cereals,"Paddy (Dhan)",NA,"DBT  PROBLEM","MEET YOUR  COdeneter se mele",BIHAR,KHAGARIA,GOGRI,2018-10-03T20:06:18Z
0,AGRICULTURE,Cereals,"Paddy (Dhan)",NA,"DBT  PROBLEM","MEET YOUR  COdeneter se mele",BIHAR,KHAGARIA,GOGRI,2018-10-03T20:06:18Z
0,AGRICULTURE,Others,Others,NA,"GOVT  SCHEMES","CONTACT AC",BIHAR,KHAGARIA,GOGRI,2018-10-05T14:22:17Z
0,AGRICULTURE,Others,Others,NA,"GOVT  SCHEMES","CONTACT AC",BIHAR,KHAGARIA,GOGRI,2018-10-05T14:22:17Z
0,AGRICULTURE,Others,Others,NA,"Weather information","Chance of rain in your area",BIHAR,KHAGARIA,MANSI,2018-10-06T14:37:31Z
0,AGRICULTURE,Others,Others,NA,"Weather information","Chance of rain in your area",BIHAR,KHAGARIA,MANSI,2018-10-06T14:37:31Z
KHARIF,AGRICULTURE,Others,Others,Weather,"Farmer's query about weather conditions in Bihar ?","Weather will be warm and humid , there is no chances of rain this week.",BIHAR,KHAGARIA,GOGRI,2018-10-08T07:44:06Z
KHARIF,AGRICULTURE,Others,Others,Weather,"Farmer's query about weather conditions in Bihar ?","Weather will be warm and humid , there is no chances of rain this week.",BIHAR,KHAGARIA,GOGRI,2018-10-08T07:44:06Z
0,AGRICULTURE,Cereals,"Paddy (Dhan)",NA,"infestation of case worm","spray cartap hydrochloride 4G @ 10Kg/ha",BIHAR,KHAGARIA,CHAUTHAM,2018-10-08T08:23:48Z
0,AGRICULTURE,Cereals,"Paddy (Dhan)",NA,"infestation of case worm","spray cartap hydrochloride 4G @ 10Kg/ha",BIHAR,KHAGARIA,CHAUTHAM,2018-10-08T08:23:48Z
0,AGRICULTURE,Others,Others,NA,KVK,"Krishi Vigyan Kendra, Khagaria At- Parmanandpur, Po- Koshi College, District- Khagaria. Contact person details : Dr. Brajendu Kumar",BIHAR,KHAGARIA,ALAULI,2018-10-08T13:31:37Z
0,AGRICULTURE,Others,Others,NA,KVK,"Krishi Vigyan Kendra, Khagaria At- Parmanandpur, Po- Koshi College, District- Khagaria. Contact person details : Dr. Brajendu Kumar",BIHAR,KHAGARIA,ALAULI,2018-10-08T13:31:37Z
0,AGRICULTURE,Others,Others,NA,"Weather information","no chance of  rain  in your area",BIHAR,KHAGARIA,ALAULI,2018-10-17T17:15:03Z
0,AGRICULTURE,Others,Others,NA,"Weather information","no chance of  rain  in your area",BIHAR,KHAGARIA,ALAULI,2018-10-17T17:15:03Z
0,AGRICULTURE,Others,Others,NA,"`Weather information","Cloudy weather, no rain likely.",BIHAR,KHAGARIA,CHAUTHAM,2018-10-17T18:54:16Z
0,AGRICULTURE,Others,Others,NA,"`Weather information","Cloudy weather, no rain likely.",BIHAR,KHAGARIA,CHAUTHAM,2018-10-17T18:54:16Z
0,NA,NA,NA,NA,"Dbt problem","Contact to block agriculture officer",BIHAR,KHAGARIA,ALAULI,2018-10-17T21:03:28Z
0,NA,NA,NA,NA,"Dbt problem","Contact to block agriculture officer",BIHAR,KHAGARIA,ALAULI,2018-10-17T21:03:28Z
0,AGRICULTURE,Others,Others,NA,"Weather information","Clear weather in your area,no chance of rain.",BIHAR,KHAGARIA,CHAUTHAM,2018-10-18T08:25:35Z
0,AGRICULTURE,Others,Others,NA,"Weather information","Clear weather in your area,no chance of rain.",BIHAR,KHAGARIA,CHAUTHAM,2018-10-18T08:25:35Z
0,AGRICULTURE,Others,Others,NA,"WEATHER INFORMATIN","Cloudy weather in your area, but no chance of rain.",BIHAR,KHAGARIA,ALAULI,2018-10-18T10:32:40Z
0,AGRICULTURE,Others,Others,NA,"WEATHER INFORMATIN","Cloudy weather in your area, but no chance of rain.",BIHAR,KHAGARIA,ALAULI,2018-10-18T10:32:40Z
0,HORTICULTURE,Vegetables,Cauliflower,NA,"dbm infested","tricofon@1ml/1l of water",BIHAR,KHAGARIA,GOGRI,2018-10-18T12:32:38Z
0,HORTICULTURE,Vegetables,Cauliflower,NA,"dbm infested","tricofon@1ml/1l of water",BIHAR,KHAGARIA,GOGRI,2018-10-18T12:32:38Z
0,AGRICULTURE,Others,Others,NA,"DBT PROBLEM","Contact to block agriculture officer",BIHAR,KHAGARIA,ALAULI,2018-10-19T07:46:57Z
0,AGRICULTURE,Others,Others,NA,"DBT PROBLEM","Contact to block agriculture officer",BIHAR,KHAGARIA,ALAULI,2018-10-19T07:46:57Z
0,AGRICULTURE,Others,Others,NA,"Dbt problem","Contact to block agriculture officer",BIHAR,KHAGARIA,CHAUTHAM,2018-10-19T11:40:38Z
0,AGRICULTURE,Others,Others,NA,"Dbt problem","Contact to block agriculture officer",BIHAR,KHAGARIA,CHAUTHAM,2018-10-19T11:40:38Z
0,NA,NA,NA,NA,"DBT related problem","Contact to block agriculture officer",BIHAR,KHAGARIA,BELDAUR,2018-10-20T09:16:30Z
0,NA,NA,NA,NA,"DBT related problem","Contact to block agriculture officer",BIHAR,KHAGARIA,BELDAUR,2018-10-20T09:16:30Z
0,AGRICULTURE,Others,Others,NA,"dbt related","contact agriculture coordinator of your block",BIHAR,KHAGARIA,CHAUTHAM,2018-10-20T09:49:57Z
0,AGRICULTURE,Others,Others,NA,"dbt related","contact agriculture coordinator of your block",BIHAR,KHAGARIA,CHAUTHAM,2018-10-20T09:49:57Z
0,AGRICULTURE,Cereals,"Paddy (Dhan)",NA,"Protection in paddy","Spray imidachloprid @ 1 ml/3 liter of water.",BIHAR,KHAGARIA,ALAULI,2018-10-20T11:54:27Z
0,AGRICULTURE,Cereals,"Paddy (Dhan)",NA,"Protection in paddy","Spray imidachloprid @ 1 ml/3 liter of water.",BIHAR,KHAGARIA,ALAULI,2018-10-20T11:54:27Z
0,AGRICULTURE,Cereals,"Paddy (Dhan)",NA,"Farmer's  query about weather information","Weather forecast for sunday, monday, tuesday, wednesday and thursday will be clear sky and there is no chances of rainfall.",BIHAR,KHAGARIA,GOGRI,2018-10-20T12:55:49Z
0,AGRICULTURE,Cereals,"Paddy (Dhan)",NA,"Farmer's  query about weather information","Weather forecast for sunday, monday, tuesday, wednesday and thursday will be clear sky and there is no chances of rainfall.",BIHAR,KHAGARIA,GOGRI,2018-10-20T12:55:49Z
0,AGRICULTURE,Others,Others,NA,"Weather information","Clear weather in your area,no chance of rain",BIHAR,KHAGARIA,KHAGARIA,2018-10-20T13:00:53Z
0,AGRICULTURE,Others,Others,NA,"Weather information","Clear weather in your area,no chance of rain",BIHAR,KHAGARIA,KHAGARIA,2018-10-20T13:00:53Z
0,AGRICULTURE,Others,Others,NA,"farmer wants to know about rainfall status in his district.","weather in formation :- no rainfall in 21/10/2018 to 25/10/2018",BIHAR,KHAGARIA,GOGRI,2018-10-20T13:36:44Z
0,AGRICULTURE,Others,Others,NA,"farmer wants to know about rainfall status in his district.","weather in formation :- no rainfall in 21/10/2018 to 25/10/2018",BIHAR,KHAGARIA,GOGRI,2018-10-20T13:36:44Z
0,AGRICULTURE,Others,Others,NA,"Weather information","Cloudy weather in your area, but no chance of rain.",BIHAR,KHAGARIA,CHAUTHAM,2018-10-20T20:59:21Z
0,AGRICULTURE,Others,Others,NA,"Weather information","Cloudy weather in your area, but no chance of rain.",BIHAR,KHAGARIA,CHAUTHAM,2018-10-20T20:59:21Z
0,HORTICULTURE,Fruits,Mango,NA,"INSECTR INFEATATION","SPRAY ACEPHATE 1 GRAM / LITRE PANI ME DO BAR AUR NEEM KA TEL K CHHIDKAW KRE",BIHAR,KHAGARIA,ALAULI,2018-10-21T07:03:58Z
0,HORTICULTURE,Fruits,Mango,NA,"INSECTR INFEATATION","SPRAY ACEPHATE 1 GRAM / LITRE PANI ME DO BAR AUR NEEM KA TEL K CHHIDKAW KRE",BIHAR,KHAGARIA,ALAULI,2018-10-21T07:03:58Z
0,HORTICULTURE,Vegetables,"Pea (Vegetable)",NA,"WEEDICIDE  PENDIMETHALIN","PRE EMERGENCE APPLICATION  @ 1KG AI/ HA",BIHAR,KHAGARIA,KHAGARIA,2018-10-21T08:55:13Z
0,HORTICULTURE,Vegetables,"Pea (Vegetable)",NA,"WEEDICIDE  PENDIMETHALIN","PRE EMERGENCE APPLICATION  @ 1KG AI/ HA",BIHAR,KHAGARIA,KHAGARIA,2018-10-21T08:55:13Z
0,AGRICULTURE,Others,Others,NA,"WEATHER INFORMATION","NO CHANCE OF RAIN IN YOUR AREA",BIHAR,KHAGARIA,CHAUTHAM,2018-10-21T11:17:03Z
0,AGRICULTURE,Others,Others,NA,"WEATHER INFORMATION","NO CHANCE OF RAIN IN YOUR AREA",BIHAR,KHAGARIA,CHAUTHAM,2018-10-21T11:17:03Z
0,AGRICULTURE,Others,Others,NA,"WEATHER INFORMATIN","Cloudy weather in your area, but no chance of rain.",BIHAR,KHAGARIA,ALAULI,2018-10-21T12:21:33Z
0,AGRICULTURE,Others,Others,NA,"WEATHER INFORMATIN","Cloudy weather in your area, but no chance of rain.",BIHAR,KHAGARIA,ALAULI,2018-10-21T12:21:33Z
0,AGRICULTURE,Cereals,"Paddy (Dhan)",NA,"Query about weather information in bihar khagaria distict",NA,BIHAR,KHAGARIA,KHAGARIA,2018-10-21T14:06:01Z
0,AGRICULTURE,Cereals,"Paddy (Dhan)",NA,"Query about weather information in bihar khagaria distict",NA,BIHAR,KHAGARIA,KHAGARIA,2018-10-21T14:06:01Z
0,AGRICULTURE,Others,Others,NA,"WEATHER INFORMATION","Cloudy weather in your area,but no chance of rain up to 2-3 days.",BIHAR,KHAGARIA,PARBATTA,2018-10-21T19:17:08Z
0,AGRICULTURE,Others,Others,NA,"WEATHER INFORMATION","Cloudy weather in your area,but no chance of rain up to 2-3 days.",BIHAR,KHAGARIA,PARBATTA,2018-10-21T19:17:08Z
0,AGRICULTURE,Others,Others,NA,"Weather information","Cloudy weather in your area, but no chance of rain.",BIHAR,KHAGARIA,BELDAUR,2018-10-21T21:00:57Z
0,AGRICULTURE,Others,Others,NA,"Weather information","Cloudy weather in your area, but no chance of rain.",BIHAR,KHAGARIA,BELDAUR,2018-10-21T21:00:57Z
0,AGRICULTURE,Others,Others,NA,"dbt related","contact agriculture coordinator",BIHAR,KHAGARIA,BELDAUR,2018-10-22T07:44:03Z
0,AGRICULTURE,Others,Others,NA,"Weather information","Weather will be clear and glowing sun",BIHAR,KHAGARIA,MANSI,2018-10-22T10:25:42Z
0,AGRICULTURE,Others,Others,NA,"WEATHER INFORMATIN","Weather will be clear and glowing sun",BIHAR,KHAGARIA,PARBATTA,2018-10-23T06:48:56Z
0,AGRICULTURE,Others,NA,NA,"Weather information","Clear sky in your area.no chance of rain.",BIHAR,KHAGARIA,BELDAUR,2018-10-23T09:19:49Z
0,AGRICULTURE,Others,Others,NA,"WEATHER INFORMATION","Cloudy weather in your area,but no chance of rain up to 2-3 days.",BIHAR,KHAGARIA,GOGRI,2018-10-23T10:28:26Z
0,AGRICULTURE,Others,Others,NA,"DBT  problem","Contact in your CSC",BIHAR,KHAGARIA,PARBATTA,2018-10-23T11:19:57Z
0,AGRICULTURE,Others,Others,NA,"DBT related problem","Contact to block agriculture officer",BIHAR,KHAGARIA,PARBATTA,2018-10-23T13:34:12Z
0,AGRICULTURE,Others,Others,NA,"Insect infestation","Syray Dimethoate 30% EC @ 2 ml / 3 lit of water",BIHAR,KHAGARIA,GOGRI,2018-10-23T18:07:02Z
0,AGRICULTURE,Others,Others,NA,"Weather information","Weather will be clear and glowing sun",BIHAR,KHAGARIA,ALAULI,2018-10-24T07:47:33Z
0,AGRICULTURE,Cereals,"Paddy (Dhan)",NA,"PADDY SEED PROBLEM","AAP KVK ME CONTACT KARE",BIHAR,KHAGARIA,GOGRI,2018-10-24T07:57:44Z
0,AGRICULTURE,Others,Others,NA,"Weather information","Weather will be clear and glowing sun",BIHAR,KHAGARIA,BELDAUR,2018-10-24T10:06:54Z
0,AGRICULTURE,Others,Others,NA,"Weather information","Clear weather in your area,no chance of rain.",BIHAR,KHAGARIA,GOGRI,2018-10-24T11:51:50Z
0,HORTICULTURE,Fruits,Mango,NA,"Anthracnose and stalk end-rot","spraying of Mancozeb 2g/lit 3 times at 15 days interval",BIHAR,KHAGARIA,ALAULI,2018-10-24T12:33:12Z
0,AGRICULTURE,Others,Others,NA,"DBT  problem","Contact in your block",BIHAR,KHAGARIA,PARBATTA,2018-10-24T13:14:44Z
0,AGRICULTURE,Others,Others,NA,"DBT  problem","Contact in your block",BIHAR,KHAGARIA,KHAGARIA,2018-10-24T13:44:28Z
0,AGRICULTURE,Others,Others,NA,"DBT  problem","contact to your agriculture coordinator",BIHAR,KHAGARIA,KHAGARIA,2018-10-24T20:28:11Z
0,AGRICULTURE,Others,Others,NA,"DBT PROBLEM","AAP BLOCK ME CONTACT KARE",BIHAR,KHAGARIA,GOGRI,2018-10-24T20:47:44Z
0,AGRICULTURE,Others,NA,NA,"Weather information","Weather will be clear and glowing sun",BIHAR,KHAGARIA,KHAGARIA,2018-10-25T10:08:32Z
0,AGRICULTURE,Others,Others,NA,"SOWING TIME OF CORIANDER","15 OCTOBER - 18 NOVEMBER",BIHAR,KHAGARIA,KHAGARIA,2018-10-25T10:40:55Z
0,HORTICULTURE,Fruits,Mango,NA,"FERTILIZER REQUIREMENT FOR MANGO","N:P:K 1KG:700G:700GRAM",BIHAR,KHAGARIA,GOGRI,2018-10-25T11:07:30Z
0,AGRICULTURE,Others,Others,NA,"Weather information","Weather will be clear and glowing sun",BIHAR,KHAGARIA,ALAULI,2018-10-25T13:29:02Z
0,AGRICULTURE,Others,Others,NA,"DBT  problem","contact to your agriculture coordinator",BIHAR,KHAGARIA,CHAUTHAM,2018-10-25T14:15:07Z
0,AGRICULTURE,Others,Others,NA,"Weather information","Cloudy weather in your area,   no chance of rain",BIHAR,KHAGARIA,CHAUTHAM,2018-10-25T14:37:27Z
0,NA,NA,NA,NA,"YELLOW LEAF OF BEANS","SPRAY CARBENEDAZIME 2.5GM/LIT OF WATER IN BEANS",BIHAR,KHAGARIA,KHAGARIA,2018-10-25T18:54:00Z
0,AGRICULTURE,Others,Others,NA,"technical problem","contact - 0612-2219900",BIHAR,KHAGARIA,GOGRI,2018-10-26T07:13:34Z
0,AGRICULTURE,Others,Others,NA,"DROUGHT PROBLEM","SERVER PROBLEM",BIHAR,KHAGARIA,ALAULI,2018-10-26T07:47:38Z
0,AGRICULTURE,Others,Others,NA,"Weather information","Clear  weather in your area, no chance of  rain.",BIHAR,KHAGARIA,ALAULI,2018-10-26T09:00:37Z
0,HORTICULTURE,Vegetables,Cabbage,NA,"growth stunted","spray micronutrients 2 ml / litre pani me",BIHAR,KHAGARIA,ALAULI,2018-10-26T09:00:54Z
0,NA,NA,NA,NA,dbt,NA,BIHAR,KHAGARIA,GOGRI,2018-10-26T10:15:04Z
0,AGRICULTURE,Oilseeds,Mustard,NA,"SEED TREATMENT","TREAT WITH FUNGICIDES 24 HRS BEFORE SOWING",BIHAR,KHAGARIA,KHAGARIA,2018-10-26T11:34:27Z
0,AGRICULTURE,Others,Others,NA,"WEATHER INFORMATION","Cloudy weather in your area, but no chance of rain.",BIHAR,KHAGARIA,KHAGARIA,2018-10-26T16:15:40Z
0,AGRICULTURE,Others,Others,NA,"Farmer registration",www.dbtagriculture.bihar.gov.in,BIHAR,KHAGARIA,KHAGARIA,2018-10-27T15:11:15Z
0,AGRICULTURE,Others,Others,NA,"Weather information","WEATHER WILL BE CLEAR AND GLOWING SUN",BIHAR,KHAGARIA,GOGRI,2018-10-28T13:14:45Z
0,AGRICULTURE,Others,Others,NA,"FARMER'S AQUERY ABOUT WEATHER","ACCORDING TO IMD DATA THRIR IS NO RAINFALL A LITTLE CHANCE OF FALLING RAINFALL ONLY ON 31 ST OCTOBER.",BIHAR,KHAGARIA,GOGRI,2018-10-28T13:28:41Z
0,AGRICULTURE,Others,Others,NA,"Weather information","WEATHER WILL BE CLEAR AND GLOWING SUN",BIHAR,KHAGARIA,NA,2018-10-28T13:45:55Z
0,AGRICULTURE,Others,Others,NA,"DBT related problem","Contact to block agriculture coordinator",BIHAR,KHAGARIA,KHAGARIA,2018-10-28T14:54:43Z
0,AGRICULTURE,Others,Others,NA,"WEATHER INFORMATION","Cloudy weather in your area, but no chance of rain.",BIHAR,KHAGARIA,CHAUTHAM,2018-10-28T17:10:38Z
0,AGRICULTURE,Others,Others,NA,"Weather information","Cloudy weather in your area, but no chance of rain",BIHAR,KHAGARIA,GOGRI,2018-10-29T07:08:41Z
0,AGRICULTURE,Others,Others,NA,"DBT PROBLEM","aap csc me contact kare",BIHAR,KHAGARIA,GOGRI,2018-10-29T07:48:32Z
0,AGRICULTURE,Others,Others,NA,"Weather information","Cloudy weather in your area,chance of little rain.",BIHAR,KHAGARIA,GOGRI,2018-10-29T07:57:01Z
0,AGRICULTURE,Others,Others,NA,"DBT PROBLEM","aap csc me contact kare",BIHAR,KHAGARIA,BELDAUR,2018-10-29T08:05:07Z
0,AGRICULTURE,Others,Others,NA,"Weather information","Cloudy weather in your area, but no chance of rain",BIHAR,KHAGARIA,CHAUTHAM,2018-10-29T10:31:41Z
0,AGRICULTURE,Others,Others,NA,"Weather information","Cloudy weather in your area,chance of little rain.",BIHAR,KHAGARIA,ALAULI,2018-10-29T17:01:13Z
0,AGRICULTURE,Others,Others,NA,"Weather information","Cloudy weather in your area,chance of little rain.",BIHAR,KHAGARIA,ALAULI,2018-10-29T19:44:43Z
0,AGRICULTURE,Others,Others,NA,"weather condition","????? ??? ???? ??????? ??? ???? 2 -3 ?? ????? ??? ?? ???? ???? ?????? ,????? ????? ???? ?? ??????? ???? ?? |",BIHAR,KHAGARIA,GOGRI,2018-10-30T07:11:17Z
0,AGRICULTURE,Others,Others,NA,"weather condition","Two sprayings of Propiconazole 25 EC @ 500ml/ha (or) Copper hydroxide 77 WP @ 1.25 kg/ha at boot leaf and 50% flowering stages",BIHAR,KHAGARIA,CHAUTHAM,2018-10-30T08:09:59Z
0,AGRICULTURE,Others,Others,NA,"Weather information","Weather will be clear and glowing sun",BIHAR,KHAGARIA,GOGRI,2018-10-30T08:19:28Z
0,AGRICULTURE,Others,Others,NA,"DBT -ROBLEM","NICHE DIYE  GAI E MAIL PAR  MAIL KARE",BIHAR,KHAGARIA,CHAUTHAM,2018-10-30T10:51:57Z
0,AGRICULTURE,Others,Others,NA,"DBT -ROBLEM","CONTACT IN YOUR BLOCK",BIHAR,KHAGARIA,PARBATTA,2018-10-30T11:23:39Z
0,AGRICULTURE,Others,Others,NA,"FARMER NEED WEATHER INFORMATION","THERE IS NO POSSIBILITY OF RAIN WITHIN THREE TO FOUR DAYS",BIHAR,KHAGARIA,KHAGARIA,2018-10-30T14:30:34Z
0,AGRICULTURE,Others,Others,NA,"DBT  problem",NA,BIHAR,KHAGARIA,ALAULI,2018-10-30T15:11:07Z
0,NA,NA,NA,NA,"DBT related problem","Contact to block agriculture   OFFICE",BIHAR,KHAGARIA,PARBATTA,2018-10-30T17:52:59Z
0,NA,NA,NA,NA,"DBT PROBLEM","Contact to block agriculture      OFFICER",BIHAR,KHAGARIA,PARBATTA,2018-10-30T18:20:56Z
0,NA,NA,NA,NA,"Weather information","Clear weather in your area,no chance of rain",BIHAR,KHAGARIA,PARBATTA,2018-10-30T18:42:50Z
0,AGRICULTURE,Others,Others,NA,"weather condition","????? ??? ???? ??????? ??? ???? 2 -3 ?? ????? ??? ?? ???? ???? ?????? ,????? ????? ???? ?? ??????? ???? ?? |",BIHAR,KHAGARIA,PARBATTA,2018-10-31T06:43:37Z
0,AGRICULTURE,Others,Others,NA,"WEATHER INFORMATION","Weather will be clear and glowing sun",BIHAR,KHAGARIA,PARBATTA,2018-10-31T13:48:20Z
