"Country/ State/ UT Name","District Name","Caste Category","Total/ Rural/ Urban","Marital Status","Present Age","Total Ever/Currently Married Women","Ever/Currently Married Women with Number of Surviving Children - 0","Ever/Currently Married Women with Number of Surviving Children - 1","Ever/Currently Married Women with Number of Surviving Children - 2","Ever/Currently Married Women with Number of Surviving Children - 3","Ever/Currently Married Women with Number of Surviving Children - 4","Ever/Currently Married Women with Number of Surviving Children - 5+","Total Surviving Children - Total","Total Surviving Children - Males","Total Surviving Children - Females"
Bihar,Dhanbad,"All Scheduled Castes",Rural,"Ever Married","All ages",56925,11759,9041,9040,9271,7521,10284,144679,79792,64887
Bihar,Dhanbad,"All Scheduled Castes",Rural,"Ever Married","Less than 15",842,792,38,12,0,0,0,62,45,17
Bihar,Dhanbad,"All Scheduled Castes",Rural,"Ever Married",15-19,5568,3350,1529,519,113,57,0,3134,1557,1577
Bihar,Dhanbad,"All Scheduled Castes",Rural,"Ever Married",20-24,9004,2463,2301,2175,1267,539,259,14069,7421,6648
Bihar,Dhanbad,"All Scheduled Castes",Rural,"Ever Married",25-29,8734,1326,1391,1706,2036,1406,869,21239,10995,10244
Bihar,Dhanbad,"All Scheduled Castes",Rural,"Ever Married",30-34,8073,904,774,1239,1934,1617,1596,24441,12595,11846
Bihar,Dhanbad,"All Scheduled Castes",Rural,"Ever Married",35-39,7536,697,588,984,1335,1371,2561,26721,15098,11623
Bihar,Dhanbad,"All Scheduled Castes",Rural,"Ever Married",40-44,5033,596,550,577,695,853,1762,17789,9795,7994
Bihar,Dhanbad,"All Scheduled Castes",Rural,"Ever Married",45-49,3869,452,474,433,597,646,1267,13375,7679,5696
Bihar,Dhanbad,"All Scheduled Castes",Rural,"Ever Married",50-54,3189,481,431,589,504,419,765,9316,5665,3651
Bihar,Dhanbad,"All Scheduled Castes",Rural,"Ever Married",55-59,1696,183,292,272,312,209,428,5159,3158,2001
Bihar,Dhanbad,"All Scheduled Castes",Rural,"Ever Married",60-64,1647,184,357,247,228,202,429,4833,3072,1761
Bihar,Dhanbad,"All Scheduled Castes",Rural,"Ever Married",65-69,723,150,150,107,118,66,132,1750,1050,700
Bihar,Dhanbad,"All Scheduled Castes",Rural,"Ever Married",70-74,550,94,98,81,73,106,98,1480,847,633
Bihar,Dhanbad,"All Scheduled Castes",Rural,"Ever Married",75-79,172,38,38,20,30,9,37,446,315,131
Bihar,Dhanbad,"All Scheduled Castes",Rural,"Ever Married","80 +",281,41,30,79,29,21,81,865,500,365
Bihar,Dhanbad,"All Scheduled Castes",Rural,"Currently Married","All ages",51341,10509,7885,8193,8381,6993,9371,131743,72176,59567
Bihar,Dhanbad,"All Scheduled Castes",Rural,"Currently Married","Less than 15",841,791,38,12,0,0,0,62,45,17
Bihar,Dhanbad,"All Scheduled Castes",Rural,"Currently Married",15-19,5519,3301,1529,519,113,57,0,3134,1557,1577
Bihar,Dhanbad,"All Scheduled Castes",Rural,"Currently Married",20-24,8841,2356,2262,2164,1267,536,256,13979,7370,6609
Bihar,Dhanbad,"All Scheduled Castes",Rural,"Currently Married",25-29,8560,1252,1355,1669,2014,1401,869,21043,10889,10154
Bihar,Dhanbad,"All Scheduled Castes",Rural,"Currently Married",30-34,7796,824,730,1205,1858,1580,1590,23922,12342,11580
Bihar,Dhanbad,"All Scheduled Castes",Rural,"Currently Married",35-39,7215,625,505,918,1295,1338,2534,26107,14748,11359
Bihar,Dhanbad,"All Scheduled Castes",Rural,"Currently Married",40-44,4544,476,447,496,642,801,1682,16679,9182,7497
Bihar,Dhanbad,"All Scheduled Castes",Rural,"Currently Married",45-49,3340,348,363,352,505,603,1169,12074,6912,5162
Bihar,Dhanbad,"All Scheduled Castes",Rural,"Currently Married",50-54,2178,252,261,381,329,345,610,7002,4307,2695
Bihar,Dhanbad,"All Scheduled Castes",Rural,"Currently Married",55-59,1176,95,119,213,236,174,339,3976,2453,1523
Bihar,Dhanbad,"All Scheduled Castes",Rural,"Currently Married",60-64,683,69,149,144,69,96,156,1922,1228,694
Bihar,Dhanbad,"All Scheduled Castes",Rural,"Currently Married",65-69,336,55,65,69,34,30,83,948,585,363
Bihar,Dhanbad,"All Scheduled Castes",Rural,"Currently Married",70-74,152,37,32,31,9,22,21,334,246,88
Bihar,Dhanbad,"All Scheduled Castes",Rural,"Currently Married",75-79,58,0,19,1,10,9,19,230,135,95
Bihar,Dhanbad,"All Scheduled Castes",Rural,"Currently Married","80 +",94,20,11,19,0,1,43,331,177,154
Bihar,Dhanbad,"All Scheduled Castes",Urban,"Ever Married","All ages",44157,8687,5557,6841,6717,6835,9520,122541,66908,55633
Bihar,Dhanbad,"All Scheduled Castes",Urban,"Ever Married","Less than 15",505,475,9,21,0,0,0,51,29,22
Bihar,Dhanbad,"All Scheduled Castes",Urban,"Ever Married",15-19,4008,2588,910,425,46,39,0,2054,1165,889
Bihar,Dhanbad,"All Scheduled Castes",Urban,"Ever Married",20-24,6019,1701,1367,1454,893,407,197,9647,5170,4477
Bihar,Dhanbad,"All Scheduled Castes",Urban,"Ever Married",25-29,6460,945,738,1245,1462,1059,1011,17357,8970,8387
Bihar,Dhanbad,"All Scheduled Castes",Urban,"Ever Married",30-34,7273,772,542,1078,1259,1768,1854,24048,13178,10870
Bihar,Dhanbad,"All Scheduled Castes",Urban,"Ever Married",35-39,6787,528,493,700,1244,1588,2234,25235,13796,11439
Bihar,Dhanbad,"All Scheduled Castes",Urban,"Ever Married",40-44,4553,543,441,485,546,704,1834,17073,9230,7843
Bihar,Dhanbad,"All Scheduled Castes",Urban,"Ever Married",45-49,3131,344,324,438,502,518,1005,10678,6114,4564
Bihar,Dhanbad,"All Scheduled Castes",Urban,"Ever Married",50-54,2198,307,268,359,345,332,587,6859,3854,3005
Bihar,Dhanbad,"All Scheduled Castes",Urban,"Ever Married",55-59,1295,161,224,233,204,169,304,3732,2154,1578
Bihar,Dhanbad,"All Scheduled Castes",Urban,"Ever Married",60-64,1029,170,120,200,118,131,290,3170,1767,1403
Bihar,Dhanbad,"All Scheduled Castes",Urban,"Ever Married",65-69,389,58,37,123,55,50,66,1071,586,485
Bihar,Dhanbad,"All Scheduled Castes",Urban,"Ever Married",70-74,251,22,73,40,12,50,54,739,422,317
Bihar,Dhanbad,"All Scheduled Castes",Urban,"Ever Married",75-79,74,0,11,20,1,10,32,296,181,115
Bihar,Dhanbad,"All Scheduled Castes",Urban,"Ever Married","80 +",141,29,0,20,30,10,52,531,292,239
Bihar,Dhanbad,"All Scheduled Castes",Urban,"Currently Married","All ages",40493,7932,5008,6136,6166,6395,8856,113349,61836,51513
Bihar,Dhanbad,"All Scheduled Castes",Urban,"Currently Married","Less than 15",504,475,9,20,0,0,0,49,29,20
Bihar,Dhanbad,"All Scheduled Castes",Urban,"Currently Married",15-19,3959,2552,898,425,46,38,0,2038,1152,886
Bihar,Dhanbad,"All Scheduled Castes",Urban,"Currently Married",20-24,5950,1661,1345,1452,893,404,195,9599,5132,4467
Bihar,Dhanbad,"All Scheduled Castes",Urban,"Currently Married",25-29,6333,899,717,1226,1438,1046,1007,17152,8862,8290
Bihar,Dhanbad,"All Scheduled Castes",Urban,"Currently Married",30-34,7057,708,525,1048,1208,1735,1833,23566,12935,10631
Bihar,Dhanbad,"All Scheduled Castes",Urban,"Currently Married",35-39,6505,486,448,663,1187,1531,2190,24463,13402,11061
Bihar,Dhanbad,"All Scheduled Castes",Urban,"Currently Married",40-44,4218,481,385,433,477,653,1789,16250,8778,7472
Bihar,Dhanbad,"All Scheduled Castes",Urban,"Currently Married",45-49,2681,262,278,351,405,471,914,9475,5402,4073
Bihar,Dhanbad,"All Scheduled Castes",Urban,"Currently Married",50-54,1603,212,186,234,251,260,460,5234,2903,2331
Bihar,Dhanbad,"All Scheduled Castes",Urban,"Currently Married",55-59,863,90,149,137,127,144,216,2637,1583,1054
Bihar,Dhanbad,"All Scheduled Castes",Urban,"Currently Married",60-64,447,28,54,87,87,43,148,1595,904,691
Bihar,Dhanbad,"All Scheduled Castes",Urban,"Currently Married",65-69,194,31,13,50,24,40,36,608,370,238
Bihar,Dhanbad,"All Scheduled Castes",Urban,"Currently Married",70-74,58,1,1,10,2,20,24,257,142,115
Bihar,Dhanbad,"All Scheduled Castes",Urban,"Currently Married",75-79,13,0,0,0,1,0,12,65,40,25
Bihar,Dhanbad,"All Scheduled Castes",Urban,"Currently Married","80 +",72,10,0,0,20,10,32,361,202,159
