Season,Sector,Category,Crop,QueryType,QueryText,KCCAns,StateName,DistrictName,BlockName,CreatedOn
RABI,HORTICULTURE,Vegetables,Bhindi(Okra/Ladysfinger),"Plant Protection","Red cotton bug","Spray phosphamidon 40 SL @ 600 ml/ha",BIHAR,MUNGER,SANGRAMPUR,2018-01-01T07:41:12Z
RABI,HORTICULTURE,Vegetables,Chillies,"Plant Protection","Yellow mite or muranai m","Phosalone 35 % EC 1.3 ml/lit. 
Propargite 57 % EC 2.5 ml/lit.",BIHAR,MUNGER,SANGRAMPUR,2018-01-03T07:35:10Z
RABI,AGRICULTURE,Cereals,Wheat,Weather,"WEATHER INFORMATION","???? ??????? ??? ????? ???? ?? ??????? ???? ?? ",BIHAR,MUNGER,ASARGANJ,2018-01-03T16:41:13Z
RABI,AGRICULTURE,Others,Others,Weather,"WEATHER INFORMATION","Cloudy weather in your area, but no chance of rain in your area.",BIHAR,MUNGER,ASARGANJ,2018-01-04T08:48:58Z
RABI,AGRICULTURE,Pulses,"Lentil (Masur)","Cultural Practices","Variety of moong","Variety of moong- pusa vishal, smart, sona",BIHAR,MUNGER,ASARGANJ,2018-01-04T09:11:12Z
RABI,HORTICULTURE,Vegetables,Chillies,"Plant Protection","Fruit Rot and Die Back","Good control of the disease has been reported by three sprayings with Ziram O. 25% Captan 0.2% or miltox 0.2%. Chemicals like wettable sulphur 0.2%, copper oxychloride 0.25% and Zineb 0.15% not only reduced the disease incidence but also increased the yield of fruits.",BIHAR,MUNGER,SANGRAMPUR,2018-01-04T10:40:55Z
RABI,AGRICULTURE,Others,Others,Weather,"WEATHER INFORMATION","NO CHANCE OF RAIN IN YOUR AREA",BIHAR,MUNGER,JAMALPUR,2018-01-04T11:28:52Z
RABI,AGRICULTURE,Others,Others,Weather,"WEATHER INFORMATION","NO CHANCE OF RAIN IN YOUR AREA",BIHAR,MUNGER,KHARAGPUR,2018-01-04T15:30:45Z
RABI,AGRICULTURE,Cereals,Wheat,"Plant Protection","attack of insect in wheat","spray with choloropyriphos @ 2 ml / lit of water",BIHAR,MUNGER,KHARAGPUR,2018-01-04T18:30:48Z
RABI,AGRICULTURE,Others,Others,Weather,"weather information","cloudy weather",BIHAR,MUNGER,KHARAGPUR,2018-01-04T18:33:32Z
RABI,AGRICULTURE,Others,Others,"Field Preparation","WEATHER INFORMATION","There is no possibility of rain in your area. Will the sun rise in the middle of the middle.",BIHAR,MUNGER,SANGRAMPUR,2018-01-04T19:54:06Z
RABI,AGRICULTURE,Others,Others,"Field Preparation","Mushroom cultivation","Mushroom cultivation -Dr. Dayaram - 9430464088",BIHAR,MUNGER,SANGRAMPUR,2018-01-04T19:58:04Z
RABI,AGRICULTURE,Others,Others,"Field Preparation","Growth regulator in mango","Spray planofix @ 1 ml in 4.5- 5 liter of water",BIHAR,MUNGER,SANGRAMPUR,2018-01-04T19:59:14Z
RABI,AGRICULTURE,Cereals,Wheat,Weather,"INFORMATION WEATHER","????? ???? ???? ?????",BIHAR,MUNGER,JAMALPUR,2018-01-05T12:28:24Z
KHARIF,HORTICULTURE,Vegetables,Potato,"Plant Protection","LATE BLIGHT IN POTATO","SPRAY MANCOZEB2.5GM/LIT OF WATER FOR  POTATO",BIHAR,MUNGER,"MUNGER SADAR",2018-01-05T14:54:48Z
RABI,AGRICULTURE,Others,Others,"Field Preparation","Variety of radish-","pusa chetki, pusa desi, pusa himani, pusa rashmi, japani safed",BIHAR,MUNGER,KHARAGPUR,2018-01-05T19:00:10Z
RABI,AGRICULTURE,Others,Others,"Field Preparation","Varieties of Spongegourd(Nenua)","Varieties of Spongegourd(Nenua):- Rajendra Nenua-1, Pusa Chikni or Pusa Supriya.",BIHAR,MUNGER,SANGRAMPUR,2018-01-06T15:33:38Z
RABI,AGRICULTURE,Others,Others,Weather,weather,"no rain",BIHAR,MUNGER,"MUNGER SADAR",2018-01-08T14:16:26Z
RABI,AGRICULTURE,Others,Others,"Field Preparation","Let variety which can you select like all of snow ball grup","Let variety which can you select like all of snow ball grup- Maghi, Snowball-1,pusa Snowball-1,pusa Snowball-2,pusa Snowball-16,pusa Snowball-K-1.Hybrid Himani swathi,Samer kingh.",BIHAR,MUNGER,KHARAGPUR,2018-01-09T08:14:48Z
RABI,AGRICULTURE,Others,Others,"Field Preparation","Nutrient managment","Nutrient managment IN 3 YEAR MANGO TREE- DAP 100 GRAM + UREA 50 GRAM + MOP 100 GRAM + 200 GRAM NEEM KAKE +FYM @ 4 KG PER PLANT",BIHAR,MUNGER,DHARHARA,2018-01-09T08:21:01Z
RABI,AGRICULTURE,Cereals,Wheat,Weather,"WEATHER INFORMATION","????? ???? ???? ????? ?????? ??? ???? ????? I",BIHAR,MUNGER,JAMALPUR,2018-01-09T16:37:12Z
RABI,AGRICULTURE,Cereals,Wheat,Weather,"WEATHER INFORMATION","????? ???? ???? ????? ?????? ??? ???? ????? I",BIHAR,MUNGER,JAMALPUR,2018-01-09T16:38:32Z
RABI,AGRICULTURE,Others,Others,"Field Preparation","Varieties of Spinach(Palak",") :- Pusa Jyoti Aalgrin, Jobaner Green,Pusa Bharti,Pusa Harit, Vilayati Palak, Verjiniya Sanway composite-1.",BIHAR,MUNGER,SANGRAMPUR,2018-01-10T14:31:14Z
KHARIF,AGRICULTURE,Cereals,Wheat,Varieties,weather,"no rain",BIHAR,MUNGER,"MUNGER SADAR",2018-01-10T18:36:39Z
RABI,AGRICULTURE,Others,Others,"Field Preparation","WEATHER INFORMATION","Very low cloudy area but no chance of rain",BIHAR,MUNGER,KHARAGPUR,2018-01-11T07:03:37Z
KHARIF,HORTICULTURE,Vegetables,Brinjal,"Plant Protection","fruit borer in brinjal","spray rogor 2ml/lit of water for brinjal",BIHAR,MUNGER,"MUNGER SADAR",2018-01-11T18:06:27Z
RABI,AGRICULTURE,Others,Others,"Field Preparation","WEATHER INFORMATION","Very low cloudy area but no chance of rain",BIHAR,MUNGER,KHARAGPUR,2018-01-12T07:36:48Z
RABI,HORTICULTURE,"Plantation Crops",Coconut,"Plant Protection","FRUIT DROPPING OF COCONUT","Sprary planofix 1ml in 4- 5 lit of water.",BIHAR,MUNGER,KHARAGPUR,2018-01-12T13:05:35Z
KHARIF,HORTICULTURE,Vegetables,Capsicum,"Plant Protection","LEAF CURL IN CHILIES","SPRAY OMITE AND DHANZIME 3-3ML/LIT OF WATER FOR CHILIES",BIHAR,MUNGER,"MUNGER SADAR",2018-01-12T17:50:09Z
JAYAD,HORTICULTURE,Vegetables,Onion,"Field Preparation","ONION WEED MANAGEMENT","SPRAY GOAL 2ML/LITRE OF WATER",BIHAR,MUNGER,BARIYARPUR,2018-01-13T09:32:11Z
JAYAD,AGRICULTURE,Others,Others,"Sowing Time and Weather","For farmer registration : www.krishimis.in","For farmer registration : www.krishimis.in",BIHAR,MUNGER,BARIYARPUR,2018-01-13T12:53:21Z
JAYAD,AGRICULTURE,Others,Others,"Field Preparation","TO PROTECT FROM COLD ATTACK","TO PROTECT FROM COLD ATTACK-SPRAY MANCOZEB 2 GRAM/LITRE OF WATER",BIHAR,MUNGER,BARIYARPUR,2018-01-13T13:53:42Z
RABI,AGRICULTURE,Others,Others,Weather,"WEATHER  INFORMATION","Cloudy weather ,Hazy sun,but not chance of rain",BIHAR,MUNGER,BARIYARPUR,2018-01-13T15:25:30Z
RABI,AGRICULTURE,Others,Others,"Plant Protection","nutrient deficiency","Spray multi micro nutrients @ 2 ml in 1 liter of water",BIHAR,MUNGER,BARIYARPUR,2018-01-13T15:30:51Z
RABI,AGRICULTURE,Others,Others,"Field Preparation","WEATHER INFORMATION","Very low cloudy area but no chance of rain",BIHAR,MUNGER,JAMALPUR,2018-01-13T16:19:57Z
RABI,AGRICULTURE,Others,Others,Weather,"WEATHER INFORMATION","No chance of rain in your area",BIHAR,MUNGER,KHARAGPUR,2018-01-14T15:08:25Z
RABI,AGRICULTURE,Others,Others,"Plant Protection","plant protection","SPRAY INDOFIL M-45 75% WP @ 2GRM/LIT OF WATER",BIHAR,MUNGER,KHARAGPUR,2018-01-14T15:11:06Z
JAYAD,AGRICULTURE,Others,Others,"Sowing Time and Weather","WEATHER INFORMATION","Hazy sun and cooler",BIHAR,MUNGER,BARIYARPUR,2018-01-16T07:55:21Z
KHARIF,AGRICULTURE,Others,Others,"Plant Protection","DISEASE PROBLEM IN FISH",NA,BIHAR,MUNGER,"MUNGER SADAR",2018-01-16T09:12:54Z
RABI,AGRICULTURE,Others,Others,"Field Preparation","CROP LOAN","For crop insurance consult to bank or agriculture insurance agency",BIHAR,MUNGER,BARIYARPUR,2018-01-17T12:56:57Z
RABI,AGRICULTURE,Others,Others,"Field Preparation","WEATHER INFORMATION","Cloudy weather in your area, but no chance of rain in your area.",BIHAR,MUNGER,ASARGANJ,2018-01-17T15:03:22Z
RABI,AGRICULTURE,Others,Others,"Field Preparation","Hybrid variety of paddy","6444, KRH-2, PHB-71, DRRH-1, CORH-3, pioniar, MTU-7029, JK-401",BIHAR,MUNGER,ASARGANJ,2018-01-17T17:41:41Z
RABI,AGRICULTURE,Others,Others,"Sowing Time and Weather","WEATHER INFORMATION","HAZY SUNSHINE WITH COLD",BIHAR,MUNGER,KHARAGPUR,2018-01-18T12:16:47Z
RABI,AGRICULTURE,Others,Others,"Field Preparation","MUSHROOM CULTIVATION","Mushroom cultivation -Dr. Dayaram - 9430464088",BIHAR,MUNGER,KHARAGPUR,2018-01-18T12:18:50Z
RABI,HORTICULTURE,Fruits,Mango,"Plant Protection","ROTTING OF MANGO FLOWER","SPRAY SULPHAR @ 2G/ LITRE WATER",BIHAR,MUNGER,ASARGANJ,2018-01-19T10:48:09Z
RABI,HORTICULTURE,Fruits,Mango,"Cultural Practices","WASHING OF MANGO TREE","Spray quinalphos  @ 2ml/lit of water",BIHAR,MUNGER,ASARGANJ,2018-01-19T10:52:12Z
RABI,AGRICULTURE,Millets,"Maize (Makka)","Plant Protection","LEAF BLIGHT PROBLEM OF MAIZE","Spray mancozeb @ 2g/lit of water",BIHAR,MUNGER,"MUNGER SADAR",2018-01-19T11:57:23Z
RABI,AGRICULTURE,Millets,"Maize (Makka)","Plant Protection","LEAF BLIGHT PROBLEM OF MAIZE","Spray mancozeb @ 2g/lit of water",BIHAR,MUNGER,"MUNGER SADAR",2018-01-19T12:36:15Z
RABI,AGRICULTURE,Pulses,"Bengal Gram (Gram/Chick Pea/Kabuli/Chana)","Plant Protection","APHID INSECT PROBLEM IN GARM","Spray malathion @ 2 G/lit of water",BIHAR,MUNGER,KHARAGPUR,2018-01-20T10:49:22Z
RABI,AGRICULTURE,Cereals,Wheat,"Weed Management","WEED MANAGEMENT IN WHEAT CROP","SPRAY 2,4D@ 1ml/2 litre pani  30-35th DIN",BIHAR,MUNGER,KHARAGPUR,2018-01-22T10:04:21Z
RABI,AGRICULTURE,Others,Others,Weather,"WEATHER  INFORMATION","Hazy sun,NO RAINING",BIHAR,MUNGER,KHARAGPUR,2018-01-22T10:05:04Z
KHARIF,AGRICULTURE,Others,Others,Weather,weather,"no rain",BIHAR,MUNGER,"MUNGER SADAR",2018-01-23T18:08:57Z
KHARIF,AGRICULTURE,Cereals,Wheat,"Plant Protection","DISEASE PROBLEM IN WHEAT","USE UREA 1.5KG AND ZINCSULPHATE200GM/KATHA IN WHEAT",BIHAR,MUNGER,"MUNGER SADAR",2018-01-23T18:39:00Z
RABI,AGRICULTURE,Cereals,Wheat,"Nutrient Management","nutrient management in wheat","Spray multi micro nutrients @ 2 g in 1 liter of water",BIHAR,MUNGER,KHARAGPUR,2018-01-24T09:28:31Z
RABI,AGRICULTURE,Pulses,"Lentil (Masur)","Plant Protection","aphid insect problem in lentil","Spray  Imidachloprid @ 1ml/3lit of water",BIHAR,MUNGER,KHARAGPUR,2018-01-24T09:33:31Z
RABI,AGRICULTURE,Cereals,Wheat,Weather,"Weather information","Cloudy weather  today and tomorrow  no chance of rain.",BIHAR,MUNGER,KHARAGPUR,2018-01-24T11:21:43Z
RABI,AGRICULTURE,Others,Others,"Sowing Time and Weather","WEATHER INFORMATION","Sunny weather in your area ,Condition of cold is normal,no chance of rain.",BIHAR,MUNGER,KHARAGPUR,2018-01-24T13:37:12Z
RABI,AGRICULTURE,Cereals,Wheat,Weather,"Weather information","The farmer's brother will stay awful around you and will also be a little sunny!",BIHAR,MUNGER,BARIYARPUR,2018-01-25T18:13:20Z
RABI,AGRICULTURE,Others,Others,Weather,"WEATHER INFORMATION","Very low cloudy area but no chance of rain",BIHAR,MUNGER,KHARAGPUR,2018-01-27T10:23:22Z
RABI,HORTICULTURE,Fruits,"Jack Fruit","Plant Protection","Rhizopus rot","Spray 1 % Bordeaux mixture or Copper oxychloride 2.5 g/lit. Three sprays must be given at 15 days interval.",BIHAR,MUNGER,TETIABAMBAR,2018-01-27T10:43:10Z
RABI,AGRICULTURE,Others,Others,"Field Preparation","There is no possibility of rain in your area. Will the sun rise in the middle of the middle.","There is no possibility of rain in your area. Will the sun rise in the middle of the middle.",BIHAR,MUNGER,KHARAGPUR,2018-01-27T15:06:27Z
RABI,AGRICULTURE,Cereals,"Paddy (Dhan)","Field Preparation","fungus attack on wheat","mancozeb-2g/lit water spray",BIHAR,MUNGER,BARIYARPUR,2018-01-27T16:03:23Z
RABI,AGRICULTURE,Others,Others,"Field Preparation","WEATHER INFORMATION","CHANCE OF RAIN IN YOUR AREA",BIHAR,MUNGER,KHARAGPUR,2018-01-27T17:12:28Z
JAYAD,HORTICULTURE,Vegetables,Brinjal,"Plant Protection","little leaf","spray rogor 2ml/lit of water for brinjal",BIHAR,MUNGER,"MUNGER SADAR",2018-01-27T21:11:00Z
RABI,HORTICULTURE,Vegetables,Chillies,"Plant Protection","Tobacco cutworm","Emamectin benzoate 5 % SG 4 g/10 lit. 
Flubendiamide 20 WDG 6.0 g /10 lit.",BIHAR,MUNGER,SANGRAMPUR,2018-01-28T06:58:17Z
RABI,AGRICULTURE,Cereals,"Paddy (Dhan)","Sowing Time and Weather","WEATHER INFORMATION","Cloudy weather in your area, but no chance of rain in your area",BIHAR,MUNGER,KHARAGPUR,2018-01-28T08:33:18Z
KHARIF,AGRICULTURE,Others,Others,Weather,weather,"no rain",BIHAR,MUNGER,"MUNGER SADAR",2018-01-30T14:16:33Z
KHARIF,HORTICULTURE,Vegetables,Brinjal,"Plant Protection","FRUIT BORER","SPRAY ROGOR 2ML/LIT  OF WATER FOR BRINJAL",BIHAR,MUNGER,"MUNGER SADAR",2018-01-30T17:33:50Z
RABI,AGRICULTURE,Cereals,Wheat,Weather,"insect attack in tomato","monocrotofos 2ml/lea pani",BIHAR,MUNGER,KHARAGPUR,2018-01-30T17:54:32Z
JAYAD,AGRICULTURE,Others,Others,"Plant Protection","Puccinia sp in mango","spray mancozeb @ 2 gm / lit of water",BIHAR,MUNGER,ASARGANJ,2018-01-31T13:13:01Z
RABI,AGRICULTURE,Others,Others,Weather,"WEATHER INFORMATION","Hazy weather in your area ,no chance of rain",BIHAR,MUNGER,KHARAGPUR,2018-01-31T15:58:07Z
RABI,AGRICULTURE,Others,Others,"Plant Protection","plant protection","Spray cloropyriphos @ 2.5 ml in 1 litre of water",BIHAR,MUNGER,KHARAGPUR,2018-01-31T16:00:04Z
RABI,AGRICULTURE,Others,Others,Weather,"WEATHER INFORMATION","Very low cloudy area but no chance of rain",BIHAR,MUNGER,KHARAGPUR,2018-01-31T17:17:02Z
