Season,Sector,Category,Crop,QueryType,QueryText,KCCAns,StateName,DistrictName,BlockName,CreatedOn
JAYAD,AGRICULTURE,Others,Others,Weather,"Weather information","chance of rain in your area",BIHAR,CHAMPARAN(EAST),HARSIDHI,2018-04-01T08:17:12Z
JAYAD,AGRICULTURE,Others,Others,Weather,"Weather information","CHANCE OF RAIN IN YOUR AREA",BIHAR,CHAMPARAN(EAST),ARERAJ,2018-04-01T09:03:53Z
JAYAD,AGRICULTURE,Others,Others,Weather,"Weather information","CHANCE OF RAIN IN YOUR AREA",BIHAR,CHAMPARAN(EAST),ARERAJ,2018-04-01T09:04:06Z
KHARIF,HORTICULTURE,Vegetables,Onion,"Nutrient Management","leaf drying","Spray Copper oxychloride 2gm per lit of water",BIHAR,CHAMPARAN(EAST),"PIPRA KOTHI",2018-04-01T11:02:02Z
JAYAD,AGRICULTURE,Others,Others,Weather,"WEATHER INFORMATION","CHANCE OF RAIN IN YOUR AREA",BIHAR,CHAMPARAN(EAST),"PIPRA KOTHI",2018-04-01T11:04:46Z
JAYAD,AGRICULTURE,Others,Others,Weather,"WEATHER INFORMATION","CHANCE OF RAIN IN YOUR AREA",BIHAR,CHAMPARAN(EAST),MADHUBAN,2018-04-01T11:18:05Z
JAYAD,AGRICULTURE,Others,Others,Weather,"WEATHER INFORMATION","Heavy Cloudy weather in your area, chance of rain in your area",BIHAR,CHAMPARAN(EAST),CHIRAIYA,2018-04-01T12:37:41Z
JAYAD,AGRICULTURE,Others,Others,Weather,"WEATHER INFORMATION","CHANCE OF RAIN IN YOUR AREA",BIHAR,CHAMPARAN(EAST),PAKRIDAYAL,2018-04-01T12:58:41Z
JAYAD,AGRICULTURE,Others,Others,Weather,"WEATHER INFORMATION","no chance of rain in your area",BIHAR,CHAMPARAN(EAST),DHAKA,2018-04-02T07:27:48Z
JAYAD,AGRICULTURE,Others,Others,Weather,"WEATHER INFORMATION","no chance of rain in your area",BIHAR,CHAMPARAN(EAST),MOTIHARI,2018-04-02T08:27:38Z
KHARIF,HORTICULTURE,Vegetables,Onion,"Nutrient Management","leaf tip drying","Spray Copper oxychloride 2gm per lit of water",BIHAR,CHAMPARAN(EAST),MOTIHARI,2018-04-02T08:28:53Z
JAYAD,AGRICULTURE,Others,Others,Weather,"WEATHER INFORMATION","Cloudy weather in your area, chance of rain in your area",BIHAR,CHAMPARAN(EAST),MADHUBAN,2018-04-02T08:29:07Z
JAYAD,AGRICULTURE,Others,Others,Weather,"WEATHER INFORMATION","Cloudy weather in your area, chance of rain in your area",BIHAR,CHAMPARAN(EAST),MOTIHARI,2018-04-02T11:31:28Z
JAYAD,AGRICULTURE,Others,Others,Weather,"WEATHER INFORMATION","Cloudy weather in your area, chance of rain in your area",BIHAR,CHAMPARAN(EAST),MOTIHARI,2018-04-02T11:32:53Z
JAYAD,AGRICULTURE,Others,Others,Weather,"WEATHER INFORMATION","Cloudy weather in your area and no chance of rain in your area",BIHAR,CHAMPARAN(EAST),KALYANPUR,2018-04-02T12:24:21Z
RABI,AGRICULTURE,Others,Others,"Field Preparation","Weather information","Heavy Cloudy weather in your area, no chance of rain in your area",BIHAR,CHAMPARAN(EAST),MEHSI,2018-04-02T17:04:38Z
RABI,AGRICULTURE,Others,Others,Weather,"weather information","Hazy weather in your area ,no chance of rain",BIHAR,CHAMPARAN(EAST),HARSIDHI,2018-04-03T19:25:56Z
RABI,HORTICULTURE,Fruits,Mango,"Plant Protection",mango,"Spray Imidacloprid 200 SL at 100 ml/ha
Methyl demeton 25 EC 500 ml/ha
Dimethoate 30 EC 500 ml/ha",BIHAR,CHAMPARAN(EAST),CHIRAIYA,2018-04-04T06:19:11Z
JAYAD,HORTICULTURE,Fruits,Mango,"Plant Protection","INFESTATION OF MANGO HOPPER","Spray imidachloprid @ 1ml/3 lit of water",BIHAR,CHAMPARAN(EAST),DHAKA,2018-04-04T06:51:07Z
JAYAD,HORTICULTURE,Fruits,Mango,"Plant Protection","FRUIT DROPPING OF MANGO","SPRAY PLANOFIX 1 ML/5LITRE OF WATER",BIHAR,CHAMPARAN(EAST),DHAKA,2018-04-04T06:52:11Z
RABI,AGRICULTURE,Cereals,Wheat,Weather,"WEATHER INFORMATION","Cloudy weather in your area up to 5 days,chance of little rain.",BIHAR,CHAMPARAN(EAST),MOTIHARI,2018-04-04T18:28:58Z
JAYAD,AGRICULTURE,Others,Others,Weather,"WEATHER INFORMATION","Today and tomorrow no chance of rain in your area.",BIHAR,CHAMPARAN(EAST),MADHUBAN,2018-04-04T19:00:06Z
JAYAD,AGRICULTURE,Others,Others,Weather,"Weather information","There will be light clouds in the sky chance of rain in your area",BIHAR,CHAMPARAN(EAST),MADHUBAN,2018-04-05T08:18:34Z
RABI,AGRICULTURE,Others,Others,Weather,"WEATHER INFORMATION","Cloudy weather, but chance of rain in your area",BIHAR,CHAMPARAN(EAST),KALYANPUR,2018-04-05T08:28:35Z
JAYAD,AGRICULTURE,Pulses,"Green Gram (Moong Bean/ Moong)",Varieties,"???? ?? ??????","Varieties of Moong - H.U.M-16, Pusa vishal, Samarat, Sona, P.S-16, S.M.L-668",BIHAR,CHAMPARAN(EAST),DHAKA,2018-04-05T13:28:51Z
RABI,AGRICULTURE,Others,Others,"Field Preparation","WEATHER INFORMATION","Today and tomorrow no chance of rain in your area.",BIHAR,CHAMPARAN(EAST),SUGAULI,2018-04-05T15:11:12Z
RABI,AGRICULTURE,Others,Others,"Field Preparation","WEATHER INFORMATION","Today and tomorrow no chance of rain in your area.",BIHAR,CHAMPARAN(EAST),MADHUBAN,2018-04-05T16:23:24Z
RABI,AGRICULTURE,Others,Others,"Field Preparation","Pest problem","Spray Imidacloroprid 17.8 SL @ 1 ml /3 lit of water",BIHAR,CHAMPARAN(EAST),SANGRAMPUR,2018-04-05T16:51:19Z
RABI,AGRICULTURE,Others,Others,Weather,"weather information","35 /24C 

Turning cloudy and very warm
  
 


Sat

Apr 7



35 /23 

A t-storm in the afternoon
 More  
 


Sun

Apr 8



34 /23 

Turning cloudy and very warm
 More  
 


Mon

Apr 9



33 /22 

Partly sunny and very warm
 More  
 


Tue

Apr 10



33 /22 

Partly sunny and very warm",BIHAR,CHAMPARAN(EAST),KOTWA,2018-04-06T06:14:22Z
JAYAD,AGRICULTURE,Others,Others,"Field Preparation","training muasrooms","sampark kvk",BIHAR,CHAMPARAN(EAST),MOTIHARI,2018-04-06T09:46:13Z
RABI,AGRICULTURE,Cereals,Wheat,Weather,"WEATHER INFORMATION","WEATHER INFORMATION Sunny weather but no rain in",BIHAR,CHAMPARAN(EAST),MOTIHARI,2018-04-06T10:50:41Z
RABI,AGRICULTURE,Cereals,Wheat,Weather,"WEATHER INFORMATION","WEATHER INFORMATION Sunny weather but no rain in",BIHAR,CHAMPARAN(EAST),BANKATWA,2018-04-06T10:51:14Z
JAYAD,AGRICULTURE,Others,Others,Weather,"WEATHER INFORMATION","????? ???  ???? ??????? ??? ?? ?? ?? ????? ???? ?? ???????  ??",BIHAR,CHAMPARAN(EAST),MOTIHARI,2018-04-06T14:16:16Z
JAYAD,AGRICULTURE,Others,Others,Weather,"Weather information","????? ??? ???? ????? ??? ????? ?? ????? ???? ??? ?????? ?????????? ???? ?? ??????? ??",BIHAR,CHAMPARAN(EAST),HARSIDHI,2018-04-07T08:40:16Z
JAYAD,AGRICULTURE,Others,Others,Weather,"WEATHER INFORMATION","CHANCE OF RAIN IN YOUR AREA",BIHAR,CHAMPARAN(EAST),KOTWA,2018-04-07T11:28:22Z
RABI,AGRICULTURE,Cereals,Wheat,Weather,"WEATHER INFORMATION","Chance to Rain in your No area",BIHAR,CHAMPARAN(EAST),KOTWA,2018-04-07T11:54:53Z
JAYAD,AGRICULTURE,Others,Others,Weather,"WEATHER INFORMATION","today and tomarrow chance of rain in your area",BIHAR,CHAMPARAN(EAST),RAXAUL,2018-04-07T16:25:46Z
JAYAD,AGRICULTURE,Others,Others,Weather,"WEATHER INFORMATION","today and tomarrow chance of rain in your area",BIHAR,CHAMPARAN(EAST),RAXAUL,2018-04-07T17:54:07Z
RABI,AGRICULTURE,Cereals,Wheat,Weather,"Weather Informesion","????? ??? ???? ???? ??? ?????",BIHAR,CHAMPARAN(EAST),MADHUBAN,2018-04-08T07:33:59Z
RABI,AGRICULTURE,Cereals,Wheat,Weather,"Weather Informesion","Cloudy weather today and tomorrow little chance of rain.",BIHAR,CHAMPARAN(EAST),MADHUBAN,2018-04-08T07:37:34Z
JAYAD,AGRICULTURE,Others,Others,Weather,"weather information","Cloudy weather,rain is likely in your area.",BIHAR,CHAMPARAN(EAST),PATAHI,2018-04-08T10:37:09Z
RABI,AGRICULTURE,Cereals,Wheat,Weather,"Weather Informesion","????  ??? ????? ??? ???? ??? ?????",BIHAR,CHAMPARAN(EAST),KOTWA,2018-04-08T12:37:46Z
JAYAD,AGRICULTURE,Others,Others,Weather,"WEATHER INFORMATION","Heavy Cloudy weather in your area, chance of rain in your area",BIHAR,CHAMPARAN(EAST),KOTWA,2018-04-08T12:42:14Z
RABI,AGRICULTURE,Cereals,Wheat,Weather,"Weather Informesion","????? ??? ???? ??? ????? ??? ????? ?? ????? ??? ?? ????? !",BIHAR,CHAMPARAN(EAST),KOTWA,2018-04-08T12:44:52Z
RABI,AGRICULTURE,Cereals,Wheat,Weather,"Weather Informesion","????? ??? ???? ??? ????? ??? ????? ?? ????? ??? ?? ????? !",BIHAR,CHAMPARAN(EAST),KOTWA,2018-04-08T12:44:53Z
RABI,AGRICULTURE,Cereals,Wheat,Weather,"Weather Informesion","Cloudy weather today and tomorrow little chance of rain.",BIHAR,CHAMPARAN(EAST),KOTWA,2018-04-08T12:46:19Z
JAYAD,AGRICULTURE,Others,Others,Weather,"WEATHER INFORMATION","Heavy Cloudy weather in your area, chance of rain in your area",BIHAR,CHAMPARAN(EAST),MOTIHARI,2018-04-08T13:42:10Z
JAYAD,AGRICULTURE,Others,Others,Weather,"WEATHER INFORMATION","Heavy Cloudy weather in your area, chance of rain in your area",BIHAR,CHAMPARAN(EAST),MOTIHARI,2018-04-08T13:42:26Z
JAYAD,AGRICULTURE,Others,Others,Weather,"weather information","Cloudy weather Today & tomorrow   chance of rain",BIHAR,CHAMPARAN(EAST),DHAKA,2018-04-09T11:50:29Z
JAYAD,AGRICULTURE,Others,Others,Weather,"WEATHER INFORMATION","Heavy Cloudy weather in your area, chance of rain in your area",BIHAR,CHAMPARAN(EAST),DHAKA,2018-04-09T15:47:06Z
RABI,AGRICULTURE,Others,Others,Weather,"weather information","Intervals of clouds and sunshine with a thunderstorm in a couple of spots this afternoon",BIHAR,CHAMPARAN(EAST),TETARIYA,2018-04-09T17:26:57Z
JAYAD,HORTICULTURE,Vegetables,"Pointed Gourd","Plant Protection","yellowing problem in pointed gourd","Spray copper oxycloride @ 2 gram in 1 litter of water",BIHAR,CHAMPARAN(EAST),DHAKA,2018-04-10T09:59:44Z
JAYAD,AGRICULTURE,Others,Others,Weather,"weather information","Cloudy weather Today & tomorrow   chance of rain",BIHAR,CHAMPARAN(EAST),DHAKA,2018-04-10T10:00:42Z
RABI,AGRICULTURE,Cereals,Wheat,Weather,"Weather information","Heavy Cloudy weather in your area, no chance of rain in your area",BIHAR,CHAMPARAN(EAST),MADHUBAN,2018-04-10T10:04:20Z
JAYAD,AGRICULTURE,Others,Others,Weather,"WEATHER INFORMATION","Heavy Cloudy weather in your area, chance of rain in your area",BIHAR,CHAMPARAN(EAST),DHAKA,2018-04-10T10:05:00Z
JAYAD,AGRICULTURE,"Sugar and Starch Crops","Sugarcane (Noble Cane)","Field Preparation","insect problem in sugercane","Chlorpyrifos 20 % EC @ 2 ml/litre water",BIHAR,CHAMPARAN(EAST),DHAKA,2018-04-10T10:10:51Z
JAYAD,AGRICULTURE,Others,Others,Weather,"weather information","Cloudy weather Today & tomorrow   chance of rain",BIHAR,CHAMPARAN(EAST),DHAKA,2018-04-10T10:12:06Z
RABI,AGRICULTURE,Cereals,Wheat,Weather,"Weather information","Heavy Cloudy weather in your area, no chance of rain in your area",BIHAR,CHAMPARAN(EAST),"PIPRA KOTHI",2018-04-10T11:29:16Z
RABI,AGRICULTURE,Others,Others,"Plant Protection","FLOWER DROPPING","Spray planofix 1ml in 4- 5 lit of water.  (NAA @ 20 ppm)",BIHAR,CHAMPARAN(EAST),RAMGARHWA,2018-04-10T15:33:04Z
JAYAD,AGRICULTURE,Others,Others,Weather,"WEATHER INFORMATION","Cloudy weather today and  tomorrow little chance of rain in your area.",BIHAR,CHAMPARAN(EAST),PATAHI,2018-04-10T17:33:06Z
JAYAD,AGRICULTURE,Others,Others,Weather,"WEATHER INFORMATION","Cloudy weather today and  tomorrow little chance of rain in your area.",BIHAR,CHAMPARAN(EAST),PATAHI,2018-04-10T17:33:07Z
RABI,AGRICULTURE,Others,Others,"Plant Protection","FRUIT DROPPING IN MANGO","Spray planofix @ 1 ml/ 4-5 litre of water",BIHAR,CHAMPARAN(EAST),ADAPUR,2018-04-11T08:50:48Z
RABI,AGRICULTURE,Others,Others,Weather,"Weather Information","Cloudy weather today and tomorrow little chance of rain",BIHAR,CHAMPARAN(EAST),MOTIHARI,2018-04-11T09:24:29Z
JAYAD,HORTICULTURE,Fruits,Litchi,"Plant Protection","FRUIT DROPPING OF LITCHI","Spray Planofix 1 ml/4-5 Litre of Water",BIHAR,CHAMPARAN(EAST),ARERAJ,2018-04-11T09:49:14Z
JAYAD,HORTICULTURE,Fruits,"Jack Fruit","Plant Protection","PRE MATURE FRUIT ROT OF JACKFRUIT","Spray Copper oxychloride @2 gm per lit of water",BIHAR,CHAMPARAN(EAST),ARERAJ,2018-04-11T09:51:11Z
JAYAD,HORTICULTURE,Fruits,"Jack Fruit","Nutrient Management","NUTRIENT MANAGEMENT IN JACKFRUIT","Spray Multi micro nutrient @ 2 gram in 1 litre of water",BIHAR,CHAMPARAN(EAST),ARERAJ,2018-04-11T09:52:18Z
JAYAD,AGRICULTURE,Others,Others,Weather,"WEATHER INFORMATION","Cloudy weather in your area,  chance of rain in your area",BIHAR,CHAMPARAN(EAST),ARERAJ,2018-04-11T11:09:06Z
JAYAD,AGRICULTURE,Others,Others,Weather,"WEATHER INFORMATION","Cloudy weather in your area,  chance of rain in your area",BIHAR,CHAMPARAN(EAST),MOTIHARI,2018-04-11T12:31:15Z
JAYAD,AGRICULTURE,Others,Others,Weather,"WEATHER INFORMATION","CHANCE OF RAIN IN YOUR AREA",BIHAR,CHAMPARAN(EAST),MOTIHARI,2018-04-11T12:32:27Z
JAYAD,AGRICULTURE,Others,Others,Weather,"WEATHER INFORMATION","today and tomarrow chance of rain in your area",BIHAR,CHAMPARAN(EAST),TURKAULIA,2018-04-11T14:41:09Z
JAYAD,AGRICULTURE,Others,Others,Weather,"WEATHER INFORMATION","today and tomarrow chance of rain in your area",BIHAR,CHAMPARAN(EAST),TURKAULIA,2018-04-11T14:41:24Z
JAYAD,AGRICULTURE,Others,Others,Weather,"WEATHER INFORMATION","today and tomarrow chance of rain in your area",BIHAR,CHAMPARAN(EAST),TURKAULIA,2018-04-11T14:41:41Z
RABI,AGRICULTURE,Cereals,Wheat,Weather,"weather information","?? ?? ?? ????? ?? ??????? ?? ",BIHAR,CHAMPARAN(EAST),HARSIDHI,2018-04-11T17:19:40Z
RABI,AGRICULTURE,Others,Others,Weather,"Weather information","There will be light clouds in the sky chance of rain in your area.",BIHAR,CHAMPARAN(EAST),CHIRAIYA,2018-04-12T11:11:51Z
JAYAD,AGRICULTURE,Others,Others,Weather,"WEATHER INFORMATION","Cloudy weather in your area,  chance of rain in your area",BIHAR,CHAMPARAN(EAST),RAXAUL,2018-04-12T13:27:21Z
RABI,AGRICULTURE,Others,Others,"Field Preparation","Yellow leaf problem","Spray mancozeb@2g/liter of water",BIHAR,CHAMPARAN(EAST),BANJARIYA,2018-04-12T14:48:45Z
RABI,AGRICULTURE,Others,Others,"Field Preparation","Yellow leaf problem","Spray mancozeb@2g/liter of water",BIHAR,CHAMPARAN(EAST),BANJARIYA,2018-04-12T15:23:06Z
KHARIF,AGRICULTURE,"Sugar and Starch Crops","Sugarcane (Noble Cane)","Plant Protection","INSECT PROBLEM IN SUGARCANE","SPRAY MONOCROTOPHOS TRIAZOPHOS 2ML/LIT OF WATER IN SUGARCANE",BIHAR,CHAMPARAN(EAST),ARERAJ,2018-04-12T20:10:21Z
JAYAD,AGRICULTURE,Others,Others,Weather,WEATHER,"NO RAIN",BIHAR,CHAMPARAN(EAST),MOTIHARI,2018-04-12T20:24:49Z
JAYAD,AGRICULTURE,Others,Others,Weather,"WEATHER INFORMATION","No chance of rain in your area",BIHAR,CHAMPARAN(EAST),MADHUBAN,2018-04-13T06:28:32Z
RABI,AGRICULTURE,Others,Others,"Plant Protection","Flower dropping problem in mango","Spray planofix @ 1 ml in 4.5- 5 liter of water",BIHAR,CHAMPARAN(EAST),"CHAKIA (PIPRA)",2018-04-13T11:47:00Z
JAYAD,AGRICULTURE,Pulses,"Green Gram (Moong Bean/ Moong)",Varieties,"Varieties of Moong","Varieties of Moong - H.U.M-16, pusa vishal, smart, sona, P.S-16, S.M.L-668",BIHAR,CHAMPARAN(EAST),KALYANPUR,2018-04-13T12:52:00Z
RABI,AGRICULTURE,Others,Others,"Plant Protection","Mealybug IN SUGARCANE","spray with dimethoate 30 EC @ 2 ml/ lit",BIHAR,CHAMPARAN(EAST),PAHARPUR,2018-04-13T17:54:41Z
JAYAD,AGRICULTURE,Others,Others,Weather,"weather information","Hazy weather in your area ,no chance of rain",BIHAR,CHAMPARAN(EAST),TURKAULIA,2018-04-14T10:15:25Z
JAYAD,HORTICULTURE,Vegetables,Mushroom,"Plant Protection","cultivation of mushroom","mushroom ki training ke liye aap kvk me contact kare",BIHAR,CHAMPARAN(EAST),MOTIHARI,2018-04-14T10:17:07Z
JAYAD,AGRICULTURE,Others,Others,Weather,"Weather information","no chance of rain in your area",BIHAR,CHAMPARAN(EAST),TURKAULIA,2018-04-14T10:48:40Z
RABI,AGRICULTURE,Others,Others,Weather,"Weather information","Cloudy weather in your area but no chance of rain in your area",BIHAR,CHAMPARAN(EAST),KOTWA,2018-04-14T10:51:49Z
RABI,AGRICULTURE,Others,Others,Weather,"Weather information","Cloudy weather in your area but no chance of rain in your area",BIHAR,CHAMPARAN(EAST),RAXAUL,2018-04-14T11:32:35Z
JAYAD,AGRICULTURE,Others,Others,Weather,"INFORMATION WEATHER","??? ???? ????? I ???? ??????? ??? ????? ?? ???????  ??? ??",BIHAR,CHAMPARAN(EAST),PATAHI,2018-04-14T11:37:06Z
JAYAD,AGRICULTURE,Others,Others,Weather,"Weather information","no chance of rain in your area",BIHAR,CHAMPARAN(EAST),HARSIDHI,2018-04-14T12:39:41Z
JAYAD,AGRICULTURE,Others,Others,Weather,"Weather information","no chance of rain in your area",BIHAR,CHAMPARAN(EAST),HARSIDHI,2018-04-14T12:41:30Z
JAYAD,AGRICULTURE,Others,Others,Weather,"WEATHER INFORMATION","NO CHANCE OF RAIN IN YOUR AREA",BIHAR,CHAMPARAN(EAST),MOTIHARI,2018-04-14T13:22:39Z
JAYAD,AGRICULTURE,Others,Others,Weather,"WEATHER INFORMATION","Cloudy weather in your area, no  chance of rain in your area",BIHAR,CHAMPARAN(EAST),MOTIHARI,2018-04-14T14:45:00Z
JAYAD,AGRICULTURE,Others,Others,Weather,"Flower dropping problem in mango","Spray Planofix 1 ml/4-5 Litre of Water",BIHAR,CHAMPARAN(EAST),MOTIHARI,2018-04-14T14:47:30Z
JAYAD,AGRICULTURE,Others,Others,Weather,"WEATHER INFORMATION","no  chance of rain in your area",BIHAR,CHAMPARAN(EAST),KALYANPUR,2018-04-15T10:07:00Z
RABI,AGRICULTURE,Others,Others,Weather,"Weather information","Cloudy weather in your area but no chance of rain in your area",BIHAR,CHAMPARAN(EAST),KALYANPUR,2018-04-15T10:30:45Z
JAYAD,AGRICULTURE,Others,Others,"Soil Testing","soil health card","consult to kisan salahkar",BIHAR,CHAMPARAN(EAST),KESARIA,2018-04-15T12:57:16Z
JAYAD,AGRICULTURE,Others,Others,"Plant Protection","Insect infestation","Spray chlorpyriphos @ 2 ml in 1 liter of water",BIHAR,CHAMPARAN(EAST),RAMGARHWA,2018-04-15T14:18:08Z
JAYAD,AGRICULTURE,Others,Others,"Plant Protection","YELLOWING OF LEAVES","Spray saaf @ 2 ml / lit of water",BIHAR,CHAMPARAN(EAST),RAMGARHWA,2018-04-15T14:20:37Z
JAYAD,HORTICULTURE,Fruits,"Jack Fruit","Plant Protection","YELLOWING AND DRYING OF JACK FRUIT LEAVES","SPRAY MANCOZEB @ 2GRAM PER LITRE WATER",BIHAR,CHAMPARAN(EAST),KESARIA,2018-04-16T07:37:08Z
JAYAD,AGRICULTURE,Others,Others,Weather,"Weather information","Cloudy weather in your area but no chance of rain in your area",BIHAR,CHAMPARAN(EAST),SUGAULI,2018-04-16T09:08:52Z
JAYAD,AGRICULTURE,Others,Others,Weather,"WEATHER INFORMATION","Cloudy weather in your area, no  chance of rain in your area",BIHAR,CHAMPARAN(EAST),KOTWA,2018-04-17T08:34:06Z
JAYAD,AGRICULTURE,Others,Others,Weather,"WEATHER INFORMATION","Cloudy weather in your area, no  chance of rain in your area",BIHAR,CHAMPARAN(EAST),KOTWA,2018-04-17T08:34:53Z
JAYAD,AGRICULTURE,Pulses,"Green Gram (Moong Bean/ Moong)","Government Schemes","online registration for moong",www.krishimis.in,BIHAR,CHAMPARAN(EAST),MOTIHARI,2018-04-17T13:00:02Z
JAYAD,AGRICULTURE,Others,Others,"Government Schemes","online registration for moong seed",www.krishimis.in,BIHAR,CHAMPARAN(EAST),KALYANPUR,2018-04-17T13:09:24Z
JAYAD,HORTICULTURE,Fruits,Mango,"Nutrient Management","FRUIT CRACKING OF MANGO","Spray borex @ 2 gram in 1 litre of water",BIHAR,CHAMPARAN(EAST),KALYANPUR,2018-04-17T13:27:08Z
JAYAD,AGRICULTURE,Others,Others,Weather,"Weather Information","?? ?? ??????? ??? ?? ?? ?? ???? ??? ????? ????? ???? ?? ??? ???????? ???? ??",BIHAR,CHAMPARAN(EAST),PAKRIDAYAL,2018-04-17T19:28:17Z
JAYAD,HORTICULTURE,Fruits,Mango,"Plant Protection","FRUIT DROPPING OF MANGO","Spray planofix @ 1ml in 4- 5 lit of water.",BIHAR,CHAMPARAN(EAST),PATAHI,2018-04-18T08:35:41Z
JAYAD,HORTICULTURE,Fruits,Mango,"Plant Protection","FRUIT DROPPING IN MANGO","Spray planofix @ 1 ml/ 4-5 litre of water",BIHAR,CHAMPARAN(EAST),TURKAULIA,2018-04-18T09:35:53Z
JAYAD,HORTICULTURE,Fruits,Mango,"Plant Protection","FRUIT DROPPING OF MANGO","SPRAY NAPTHELENE ACETIC ACID @ 1 ML PER 4-5 LITRE WATER",BIHAR,CHAMPARAN(EAST),TURKAULIA,2018-04-18T10:31:21Z
JAYAD,HORTICULTURE,Fruits,Mango,"Plant Protection","FRUIT DROPPING IN MANGO","SPRAY PLANOFIX @ 1ML/4-5 LITRE WATER",BIHAR,CHAMPARAN(EAST),TURKAULIA,2018-04-18T10:37:09Z
JAYAD,HORTICULTURE,Fruits,Mango,"Plant Protection","FUNGAL DISEASE PROBLEM IN MANGO","SPRAY SULPHAR @ 2G/LITRE WATER",BIHAR,CHAMPARAN(EAST),TURKAULIA,2018-04-18T10:39:10Z
JAYAD,AGRICULTURE,Others,Others,Weather,"WEATHER INFORMATION","no chance of rain in your area.",BIHAR,CHAMPARAN(EAST),TURKAULIA,2018-04-18T10:40:30Z
RABI,AGRICULTURE,Others,Others,"Field Preparation","FASAL BIMA","FASAL BIMA Toll free no-18001030061",BIHAR,CHAMPARAN(EAST),DHAKA,2018-04-18T10:54:02Z
JAYAD,AGRICULTURE,"Sugar and Starch Crops","Sugarcane (Noble Cane)","Plant Protection","TOP BORER INFESTATION IN SUNGARCANE","SPRAY CORAZANE @ 1 ML PER 2 LITRE OF WATER",BIHAR,CHAMPARAN(EAST),KALYANPUR,2018-04-18T11:39:36Z
RABI,AGRICULTURE,Others,Others,"Field Preparation","Weather information","Sunny weather but no rain in your area.",BIHAR,CHAMPARAN(EAST),DHAKA,2018-04-18T12:12:01Z
JAYAD,AGRICULTURE,Others,Others,Weather,"weather information","Hazy weather in your area ,no chance of rain",BIHAR,CHAMPARAN(EAST),PATAHI,2018-04-18T13:19:32Z
JAYAD,HORTICULTURE,Vegetables,Brinjal,"Plant Protection","INSECT INFESTATION OF BRINJAL","Spray neem oil, mix 2 ml in 1 liter of water and sprinkle it",BIHAR,CHAMPARAN(EAST),PATAHI,2018-04-18T13:20:38Z
JAYAD,AGRICULTURE,Others,Others,"Plant Protection","Growth regulator in mango","Spray Planofix @ 1 ml in 5 liter of water",BIHAR,CHAMPARAN(EAST),KALYANPUR,2018-04-19T08:28:21Z
JAYAD,AGRICULTURE,Others,Others,"Plant Protection","Pest problem","Spray Imidacloroprid 17.8 SL @ 1 ml /3 lit of water",BIHAR,CHAMPARAN(EAST),KALYANPUR,2018-04-19T08:30:53Z
JAYAD,AGRICULTURE,Others,Others,"Plant Protection","Pest problem","Spray Imidacloroprid 17.8 SL @ 1 ml /3 lit of water",BIHAR,CHAMPARAN(EAST),KALYANPUR,2018-04-19T08:44:45Z
RABI,AGRICULTURE,Cereals,Wheat,Weather,"WEATHER INFORMATION","???? ??? ?????, ????? ???? ?? ??? ??????? ??? ??",BIHAR,CHAMPARAN(EAST),MOTIHARI,2018-04-19T10:17:56Z
RABI,AGRICULTURE,Cereals,Wheat,Weather,"WEATHER INFORMATION","???? ??? ?????, ????? ???? ?? ??? ??????? ??? ??",BIHAR,CHAMPARAN(EAST),KESARIA,2018-04-19T10:22:27Z
RABI,AGRICULTURE,Cereals,Wheat,Weather,"WEATHER INFORMATION","???? ???  ?????  ????? ????? ???? ??  ???  ???????  ??? ??",BIHAR,CHAMPARAN(EAST),RAMGARHWA,2018-04-19T10:57:31Z
RABI,AGRICULTURE,Cereals,Wheat,Weather,"WEATHER INFORMATION","Cloudy weather in your area but no chance of rain in your area",BIHAR,CHAMPARAN(EAST),RAMGARHWA,2018-04-19T11:10:51Z
JAYAD,AGRICULTURE,Others,Others,Weather,"WEATHER INFORMATION","Cloudy weather in your area,no chance of rain in your area",BIHAR,CHAMPARAN(EAST),MADHUBAN,2018-04-19T12:06:56Z
JAYAD,AGRICULTURE,Others,Others,Weather,"WEATHER INFORMATION","Cloudy weather in your area,no chance of rain in your area",BIHAR,CHAMPARAN(EAST),MADHUBAN,2018-04-19T12:32:58Z
JAYAD,AGRICULTURE,Others,Others,Weather,"WEATHER INFORMATION","Cloudy weather in your area,no chance of rain in your area",BIHAR,CHAMPARAN(EAST),KALYANPUR,2018-04-19T13:20:20Z
JAYAD,AGRICULTURE,Others,Others,Weather,"WEATHER INFORMATION","no  chance of rain in your area",BIHAR,CHAMPARAN(EAST),"PIPRA KOTHI",2018-04-20T06:27:16Z
KHARIF,HORTICULTURE,Vegetables,Tomato,"Nutrient Management","flower dropping in tomato","Spray Planofix 1 ml/4-5 Litre of Water",BIHAR,CHAMPARAN(EAST),"PIPRA KOTHI",2018-04-20T06:29:55Z
KHARIF,HORTICULTURE,Vegetables,Tomato,"Nutrient Management","poor growth of fruit","spray multimicro nutrient @ 2gram/liter water",BIHAR,CHAMPARAN(EAST),"PIPRA KOTHI",2018-04-20T06:32:00Z
KHARIF,HORTICULTURE,Fruits,Litchi,"Nutrient Management","fruit dropping in litchi","spray planofix @ 1 ml/4 liter of water",BIHAR,CHAMPARAN(EAST),KALYANPUR,2018-04-20T10:05:03Z
JAYAD,AGRICULTURE,Others,Others,Weather,"WEATHER INFORMATION","no  chance of rain in your area",BIHAR,CHAMPARAN(EAST),KALYANPUR,2018-04-20T10:49:14Z
RABI,AGRICULTURE,Others,Others,Weather,"weather information","24 C 
RealFeel 28

Hazy sunshine
  


See Hourly

> 




Today

Apr 21



39 Hi 
RealFeel 41

Very hot with hazy sun
 More  



Tonight

Apr 21



22 Lo 
RealFeel 22

Hazy
 More  



Tomorrow

Apr 22



39 Hi 
RealFeel",BIHAR,CHAMPARAN(EAST),KOTWA,2018-04-21T06:19:33Z
JAYAD,AGRICULTURE,Others,Others,Weather,"weather information","TODAY chance of rain IN YOUR AREA",BIHAR,CHAMPARAN(EAST),KOTWA,2018-04-21T06:20:00Z
JAYAD,AGRICULTURE,Others,Others,Weather,"weather information","TODAY chance of rain IN YOUR AREA",BIHAR,CHAMPARAN(EAST),KOTWA,2018-04-21T06:22:59Z
JAYAD,AGRICULTURE,Others,Others,Weather,"weather information","TODAY chance of rain IN YOUR AREA",BIHAR,CHAMPARAN(EAST),SANGRAMPUR,2018-04-21T07:12:34Z
JAYAD,AGRICULTURE,Others,Others,Weather,"weather information","TODAY chance of rain IN YOUR AREA",BIHAR,CHAMPARAN(EAST),SANGRAMPUR,2018-04-21T07:14:05Z
RABI,AGRICULTURE,Cereals,Wheat,Weather,"Weather Information","?? ?? ??????? ??? ???? ??? ????? ?????  ????? ???? ?? ??? ???????? ???? ??",BIHAR,CHAMPARAN(EAST),ADAPUR,2018-04-21T08:00:29Z
JAYAD,AGRICULTURE,Others,Others,Weather,"ONLINE REGISTRATION FOR MOONG","Kisan registration www.krishimis.in",BIHAR,CHAMPARAN(EAST),CHIRAIYA,2018-04-21T08:17:06Z
RABI,AGRICULTURE,Others,Others,"Plant Protection","Mango Hopper
Amritodus atkinsoni","Spray Imidacloroprid @ 1 ml / 3 lit of water",BIHAR,CHAMPARAN(EAST),PHENHARA,2018-04-21T11:11:06Z
JAYAD,AGRICULTURE,Pulses,"Green Gram (Moong Bean/ Moong)","Cultural Practices","leaf yellowing","Spray Copper oxychloride @2 gm per lit of water",BIHAR,CHAMPARAN(EAST),"CHAKIA (PIPRA)",2018-04-21T13:04:27Z
RABI,AGRICULTURE,Others,Others,Weather,"WEATHER INFORMATION","Cloudy weather in your area but no chance of rain in your area",BIHAR,CHAMPARAN(EAST),KOTWA,2018-04-21T13:37:29Z
JAYAD,AGRICULTURE,Others,Others,Weather,"Weather information","Sunny weather but no rain in your area.",BIHAR,CHAMPARAN(EAST),MOTIHARI,2018-04-21T15:15:05Z
JAYAD,AGRICULTURE,Others,Others,Weather,"Weather information","Sunny weather but no rain in your area.",BIHAR,CHAMPARAN(EAST),DHAKA,2018-04-21T18:01:25Z
JAYAD,AGRICULTURE,Others,Others,Weather,"WEATHER INFORMATION","	Cloudy weather in your area, but no chance of rain in your area.",BIHAR,CHAMPARAN(EAST),CHAWRADANO,2018-04-22T08:40:37Z
JAYAD,HORTICULTURE,Fruits,Mango,"Plant Protection","INFESTATION OF MANGO HOPPER","SPRAY OF MONOCROTOPHOS @ 1 ML PER LITRE WATER",BIHAR,CHAMPARAN(EAST),RAMGARHWA,2018-04-22T13:15:42Z
JAYAD,HORTICULTURE,Fruits,Mango,"Plant Protection","Fruit dropping problem in mango","SPRAY PLANOFIX/NAPTHALENE ACETIC ACID 1 ML/4-5 LITRE OF WATER",BIHAR,CHAMPARAN(EAST),KALYANPUR,2018-04-23T10:19:49Z
JAYAD,HORTICULTURE,Fruits,Litchi,Floriculture,"FLOWER INITIATION IN LITCHI","Spray boomflower @ 2 ml in 1 litre of water",BIHAR,CHAMPARAN(EAST),KALYANPUR,2018-04-23T10:20:58Z
RABI,AGRICULTURE,Others,Others,Weather,"Weather information","Cloudy weather in your area but no chance of rain in your area",BIHAR,CHAMPARAN(EAST),"PIPRA KOTHI",2018-04-23T15:16:53Z
JAYAD,AGRICULTURE,Others,Others,Weather,"WEATHER INFORMATION","Cloudy weather in your area but no chance of rain in your area",BIHAR,CHAMPARAN(EAST),PATAHI,2018-04-24T07:11:47Z
RABI,AGRICULTURE,Others,Others,Varieties,"variety of brinjal","pusa anmol,arka navneet,pusa hybrid-5",BIHAR,CHAMPARAN(EAST),ARERAJ,2018-04-24T14:14:40Z
RABI,AGRICULTURE,Cereals,Wheat,Weather,"Weather Information","???? ??? ????? ?? ?? ?? ????? ?? ??? ??????? ???? ??",BIHAR,CHAMPARAN(EAST),ADAPUR,2018-04-25T16:03:26Z
RABI,AGRICULTURE,Others,Others,"Plant Protection","Sett rot:Ceratocytis paradoxa","Apply carbendazim @ 2gm/lit of water at the root zone area and same as follow at 15 days interval",BIHAR,CHAMPARAN(EAST),SUGAULI,2018-04-25T16:23:35Z
RABI,AGRICULTURE,Others,Others,Weather,"Weather information","Cloudy weather in your area but no chance of rain in your area",BIHAR,CHAMPARAN(EAST),SUGAULI,2018-04-25T16:27:36Z
JAYAD,AGRICULTURE,Others,Others,Weather,"weather information","Cloudy weather Today & tomorrow   chance of rain",BIHAR,CHAMPARAN(EAST),DHAKA,2018-04-25T18:25:29Z
RABI,AGRICULTURE,Cereals,Wheat,Weather,"Weather Information","?? ?? ??????? ??? ?? ?? ?? ???? ??? ????? ?? ?? ????? ???? ?? ????????",BIHAR,CHAMPARAN(EAST),DHAKA,2018-04-25T18:29:23Z
JAYAD,AGRICULTURE,Others,Others,Weather,"WEATHER INFORMATION","TODAY AND TOMARROW CHANCE OF RAIN IN YOUR AREA",BIHAR,CHAMPARAN(EAST),DHAKA,2018-04-26T07:48:04Z
JAYAD,AGRICULTURE,Others,Others,"Agriculture Mechanization","For farmer registration","For farmer registration : www.krishimis.in",BIHAR,CHAMPARAN(EAST),KESARIA,2018-04-26T10:29:18Z
RABI,AGRICULTURE,Others,Others,Weather,"Weather Information","Cloudy weather today and tomorrow little chance of rain.",BIHAR,CHAMPARAN(EAST),PATAHI,2018-04-26T10:34:19Z
RABI,AGRICULTURE,Others,Others,Weather,"Weather Information","Cloudy weather today and tomorrow little chance of rain",BIHAR,CHAMPARAN(EAST),CHIRAIYA,2018-04-26T11:48:18Z
JAYAD,AGRICULTURE,Others,Others,"Plant Protection","Nutritional medicine","Spray Multi micro nutrient @ 2 gram in 1 liter of water",BIHAR,CHAMPARAN(EAST),BANKATWA,2018-04-26T16:25:45Z
JAYAD,HORTICULTURE,Fruits,Mango,"Plant Protection","FRUIT DROPPING IN MANGO","SPRAY PLANOFIX @ 1ML/4-5 LITRE WATER",BIHAR,CHAMPARAN(EAST),KALYANPUR,2018-04-27T10:01:51Z
JAYAD,AGRICULTURE,Others,Others,Weather,"WEATHER INFORMATION","TODAY AND TOMARROW CHANCE OF RAIN IN YOUR AREA",BIHAR,CHAMPARAN(EAST),KALYANPUR,2018-04-27T10:33:26Z
JAYAD,AGRICULTURE,Others,Others,"Plant Protection","Plant protection","Spray copper oxychloride @ 2 gram in 1 litre of water",BIHAR,CHAMPARAN(EAST),KESARIA,2018-04-27T15:41:07Z
JAYAD,AGRICULTURE,Others,Others,Weather,"Weather information","???? ???  ?????, ????? ????? ???? ?? ??????? ??",BIHAR,CHAMPARAN(EAST),SUGAULI,2018-04-27T18:13:15Z
JAYAD,AGRICULTURE,Cereals,Wheat,"Plant Protection","TERMITE INFESTATION IN WHEAT","SPRAY CHLORPYRIPHOS @ 2 ML PER LITRE WATER",BIHAR,CHAMPARAN(EAST),PATAHI,2018-04-28T12:26:30Z
JAYAD,AGRICULTURE,Others,Others,"Plant Protection","plant protection","SPRAY COPPER OXY CHLORIDE 2 GRAM/LITRE OF WATER",BIHAR,CHAMPARAN(EAST),MOTIHARI,2018-04-29T08:02:05Z
JAYAD,HORTICULTURE,Vegetables,Bhindi(Okra/Ladysfinger),"Plant Protection","INSECT PROBLEM IN BHINDI","AAP SHAM KE TIME DAWA SPRAY KARE",BIHAR,CHAMPARAN(EAST),BANKATWA,2018-04-29T10:08:31Z
JAYAD,AGRICULTURE,Others,Others,Weather,"WEATHER INFORMATION","TODAY AND TOMARROW CHANCE OF RAIN IN YOUR AREA",BIHAR,CHAMPARAN(EAST),BANKATWA,2018-04-29T10:11:06Z
JAYAD,AGRICULTURE,Others,Others,Weather,"WEATHER INFORMATION","TODAY AND TOMARROW CHANCE OF RAIN IN YOUR AREA",BIHAR,CHAMPARAN(EAST),BANKATWA,2018-04-29T10:11:52Z
JAYAD,AGRICULTURE,Others,Others,Weather,"Weather information","Cloudy weather in your area chance of rain in your area",BIHAR,CHAMPARAN(EAST),KOTWA,2018-04-29T10:14:30Z
JAYAD,AGRICULTURE,Others,Others,Weather,"Weather information","Heavy Cloudy weather in your area, chance of rain in your area",BIHAR,CHAMPARAN(EAST),KESARIA,2018-04-29T15:19:32Z
JAYAD,AGRICULTURE,Others,Others,"Plant Protection","Insect infestation","Spray chlorpyriphos @ 2 ml in 1 liter of water",BIHAR,CHAMPARAN(EAST),KOTWA,2018-04-29T17:57:54Z
RABI,AGRICULTURE,Cereals,Wheat,Weather,"WEATHER INFORMATION","???? ??????? ??? ????? ???? ?? ??????? ???? ?? ",BIHAR,CHAMPARAN(EAST),PATAHI,2018-04-29T18:08:52Z
JAYAD,AGRICULTURE,Others,Others,"Plant Protection","Yellow leaf problem","SPRAY COPPER OXY CHLORIDE 2 GRAM/LITRE OF WATER",BIHAR,CHAMPARAN(EAST),MEHSI,2018-04-29T19:35:59Z
RABI,AGRICULTURE,Cereals,Wheat,Weather,"WEATHER INFORMATION","?? ???? ??????? ??? ???? ??? ????? ?????  ????? ?? ???  ???????  ??? ??",BIHAR,CHAMPARAN(EAST),DHAKA,2018-04-30T10:23:53Z
RABI,AGRICULTURE,Cereals,Wheat,Weather,"WEATHER INFORMATION","?? ???? ??????? ??? ???? ??? ????? ?????  ????? ?? ???  ???????  ??? ??",BIHAR,CHAMPARAN(EAST),"PIPRA KOTHI",2018-04-30T11:00:44Z
JAYAD,AGRICULTURE,Others,Others,Weather,"Weather information","Cloudy weather in your area, chance of rain in your area",BIHAR,CHAMPARAN(EAST),KALYANPUR,2018-04-30T13:54:58Z
JAYAD,AGRICULTURE,Others,Others,Weather,"WEATHER INFORMATION","Cloudy weather today and  tomorrow little chance of rain in your area.",BIHAR,CHAMPARAN(EAST),KOTWA,2018-04-30T20:23:56Z
JAYAD,AGRICULTURE,Others,Others,Weather,"WEATHER INFORMATION","Cloudy weather today and  tomorrow little chance of rain in your area.",BIHAR,CHAMPARAN(EAST),KOTWA,2018-04-30T20:24:09Z
JAYAD,AGRICULTURE,Others,Others,Weather,"WEATHER INFORMATION","Cloudy weather today and  tomorrow little chance of rain in your area.",BIHAR,CHAMPARAN(EAST),KOTWA,2018-04-30T20:24:24Z
JAYAD,AGRICULTURE,Others,Others,Weather,"WEATHER INFORMATION","Cloudy weather today and  tomorrow little chance of rain in your area.",BIHAR,CHAMPARAN(EAST),KOTWA,2018-04-30T20:24:46Z
JAYAD,AGRICULTURE,Others,Others,Weather,"WEATHER INFORMATION","Cloudy weather today and  tomorrow little chance of rain in your area.",BIHAR,CHAMPARAN(EAST),KOTWA,2018-04-30T20:26:08Z
