Season,Sector,Category,Crop,QueryType,QueryText,KCCAns,StateName,DistrictName,BlockName,CreatedOn
KHARIF,AGRICULTURE,Others,Others,"Field Preparation","weather information","Cloudy weather Today & tomorrow   chance of rain",BIHAR,SIWAN,HUSSAINGANJ,2018-05-01T15:42:12Z
JAYAD,AGRICULTURE,Others,Others,"Field Preparation","weather information","Cloudy weather Today & tomorrow   chance of rain",BIHAR,SIWAN,HUSSAINGANJ,2018-05-01T15:48:09Z
JAYAD,AGRICULTURE,Others,Others,"Field Preparation",kvk,contact-kvk,BIHAR,SIWAN,"BHAGWANPUR HAT",2018-05-02T12:40:30Z
RABI,AGRICULTURE,Cereals,Wheat,Weather,"Weather information","TODAY AND TOMORROW NO CHANCE OF RAIN",BIHAR,SIWAN,GUTHANI,2018-05-02T15:39:20Z
RABI,AGRICULTURE,Others,Others,"Plant Protection","Yellowing of leaf","Spray mancozeb @ 2g/lit of water",BIHAR,SIWAN,GUTHANI,2018-05-02T16:02:43Z
RABI,AGRICULTURE,Cereals,Wheat,Weather,"Weather information","TODAY AND TOMORROW NO CHANCE OF RAIN",BIHAR,SIWAN,SISWAN,2018-05-04T08:19:57Z
JAYAD,HORTICULTURE,Fruits,Mango,"Plant Protection","Government Scheme Website -",www.krishi.bih.nic.in.,BIHAR,SIWAN,"BHAGWANPUR HAT",2018-05-04T12:48:35Z
JAYAD,AGRICULTURE,Others,Others,Weather,"WEATHER INFORMATION","Cloudy weather in your area, chance of rain in your area",BIHAR,SIWAN,DARAUNDHA,2018-05-04T18:17:27Z
KHARIF,HORTICULTURE,Vegetables,Bhindi(Okra/Ladysfinger),"Nutrient Management","leaf yellowing in bhindi","Spray Copper oxychloride @2 gm per lit of water",BIHAR,SIWAN,DARAULI,2018-05-05T06:51:16Z
JAYAD,AGRICULTURE,Others,Others,"Field Preparation","WEATHER INFORMATION","today and tomarrow chance of rain in your area",BIHAR,SIWAN,ZIRADEI,2018-05-05T07:10:53Z
JAYAD,HORTICULTURE,Vegetables,"Bitter Gourd","Plant Protection","Fruit fly of bitter gourd","Spray malathion @ 2ml/lit of water",BIHAR,SIWAN,BARHARIA,2018-05-05T12:30:38Z
JAYAD,AGRICULTURE,Others,Others,"Field Preparation","Weather information","Weather will be clear and glowing sun",BIHAR,SIWAN,HUSSAINGANJ,2018-05-06T08:33:28Z
RABI,AGRICULTURE,Cereals,Wheat,Weather,"WEATHER INFORMATION","????? ????  ??  ????????  ????  ??",BIHAR,SIWAN,BASANTPUR,2018-05-07T11:34:20Z
RABI,AGRICULTURE,Cereals,Wheat,Weather,"WEATHER INFORMATION","NO CHANCE OF RAIN IN YOUR AREA",BIHAR,SIWAN,BASANTPUR,2018-05-07T11:35:18Z
JAYAD,AGRICULTURE,Others,Others,"Field Preparation","weather information","Cloudy weather, rain is not likely in your area.",BIHAR,SIWAN,HUSSAINGANJ,2018-05-07T15:33:15Z
JAYAD,AGRICULTURE,Others,Others,Weather,"weather information","Hazy weather in your area ,no chance of rain",BIHAR,SIWAN,GORIAKOTHI,2018-05-08T06:40:02Z
JAYAD,AGRICULTURE,Others,Others,"Field Preparation","Insect infestation","Spray imidachloprid @1ml/3lit of water",BIHAR,SIWAN,ZIRADEI,2018-05-08T07:21:20Z
JAYAD,AGRICULTURE,Others,Others,Varieties,"Varity of rice for low land area","Varity of rice for low land area
Rajshree, satyam, sakuntla, rajendra mansuri, swarna sab 1",BIHAR,SIWAN,NAUTAN,2018-05-08T09:54:53Z
JAYAD,AGRICULTURE,Others,Others,"Field Preparation","For farmer registration","For farmer registration : www.krishimis.in",BIHAR,SIWAN,BARHARIA,2018-05-08T11:26:18Z
JAYAD,AGRICULTURE,Others,Others,"Field Preparation","For farmer registration","For farmer registration : www.krishimis.in",BIHAR,SIWAN,BARHARIA,2018-05-08T11:28:38Z
JAYAD,AGRICULTURE,Others,Others,"Field Preparation","For farmer registration","For farmer registration : www.krishimis.in",BIHAR,SIWAN,BARHARIA,2018-05-08T11:45:44Z
JAYAD,AGRICULTURE,Others,Others,Weather,"weather information","???? ??? ?????? , ?? ????? ?? ??????? ?? ",BIHAR,SIWAN,BASANTPUR,2018-05-09T08:41:37Z
RABI,AGRICULTURE,Cereals,Wheat,Weather,"Weather information","TODAY AND TOMORROW NO CHANCE OF RAIN",BIHAR,SIWAN,GORIAKOTHI,2018-05-09T11:48:21Z
RABI,AGRICULTURE,Cereals,Wheat,Weather,"WEATHER INFORMATION","?? ???? ??????? ??? ???? ??? ????? ?????  ????? ?? ???  ???????  ??? ??",BIHAR,SIWAN,BASANTPUR,2018-05-09T14:58:06Z
RABI,HORTICULTURE,Vegetables,Chillies,"Plant Protection","Tobacco cutworm","Indoxacarb 14.5 % SC 6.5 ml/10 lit. 
Novaluron 10 % EC 7.5 ml/10 lit. 
Spinosad 45 % SC 3.2 ml/10 lit.",BIHAR,SIWAN,"BHAGWANPUR HAT",2018-05-09T18:18:37Z
JAYAD,AGRICULTURE,Others,Others,"Field Preparation","Weather information","Cloudy weather in your area, chance of rain in your area",BIHAR,SIWAN,HUSSAINGANJ,2018-05-10T09:35:45Z
JAYAD,AGRICULTURE,Others,Others,"Field Preparation","Weather information","Cloudy weather in your area, no  chance of rain in your area",BIHAR,SIWAN,GORIAKOTHI,2018-05-10T12:24:19Z
JAYAD,AGRICULTURE,Others,Others,"Field Preparation","Weather information","Cloudy weather in your area but no chance of rain in your area",BIHAR,SIWAN,BASANTPUR,2018-05-11T07:49:51Z
JAYAD,AGRICULTURE,Others,Others,Weather,"Weather Information","Cloudy weather today and tomorrow little chance of rain.",BIHAR,SIWAN,SIWAN,2018-05-11T17:53:29Z
RABI,AGRICULTURE,Cereals,Wheat,Weather,"WEATHER INFORMATION","?? ???? ??????? ??? ???? ??? ????? ?????  ????? ?? ???  ???????  ??? ??",BIHAR,SIWAN,BASANTPUR,2018-05-12T21:49:07Z
JAYAD,AGRICULTURE,Others,Others,"Field Preparation","WEATHER INFORMATION","Cloudy weather in your area but no chance of rain in your area",BIHAR,SIWAN,MAHARAJGANJ,2018-05-13T10:59:12Z
JAYAD,AGRICULTURE,Others,Others,"Field Preparation","WEATHER INFORMATION","Cloudy weather in your area but no chance of rain in your area",BIHAR,SIWAN,MAHARAJGANJ,2018-05-13T12:14:48Z
JAYAD,AGRICULTURE,Others,Others,"Field Preparation",pest,"SPRAY COPPEROXYCHLORIDE @ 2 G IN 1 LITRE + STEPTOCYCLENE @1 ML IN 15 LITRE OF LITRE OF WATER",BIHAR,SIWAN,MAHARAJGANJ,2018-05-13T12:30:13Z
JAYAD,AGRICULTURE,Others,Others,Weather,"WEATHER INFORMATION","Heavy Cloudy weather in your area, chance of rain in your area",BIHAR,SIWAN,MAHARAJGANJ,2018-05-13T17:57:28Z
JAYAD,AGRICULTURE,Others,Others,"Field Preparation","Weather information","TODAY AND TOMORROW NO CHANCE OF RAIN",BIHAR,SIWAN,BASANTPUR,2018-05-14T10:24:04Z
RABI,AGRICULTURE,Others,Others,Varieties,"variety of paddy FOR LOWER LAND","satym,rajendra mansuri1,M.T.U7029",BIHAR,SIWAN,ANDAR,2018-05-14T12:21:54Z
RABI,AGRICULTURE,Others,Others,Weather,"Weather information","There will be light clouds in the sky no chance of rain in your area.",BIHAR,SIWAN,ZIRADEI,2018-05-14T13:59:45Z
JAYAD,AGRICULTURE,Others,Others,"Field Preparation","Farmer Reg","Farmer Reg. & Anudan:- dbtagriculture.bihar.gov.in",BIHAR,SIWAN,DARAULI,2018-05-15T09:49:47Z
JAYAD,AGRICULTURE,Others,Others,Weather,"weather information","Hazy weather in your area ,no chance of rain",BIHAR,SIWAN,SIWAN,2018-05-16T10:34:31Z
JAYAD,AGRICULTURE,Others,Others,Weather,"Weather information","Cloudy weather in your area chance of rain in your area",BIHAR,SIWAN,"BHAGWANPUR HAT",2018-05-16T14:01:07Z
RABI,AGRICULTURE,Others,Others,"Plant Protection","Insect infestation","Spray malathion @ 2ml/lit of water",BIHAR,SIWAN,DARAULI,2018-05-16T19:29:07Z
RABI,AGRICULTURE,Others,Others,Weather,"weather information","Hazy weather in your area ,no chance of rain",BIHAR,SIWAN,DARAULI,2018-05-16T19:36:50Z
