Season,Sector,Category,Crop,QueryType,QueryText,KCCAns,StateName,DistrictName,BlockName,CreatedOn
KHARIF,AGRICULTURE,Others,Others,Weather,"WEATHER INFORMATION","Cloudy weather in your area, chance of rain in your area .",BIHAR,DARBHANGA,GAURABAURAM,2018-09-02T10:06:38Z
KHARIF,AGRICULTURE,Others,Others,Weather,"WEATHER INFORMATION","Cloudy weather in your area, chance of rain in your area .",BIHAR,DARBHANGA,GAURABAURAM,2018-09-02T10:06:38Z
KHARIF,AGRICULTURE,Others,Others,Weather,"WEATHER INFORMATION","Cloudy weather in your area, chance of rain in your area .",BIHAR,DARBHANGA,BAHERI,2018-09-02T13:05:40Z
KHARIF,AGRICULTURE,Others,Others,Weather,"WEATHER INFORMATION","Cloudy weather in your area, chance of rain in your area .",BIHAR,DARBHANGA,BAHERI,2018-09-02T13:05:40Z
KHARIF,AGRICULTURE,Others,Others,Weather,"WEATHER INFORMATION","CHANCE OF RAIN IN YOUR AREA",BIHAR,DARBHANGA,GAURABAURAM,2018-09-03T06:26:37Z
KHARIF,AGRICULTURE,Others,Others,Weather,"WEATHER INFORMATION","CHANCE OF RAIN IN YOUR AREA",BIHAR,DARBHANGA,GAURABAURAM,2018-09-03T06:26:37Z
KHARIF,AGRICULTURE,Others,Others,Weather,"Weather Information","Mostly cloudy, a shower or thunderstorm",BIHAR,DARBHANGA,BAHADURPUR,2018-09-05T17:32:43Z
KHARIF,AGRICULTURE,Others,Others,Weather,"Weather Information","Mostly cloudy, a shower or thunderstorm",BIHAR,DARBHANGA,BAHADURPUR,2018-09-05T17:32:43Z
KHARIF,AGRICULTURE,Cereals,"Paddy (Dhan)","Plant Protection","TERMITE INSECT PROBLEM IN RICE FIELD","SPRAY CHLOROPYRIPHOS 20 EC 2 ML /LITRE PANI",BIHAR,DARBHANGA,BIRAUL,2018-09-06T08:44:09Z
KHARIF,AGRICULTURE,Cereals,"Paddy (Dhan)","Plant Protection","TERMITE INSECT PROBLEM IN RICE FIELD","SPRAY CHLOROPYRIPHOS 20 EC 2 ML /LITRE PANI",BIHAR,DARBHANGA,BIRAUL,2018-09-06T08:44:09Z
KHARIF,AGRICULTURE,Cereals,"Paddy (Dhan)","Plant Protection","YELLOWING LEAF PROBLEM IN RICE FIELD CROP","SPRAY MANCOZEB @ 2 GRAM / LITRE PANI",BIHAR,DARBHANGA,BIRAUL,2018-09-06T08:46:27Z
KHARIF,AGRICULTURE,Cereals,"Paddy (Dhan)","Plant Protection","YELLOWING LEAF PROBLEM IN RICE FIELD CROP","SPRAY MANCOZEB @ 2 GRAM / LITRE PANI",BIHAR,DARBHANGA,BIRAUL,2018-09-06T08:46:27Z
KHARIF,AGRICULTURE,Pulses,"Rajma (french bean)","Plant Protection","Rotting problem IN BOTTE GOURD","Spray copper oxychloride @ 2 gram in 1 litre of water",BIHAR,DARBHANGA,JALE,2018-09-06T13:14:08Z
KHARIF,AGRICULTURE,Pulses,"Rajma (french bean)","Plant Protection","Rotting problem IN BOTTE GOURD","Spray copper oxychloride @ 2 gram in 1 litre of water",BIHAR,DARBHANGA,JALE,2018-09-06T13:14:08Z
KHARIF,AGRICULTURE,Others,Others,Weather,"Weather Information","cloudy weather in your area ,little chance of rain",BIHAR,DARBHANGA,JALE,2018-09-06T13:37:05Z
KHARIF,AGRICULTURE,Others,Others,Weather,"Weather Information","cloudy weather in your area ,little chance of rain",BIHAR,DARBHANGA,JALE,2018-09-06T13:37:05Z
KHARIF,AGRICULTURE,Others,Others,Weather,"Weather Information","cloudy weather in your area ,little chance of rain",BIHAR,DARBHANGA,"HANUMAN NAGAR",2018-09-06T18:52:23Z
KHARIF,AGRICULTURE,Others,Others,Weather,"Weather Information","cloudy weather in your area ,little chance of rain",BIHAR,DARBHANGA,"HANUMAN NAGAR",2018-09-06T18:52:23Z
KHARIF,AGRICULTURE,Others,Others,Weather,"WEATHER INFORMATION","Cloudy weather in your area, chance of rain in your area .",BIHAR,DARBHANGA,"HANUMAN NAGAR",2018-09-08T11:33:38Z
KHARIF,AGRICULTURE,Others,Others,Weather,"WEATHER INFORMATION","Cloudy weather in your area, chance of rain in your area .",BIHAR,DARBHANGA,"HANUMAN NAGAR",2018-09-08T11:33:38Z
KHARIF,AGRICULTURE,Others,Others,Weather,"WEATHER INFORMATION","Cloudy weather in your area, chance of rain in your area .",BIHAR,DARBHANGA,SINGHWARA,2018-09-08T15:57:04Z
KHARIF,AGRICULTURE,Others,Others,Weather,"WEATHER INFORMATION","Cloudy weather in your area, chance of rain in your area .",BIHAR,DARBHANGA,SINGHWARA,2018-09-08T15:57:04Z
KHARIF,AGRICULTURE,Others,Others,Weather,"WEATHER INFORMATION","Cloudy weather in your area, chance of rain in your area",BIHAR,DARBHANGA,ALINAGAR,2018-09-09T11:51:25Z
KHARIF,AGRICULTURE,Others,Others,Weather,"Weather information","Cloudy weather in your area Today and tomorrow little chance of rain.",BIHAR,DARBHANGA,BAHERI,2018-09-11T10:22:31Z
KHARIF,AGRICULTURE,Others,Others,Weather,"Weather information","Cloudy weather in your area Today and tomorrow little chance of rain.",BIHAR,DARBHANGA,BAHERI,2018-09-11T10:22:31Z
KHARIF,AGRICULTURE,Others,Others,"Sowing Time and Weather","sowing time of barseem",octber,BIHAR,DARBHANGA,JALE,2018-09-11T14:45:02Z
KHARIF,AGRICULTURE,Others,Others,"Sowing Time and Weather","sowing time of barseem",octber,BIHAR,DARBHANGA,JALE,2018-09-11T14:45:02Z
0,AGRICULTURE,Others,Others,NA,"DIESEL SUBSIDY","CONTACT TO AGRICULTURE COORDINATOR",BIHAR,DARBHANGA,BIRAUL,2018-09-13T08:44:50Z
0,AGRICULTURE,Others,Others,NA,"DIESEL SUBSIDY","CONTACT TO AGRICULTURE COORDINATOR",BIHAR,DARBHANGA,BIRAUL,2018-09-13T08:44:50Z
0,AGRICULTURE,Others,Others,NA,"cooperative department contact number",18003456290,BIHAR,DARBHANGA,"KUSHESHWAR ASTHAN",2018-09-13T09:36:12Z
0,AGRICULTURE,Others,Others,NA,"cooperative department contact number",18003456290,BIHAR,DARBHANGA,"KUSHESHWAR ASTHAN",2018-09-13T09:36:12Z
0,HORTICULTURE,Vegetables,Cauliflower,NA,"growth promotion in cauliflower","Recommended Dose of npk for cauliflower: 200:125:125 kg/ha
RECOMMENDED DOSE OF NPK FOR MARIGOLD  90: 90:75kg NPK/ha.",BIHAR,DARBHANGA,BAHERI,2018-09-14T09:51:35Z
0,HORTICULTURE,Vegetables,Cauliflower,NA,"growth promotion in cauliflower","Recommended Dose of npk for cauliflower: 200:125:125 kg/ha
RECOMMENDED DOSE OF NPK FOR MARIGOLD  90: 90:75kg NPK/ha.",BIHAR,DARBHANGA,BAHERI,2018-09-14T09:51:35Z
0,AGRICULTURE,Others,Others,NA,"weather information","chance to little rain in your area.",BIHAR,DARBHANGA,SINGHWARA,2018-09-14T11:53:38Z
0,AGRICULTURE,Others,Others,NA,"weather information","chance to little rain in your area.",BIHAR,DARBHANGA,SINGHWARA,2018-09-14T11:53:38Z
0,AGRICULTURE,Others,Others,NA,"weather information","chance to little rain in your area.",BIHAR,DARBHANGA,"HANUMAN NAGAR",2018-09-14T13:24:16Z
0,AGRICULTURE,Others,Others,NA,"weather information","chance to little rain in your area.",BIHAR,DARBHANGA,"HANUMAN NAGAR",2018-09-14T13:24:16Z
0,AGRICULTURE,Others,Others,NA,"QUARY FOR DBT","TO MEET BLOK OFFICER",BIHAR,DARBHANGA,DARBHANGA,2018-09-14T16:13:37Z
0,AGRICULTURE,Others,Others,NA,"QUARY FOR DBT","TO MEET BLOK OFFICER",BIHAR,DARBHANGA,DARBHANGA,2018-09-14T16:13:37Z
0,AGRICULTURE,Others,Others,NA,"DBT PROBLEM","AAP BLOCK ME CONTACT KARE",BIHAR,DARBHANGA,ALINAGAR,2018-09-14T17:52:05Z
0,AGRICULTURE,Others,Others,NA,"DBT PROBLEM","AAP BLOCK ME CONTACT KARE",BIHAR,DARBHANGA,ALINAGAR,2018-09-14T17:52:05Z
0,AGRICULTURE,Others,Others,NA,"Weather information","Cloudy weather, Today & tomorrow little chance of rain",BIHAR,DARBHANGA,"HANUMAN NAGAR",2018-09-14T18:53:40Z
0,AGRICULTURE,Others,Others,NA,"Weather information","Cloudy weather, Today & tomorrow little chance of rain",BIHAR,DARBHANGA,"HANUMAN NAGAR",2018-09-14T18:53:40Z
0,AGRICULTURE,Others,Others,NA,"govt schemes","contact BAO",BIHAR,DARBHANGA,BAHADURPUR,2018-09-14T21:54:30Z
0,AGRICULTURE,Others,Others,NA,"govt schemes","contact BAO",BIHAR,DARBHANGA,BAHADURPUR,2018-09-14T21:54:30Z
0,AGRICULTURE,Others,NA,NA,"weather information","Today little chance of rain in your area",BIHAR,DARBHANGA,SINGHWARA,2018-09-15T11:49:28Z
0,AGRICULTURE,Others,NA,NA,"weather information","Today little chance of rain in your area",BIHAR,DARBHANGA,SINGHWARA,2018-09-15T11:49:28Z
0,AGRICULTURE,Others,Others,NA,"DBT PROBLEM","AAP BLOCK ME CONTACT KARE",BIHAR,DARBHANGA,JALE,2018-09-15T12:38:09Z
0,AGRICULTURE,Others,Others,NA,"DBT PROBLEM","AAP BLOCK ME CONTACT KARE",BIHAR,DARBHANGA,JALE,2018-09-15T12:38:09Z
0,HORTICULTURE,Vegetables,Cauliflower,NA,"INSECT INFESTATION  IN CAULIFLOWER  CROP","SPRAY MALATHION @ 2 GRAM / LITRE WATER",BIHAR,DARBHANGA,"HANUMAN NAGAR",2018-09-15T12:49:49Z
0,HORTICULTURE,Vegetables,Cauliflower,NA,"INSECT INFESTATION  IN CAULIFLOWER  CROP","SPRAY MALATHION @ 2 GRAM / LITRE WATER",BIHAR,DARBHANGA,"HANUMAN NAGAR",2018-09-15T12:49:49Z
0,AGRICULTURE,Cereals,"Paddy (Dhan)",NA,"Bacteria leaf blight of paddy","Spray copper oxy chloride @ 2.5 gram + streptocycline @ 0.5 gram per litre water",BIHAR,DARBHANGA,NA,2018-09-16T17:19:06Z
0,AGRICULTURE,Others,Others,NA,"Weather information","no chance of rain in your area",BIHAR,DARBHANGA,BAHADURPUR,2018-09-17T07:16:41Z
0,AGRICULTURE,Others,Others,NA,"Weather information","no chance of rain in your area",BIHAR,DARBHANGA,BAHADURPUR,2018-09-17T07:16:41Z
0,AGRICULTURE,Others,Others,NA,"dbt error","consult to agriculture coordinator",BIHAR,DARBHANGA,ALINAGAR,2018-09-17T12:53:32Z
0,AGRICULTURE,Others,Others,NA,"dbt error","consult to agriculture coordinator",BIHAR,DARBHANGA,ALINAGAR,2018-09-17T12:53:32Z
0,AGRICULTURE,Others,Others,NA,"Online dbt registration","Contact to agriculture coordinator or district agriculture officer",BIHAR,DARBHANGA,NA,2018-09-17T14:02:20Z
0,AGRICULTURE,Others,NA,NA,"Weather information","Partly cloudy weather in your area,but no chance of rain.",BIHAR,DARBHANGA,BAHADURPUR,2018-09-18T06:53:52Z
0,AGRICULTURE,Others,NA,NA,"Weather information","Partly cloudy weather in your area,but no chance of rain.",BIHAR,DARBHANGA,BAHADURPUR,2018-09-18T06:53:52Z
0,AGRICULTURE,Others,Others,NA,"dbt problem","aap block me  contact kare",BIHAR,DARBHANGA,TARDIH,2018-09-18T07:49:57Z
0,AGRICULTURE,Others,Others,NA,"dbt problem","aap block me  contact kare",BIHAR,DARBHANGA,TARDIH,2018-09-18T07:49:57Z
0,AGRICULTURE,Others,Others,NA,"Weather information","no chance of rain in your area",BIHAR,DARBHANGA,GAURABAURAM,2018-09-18T11:25:00Z
0,AGRICULTURE,Others,Others,NA,"Weather information","no chance of rain in your area",BIHAR,DARBHANGA,GAURABAURAM,2018-09-18T11:25:00Z
0,AGRICULTURE,Others,NA,NA,"Weather information","no chance of rain in your area",BIHAR,DARBHANGA,GAURABAURAM,2018-09-18T11:26:46Z
0,AGRICULTURE,Others,NA,NA,"Weather information","no chance of rain in your area",BIHAR,DARBHANGA,GAURABAURAM,2018-09-18T11:26:46Z
0,AGRICULTURE,Others,Others,NA,"Weather information","Today no chance of rain in your area",BIHAR,DARBHANGA,BAHADURPUR,2018-09-19T09:44:39Z
0,AGRICULTURE,Others,Others,NA,"Weather information","Today no chance of rain in your area",BIHAR,DARBHANGA,BAHADURPUR,2018-09-19T09:44:39Z
0,AGRICULTURE,Others,Others,NA,"dbt mail id information",dbtcellagri@gmail.com,BIHAR,DARBHANGA,"HANUMAN NAGAR",2018-09-19T10:10:06Z
0,AGRICULTURE,Others,Others,NA,"dbt mail id information",dbtcellagri@gmail.com,BIHAR,DARBHANGA,"HANUMAN NAGAR",2018-09-19T10:10:06Z
0,NA,NA,NA,NA,"dbt problem","to contact in his block",BIHAR,DARBHANGA,BIRAUL,2018-09-19T19:31:58Z
0,NA,NA,NA,NA,"dbt problem","to contact in his block",BIHAR,DARBHANGA,BIRAUL,2018-09-19T19:31:58Z
0,AGRICULTURE,Cereals,"Paddy (Dhan)",NA,"blacking of paddy leaves","Spray carbendazim @ 2g/lit of water",BIHAR,DARBHANGA,BIRAUL,2018-09-20T10:41:35Z
0,AGRICULTURE,Cereals,"Paddy (Dhan)",NA,"blacking of paddy leaves","Spray carbendazim @ 2g/lit of water",BIHAR,DARBHANGA,BIRAUL,2018-09-20T10:41:35Z
0,AGRICULTURE,Others,Others,NA,"Weather information","Cloudy weather, Today & tomorrow little chance of rain",BIHAR,DARBHANGA,JALE,2018-09-20T19:49:25Z
0,AGRICULTURE,Others,Others,NA,"Weather information","Cloudy weather, Today & tomorrow little chance of rain",BIHAR,DARBHANGA,JALE,2018-09-20T19:49:25Z
0,AGRICULTURE,Others,Others,NA,"Weather information","Cloudy weather, Today & tomorrow little chance of rain",BIHAR,DARBHANGA,JALE,2018-09-20T20:22:11Z
0,AGRICULTURE,Others,Others,NA,"Weather information","Cloudy weather, Today & tomorrow little chance of rain",BIHAR,DARBHANGA,JALE,2018-09-20T20:22:11Z
0,AGRICULTURE,Others,Others,NA,"Weather information","Cloudy weather, Today & tomorrow little chance of rain",BIHAR,DARBHANGA,JALE,2018-09-20T20:22:38Z
0,AGRICULTURE,Others,Others,NA,"Weather information","Cloudy weather, Today & tomorrow little chance of rain",BIHAR,DARBHANGA,JALE,2018-09-20T20:22:38Z
0,AGRICULTURE,Others,Others,NA,"Weather information","Cloudy weather, Today & tomorrow little chance of rain",BIHAR,DARBHANGA,JALE,2018-09-20T20:22:40Z
0,AGRICULTURE,Others,Others,NA,"Weather information","Cloudy weather, Today & tomorrow little chance of rain",BIHAR,DARBHANGA,JALE,2018-09-20T20:22:40Z
0,AGRICULTURE,Others,Others,NA,"Weather information","chance of rain in your area",BIHAR,DARBHANGA,BENIPUR,2018-09-21T11:18:13Z
0,AGRICULTURE,Others,Others,NA,"Weather information","chance of rain in your area",BIHAR,DARBHANGA,BENIPUR,2018-09-21T11:18:13Z
0,AGRICULTURE,Others,Others,NA,"`Weather information","Cloudy weather, Today & tomorrow little chance of rain",BIHAR,DARBHANGA,BENIPUR,2018-09-21T17:09:47Z
0,AGRICULTURE,Others,Others,NA,"`Weather information","Cloudy weather, Today & tomorrow little chance of rain",BIHAR,DARBHANGA,BENIPUR,2018-09-21T17:09:47Z
0,AGRICULTURE,Others,Others,NA,"insect infeatation in paddy","malathion -25 kg/ha",BIHAR,DARBHANGA,JALE,2018-09-22T19:02:45Z
0,AGRICULTURE,Others,Others,NA,"insect infeatation in paddy","malathion -25 kg/ha",BIHAR,DARBHANGA,JALE,2018-09-22T19:02:45Z
0,AGRICULTURE,Others,NA,NA,"WEATHER INFORMATION","TODAY AND TOMARROW CHANCE OF RAIN IN YOUR AREA",BIHAR,DARBHANGA,GAURABAURAM,2018-09-22T19:39:51Z
0,AGRICULTURE,Others,NA,NA,"WEATHER INFORMATION","TODAY AND TOMARROW CHANCE OF RAIN IN YOUR AREA",BIHAR,DARBHANGA,GAURABAURAM,2018-09-22T19:39:51Z
0,AGRICULTURE,Others,NA,NA,"WEATHER INFORMATION","TODAY AND TOMARROW CHANCE OF RAIN IN YOUR AREA",BIHAR,DARBHANGA,GAURABAURAM,2018-09-22T19:39:51Z
0,AGRICULTURE,Others,NA,NA,"WEATHER INFORMATION","TODAY AND TOMARROW CHANCE OF RAIN IN YOUR AREA",BIHAR,DARBHANGA,GAURABAURAM,2018-09-22T19:39:51Z
0,AGRICULTURE,Others,NA,NA,"WEATHER INFORMATION","TODAY AND TOMARROW CHANCE OF RAIN IN YOUR AREA",BIHAR,DARBHANGA,GAURABAURAM,2018-09-22T19:39:51Z
0,AGRICULTURE,Others,NA,NA,"WEATHER INFORMATION","TODAY AND TOMARROW CHANCE OF RAIN IN YOUR AREA",BIHAR,DARBHANGA,GAURABAURAM,2018-09-22T19:39:51Z
0,AGRICULTURE,Others,Others,NA,"Yellowing of leaves /Rotting problem","Spray copper oxychloride @ 2 gram in 1 litre of water",BIHAR,DARBHANGA,"HANUMAN NAGAR",2018-09-22T20:03:16Z
0,AGRICULTURE,Others,Others,NA,"Yellowing of leaves /Rotting problem","Spray copper oxychloride @ 2 gram in 1 litre of water",BIHAR,DARBHANGA,"HANUMAN NAGAR",2018-09-22T20:03:16Z
0,AGRICULTURE,Others,Others,NA,"WEATHER INFORMATION","TODAY AND TOMARROW CHANCE OF RAIN IN YOUR AREA",BIHAR,DARBHANGA,HAYAGHAT,2018-09-22T20:56:00Z
0,AGRICULTURE,Others,Others,NA,"WEATHER INFORMATION","TODAY AND TOMARROW CHANCE OF RAIN IN YOUR AREA",BIHAR,DARBHANGA,HAYAGHAT,2018-09-22T20:56:00Z
0,AGRICULTURE,Others,Others,NA,"Weather information","Cloudy weather no chance of rain in your area",BIHAR,DARBHANGA,TARDIH,2018-09-23T06:46:48Z
0,AGRICULTURE,Others,Others,NA,"Weather information","Cloudy weather no chance of rain in your area",BIHAR,DARBHANGA,TARDIH,2018-09-23T06:46:48Z
0,AGRICULTURE,Others,Others,NA,NA,NA,BIHAR,DARBHANGA,BAHERI,2018-09-23T09:44:44Z
0,AGRICULTURE,Others,Others,NA,NA,NA,BIHAR,DARBHANGA,BAHERI,2018-09-23T09:44:44Z
0,AGRICULTURE,Others,Others,NA,"Weather information","Cloudy weather no chance of rain in your area",BIHAR,DARBHANGA,GAURABAURAM,2018-09-23T09:45:42Z
0,AGRICULTURE,Others,Others,NA,"Weather information","Cloudy weather no chance of rain in your area",BIHAR,DARBHANGA,GAURABAURAM,2018-09-23T09:45:42Z
0,AGRICULTURE,Others,Others,NA,"Weather information","chance of rain in your area",BIHAR,DARBHANGA,BAHERI,2018-09-24T12:01:52Z
0,AGRICULTURE,Others,Others,NA,"Weather information","chance of rain in your area",BIHAR,DARBHANGA,BAHERI,2018-09-24T12:01:52Z
0,AGRICULTURE,Others,NA,NA,"WEATHER INFORMATION","no chance of rain in your area.",BIHAR,DARBHANGA,SINGHWARA,2018-09-25T08:55:03Z
0,AGRICULTURE,Others,NA,NA,"WEATHER INFORMATION","no chance of rain in your area.",BIHAR,DARBHANGA,SINGHWARA,2018-09-25T08:55:03Z
0,AGRICULTURE,Others,Others,NA,"dbt problem","contact in your block",BIHAR,DARBHANGA,MANIGACHHI,2018-09-25T15:44:36Z
0,AGRICULTURE,Others,Others,NA,"dbt problem","contact in your block",BIHAR,DARBHANGA,MANIGACHHI,2018-09-25T15:44:36Z
0,AGRICULTURE,Cereals,"Paddy (Dhan)",NA,"leaf drying in paddy","spray mancozeb 2 gram/liter water",BIHAR,DARBHANGA,BAHADURPUR,2018-09-26T12:31:05Z
0,AGRICULTURE,Cereals,"Paddy (Dhan)",NA,"leaf drying in paddy","spray mancozeb 2 gram/liter water",BIHAR,DARBHANGA,BAHADURPUR,2018-09-26T12:31:05Z
0,AGRICULTURE,Others,Others,NA,"WEATHER INFORMATION","NO CHANCE TO RAIN IN YOUR AREA",BIHAR,DARBHANGA,GHANSHYAMPUR,2018-09-26T13:16:37Z
0,AGRICULTURE,Others,Others,NA,"WEATHER INFORMATION","NO CHANCE TO RAIN IN YOUR AREA",BIHAR,DARBHANGA,GHANSHYAMPUR,2018-09-26T13:16:37Z
0,NA,NA,NA,NA,blank,blank,BIHAR,DARBHANGA,JALE,2018-09-27T13:37:03Z
0,NA,NA,NA,NA,blank,blank,BIHAR,DARBHANGA,JALE,2018-09-27T13:37:03Z
0,NA,NA,NA,NA,NA,NA,BIHAR,DARBHANGA,JALE,2018-09-27T13:37:07Z
0,NA,NA,NA,NA,NA,NA,BIHAR,DARBHANGA,JALE,2018-09-27T13:37:07Z
0,NA,NA,NA,NA,blank,blank,BIHAR,DARBHANGA,JALE,2018-09-27T13:39:24Z
0,NA,NA,NA,NA,blank,blank,BIHAR,DARBHANGA,JALE,2018-09-27T13:39:24Z
0,HORTICULTURE,Vegetables,Pumpkin,NA,"PLANT PROTECTION","Spray  Malathion 50 EC 1 ml/lit",BIHAR,DARBHANGA,SINGHWARA,2018-09-27T16:17:00Z
0,HORTICULTURE,Vegetables,Pumpkin,NA,"PLANT PROTECTION","Spray  Malathion 50 EC 1 ml/lit",BIHAR,DARBHANGA,SINGHWARA,2018-09-27T16:17:00Z
0,AGRICULTURE,Cereals,"Paddy (Dhan)",NA,"leaf yellowing in paddy","spray mancozeb @ 2 gram/liter water",BIHAR,DARBHANGA,"HANUMAN NAGAR",2018-09-28T09:14:32Z
0,AGRICULTURE,Cereals,"Paddy (Dhan)",NA,"leaf yellowing in paddy","spray mancozeb @ 2 gram/liter water",BIHAR,DARBHANGA,"HANUMAN NAGAR",2018-09-28T09:14:32Z
0,AGRICULTURE,Others,Others,NA,"yaantrikaran yojna","consult to b.a.o",BIHAR,DARBHANGA,BAHERI,2018-09-28T13:01:24Z
0,AGRICULTURE,Others,Others,NA,"yaantrikaran yojna","consult to b.a.o",BIHAR,DARBHANGA,BAHERI,2018-09-28T13:01:24Z
0,AGRICULTURE,NA,NA,NA,"WEATHER  INFORMATION","TODAY LITTLE CHANCE OF RAIN IN YOUR AREA",BIHAR,DARBHANGA,KEOTIRUNWAY,2018-09-28T13:48:22Z
0,AGRICULTURE,NA,NA,NA,"WEATHER  INFORMATION","TODAY LITTLE CHANCE OF RAIN IN YOUR AREA",BIHAR,DARBHANGA,KEOTIRUNWAY,2018-09-28T13:48:22Z
0,AGRICULTURE,NA,NA,NA,"`Weather information","No chance of rain in your area",BIHAR,DARBHANGA,BAHERI,2018-09-30T14:07:01Z
0,AGRICULTURE,NA,NA,NA,"`Weather information","No chance of rain in your area",BIHAR,DARBHANGA,BAHERI,2018-09-30T14:07:01Z
