"Country/State/UT Name","District Name","Caste Category",Total/Rural/Urban,"Marital Status","Present Age","Total Ever/Currently Married Women","Ever/Currently Married Women of Parity - 0","Ever/Currently Married Women of Parity - 1","Ever/Currently Married Women of Parity - 2","Ever/Currently Married Women of Parity - 3","Ever/Currently Married Women of Parity - 4","Ever/Currently Married Women of Parity - 5+","Total Children Ever Born - Persons","Total Children Ever Born - Males","Total Children Ever Born - Females"
Bihar,Ranchi,"All Scheduled Castes",Rural,"Ever Married","All ages",23619,4233,3382,3694,4100,3248,4905,66166,35437,30729
Bihar,Ranchi,"All Scheduled Castes",Rural,"Ever Married","Less than 15",252,245,6,1,0,0,0,8,4,4
Bihar,Ranchi,"All Scheduled Castes",Rural,"Ever Married",15-19,1753,1044,460,158,45,45,0,1091,569,522
Bihar,Ranchi,"All Scheduled Castes",Rural,"Ever Married",20-24,3462,1048,908,842,451,129,72,4846,2493,2353
Bihar,Ranchi,"All Scheduled Castes",Rural,"Ever Married",25-29,3570,539,530,685,864,645,307,8745,4630,4115
Bihar,Ranchi,"All Scheduled Castes",Rural,"Ever Married",30-34,3346,350,352,580,827,632,602,9991,5528,4463
Bihar,Ranchi,"All Scheduled Castes",Rural,"Ever Married",35-39,2534,204,251,369,449,436,825,9006,4815,4191
Bihar,Ranchi,"All Scheduled Castes",Rural,"Ever Married",40-44,2208,219,147,325,475,383,645,7683,3956,3727
Bihar,Ranchi,"All Scheduled Castes",Rural,"Ever Married",45-49,1888,112,107,138,375,360,782,7846,4074,3772
Bihar,Ranchi,"All Scheduled Castes",Rural,"Ever Married",50-54,1512,125,164,232,224,206,560,5565,3216,2349
Bihar,Ranchi,"All Scheduled Castes",Rural,"Ever Married",55-59,980,84,142,83,158,107,406,3960,2177,1783
Bihar,Ranchi,"All Scheduled Castes",Rural,"Ever Married",60-64,1056,119,147,149,135,177,317,3501,1897,1604
Bihar,Ranchi,"All Scheduled Castes",Rural,"Ever Married",65-69,408,41,69,40,21,84,153,1483,819,664
Bihar,Ranchi,"All Scheduled Castes",Rural,"Ever Married",70-74,323,33,44,46,42,40,118,1369,737,632
Bihar,Ranchi,"All Scheduled Castes",Rural,"Ever Married",75-79,134,9,12,32,12,1,68,607,309,298
Bihar,Ranchi,"All Scheduled Castes",Rural,"Ever Married","80 +",172,41,43,14,22,3,49,460,211,249
Bihar,Ranchi,"All Scheduled Castes",Rural,"Currently Married","All ages",20813,3827,2938,3256,3678,2864,4194,57334,30668,26666
Bihar,Ranchi,"All Scheduled Castes",Rural,"Currently Married","Less than 15",251,244,6,1,0,0,0,8,4,4
Bihar,Ranchi,"All Scheduled Castes",Rural,"Currently Married",15-19,1723,1014,460,158,45,45,0,1091,569,522
Bihar,Ranchi,"All Scheduled Castes",Rural,"Currently Married",20-24,3411,1006,901,841,451,129,71,4829,2484,2345
Bihar,Ranchi,"All Scheduled Castes",Rural,"Currently Married",25-29,3483,520,511,683,863,608,298,8517,4519,3998
Bihar,Ranchi,"All Scheduled Castes",Rural,"Currently Married",30-34,3265,330,345,560,798,628,601,9836,5451,4385
Bihar,Ranchi,"All Scheduled Castes",Rural,"Currently Married",35-39,2368,176,225,333,406,429,799,8503,4544,3959
Bihar,Ranchi,"All Scheduled Castes",Rural,"Currently Married",40-44,1977,167,101,289,444,373,589,7075,3645,3430
Bihar,Ranchi,"All Scheduled Castes",Rural,"Currently Married",45-49,1634,104,75,119,312,301,710,6836,3562,3274
Bihar,Ranchi,"All Scheduled Castes",Rural,"Currently Married",50-54,1090,109,77,111,183,143,466,4305,2473,1832
Bihar,Ranchi,"All Scheduled Castes",Rural,"Currently Married",55-59,673,53,108,63,81,64,304,2829,1538,1291
Bihar,Ranchi,"All Scheduled Castes",Rural,"Currently Married",60-64,508,54,70,56,43,91,182,1776,959,817
Bihar,Ranchi,"All Scheduled Castes",Rural,"Currently Married",65-69,207,20,34,23,16,37,77,777,422,355
Bihar,Ranchi,"All Scheduled Castes",Rural,"Currently Married",70-74,88,1,12,12,13,12,38,422,236,186
Bihar,Ranchi,"All Scheduled Castes",Rural,"Currently Married",75-79,67,0,11,4,11,1,40,343,159,184
Bihar,Ranchi,"All Scheduled Castes",Rural,"Currently Married","80 +",67,29,2,3,12,3,18,182,101,81
Bihar,Ranchi,"All Scheduled Castes",Urban,"Ever Married","All ages",9700,1544,1177,1512,1593,1524,2268,28936,15065,13871
Bihar,Ranchi,"All Scheduled Castes",Urban,"Ever Married","Less than 15",25,25,0,0,0,0,0,0,0,0
Bihar,Ranchi,"All Scheduled Castes",Urban,"Ever Married",15-19,714,425,157,66,21,18,0,424,207,217
Bihar,Ranchi,"All Scheduled Castes",Urban,"Ever Married",20-24,1428,355,357,457,166,65,4,2058,967,1091
Bihar,Ranchi,"All Scheduled Castes",Urban,"Ever Married",25-29,1891,202,186,369,503,348,276,5349,2823,2526
Bihar,Ranchi,"All Scheduled Castes",Urban,"Ever Married",30-34,1630,161,145,239,299,364,418,5317,2841,2476
Bihar,Ranchi,"All Scheduled Castes",Urban,"Ever Married",35-39,1319,52,112,111,246,278,515,5123,2763,2360
Bihar,Ranchi,"All Scheduled Castes",Urban,"Ever Married",40-44,754,93,22,86,84,173,294,3092,1522,1570
Bihar,Ranchi,"All Scheduled Castes",Urban,"Ever Married",45-49,692,62,53,83,76,139,276,2690,1414,1276
Bihar,Ranchi,"All Scheduled Castes",Urban,"Ever Married",50-54,415,27,37,28,100,31,191,1727,844,883
Bihar,Ranchi,"All Scheduled Castes",Urban,"Ever Married",55-59,324,86,28,32,35,30,113,1164,661,503
Bihar,Ranchi,"All Scheduled Castes",Urban,"Ever Married",60-64,234,10,32,20,34,41,88,928,466,462
Bihar,Ranchi,"All Scheduled Castes",Urban,"Ever Married",65-69,106,1,18,12,12,7,56,478,240,238
Bihar,Ranchi,"All Scheduled Castes",Urban,"Ever Married",70-74,64,18,9,9,0,9,19,232,122,110
Bihar,Ranchi,"All Scheduled Castes",Urban,"Ever Married",75-79,22,9,3,0,1,9,0,42,31,11
Bihar,Ranchi,"All Scheduled Castes",Urban,"Ever Married","80 +",75,18,18,0,9,12,18,291,150,141
Bihar,Ranchi,"All Scheduled Castes",Urban,"Currently Married","All ages",8790,1404,1026,1430,1439,1424,1990,25894,13533,12361
Bihar,Ranchi,"All Scheduled Castes",Urban,"Currently Married","Less than 15",25,25,0,0,0,0,0,0,0,0
Bihar,Ranchi,"All Scheduled Castes",Urban,"Currently Married",15-19,700,411,157,66,21,18,0,424,207,217
Bihar,Ranchi,"All Scheduled Castes",Urban,"Currently Married",20-24,1405,352,343,457,160,65,4,2026,957,1069
Bihar,Ranchi,"All Scheduled Castes",Urban,"Currently Married",25-29,1860,190,186,356,497,348,276,5305,2806,2499
Bihar,Ranchi,"All Scheduled Castes",Urban,"Currently Married",30-34,1584,142,132,236,291,364,415,5259,2825,2434
Bihar,Ranchi,"All Scheduled Castes",Urban,"Currently Married",35-39,1256,52,87,102,236,269,506,4963,2676,2287
Bihar,Ranchi,"All Scheduled Castes",Urban,"Currently Married",40-44,703,90,20,81,75,166,269,2896,1460,1436
Bihar,Ranchi,"All Scheduled Castes",Urban,"Currently Married",45-49,566,53,47,59,59,118,227,2222,1178,1044
Bihar,Ranchi,"All Scheduled Castes",Urban,"Currently Married",50-54,231,15,6,13,50,17,130,1011,461,550
Bihar,Ranchi,"All Scheduled Castes",Urban,"Currently Married",55-59,218,58,24,28,14,17,77,767,449,318
Bihar,Ranchi,"All Scheduled Castes",Urban,"Currently Married",60-64,135,7,6,20,19,23,54,577,298,279
Bihar,Ranchi,"All Scheduled Castes",Urban,"Currently Married",65-69,50,0,9,12,0,7,22,203,82,121
Bihar,Ranchi,"All Scheduled Castes",Urban,"Currently Married",70-74,10,9,0,0,0,0,1,7,5,2
Bihar,Ranchi,"All Scheduled Castes",Urban,"Currently Married",75-79,1,0,0,0,1,0,0,3,1,2
Bihar,Ranchi,"All Scheduled Castes",Urban,"Currently Married","80 +",39,0,9,0,9,12,9,210,114,96
