Season,Sector,Category,Crop,QueryType,QueryText,KCCAns,StateName,DistrictName,BlockName,CreatedOn
RABI,AGRICULTURE,Others,Others,Weather,"WEATHER INFORMATION","no chance of rain in your area",BIHAR,MADHUBANI,LAKHNAUR,2018-01-01T12:08:22Z
RABI,AGRICULTURE,Others,Others,Weather,"weather information","cloudy weather",BIHAR,MADHUBANI,RAJNAGAR,2018-01-02T10:08:20Z
RABI,AGRICULTURE,Others,Others,Weather,"weather informatin","cloudy weather and cool day",BIHAR,MADHUBANI,RAJNAGAR,2018-01-02T10:09:18Z
RABI,AGRICULTURE,Others,Others,Weather,"weather information","cloudy weather and cool day",BIHAR,MADHUBANI,RAJNAGAR,2018-01-02T10:10:44Z
RABI,AGRICULTURE,Others,Others,Weather,"WEATHER INFORMATION","Very low cloudy area but no chance of rain",BIHAR,MADHUBANI,BISFI,2018-01-02T16:36:56Z
RABI,AGRICULTURE,Cereals,Wheat,"Weed Management","WEED MANAGEMENT IN WHEAT","2-4D@500G/200LI WATER",BIHAR,MADHUBANI,ANDHRATHARHI,2018-01-02T17:00:11Z
RABI,HORTICULTURE,Vegetables,Chillies,"Plant Protection","Tobacco cutworm","Flubendiamide 20 WDG 6.0 g /10 lit. 
Indoxacarb 14.5 % SC 6.5 ml/10 lit",BIHAR,MADHUBANI,BENIPATTI,2018-01-03T07:28:18Z
RABI,HORTICULTURE,Vegetables,Chillies,"Plant Protection","Gram caterpillar","Indoxacarb 14.5 % SC 6.5 ml/10 lit. 
Novaluron 10 % EC 7.5 ml/10 lit.",BIHAR,MADHUBANI,LADANIA,2018-01-03T07:30:36Z
RABI,AGRICULTURE,Others,Others,Weather,"weather information","?????? ???? ???? ????? ,????? ????? ?? ???????? ???? ?? !",BIHAR,MADHUBANI,LAKHNAUR,2018-01-03T11:34:35Z
RABI,AGRICULTURE,Others,Others,"Plant Protection","Insect problem in mango","Spray carbaril @ 2 gram in 1 litter of water",BIHAR,MADHUBANI,LAKHNAUR,2018-01-03T11:46:16Z
RABI,AGRICULTURE,Others,Others,Weather,"WEATHER INFORMATION","no chance of rain in your area",BIHAR,MADHUBANI,LAUKAHI,2018-01-03T15:02:05Z
RABI,AGRICULTURE,Others,Others,Weather,"WEATHER INFORMATION","No chance of rain in your area",BIHAR,MADHUBANI,RAJNAGAR,2018-01-03T15:30:03Z
RABI,AGRICULTURE,Others,Others,Weather,"WEATHER INFORMATION","No chance of rain in your area",BIHAR,MADHUBANI,RAJNAGAR,2018-01-03T15:31:27Z
RABI,AGRICULTURE,Others,Others,Weather,"weather informaton","14 C 
RealFeel 13

Hazy clouds
  


See Hourly

> 




Tonight

Jan 3



8 Lo 
RealFeel 7

Hazy and cool
 More  



Tomorrow

Jan 4



21 Hi 
RealFeel 22

Hazy sunshine
 More  



Friday

Jan 5



21 Hi 
RealFeel 21

Hazy sunshine",BIHAR,MADHUBANI,GHOGHARDIHA,2018-01-03T19:24:41Z
RABI,AGRICULTURE,Others,Others,Weather,"WEATHER INFORMATION","No chance of rain in your area",BIHAR,MADHUBANI,ANDHRATHARHI,2018-01-03T20:14:29Z
RABI,HORTICULTURE,Vegetables,Chillies,"Plant Protection","Leaf curl","Apply Carbofuran 3G @ 4-5 Kg/acre in the mainfield to control sucking complex and insect vectors selectively.


If it is not possible spray the crop with systemic insecticides. Dimethoate 2ml of Acephate 1g per litre of water.",BIHAR,MADHUBANI,LADANIA,2018-01-04T10:38:31Z
RABI,HORTICULTURE,Fruits,Mango,"Cultural Practices","WASHING OF MANGO","Spray quinolphos @ 2 ml in 1 liter of water",BIHAR,MADHUBANI,KALUAHI,2018-01-04T12:39:50Z
RABI,AGRICULTURE,Others,Others,Weather,"WEATHER INFORMATION","no chance of rain in your area",BIHAR,MADHUBANI,KALUAHI,2018-01-04T12:52:25Z
RABI,AGRICULTURE,Others,Others,"Plant Protection","YELLOWING OF LEAVES","SPRAY COPPER OXY CHLORIDE 2 GRAM/LITRE OF WATER",BIHAR,MADHUBANI,LAKHNAUR,2018-01-04T13:26:34Z
RABI,HORTICULTURE,Vegetables,"Sweet Potato","Seeds and Planting Material","yield of sweet potato","yield of sweet potato is 20 t/ hacter",BIHAR,MADHUBANI,BISFI,2018-01-04T18:20:46Z
RABI,AGRICULTURE,Others,Others,Weather,"weather information","cloudy weather",BIHAR,MADHUBANI,BISFI,2018-01-04T18:22:30Z
RABI,HORTICULTURE,Vegetables,Brinjal,"Fertilizer Use and Availability","fertilizer doses in brinjal","Varieties 
 Basal dose : FYM 25 t/ha, NPK 50:50:30 kg/ ha. 


 Top dressing : 50 kg N/ha on 30th day of planting or during earthing up. 

Hybrids 
 Basal dose : FYM 25 t/ha, NPK 100:150:100 kg/ha.


 Top dressing : 100 kg N/ha on 30th day of planting or during earthing up.",BIHAR,MADHUBANI,BENIPATTI,2018-01-05T12:06:47Z
RABI,HORTICULTURE,Vegetables,"Sweet Potato","Cultural Practices","Season of sweet potato","Season of sweet potato
June  July and September are highly suitable for plantin",BIHAR,MADHUBANI,BISFI,2018-01-05T12:10:08Z
RABI,AGRICULTURE,Others,Others,Weather,"WEATHER INFORMATION","No chance of rain in your area",BIHAR,MADHUBANI,MADHEPUR,2018-01-05T13:56:04Z
RABI,AGRICULTURE,Others,Others,"Plant Protection","WEATHER INFORMATION","????? ???? ???? ????? ?????? ??? ???? ????? I",BIHAR,MADHUBANI,GHOGHARDIHA,2018-01-05T16:26:29Z
RABI,HORTICULTURE,Vegetables,Brinjal,"Plant Protection","Brown leaf hopper","Spray with dimethoate 0.3%",BIHAR,MADHUBANI,BISFI,2018-01-05T20:25:01Z
RABI,AGRICULTURE,Others,Others,"Training and Exposure Visits","TO MEET KVK","Mr. Mangalalnand Jha
Programme Coordinator
Krishi Vigyan Kendra
S.K.Chaudhary Educational Trust,
Chanpura-Basaith
Distt. Madhubani-847102
Email: santchaudhary@yahoo.co.in",BIHAR,MADHUBANI,JAINAGAR,2018-01-05T20:25:54Z
RABI,AGRICULTURE,Others,Others,Weather,"WEATHER  INFORMATION","Cloudy weather, rain is not likely.",BIHAR,MADHUBANI,RAJNAGAR,2018-01-06T09:28:56Z
RABI,AGRICULTURE,Others,Others,"Market Information",INFORMATION,"???? ??????? ??????? ?? ?????? ???",BIHAR,MADHUBANI,BISFI,2018-01-06T09:47:04Z
RABI,AGRICULTURE,Others,Others,Weather,"WEATHER INFORMATION","CLOUDY WEATHER",BIHAR,MADHUBANI,"BABU BARHI",2018-01-06T10:07:51Z
RABI,HORTICULTURE,Vegetables,Potato,"Plant Protection","Insect infestation","????????? ??? 2 ???? 1 ???? ???? ?????? ?????? ????!",BIHAR,MADHUBANI,PHULPARAS,2018-01-06T10:36:01Z
RABI,HORTICULTURE,Vegetables,Bhindi(Okra/Ladysfinger),"Plant Protection","Bhendi fruit borer","Spray carbaryl 50 WP 2 g/lit or B. thuringiensis 2 g/lit",BIHAR,MADHUBANI,BISFI,2018-01-06T10:37:23Z
RABI,HORTICULTURE,Vegetables,Bhindi(Okra/Ladysfinger),"Plant Protection","Leaf roller","Spray carbaryl 50 WP 2 g/lit or phosalone 35 EC 2 ml/lit",BIHAR,MADHUBANI,BENIPATTI,2018-01-06T10:39:37Z
RABI,HORTICULTURE,Vegetables,Bhindi(Okra/Ladysfinger),"Plant Protection","Red cotton bug","Spray phosphamidon 40 SL @ 600 ml/ha",BIHAR,MADHUBANI,BENIPATTI,2018-01-06T10:53:36Z
RABI,HORTICULTURE,Vegetables,Bhindi(Okra/Ladysfinger),"Plant Protection","Cercospora Leaf Spots","Spraying Mancozeb 0.25 % control the disease.",BIHAR,MADHUBANI,BENIPATTI,2018-01-06T11:11:34Z
RABI,AGRICULTURE,Others,Others,"Plant Protection","YELLOWING OF LEAVES","Spray mancozeb @ 2g/lit of water",BIHAR,MADHUBANI,BASOPATTI,2018-01-06T15:34:33Z
RABI,AGRICULTURE,Others,Others,"Field Preparation","Varieties of Spinach(Palak)",":- Pusa Jyoti Aalgrin, Jobaner Green,Pusa Bharti,Pusa Harit, Vilayati Palak, Verjiniya Sanway composite-1.",BIHAR,MADHUBANI,PHULPARAS,2018-01-06T16:45:20Z
RABI,AGRICULTURE,Others,Others,"Field Preparation","Varieties of Sweet Potato(Sakarkand)",":- Pusa Jyoti Aalgrin, Jobaner Green,Pusa Bharti,Pusa Harit, Vilayati Palak, Verjiniya Sanway composite-1.",BIHAR,MADHUBANI,PHULPARAS,2018-01-06T17:00:50Z
RABI,AGRICULTURE,Others,Others,Weather,"WEATHER INFORMATION","????? ??? ???? ??? ????? ?? ??? ????? ??? ?????",BIHAR,MADHUBANI,LAKHNAUR,2018-01-06T20:37:49Z
RABI,AGRICULTURE,Others,Others,Weather,"WEATHER INFORMATION","COOL AND CLOUDY WEATHER",BIHAR,MADHUBANI,MADHEPUR,2018-01-07T11:47:11Z
RABI,AGRICULTURE,Others,Others,Weather,weather,"no rain",BIHAR,MADHUBANI,BENIPATTI,2018-01-08T18:46:57Z
RABI,AGRICULTURE,Others,Others,Weather,weather,"6 Lo C 

Hazy and chilly
  
 


Tue

Jan 9



20 /7 

Hazy sun
 More  
 


Wed

Jan 10



21 /7 

Hazy sun
 More  
 


Thu

Jan 11



21 /7 

Hazy sun
 More  
 


Fri

Jan 12



21 /8 

Hazy",BIHAR,MADHUBANI,BISFI,2018-01-08T19:06:03Z
RABI,AGRICULTURE,Cereals,Wheat,Weather,"WEATHER INFORMATION","????? ???? ???? ????? ?????? ??? ???? ?????",BIHAR,MADHUBANI,MADHEPUR,2018-01-09T16:53:32Z
RABI,AGRICULTURE,Others,Others,"Water Management","WATER MANAGEMENT IN WHEAT","APPLICATION OF IRRIGATION AT PENICALE INITATION IN WHEAT",BIHAR,MADHUBANI,LAKHNAUR,2018-01-10T06:54:22Z
RABI,AGRICULTURE,Others,Others,Weather,"WEATHER INFORMATION","CLOUDY WEATHER",BIHAR,MADHUBANI,LAKHNAUR,2018-01-10T07:32:46Z
RABI,AGRICULTURE,Cereals,Wheat,Weather,"Weather information","Cloudy weather  today and tomorrow  no chance of rain",BIHAR,MADHUBANI,KALUAHI,2018-01-10T14:28:28Z
RABI,AGRICULTURE,Others,Others,Weather,"WEATHER INFORMATION","????? ???? ????? ?? ??? ?? ????? ????? ",BIHAR,MADHUBANI,MADHEPUR,2018-01-10T15:20:52Z
RABI,AGRICULTURE,Others,Others,"Field Preparation","WEATHER INFORMATION","No chance of rain in your area",BIHAR,MADHUBANI,LADANIA,2018-01-11T06:50:19Z
RABI,HORTICULTURE,Vegetables,Tomato,"Plant Protection","LEAF BLIGHT OF TOMATO","Spray mancozeb @ 2g/lit of water",BIHAR,MADHUBANI,KHAJAULI,2018-01-11T09:57:11Z
RABI,HORTICULTURE,Vegetables,Tomato,"Plant Protection","WHITE FLY INSECT PROBLEM OF TOMATO","Spray  Imidachloprid @ 1ml/3lit of water",BIHAR,MADHUBANI,KHAJAULI,2018-01-11T09:58:34Z
RABI,AGRICULTURE,Others,Others,"Field Preparation","WEATHER INFORMATION","Very low cloudy area but no chance of rain",BIHAR,MADHUBANI,MADHEPUR,2018-01-11T10:00:40Z
RABI,AGRICULTURE,Others,Others,Weather,"WEATHER  INFORMATION","Cloudy weather ,Hazy sun,but not chance of rain",BIHAR,MADHUBANI,RAJNAGAR,2018-01-11T13:32:00Z
RABI,HORTICULTURE,Fruits,Mango,"Cultural Practices","WASHING OF MANGO","Spray  Imidachloprid @ 1ml/3lit of water",BIHAR,MADHUBANI,RAJNAGAR,2018-01-11T13:36:20Z
RABI,HORTICULTURE,Vegetables,Brinjal,"Plant Protection","Shoot and fruit borer","Phosalone 35 % EC 1.5  ml/lit. 
Quinalphos 25 % EC 1.5 ml/lit. 
Thiodicarb 75 % WP 2.0 g/lit. 
Thiometon 25 % EC 1.0 ml/lit.",BIHAR,MADHUBANI,BENIPATTI,2018-01-13T06:52:49Z
RABI,AGRICULTURE,Others,Others,"Field Preparation","WEATHER INFORMATION","Very low cloudy area but no chance of rain",BIHAR,MADHUBANI,GHOGHARDIHA,2018-01-13T12:12:04Z
RABI,AGRICULTURE,Others,Others,"Field Preparation","Fertilizer application in onion","Fertilizer application in onion  compost @ 80-100 kg/hectare and sulphar @ 20-40/hectare.",BIHAR,MADHUBANI,BASOPATTI,2018-01-13T14:54:49Z
RABI,AGRICULTURE,Others,Others,Weather,"Weather information","Cloudy weather  today and tomorrow  no chance of rain.",BIHAR,MADHUBANI,KALUAHI,2018-01-13T17:17:57Z
RABI,AGRICULTURE,Others,Others,Weather,"WEATHER  INFORMATION","Cloudy weather ,Hazy sun,but not chance of rain",BIHAR,MADHUBANI,PANDAUL,2018-01-14T08:49:11Z
JAYAD,AGRICULTURE,Others,Others,"Sowing Time and Weather","WEATHER INFORMATION","HAZY SUNSHINE WITH COLD ENVIRONMENT UPTO 18 JANUARY",BIHAR,MADHUBANI,LADANIA,2018-01-14T13:36:11Z
JAYAD,AGRICULTURE,Pulses,"Pigeon pea (red gram/arhar/tur)","Field Preparation","FLOWER DROP IN PEA","SPRAY PLANOFIX 1 MILI/5 LITRE OF WATER",BIHAR,MADHUBANI,GHOGHARDIHA,2018-01-14T14:00:21Z
RABI,AGRICULTURE,Others,Others,Weather,"WEATHER  INFORMATION","Cloudy weather ,Hazy sun,but not chance of rain",BIHAR,MADHUBANI,JHANJHARPUR,2018-01-15T11:08:51Z
RABI,AGRICULTURE,Others,Others,Weather,"WEATHER  INFORMATION","Cloudy weather ,Hazy sun,but not chance of rain",BIHAR,MADHUBANI,JHANJHARPUR,2018-01-15T11:11:49Z
RABI,AGRICULTURE,Cereals,Wheat,"Weed Management","weed management in wheat crop","AAP 2,4D SPRAY KAR SAKTE HAI",BIHAR,MADHUBANI,BASOPATTI,2018-01-15T12:54:24Z
RABI,AGRICULTURE,Others,Others,Weather,"WEATHER INFORMATION","Hazy sunshine",BIHAR,MADHUBANI,LADANIA,2018-01-16T10:38:36Z
RABI,AGRICULTURE,Others,Others,Weather,"WEATHER INFORMATION","Hazy sunshine",BIHAR,MADHUBANI,LADANIA,2018-01-16T10:44:46Z
RABI,HORTICULTURE,Fruits,Banana,"Cultural Practices","KILLING OF BANANA PLANT","SPRAY GLYPHOSET @ 2 G / LITRE WATER",BIHAR,MADHUBANI,LAKHNAUR,2018-01-16T10:47:32Z
RABI,AGRICULTURE,Others,Others,Weather,"WEATHER  INFORMATION","Cloudy weather ,Hazy sun,but not chance of rain",BIHAR,MADHUBANI,LAKHNAUR,2018-01-16T10:49:59Z
RABI,AGRICULTURE,Others,Others,Weather,"WEATHER INFORMATION","Hazy sunshine",BIHAR,MADHUBANI,LADANIA,2018-01-16T10:56:08Z
RABI,AGRICULTURE,Others,Others,Weather,"WEATHER INFORMATION","Hazy sunshine",BIHAR,MADHUBANI,LADANIA,2018-01-16T10:56:08Z
RABI,AGRICULTURE,Others,Others,Weather,"WEATHER INFORMATION","Hazy sunshine",BIHAR,MADHUBANI,LADANIA,2018-01-16T10:56:08Z
RABI,AGRICULTURE,Others,Others,Weather,"WEATHER INFORMATION","Hazy sunshine",BIHAR,MADHUBANI,LADANIA,2018-01-16T10:56:09Z
RABI,AGRICULTURE,Others,Others,Weather,"WEATHER INFORMATION","Hazy sunshine",BIHAR,MADHUBANI,LADANIA,2018-01-16T11:03:34Z
RABI,AGRICULTURE,Others,Others,Weather,"WEATHER  INFORMATION","Cloudy weather ,Hazy sun,but not chance of rain",BIHAR,MADHUBANI,JHANJHARPUR,2018-01-16T11:20:49Z
RABI,AGRICULTURE,Others,Others,"Plant Protection","Growth regulators   IN MANGO","NAA @ 20 ppm is sprayed at flowering to increase the fruit retention.  During February 0.5% Urea (5 g/lit.) or 1% Potassium Nitrate (10g/lit.) may be sprayed to induce flowering, if trees do not flower by that time.",BIHAR,MADHUBANI,"BABU BARHI",2018-01-16T14:44:55Z
RABI,AGRICULTURE,Others,Others,Weather,"WEATHER  INFORMATION","Cloudy weather ,Hazy sun,but not chance of rain",BIHAR,MADHUBANI,GHOGHARDIHA,2018-01-16T15:08:46Z
RABI,AGRICULTURE,Others,Others,Weather,"WEATHER INFORMATION","????? ???? ???? ????? ?????? ??? ???? ????? I",BIHAR,MADHUBANI,GHOGHARDIHA,2018-01-16T16:39:02Z
RABI,AGRICULTURE,Others,Others,"Sowing Time and Weather","WEATHER INFORMATION","HAZY WEATHER WITH SUNSHINE",BIHAR,MADHUBANI,KALUAHI,2018-01-17T12:48:10Z
RABI,AGRICULTURE,Others,Others,"Field Preparation","CROP LOAN","For crop insurance consult to bank or agriculture insurance agency",BIHAR,MADHUBANI,KALUAHI,2018-01-17T12:50:33Z
RABI,AGRICULTURE,Others,Others,Weather,"WEATHER INFORMATION","Hazy sunshine",BIHAR,MADHUBANI,MADHEPUR,2018-01-17T13:57:24Z
RABI,AGRICULTURE,Others,Others,"Field Preparation","Weather information","Cloudy weather  today and tomorrow  no chance of rain.",BIHAR,MADHUBANI,BENIPATTI,2018-01-18T11:32:05Z
RABI,AGRICULTURE,Others,Others,Weather,"WEATHER  INFORMATION","Cloudy weather ,Hazy sun,but not chance of rain",BIHAR,MADHUBANI,BASOPATTI,2018-01-18T12:52:17Z
RABI,AGRICULTURE,Others,Others,Weather,"WEATHER INFORMATION","Hazy sunshine",BIHAR,MADHUBANI,LADANIA,2018-01-18T20:04:29Z
RABI,AGRICULTURE,Others,Others,Weather,"WEATHER INFORMATION","Hazy sunshine",BIHAR,MADHUBANI,LADANIA,2018-01-18T20:05:23Z
RABI,AGRICULTURE,Others,Others,Weather,"WEATHER  INFORMATION","Cloudy weather ,Hazy sun,but not chance of rain",BIHAR,MADHUBANI,RAJNAGAR,2018-01-19T09:42:10Z
RABI,HORTICULTURE,Fruits,Mango,"Cultural Practices","WASHING OF MANGO WITH INSECTISIDE","Spray quinalphos  @ 2ml/lit of water",BIHAR,MADHUBANI,RAJNAGAR,2018-01-19T09:46:29Z
RABI,AGRICULTURE,Others,Others,Weather,"WEATHER INFORMATION","Hazy sunshine",BIHAR,MADHUBANI,BENIPATTI,2018-01-19T14:21:25Z
RABI,AGRICULTURE,Others,Others,Weather,"WEATHER INFORMATION","Hazy sunshine",BIHAR,MADHUBANI,MADHEPUR,2018-01-19T16:36:10Z
RABI,AGRICULTURE,Others,Others,"Plant Protection","Growth regulator","Spray Planofix @ 1 ml in 5 liter of water",BIHAR,MADHUBANI,GHOGHARDIHA,2018-01-20T15:27:13Z
RABI,AGRICULTURE,Others,Others,"Field Preparation","WEED PROBLEM IN WHEAT","2,4D-2ML/LIT WATER SPRAY",BIHAR,MADHUBANI,PANDAUL,2018-01-20T21:15:17Z
KHARIF,AGRICULTURE,Others,Others,Weather,WEATHER,"NO RAIN",BIHAR,MADHUBANI,"BABU BARHI",2018-01-21T11:10:09Z
RABI,AGRICULTURE,Cereals,Wheat,Weather,"Weather information","Cloudy weather  today and tomorrow  no chance of rain.",BIHAR,MADHUBANI,BISFI,2018-01-22T10:03:32Z
RABI,AGRICULTURE,Cereals,Wheat,Weather,"Weather information","Cloudy weather  today and tomorrow  no chance of rain.",BIHAR,MADHUBANI,BISFI,2018-01-22T10:11:52Z
RABI,AGRICULTURE,Others,Others,"Sowing Time and Weather","WEATHER INFORMATION","Hazy sunshine and not as warm",BIHAR,MADHUBANI,MADHUBANI,2018-01-24T07:30:21Z
RABI,AGRICULTURE,Others,Others,Weather,"WEATHER INFORMATION","No chance of rain in your area",BIHAR,MADHUBANI,LAUKAHI,2018-01-24T09:40:34Z
RABI,AGRICULTURE,Others,Others,Weather,"WEATHER  INFORMATION","little chance of rain",BIHAR,MADHUBANI,PANDAUL,2018-01-24T10:49:15Z
RABI,AGRICULTURE,Others,Others,"Field Preparation","WEATHER INFORMATION","Sunny weather in your area ,Condition of cold is normal,no chance of rain.",BIHAR,MADHUBANI,ANDHRATHARHI,2018-01-24T10:58:02Z
RABI,AGRICULTURE,Cereals,Wheat,Weather,"Weather information","Cloudy weather  today and tomorrow  no chance of rain.",BIHAR,MADHUBANI,MADHEPUR,2018-01-24T10:58:40Z
RABI,AGRICULTURE,Cereals,Wheat,"Field Preparation","WHEAT COLD ATTACK","SPRAY MANCOZEB 2 GRAM/LITRE OF WATER",BIHAR,MADHUBANI,ANDHRATHARHI,2018-01-24T11:36:24Z
RABI,AGRICULTURE,Others,Others,Weather,"WEATHER INFORMATION","No chance of rain in your area",BIHAR,MADHUBANI,"BABU BARHI",2018-01-24T11:37:52Z
RABI,AGRICULTURE,Others,Others,"Field Preparation","For farmer registration","For farmer registration : www.krishimis.in",BIHAR,MADHUBANI,PANDAUL,2018-01-25T16:55:40Z
RABI,AGRICULTURE,Cereals,Wheat,Weather,"Weather information","????  ??? ????? ??? ???? ??? ?????",BIHAR,MADHUBANI,GHOGHARDIHA,2018-01-25T18:04:25Z
RABI,AGRICULTURE,Others,Others,"Field Preparation","Spray salfosulfuran @ 33-35 gram par hacter","Spray salfosulfuran @ 33-35 gram par hacter",BIHAR,MADHUBANI,ANDHRATHARHI,2018-01-25T21:25:23Z
RABI,AGRICULTURE,Others,Others,"Field Preparation",". yallow leef problem in dhan","Spray carbendazym @ 2.5 gram in 1 litre of water",BIHAR,MADHUBANI,ANDHRATHARHI,2018-01-25T21:26:31Z
RABI,HORTICULTURE,Vegetables,Potato,"Field Preparation","POTATO COLD ATTACK","SPRAY MANCOZEB 2 GRAM/LITRE OF WATER",BIHAR,MADHUBANI,MADHWAPUR,2018-01-26T14:30:51Z
RABI,AGRICULTURE,Others,Others,"Field Preparation","WEATHER INFORMATION","Cloudy weather in your area and no chance of rain in your area",BIHAR,MADHUBANI,"BABU BARHI",2018-01-26T16:47:49Z
RABI,AGRICULTURE,Cereals,Wheat,Weather,"Weather information","Cloudy weather today and tomorrow little chance of rain",BIHAR,MADHUBANI,KALUAHI,2018-01-26T17:03:06Z
RABI,AGRICULTURE,Others,Others,Weather,"WEATHER INFORMATION","Very low cloudy area but no chance of rain",BIHAR,MADHUBANI,BENIPATTI,2018-01-26T18:07:11Z
RABI,AGRICULTURE,Cereals,Wheat,Weather,"Weather information","Cloudy weather  today and tomorrow  no chance of rain",BIHAR,MADHUBANI,BENIPATTI,2018-01-26T18:11:15Z
RABI,AGRICULTURE,Cereals,Wheat,Weather,"Weather information","Cloudy weather  today and tomorrow  no chance of rain",BIHAR,MADHUBANI,BISFI,2018-01-26T18:25:16Z
RABI,AGRICULTURE,Others,Others,"Field Preparation","WEATHER INFORMATION","Cloudy weather in your area and no chance of rain in your area",BIHAR,MADHUBANI,MADHEPUR,2018-01-26T19:18:32Z
RABI,AGRICULTURE,Others,Others,"Field Preparation","WEATHER INFORMATION","Cloudy weather in your area and no chance of rain in your area",BIHAR,MADHUBANI,MADHEPUR,2018-01-26T19:19:37Z
RABI,AGRICULTURE,Others,Others,Weather,"Weather information","no chance of rain",BIHAR,MADHUBANI,"BABU BARHI",2018-01-27T11:15:13Z
RABI,HORTICULTURE,Vegetables,Potato,"Plant Protection","Yellowing  leaf of POTATO","Spray mancozeb @ 2g/lit of water",BIHAR,MADHUBANI,"BABU BARHI",2018-01-27T11:16:36Z
RABI,AGRICULTURE,Others,Others,"Field Preparation","WEATHER INFORMATION","HAZY SUNSHINE",BIHAR,MADHUBANI,PHULPARAS,2018-01-27T11:55:02Z
RABI,AGRICULTURE,Cereals,Wheat,"Field Preparation","WHEAT WEED MANAGEMENT","HAND WEEDING",BIHAR,MADHUBANI,PHULPARAS,2018-01-27T11:56:16Z
RABI,AGRICULTURE,Others,Others,"Field Preparation","WHEAT WEED MANAGEMENT","HAND WEEDING",BIHAR,MADHUBANI,PHULPARAS,2018-01-27T12:04:23Z
RABI,AGRICULTURE,Others,Others,Weather,"Weather information","no chance of rain",BIHAR,MADHUBANI,PHULPARAS,2018-01-27T12:08:36Z
RABI,AGRICULTURE,Others,Others,Weather,"Weather information","no chance of rain",BIHAR,MADHUBANI,PHULPARAS,2018-01-27T12:16:48Z
RABI,AGRICULTURE,Others,Others,Weather,"WEATHER INFORMATION","No chance of rain in your area",BIHAR,MADHUBANI,LADANIA,2018-01-27T15:37:06Z
RABI,AGRICULTURE,Cereals,Wheat,Weather,"Weather information","Cloudy weather  today and tomorrow  no chance of rain.",BIHAR,MADHUBANI,MADHWAPUR,2018-01-27T18:59:05Z
RABI,AGRICULTURE,Others,Others,Weather,"Weather information","Cloudy weather  today and tomorrow  no chance of rain.
Weather information",BIHAR,MADHUBANI,MADHWAPUR,2018-01-27T19:03:39Z
RABI,AGRICULTURE,Others,Others,Weather,"Weather information","Hazy sunshine",BIHAR,MADHUBANI,JAINAGAR,2018-01-28T08:51:18Z
RABI,AGRICULTURE,Others,Others,"Plant Protection","YELLOWING OF LEAVES","Spray mancozeb @ 2g/lit of water",BIHAR,MADHUBANI,BISFI,2018-01-28T08:57:19Z
RABI,AGRICULTURE,Others,Others,"Field Preparation","Variety of bhindi","Variety of bhindi - arka uphar, varsha uphar, okra 4, prabhani krant",BIHAR,MADHUBANI,MADHEPUR,2018-01-28T11:51:47Z
RABI,HORTICULTURE,Fruits,Lemon,"Plant Protection","Yellowing of leaves of citrus","SPRAY MANCOZEB @ 2 GRAM/LITRE OF WATER",BIHAR,MADHUBANI,LAUKAHI,2018-01-28T13:21:14Z
RABI,AGRICULTURE,Others,Others,Weather,"WEATHER INFORMATION","Cloudy weather in your area, but no chance of rain in your area.",BIHAR,MADHUBANI,LAUKAHI,2018-01-28T13:22:40Z
RABI,HORTICULTURE,Fruits,"Jack Fruit","Nutrient Management","nutrient management in jackfruit","spray boomflower @ 2 ml / ltre water",BIHAR,MADHUBANI,LAUKAHI,2018-01-28T13:26:23Z
RABI,AGRICULTURE,Others,Others,Weather,"WEATHER INFORMATION","Cloudy weather in your area, but no chance of rain in your area",BIHAR,MADHUBANI,KHAJAULI,2018-01-29T08:08:52Z
RABI,HORTICULTURE,Vegetables,Bhindi(Okra/Ladysfinger),"Plant Protection","Red cotton bug","Spray phosphamidon 40 SL @ 600 ml/ha",BIHAR,MADHUBANI,BENIPATTI,2018-01-29T09:07:41Z
RABI,AGRICULTURE,Others,Others,"Field Preparation","For farmer registration","For farmer registration : www.krishimis.in",BIHAR,MADHUBANI,BENIPATTI,2018-01-30T09:23:32Z
RABI,AGRICULTURE,Others,Others,"Field Preparation","CONTACT NUMBER OF KVK","Krishi Vigyan Kendra, Birauli, Distt. Samastipur-848113. 7295046855. Host Organization. Rajendra Agricultural University, Pusa Samastipur. 06274- 240226",BIHAR,MADHUBANI,BENIPATTI,2018-01-30T09:26:16Z
JAYAD,AGRICULTURE,Others,Others,Weather,"WEATHER INFORMATION","Clear sky in your area ,no chance of rain",BIHAR,MADHUBANI,GHOGHARDIHA,2018-01-30T13:11:22Z
RABI,HORTICULTURE,Vegetables,Onion,"Cultural Practices","weed management in onion","spray goal @ 2 ml / litre water",BIHAR,MADHUBANI,PHULPARAS,2018-01-31T12:38:09Z
RABI,AGRICULTURE,Others,Others,"Field Preparation","Yellowing of leaves /Rotting problem","SPRAY MANCOZEB @ 2 GRAM/LITRE OF WATER",BIHAR,MADHUBANI,BISFI,2018-01-31T17:44:12Z
JAYAD,AGRICULTURE,Others,Others,"Plant Protection","GROWTH REGULATORIN MANGO","Spray imidachloprid @ 1ml/3 lit of water+Spray Multi micro nutrient @ 2 gram in 1 litre of water",BIHAR,MADHUBANI,PANDAUL,2018-01-31T18:48:07Z
