"Country/ State/ UT Name","District Name","Caste Category","Total/ Rural/ Urban","Marital Status","Present Age","Total Ever/Currently Married Women","Ever/Currently Married Women with Number of Surviving Children - 0","Ever/Currently Married Women with Number of Surviving Children - 1","Ever/Currently Married Women with Number of Surviving Children - 2","Ever/Currently Married Women with Number of Surviving Children - 3","Ever/Currently Married Women with Number of Surviving Children - 4","Ever/Currently Married Women with Number of Surviving Children - 5+","Total Surviving Children - Total","Total Surviving Children - Males","Total Surviving Children - Females"
Bihar,Bhagalpur,"All Scheduled Castes",Rural,"Ever Married","All ages",86656,22995,13504,14619,13419,10674,11445,191182,107196,83986
Bihar,Bhagalpur,"All Scheduled Castes",Rural,"Ever Married","Less than 15",1702,1641,32,29,0,0,0,90,43,47
Bihar,Bhagalpur,"All Scheduled Castes",Rural,"Ever Married",15-19,8954,6857,1565,312,157,63,0,2912,1626,1286
Bihar,Bhagalpur,"All Scheduled Castes",Rural,"Ever Married",20-24,13242,5066,3833,2712,1229,309,93,14650,7963,6687
Bihar,Bhagalpur,"All Scheduled Castes",Rural,"Ever Married",25-29,12677,2259,2489,3239,2505,1441,744,26467,13706,12761
Bihar,Bhagalpur,"All Scheduled Castes",Rural,"Ever Married",30-34,11863,1643,1281,2534,2644,2147,1614,31710,17387,14323
Bihar,Bhagalpur,"All Scheduled Castes",Rural,"Ever Married",35-39,9387,1088,679,1439,1936,1900,2345,30261,16712,13549
Bihar,Bhagalpur,"All Scheduled Castes",Rural,"Ever Married",40-44,7113,880,719,899,1168,1422,2025,23337,13190,10147
Bihar,Bhagalpur,"All Scheduled Castes",Rural,"Ever Married",45-49,5776,676,533,813,942,1312,1500,19042,11100,7942
Bihar,Bhagalpur,"All Scheduled Castes",Rural,"Ever Married",50-54,4501,735,597,744,820,708,897,12642,7537,5105
Bihar,Bhagalpur,"All Scheduled Castes",Rural,"Ever Married",55-59,3620,635,414,608,751,435,777,10062,5953,4109
Bihar,Bhagalpur,"All Scheduled Castes",Rural,"Ever Married",60-64,3731,589,609,735,735,431,632,9655,5731,3924
Bihar,Bhagalpur,"All Scheduled Castes",Rural,"Ever Married",65-69,1790,334,257,262,297,285,355,4889,2919,1970
Bihar,Bhagalpur,"All Scheduled Castes",Rural,"Ever Married",70-74,1391,302,256,181,117,145,390,3878,2313,1565
Bihar,Bhagalpur,"All Scheduled Castes",Rural,"Ever Married",75-79,281,57,67,47,55,21,34,602,358,244
Bihar,Bhagalpur,"All Scheduled Castes",Rural,"Ever Married","80 +",589,214,173,63,49,54,36,914,618,296
Bihar,Bhagalpur,"All Scheduled Castes",Rural,"Currently Married","All ages",79726,21475,12112,13350,12203,9979,10607,176096,98443,77653
Bihar,Bhagalpur,"All Scheduled Castes",Rural,"Currently Married","Less than 15",1700,1640,31,29,0,0,0,89,42,47
Bihar,Bhagalpur,"All Scheduled Castes",Rural,"Currently Married",15-19,8909,6824,1555,312,157,61,0,2894,1619,1275
Bihar,Bhagalpur,"All Scheduled Castes",Rural,"Currently Married",20-24,13157,5023,3830,2694,1208,309,93,14548,7924,6624
Bihar,Bhagalpur,"All Scheduled Castes",Rural,"Currently Married",25-29,12512,2208,2420,3205,2503,1432,744,26288,13607,12681
Bihar,Bhagalpur,"All Scheduled Castes",Rural,"Currently Married",30-34,11592,1557,1238,2452,2603,2140,1602,31292,17105,14187
Bihar,Bhagalpur,"All Scheduled Castes",Rural,"Currently Married",35-39,9055,1038,623,1356,1842,1874,2322,29516,16216,13300
Bihar,Bhagalpur,"All Scheduled Castes",Rural,"Currently Married",40-44,6612,745,611,853,1060,1358,1985,22344,12607,9737
Bihar,Bhagalpur,"All Scheduled Castes",Rural,"Currently Married",45-49,5371,607,444,720,892,1274,1434,18103,10571,7532
Bihar,Bhagalpur,"All Scheduled Castes",Rural,"Currently Married",50-54,3505,553,410,504,655,594,789,10421,6256,4165
Bihar,Bhagalpur,"All Scheduled Castes",Rural,"Currently Married",55-59,3123,478,370,531,616,420,708,9026,5324,3702
Bihar,Bhagalpur,"All Scheduled Castes",Rural,"Currently Married",60-64,2184,358,330,399,442,274,381,5746,3576,2170
Bihar,Bhagalpur,"All Scheduled Castes",Rural,"Currently Married",65-69,1024,209,114,146,128,182,245,3008,1919,1089
Bihar,Bhagalpur,"All Scheduled Castes",Rural,"Currently Married",70-74,574,100,70,82,43,39,240,1987,1170,817
Bihar,Bhagalpur,"All Scheduled Castes",Rural,"Currently Married",75-79,134,29,11,38,19,3,34,348,203,145
Bihar,Bhagalpur,"All Scheduled Castes",Rural,"Currently Married","80 +",244,96,55,27,21,18,27,415,264,151
Bihar,Bhagalpur,"All Scheduled Castes",Urban,"Ever Married","All ages",7493,1900,984,986,1296,851,1476,18958,10416,8542
Bihar,Bhagalpur,"All Scheduled Castes",Urban,"Ever Married","Less than 15",110,110,0,0,0,0,0,0,0,0
Bihar,Bhagalpur,"All Scheduled Castes",Urban,"Ever Married",15-19,699,490,126,61,22,0,0,314,187,127
Bihar,Bhagalpur,"All Scheduled Castes",Urban,"Ever Married",20-24,1204,481,299,221,123,57,23,1453,738,715
Bihar,Bhagalpur,"All Scheduled Castes",Urban,"Ever Married",25-29,1004,167,186,151,204,174,122,2443,1341,1102
Bihar,Bhagalpur,"All Scheduled Castes",Urban,"Ever Married",30-34,1084,151,79,180,270,172,232,3238,1850,1388
Bihar,Bhagalpur,"All Scheduled Castes",Urban,"Ever Married",35-39,950,80,76,87,180,207,320,3460,1857,1603
Bihar,Bhagalpur,"All Scheduled Castes",Urban,"Ever Married",40-44,706,114,61,60,127,82,262,2477,1298,1179
Bihar,Bhagalpur,"All Scheduled Castes",Urban,"Ever Married",45-49,537,37,21,79,128,63,209,2122,1188,934
Bihar,Bhagalpur,"All Scheduled Castes",Urban,"Ever Married",50-54,369,72,31,43,89,34,100,1092,540,552
Bihar,Bhagalpur,"All Scheduled Castes",Urban,"Ever Married",55-59,232,57,14,34,54,21,52,674,425,249
Bihar,Bhagalpur,"All Scheduled Castes",Urban,"Ever Married",60-64,278,53,59,41,60,12,53,682,378,304
Bihar,Bhagalpur,"All Scheduled Castes",Urban,"Ever Married",65-69,119,38,1,10,9,23,38,353,223,130
Bihar,Bhagalpur,"All Scheduled Castes",Urban,"Ever Married",70-74,142,40,21,10,18,6,47,451,268,183
Bihar,Bhagalpur,"All Scheduled Castes",Urban,"Ever Married",75-79,29,1,9,0,10,0,9,120,75,45
Bihar,Bhagalpur,"All Scheduled Castes",Urban,"Ever Married","80 +",29,9,0,9,2,0,9,78,47,31
Bihar,Bhagalpur,"All Scheduled Castes",Urban,"Currently Married","All ages",6876,1713,907,921,1146,809,1380,17521,9610,7911
Bihar,Bhagalpur,"All Scheduled Castes",Urban,"Currently Married","Less than 15",110,110,0,0,0,0,0,0,0,0
Bihar,Bhagalpur,"All Scheduled Castes",Urban,"Currently Married",15-19,691,484,126,61,20,0,0,308,185,123
Bihar,Bhagalpur,"All Scheduled Castes",Urban,"Currently Married",20-24,1198,475,299,221,123,57,23,1453,738,715
Bihar,Bhagalpur,"All Scheduled Castes",Urban,"Currently Married",25-29,993,156,186,151,204,174,122,2443,1341,1102
Bihar,Bhagalpur,"All Scheduled Castes",Urban,"Currently Married",30-34,1060,151,79,179,261,160,230,3151,1782,1369
Bihar,Bhagalpur,"All Scheduled Castes",Urban,"Currently Married",35-39,915,69,66,85,172,204,319,3404,1818,1586
Bihar,Bhagalpur,"All Scheduled Castes",Urban,"Currently Married",40-44,665,89,58,60,123,82,253,2417,1262,1155
Bihar,Bhagalpur,"All Scheduled Castes",Urban,"Currently Married",45-49,475,25,20,67,111,58,194,1909,1078,831
Bihar,Bhagalpur,"All Scheduled Castes",Urban,"Currently Married",50-54,292,52,22,32,74,24,88,914,481,433
Bihar,Bhagalpur,"All Scheduled Castes",Urban,"Currently Married",55-59,187,30,11,33,44,19,50,611,387,224
Bihar,Bhagalpur,"All Scheduled Castes",Urban,"Currently Married",60-64,94,14,39,3,3,2,33,268,158,110
Bihar,Bhagalpur,"All Scheduled Castes",Urban,"Currently Married",65-69,85,19,1,10,0,23,32,296,184,112
Bihar,Bhagalpur,"All Scheduled Castes",Urban,"Currently Married",70-74,73,30,0,10,9,6,18,188,113,75
Bihar,Bhagalpur,"All Scheduled Castes",Urban,"Currently Married",75-79,9,0,0,0,0,0,9,81,36,45
Bihar,Bhagalpur,"All Scheduled Castes",Urban,"Currently Married","80 +",29,9,0,9,2,0,9,78,47,31
