Season,Sector,Category,Crop,QueryType,QueryText,KCCAns,StateName,DistrictName,BlockName,CreatedOn
JAYAD,AGRICULTURE,Others,Others,Weather,"Weather information","CHANCE OF RAIN IN YOUR AREA",BIHAR,BANKA,BAUSI,2018-04-01T11:27:12Z
JAYAD,AGRICULTURE,Others,Others,Weather,"weather information","Cloudy weather,rain is likely",BIHAR,BANKA,BELHAR,2018-04-01T12:36:07Z
JAYAD,AGRICULTURE,Others,Others,Weather,"Weather information","Heavy Cloudy weather in your area, no chance of rain in your area",BIHAR,BANKA,BELHAR,2018-04-01T16:41:34Z
JAYAD,AGRICULTURE,Others,Others,Weather,"WEATHER INFORMATION","Cloudy weather in your area but no chance of rain in your area",BIHAR,BANKA,KATORIA,2018-04-01T17:46:29Z
RABI,HORTICULTURE,Vegetables,Bhindi(Okra/Ladysfinger),"Plant Protection",Aphid,"?Imidacloprid 200 SL at 100 ml/ha
?Methyl demeton 25 EC 500 ml/ha
?Dimethoate 30 EC 500 ml/ha",BIHAR,BANKA,BAUSI,2018-04-02T10:31:14Z
RABI,AGRICULTURE,Others,Others,Weather,"WEATHER INFORMATION","Cloudy weather in your area, but Hazy sunshine no chance of rain in your area.",BIHAR,BANKA,BARAHAT,2018-04-02T15:54:26Z
JAYAD,AGRICULTURE,Others,Others,Weather,"Weather information","chance of rain in your area",BIHAR,BANKA,RAJAUN,2018-04-03T18:36:13Z
JAYAD,AGRICULTURE,Others,Others,Weather,"Weather information","chance of rain in your area",BIHAR,BANKA,RAJAUN,2018-04-03T18:36:13Z
JAYAD,AGRICULTURE,Others,Others,Weather,"Weather information","chance of rain in your area",BIHAR,BANKA,RAJAUN,2018-04-03T18:36:13Z
JAYAD,HORTICULTURE,Vegetables,Cauliflower,"Plant Protection","WHITE FLY INSECT  PROBLEM IN CAULIFLOWER","SPRAY IMIDACHLOROPRID @ 1 ML / 3 LITRE WATER",BIHAR,BANKA,SHAMBHUGANJ,2018-04-05T12:45:52Z
JAYAD,HORTICULTURE,Vegetables,Onion,"Plant Protection","YELLOWING OF LEAVES OF ONION","Spray mancozeb @ 2g/lit of water",BIHAR,BANKA,SHAMBHUGANJ,2018-04-05T12:48:57Z
JAYAD,AGRICULTURE,Others,Others,Weather,"Weather information","chance of rain in your area",BIHAR,BANKA,SHAMBHUGANJ,2018-04-05T12:51:56Z
JAYAD,AGRICULTURE,Others,Others,Weather,"Weather information","chance of rain in your area",BIHAR,BANKA,BELHAR,2018-04-05T12:58:05Z
JAYAD,AGRICULTURE,Others,Others,Weather,"Weather information","chance of rain in your area",BIHAR,BANKA,RAJAUN,2018-04-05T13:02:33Z
JAYAD,AGRICULTURE,Others,Others,Weather,"Weather information","chance of rain in your area",BIHAR,BANKA,BANKA,2018-04-05T13:02:36Z
JAYAD,AGRICULTURE,Others,Others,Weather,"Weather information","No chance of rain in your area",BIHAR,BANKA,BANKA,2018-04-05T13:05:52Z
JAYAD,AGRICULTURE,Others,Others,Weather,"Weather information","No chance of rain in your area",BIHAR,BANKA,BANKA,2018-04-05T13:05:53Z
JAYAD,AGRICULTURE,Others,Others,Weather,"Weather information","chance of rain in your area",BIHAR,BANKA,BANKA,2018-04-05T13:08:07Z
JAYAD,AGRICULTURE,Others,Others,Weather,"Weather information","chance of rain in your area",BIHAR,BANKA,SHAMBHUGANJ,2018-04-05T13:08:10Z
JAYAD,AGRICULTURE,Pulses,"Green Gram (Moong Bean/ Moong)",Varieties,"moong varieties","moong varieties--smarat ,sona",BIHAR,BANKA,DHURAIYA,2018-04-05T15:49:03Z
JAYAD,AGRICULTURE,Others,Others,Weather,"WEATHER INFORMATION","Cloudy weather in your area up to 2-3 days ,chance of little rain .",BIHAR,BANKA,DHURAIYA,2018-04-05T15:51:20Z
JAYAD,AGRICULTURE,Others,Others,Weather,"Weather information","Cloudy weather Today and tomorrow little chance of rain in your area",BIHAR,BANKA,BANKA,2018-04-05T18:27:06Z
RABI,AGRICULTURE,Others,Others,"Field Preparation","Today and tomorrow no chance of rain in your area.","Today and tomorrow no chance of rain in your area.",BIHAR,BANKA,BELHAR,2018-04-05T19:23:14Z
JAYAD,AGRICULTURE,Others,Others,Weather,"Weather information","Cloudy weather Today and tomorrow little chance of rain in your area",BIHAR,BANKA,SHAMBHUGANJ,2018-04-05T20:17:07Z
JAYAD,HORTICULTURE,Vegetables,Bhindi(Okra/Ladysfinger),"Plant Protection","insect infestation","rogor 30 EC 1 mililitre prati paani me gholkar chhidkaav kare.",BIHAR,BANKA,AMARPUR,2018-04-06T06:52:29Z
JAYAD,HORTICULTURE,Vegetables,Bhindi(Okra/Ladysfinger),"Nutrient Management","leaf yellowing in bhindi","Spray Copper oxychloride 2gm per lit of water",BIHAR,BANKA,AMARPUR,2018-04-06T06:53:30Z
KHARIF,HORTICULTURE,Fruits,Mango,"Nutrient Management","fruit dropping in mango","Spray Planofix 1 ml/4-5 Litre of Water",BIHAR,BANKA,AMARPUR,2018-04-06T06:55:32Z
JAYAD,AGRICULTURE,Others,Others,Weather,"WEATHER INFORMATION","CHANCE OF RAIN IN YOUR AREA",BIHAR,BANKA,AMARPUR,2018-04-06T07:15:59Z
JAYAD,AGRICULTURE,Others,Others,Weather,"WEATHER INFORMATION","Cloudy weather in your area,  chance of rain in your area",BIHAR,BANKA,BANKA,2018-04-06T08:44:45Z
JAYAD,AGRICULTURE,Pulses,"Green Gram (Moong Bean/ Moong)",Varieties,"name of moong variety","Varieties of Moong - H.U.M-16, Pusa vishal, Samarat, Sona, P.S-16, S.M.L-668",BIHAR,BANKA,BANKA,2018-04-06T08:46:00Z
JAYAD,HORTICULTURE,Vegetables,Tomato,"Nutrient Management","drying and yellowing of leaves","Spray mancozeb @ 2 gm / lit of water",BIHAR,BANKA,SHAMBHUGANJ,2018-04-06T09:51:05Z
JAYAD,HORTICULTURE,Vegetables,"Bottle Gourd","Nutrient Management","yellowing and green pathches on leaves","Spray mancozeb @ 2 gm / lit of water",BIHAR,BANKA,SHAMBHUGANJ,2018-04-06T09:53:03Z
JAYAD,AGRICULTURE,Others,Others,Weather,"WEATHER INFORMATION","Heavy Cloudy weather in your area, chance of rain in your area",BIHAR,BANKA,BARAHAT,2018-04-07T10:34:13Z
JAYAD,AGRICULTURE,Others,Others,Weather,"WEATHER INFORMATION","Heavy Cloudy weather in your area, chance of rain in your area",BIHAR,BANKA,DHURAIYA,2018-04-07T13:51:10Z
JAYAD,AGRICULTURE,Others,Others,Weather,"WEATHER INFORMATION","Heavy Cloudy weather in your area, chance of rain in your area",BIHAR,BANKA,DHURAIYA,2018-04-07T13:51:21Z
JAYAD,AGRICULTURE,Others,Others,Weather,"WEATHER INFORMATION","today and tomarrow chance of rain in your area",BIHAR,BANKA,BAUSI,2018-04-07T15:00:58Z
JAYAD,AGRICULTURE,Others,Others,Weather,"WEATHER INFORMATION","today and tomarrow chance of rain in your area",BIHAR,BANKA,BARAHAT,2018-04-07T20:02:26Z
RABI,HORTICULTURE,Vegetables,Bhindi(Okra/Ladysfinger),"Plant Protection","Cercospora Leaf Spots","Cercospora Leaf Spots",BIHAR,BANKA,BARAHAT,2018-04-08T09:56:19Z
RABI,AGRICULTURE,Cereals,Wheat,Weather,"Weather Informesion","????? ??? ???? ???? ??? ?????",BIHAR,BANKA,RAJAUN,2018-04-08T11:02:37Z
JAYAD,HORTICULTURE,Vegetables,"Sponge Gourd","Plant Protection","PREMATURE FRUIT ROT OF SPONGE GOURD","Spray copper oxycloride @ 2 gram in 1 litter of water",BIHAR,BANKA,BELHAR,2018-04-09T07:39:39Z
JAYAD,HORTICULTURE,Vegetables,"Sponge Gourd","Nutrient Management","NUTRIENT MANAGEMENT IN SPONGE GOURD","Spray multi micro nutrients @ 2 G in 1 liter of water",BIHAR,BANKA,BELHAR,2018-04-09T07:42:05Z
JAYAD,AGRICULTURE,Others,Others,Weather,"weather information","Cloudy weather Today & tomorrow   chance of rain",BIHAR,BANKA,BELHAR,2018-04-09T07:42:55Z
RABI,AGRICULTURE,Cereals,Wheat,Weather,"Weather information","Cloudy weather Today and tomorrow little chance of rain in your area",BIHAR,BANKA,CHANDAN,2018-04-09T09:56:35Z
RABI,HORTICULTURE,Vegetables,Bhindi(Okra/Ladysfinger),"Plant Protection","Bhendi fruit borer","Spray carbaryl 50 WP 2 g/lit or B. thuringiensis 2 g/lit",BIHAR,BANKA,BARAHAT,2018-04-09T10:07:08Z
JAYAD,AGRICULTURE,Others,Others,Weather,"weather information","Cloudy weather Today & tomorrow   chance of rain",BIHAR,BANKA,RAJAUN,2018-04-09T11:23:54Z
JAYAD,AGRICULTURE,Others,Others,Weather,"weather information","Cloudy weather Today & tomorrow   chance of rain",BIHAR,BANKA,RAJAUN,2018-04-09T11:25:10Z
RABI,AGRICULTURE,Others,Others,Weather,"weather information","Intervals of clouds and sunshine with a thunderstorm in a couple of spots this afternoon",BIHAR,BANKA,BELHAR,2018-04-09T16:55:39Z
JAYAD,AGRICULTURE,Others,Others,Weather,"WEATHER INFORMATION","Cloudy weather today and  tomorrow little chance of rain in your area.",BIHAR,BANKA,FULLIDUMAR,2018-04-09T17:48:15Z
JAYAD,AGRICULTURE,Others,Others,Weather,"WEATHER INFORMATION","Cloudy weather in your area,  chance of rain in your area",BIHAR,BANKA,BAUSI,2018-04-10T10:29:49Z
JAYAD,AGRICULTURE,Others,Others,Weather,"WEATHER INFORMATION","Cloudy weather today and  tomorrow little chance of rain in your area.",BIHAR,BANKA,RAJAUN,2018-04-10T15:21:33Z
JAYAD,AGRICULTURE,Pulses,"Green Gram (Moong Bean/ Moong)",Varieties,"VARIETIES OF MOONG","VARIEITES ARE P.S-16,PUSA VISHAL FOR MOONG",BIHAR,BANKA,BARAHAT,2018-04-10T20:21:29Z
RABI,HORTICULTURE,Vegetables,Chillies,"Plant Protection","Green peach aphid","Imidacloprid 17.8 % SL 3.5 ml/10 lit. 
Oxydemeton Methyl 25% EC 1.6 ml/lit. 
Phosalone 35 % EC 2.0 ml/lit. 
Quinalphos 25 % EC 1.0 ml/lit.",BIHAR,BANKA,BARAHAT,2018-04-11T06:17:19Z
RABI,AGRICULTURE,Others,Others,Weather,"Weather Information","Cloudy weather today and tomorrow little chance of rain",BIHAR,BANKA,BELHAR,2018-04-11T07:44:29Z
JAYAD,AGRICULTURE,Others,Others,Weather,"WEATHER INFORMATION","Cloudy weather in your area,  chance of rain in your area",BIHAR,BANKA,BAUSI,2018-04-11T09:09:16Z
JAYAD,AGRICULTURE,Others,Others,Weather,"WEATHER INFORMATION","Cloudy weather in your area,  chance of rain in your area",BIHAR,BANKA,BAUSI,2018-04-11T09:09:53Z
JAYAD,HORTICULTURE,Fruits,Mango,"Plant Protection","FRUIT DROPPING OF MANGO","Spray planofix 1ml in 4- 5 lit of water.",BIHAR,BANKA,SHAMBHUGANJ,2018-04-11T09:43:57Z
JAYAD,AGRICULTURE,Others,Others,Weather,"weather information","Cloudy weather Today & tomorrow   chance of rain",BIHAR,BANKA,SHAMBHUGANJ,2018-04-11T09:50:49Z
JAYAD,AGRICULTURE,Others,Others,Weather,"Weather information","Cloudy weather Today and tomorrow little chance of rain in your area",BIHAR,BANKA,SHAMBHUGANJ,2018-04-11T12:53:51Z
JAYAD,AGRICULTURE,Others,Others,Weather,"WEATHER INFORMATION","Cloudy weather in your area,  chance of rain in your area",BIHAR,BANKA,BELHAR,2018-04-12T10:50:55Z
JAYAD,AGRICULTURE,Others,Others,Weather,"weather information","Cloudy weather,rain is likely.",BIHAR,BANKA,BELHAR,2018-04-12T12:28:25Z
JAYAD,AGRICULTURE,Others,Others,Weather,"WEATHER INFORMATION","No chance of rain in your area",BIHAR,BANKA,BANKA,2018-04-13T06:35:44Z
JAYAD,AGRICULTURE,Others,Others,Weather,"WEATHER INFORMATION","No chance of rain in your area",BIHAR,BANKA,AMARPUR,2018-04-13T07:03:46Z
JAYAD,HORTICULTURE,Vegetables,Chillies,"Nutrient Management","leaf curling and drying in chillies","spray multi micronutrient 2 gram/liter water",BIHAR,BANKA,AMARPUR,2018-04-13T07:07:29Z
RABI,AGRICULTURE,Others,Others,"Plant Protection","YELLOWING OF LEAVES","Copper oxychloride 0.25% @ 2 gm in 1 liter of water",BIHAR,BANKA,BAUSI,2018-04-13T10:49:05Z
RABI,AGRICULTURE,Others,Others,Weather,"Weather information","Cloudy weather Today and tomorrow little chance of rain in your area",BIHAR,BANKA,SHAMBHUGANJ,2018-04-13T15:38:51Z
JAYAD,AGRICULTURE,Others,Others,Weather,"WEATHER INFORMATION","Partly cloudy in your area,no chance of rain.",BIHAR,BANKA,BAUSI,2018-04-13T16:14:05Z
JAYAD,AGRICULTURE,Others,Others,Weather,"WEATHER INFORMATION","Partly cloudy in your area,no chance of rain.",BIHAR,BANKA,AMARPUR,2018-04-13T16:51:58Z
JAYAD,AGRICULTURE,Others,Others,"Plant Protection","FASAL BIMA","FASAL BIMA KISANO KI FASAL SE JUDE JOKHIM KI WAJAH SE HO SAKNE WALE NUKSAN SE RACHHA KARNE KA MADHAYAM HAI!ISASE KISANO KO ACHANAK AAYE JOKHIM YA KHARAB MAUSAM SE  FASAL KO HUYE NUKSAN KI BHARPAI KI JATI HAI!",BIHAR,BANKA,SHAMBHUGANJ,2018-04-14T18:41:15Z
JAYAD,HORTICULTURE,Vegetables,"Bottle Gourd","Plant Protection","YELLOWING AND DRYING OF BOTTLE GOURD","Spray mancozeb @ 2g/lit of water",BIHAR,BANKA,BAUSI,2018-04-15T09:53:12Z
JAYAD,AGRICULTURE,Others,Others,"Plant Protection","Growth regulator in mango","Spray Planofix @ 1 ml in 5 liter of water",BIHAR,BANKA,SHAMBHUGANJ,2018-04-15T12:40:56Z
JAYAD,AGRICULTURE,Others,Others,"Plant Protection","Insect infestation","Spray Imidacloroprid @ 1 ml / 3 lit of water",BIHAR,BANKA,SHAMBHUGANJ,2018-04-15T12:42:21Z
JAYAD,AGRICULTURE,Others,Others,"Plant Protection","MANGO INSECT","Spray Imidacloroprid 17.8 SL @ 1 ml /3 lit of water",BIHAR,BANKA,SHAMBHUGANJ,2018-04-15T14:41:13Z
JAYAD,AGRICULTURE,Others,Others,"Agriculture Mechanization","AGRICULTURE MECHANIZATION","Kisan registration - www.krishimis.in",BIHAR,BANKA,AMARPUR,2018-04-16T11:24:28Z
RABI,HORTICULTURE,Vegetables,Bhindi(Okra/Ladysfinger),"Plant Protection","Tobacco mosaic virus","Spray insecticides like Dimethoate 2 ml/litre or Metasystox 1 ml/litre of water to control the insect vectors.",BIHAR,BANKA,BARAHAT,2018-04-16T12:05:57Z
JAYAD,AGRICULTURE,Others,Others,Weather,"weather information","Hazy weather in your area ,no chance of rain",BIHAR,BANKA,KATORIA,2018-04-16T13:31:54Z
JAYAD,AGRICULTURE,Others,Others,"Plant Protection","NUTRIENT MANAGEMENT:","Spray multi micro nutrients @ 2 ml in 1 liter of water",BIHAR,BANKA,AMARPUR,2018-04-16T19:26:29Z
JAYAD,HORTICULTURE,Vegetables,Bhindi(Okra/Ladysfinger),"Plant Protection","JASID ATTACK IN BHINDI","SPRAY IMIDACHLOROPID 1ML/3LIT OF WATER IN BHINDI",BIHAR,BANKA,AMARPUR,2018-04-16T19:32:05Z
JAYAD,AGRICULTURE,Others,Others,Weather,"weather information","rain is likely in your area.",BIHAR,BANKA,BANKA,2018-04-17T07:39:41Z
JAYAD,HORTICULTURE,Fruits,Mango,"Plant Protection","FRUIT DROPPING OF MANGO","SPRAY PLANOFIX 1 ML/5LITRE OF WATER",BIHAR,BANKA,AMARPUR,2018-04-17T08:23:48Z
JAYAD,HORTICULTURE,Fruits,Mango,"Plant Protection","FRUIT DROPPING OF MANGO","SPRAY PLANOFIX 1 ML/5LITRE OF WATER",BIHAR,BANKA,AMARPUR,2018-04-17T08:25:02Z
JAYAD,AGRICULTURE,Others,Others,Weather,"weather information","Cloudy weather,rain is likely in your area.",BIHAR,BANKA,BELHAR,2018-04-17T11:49:31Z
JAYAD,HORTICULTURE,Fruits,Mango,"Plant Protection","FRUIT dropping problem in mango","Spray Planofix 1 ml/4-5 Litre of Water",BIHAR,BANKA,BELHAR,2018-04-17T12:59:09Z
JAYAD,HORTICULTURE,Fruits,Mango,"Plant Protection","FRUIT dropping problem in mango","Spray Planofix 1 ml/4-5 Litre of Water",BIHAR,BANKA,BELHAR,2018-04-17T12:59:53Z
JAYAD,AGRICULTURE,Others,Others,Weather,"WEATHER INFORMATION","CHANCE OF RAIN IN YOUR AREA",BIHAR,BANKA,BELHAR,2018-04-17T13:02:10Z
JAYAD,AGRICULTURE,Others,Others,"Soil Health Card","SOIL HEALTH CARD","Meet your BAO OR BTM, KISAN MITRA",BIHAR,BANKA,BAUSI,2018-04-19T09:26:15Z
JAYAD,AGRICULTURE,Others,Others,Weather,"weather information","Hazy weather in your area ,no chance of rain",BIHAR,BANKA,BAUSI,2018-04-19T09:26:51Z
JAYAD,AGRICULTURE,Others,Others,Weather,"WEATHER INFORMATION","Cloudy weather in your area,no chance of rain in your area",BIHAR,BANKA,BANKA,2018-04-19T12:00:51Z
JAYAD,AGRICULTURE,Others,Others,Weather,"WEATHER INFORMATION","Cloudy weather in your area,no chance of rain in your area",BIHAR,BANKA,SHAMBHUGANJ,2018-04-19T13:55:27Z
RABI,AGRICULTURE,Others,Others,"Plant Protection","Insect infestation","Spray imidachloprid @1ml/3lit of water",BIHAR,BANKA,BANKA,2018-04-19T14:16:44Z
RABI,AGRICULTURE,Others,Others,"Plant Protection","FRUIT DROPPING IN MANGO tree","spray planofix 1 ml/4 liter water",BIHAR,BANKA,SHAMBHUGANJ,2018-04-19T18:19:15Z
JAYAD,HORTICULTURE,Fruits,Pomegranate,"Nutrient Management","no flower formation","Spray boomflower @ 2 ml in 1 litre of water",BIHAR,BANKA,DHURAIYA,2018-04-20T12:24:33Z
JAYAD,AGRICULTURE,Others,Others,Weather,"WEATHER INFORMATION","NO CHANCE OF RAIN IN YOUR AREA",BIHAR,BANKA,BAUSI,2018-04-21T07:18:55Z
JAYAD,AGRICULTURE,Others,Others,Weather,"Weather information","There will be light clouds in the sky chance of rain in your area.",BIHAR,BANKA,BELHAR,2018-04-21T07:39:45Z
JAYAD,AGRICULTURE,Others,Others,Weather,"Weather information","There will be light clouds in the sky chance of rain in your area.",BIHAR,BANKA,BELHAR,2018-04-21T07:40:09Z
RABI,AGRICULTURE,Cereals,Wheat,Weather,"Weather Information","?? ?? ??????? ??? ???? ??? ????? ?????  ????? ???? ?? ??? ???????? ???? ??",BIHAR,BANKA,BAUSI,2018-04-21T08:16:51Z
RABI,AGRICULTURE,Cereals,Wheat,Weather,"Weather Information","?? ?? ??????? ??? ???? ??? ????? ?????  ????? ???? ?? ??? ???????? ???? ??",BIHAR,BANKA,BAUSI,2018-04-21T08:22:00Z
JAYAD,AGRICULTURE,Others,Others,Weather,"WEATHER INFORMATION","?? ???? ??????? ??? ???? ??? ????? ?????  ????? ?? ???  ???????  ??? ??",BIHAR,BANKA,KATORIA,2018-04-21T08:54:41Z
JAYAD,HORTICULTURE,Fruits,Guava,"Cultural Practices","PLANTING TIME OF GUAVA","PLANTING TIME OF GUAVA---JULY TO AUGUST",BIHAR,BANKA,BARAHAT,2018-04-21T09:35:57Z
JAYAD,AGRICULTURE,Others,Others,Weather,"Weather information","There will be light clouds in the sky chance of rain in your area.",BIHAR,BANKA,BAUSI,2018-04-21T09:48:53Z
RABI,HORTICULTURE,Vegetables,Chillies,"Plant Protection","Tobacco cutworm","Indoxacarb 14.5 % SC 6.5 ml/10 lit. 
Novaluron 10 % EC 7.5 ml/10 lit.",BIHAR,BANKA,BARAHAT,2018-04-21T10:29:04Z
JAYAD,HORTICULTURE,Fruits,Mango,"Plant Protection","Fruit dropping problem in mango","SPRAY PLANOFIX 1 ML/4-5 LITRE OF WATER",BIHAR,BANKA,BARAHAT,2018-04-21T12:26:33Z
JAYAD,HORTICULTURE,Fruits,Mango,"Plant Protection","MANGO HOPPER INFESTATION","Spray imidachloprid @ 1ml/3 lit of water",BIHAR,BANKA,BARAHAT,2018-04-21T12:29:12Z
JAYAD,AGRICULTURE,Others,Others,Weather,"Weather information","Sunny weather but no rain in your area.",BIHAR,BANKA,BELHAR,2018-04-21T18:04:10Z
JAYAD,AGRICULTURE,Others,Others,Weather,"weather information","Hazy weather in your area ,no chance of rain",BIHAR,BANKA,BAUSI,2018-04-22T08:23:06Z
JAYAD,AGRICULTURE,Others,Others,Weather,"weather information","Hazy weather in your area ,no chance of rain",BIHAR,BANKA,BANKA,2018-04-22T08:31:32Z
RABI,HORTICULTURE,Vegetables,Brinjal,"Plant Protection","Red cotton bug","Spray phosphamidon 40 SL @ 600 ml/ha",BIHAR,BANKA,BARAHAT,2018-04-22T10:31:18Z
RABI,AGRICULTURE,Others,Others,Weather,"Weather information","Cloudy weather in your area but no chance of rain in your area",BIHAR,BANKA,RAJAUN,2018-04-23T14:16:36Z
JAYAD,AGRICULTURE,Others,Others,Weather,"Weather information","No chance of rain in your area",BIHAR,BANKA,SHAMBHUGANJ,2018-04-23T14:49:51Z
RABI,HORTICULTURE,Vegetables,Chillies,"Plant Protection","Tobacco cutworm","Emamectin benzoate 5 % SG 4 g/10 lit. 
Flubendiamide 20 WDG 6.0 g /10 lit. 
Indoxacarb 14.5 % SC 6.5 ml/10 lit",BIHAR,BANKA,BANKA,2018-04-24T10:47:01Z
RABI,HORTICULTURE,Vegetables,Chillies,"Plant Protection","Gram caterpillar","Novaluron 10 % EC 7.5 ml/10 lit. 
Spinosad 45 % SC 3.2 ml/10 lit. 
Thiodicarb 75 % WP 2.0 g/lit.",BIHAR,BANKA,BARAHAT,2018-04-24T10:49:09Z
RABI,HORTICULTURE,Vegetables,Brinjal,"Plant Protection","Bhendi fruit borer","Spray carbaryl 50 WP 2 g/lit or B. thuringiensis 2 g/lit",BIHAR,BANKA,BANKA,2018-04-25T11:01:51Z
RABI,AGRICULTURE,Others,Others,Weather,"Weather information","Hazy sun and very warm",BIHAR,BANKA,BANKA,2018-04-25T17:36:49Z
RABI,HORTICULTURE,Vegetables,Chillies,"Plant Protection","Yellow mite or muranai mite","Diafenthiuron 50 % WP 8.0 g/10 lit. 
Dimethoate 30 % EC 1.0 ml/lit. 
Ethion 50 % EC 2.0 ml/lit.",BIHAR,BANKA,BARAHAT,2018-04-26T12:00:36Z
JAYAD,AGRICULTURE,Others,Others,"Nutrient Management","Nutritional medicine","Spray Multi micro nutrient @ 2 gram in 1 liter of water",BIHAR,BANKA,SHAMBHUGANJ,2018-04-26T15:51:31Z
JAYAD,AGRICULTURE,Others,Others,Weather,"Weather Information","Cloudy weather today and tomorrow little chance of rain.",BIHAR,BANKA,KATORIA,2018-04-26T17:35:20Z
JAYAD,AGRICULTURE,Others,Others,Weather,"Weather Information","Cloudy weather today and tomorrow little chance of rain.",BIHAR,BANKA,KATORIA,2018-04-26T17:50:13Z
JAYAD,AGRICULTURE,Others,Others,Weather,"WEATHER INFORMATION","TODAY AND TOMARROW CHANCE OF RAIN IN YOUR AREA",BIHAR,BANKA,RAJAUN,2018-04-27T06:39:55Z
JAYAD,AGRICULTURE,Others,Others,Weather,"WEATHER INFORMATION","TODAY AND TOMARROW CHANCE OF RAIN IN YOUR AREA",BIHAR,BANKA,RAJAUN,2018-04-27T06:41:41Z
JAYAD,HORTICULTURE,Vegetables,Bhindi(Okra/Ladysfinger),"Plant Protection","FRUIT BORER INSECT PROBLEM IN BHINDI","SPRAY NEEM OIL @ 5 ML / LITRE WATER",BIHAR,BANKA,RAJAUN,2018-04-27T06:46:13Z
JAYAD,AGRICULTURE,Others,Others,Weather,"WEATHER INFORMATION","TODAY AND TOMARROW CHANCE OF RAIN IN YOUR AREA",BIHAR,BANKA,SHAMBHUGANJ,2018-04-27T13:39:27Z
JAYAD,AGRICULTURE,Others,Others,"Field Preparation","Farmer Reg. & Anudan:-",dbtagriculture.bihar.gov.in,BIHAR,BANKA,BELHAR,2018-04-28T13:33:20Z
JAYAD,AGRICULTURE,Others,Others,Weather,"Weather information","Cloudy weather in your area chance of rain in your area",BIHAR,BANKA,BANKA,2018-04-29T09:42:08Z
JAYAD,HORTICULTURE,Fruits,Mango,"Plant Protection","Fruit dropping problem in mango","SPRAY PLANOFIX 1 ML/4-5 LITRE OF WATER",BIHAR,BANKA,BANKA,2018-04-29T09:43:41Z
JAYAD,HORTICULTURE,Fruits,Mango,"Nutrient Management","FRUIT CRACKING OF MANGO","SPRAY BORAX @ 2 GRAM PER LITRE WATER",BIHAR,BANKA,SHAMBHUGANJ,2018-04-29T13:29:53Z
KHARIF,AGRICULTURE,Others,Others,"Field Preparation","WEATHER INFORMATION","Cloudy weather in your area,no chance of rain in your area",BIHAR,BANKA,BARAHAT,2018-04-30T12:22:36Z
KHARIF,AGRICULTURE,Others,Others,"Field Preparation","WEATHER INFORMATION","Cloudy weather in your area,no chance of rain in your area",BIHAR,BANKA,BARAHAT,2018-04-30T12:24:18Z
KHARIF,AGRICULTURE,Others,Others,"Field Preparation","WEATHER INFORMATION","chance of rain in your area",BIHAR,BANKA,SHAMBHUGANJ,2018-04-30T13:25:10Z
KHARIF,AGRICULTURE,Others,Others,"Field Preparation","WEATHER INFORMATION","NO CHANCE OF RAIN IN YOUR AREA",BIHAR,BANKA,CHANDAN,2018-04-30T17:37:33Z
KHARIF,AGRICULTURE,Others,Others,"Field Preparation","WEATHER INFORMATION","Cloudy weather in your area, chance of rain in your area",BIHAR,BANKA,BANKA,2018-04-30T17:54:19Z
JAYAD,AGRICULTURE,Others,Others,Weather,"WEATHER INFORMATION","Cloudy weather today and  tomorrow little chance of rain in your area.",BIHAR,BANKA,FULLIDUMAR,2018-04-30T18:44:54Z
JAYAD,AGRICULTURE,Others,Others,Weather,"WEATHER INFORMATION","Cloudy weather today and  tomorrow little chance of rain in your area.",BIHAR,BANKA,RAJAUN,2018-04-30T20:16:10Z
JAYAD,AGRICULTURE,Others,Others,Weather,"WEATHER INFORMATION","Cloudy weather today and  tomorrow little chance of rain in your area.",BIHAR,BANKA,RAJAUN,2018-04-30T20:22:41Z
JAYAD,AGRICULTURE,Others,Others,Weather,"WEATHER INFORMATION","Cloudy weather today and  tomorrow little chance of rain in your area.",BIHAR,BANKA,RAJAUN,2018-04-30T20:22:55Z
JAYAD,AGRICULTURE,Others,Others,Weather,"WEATHER INFORMATION","Cloudy weather today and  tomorrow little chance of rain in your area.",BIHAR,BANKA,RAJAUN,2018-04-30T20:23:14Z
JAYAD,AGRICULTURE,Others,Others,Weather,"WEATHER INFORMATION","Cloudy weather today and  tomorrow little chance of rain in your area.",BIHAR,BANKA,RAJAUN,2018-04-30T20:23:26Z
JAYAD,AGRICULTURE,Others,Others,Weather,"WEATHER INFORMATION","Cloudy weather today and  tomorrow little chance of rain in your area.",BIHAR,BANKA,RAJAUN,2018-04-30T20:23:38Z
