"Country/ State/ UT Name","District Name","Tribe Category","Total/ Rural/ Urban","Marital Status","Present Age","Total Ever/ Currently Married Women","Ever/ Currently Married Women with Number of Surviving Children - 0","Ever/ Currently Married Women with Number of Surviving Children - 1","Ever/ Currently Married Women with Number of Surviving Children - 2","Ever/ Currently Married Women with Number of Surviving Children - 3","Ever/ Currently Married Women with Number of Surviving Children - 4","Ever/ Currently Married Women with Number of Surviving Children - 5+","Total Surviving Children","Total Surviving Children - Males","Total Surviving Children - Females"
Bihar,Samastipur,"All Scheduled Tribes",Rural,"Ever Married","All Ages",36,13,1,12,8,1,1,58,37,21
Bihar,Samastipur,"All Scheduled Tribes",Rural,"Ever Married",15-19,3,2,0,1,0,0,0,2,1,1
Bihar,Samastipur,"All Scheduled Tribes",Rural,"Ever Married",20-24,3,3,0,0,0,0,0,0,0,0
Bihar,Samastipur,"All Scheduled Tribes",Rural,"Ever Married",25-29,9,7,1,0,0,1,0,5,5,0
Bihar,Samastipur,"All Scheduled Tribes",Rural,"Ever Married",30-34,10,0,0,2,8,0,0,28,20,8
Bihar,Samastipur,"All Scheduled Tribes",Rural,"Ever Married",35-39,2,1,0,0,0,0,1,5,2,3
Bihar,Samastipur,"All Scheduled Tribes",Rural,"Ever Married",40-44,1,0,0,1,0,0,0,2,1,1
Bihar,Samastipur,"All Scheduled Tribes",Rural,"Ever Married",50-54,8,0,0,8,0,0,0,16,8,8
Bihar,Samastipur,"All Scheduled Tribes",Rural,"Currently Married","All Ages",36,13,1,12,8,1,1,58,37,21
Bihar,Samastipur,"All Scheduled Tribes",Rural,"Currently Married",15-19,3,2,0,1,0,0,0,2,1,1
Bihar,Samastipur,"All Scheduled Tribes",Rural,"Currently Married",20-24,3,3,0,0,0,0,0,0,0,0
Bihar,Samastipur,"All Scheduled Tribes",Rural,"Currently Married",25-29,9,7,1,0,0,1,0,5,5,0
Bihar,Samastipur,"All Scheduled Tribes",Rural,"Currently Married",30-34,10,0,0,2,8,0,0,28,20,8
Bihar,Samastipur,"All Scheduled Tribes",Rural,"Currently Married",35-39,2,1,0,0,0,0,1,5,2,3
Bihar,Samastipur,"All Scheduled Tribes",Rural,"Currently Married",40-44,1,0,0,1,0,0,0,2,1,1
Bihar,Samastipur,"All Scheduled Tribes",Rural,"Currently Married",50-54,8,0,0,8,0,0,0,16,8,8
Bihar,Samastipur,"All Scheduled Tribes",Urban,"Ever Married","All Ages",112,6,8,25,51,22,0,299,158,141
Bihar,Samastipur,"All Scheduled Tribes",Urban,"Ever Married",15-19,4,4,0,0,0,0,0,0,0,0
Bihar,Samastipur,"All Scheduled Tribes",Urban,"Ever Married",20-24,4,0,4,0,0,0,0,4,0,4
Bihar,Samastipur,"All Scheduled Tribes",Urban,"Ever Married",25-29,6,2,4,0,0,0,0,4,4,0
Bihar,Samastipur,"All Scheduled Tribes",Urban,"Ever Married",30-34,36,0,0,3,22,11,0,116,47,69
Bihar,Samastipur,"All Scheduled Tribes",Urban,"Ever Married",35-39,29,0,0,11,18,0,0,76,41,35
Bihar,Samastipur,"All Scheduled Tribes",Urban,"Ever Married",45-49,11,0,0,11,0,0,0,22,11,11
Bihar,Samastipur,"All Scheduled Tribes",Urban,"Ever Married",50-54,11,0,0,0,0,11,0,44,22,22
Bihar,Samastipur,"All Scheduled Tribes",Urban,"Ever Married",70-74,11,0,0,0,11,0,0,33,33,0
Bihar,Samastipur,"All Scheduled Tribes",Urban,"Currently Married","All Ages",101,6,8,14,51,22,0,277,147,130
Bihar,Samastipur,"All Scheduled Tribes",Urban,"Currently Married",15-19,4,4,0,0,0,0,0,0,0,0
Bihar,Samastipur,"All Scheduled Tribes",Urban,"Currently Married",20-24,4,0,4,0,0,0,0,4,0,4
Bihar,Samastipur,"All Scheduled Tribes",Urban,"Currently Married",25-29,6,2,4,0,0,0,0,4,4,0
Bihar,Samastipur,"All Scheduled Tribes",Urban,"Currently Married",30-34,36,0,0,3,22,11,0,116,47,69
Bihar,Samastipur,"All Scheduled Tribes",Urban,"Currently Married",35-39,29,0,0,11,18,0,0,76,41,35
Bihar,Samastipur,"All Scheduled Tribes",Urban,"Currently Married",50-54,11,0,0,0,0,11,0,44,22,22
Bihar,Samastipur,"All Scheduled Tribes",Urban,"Currently Married",70-74,11,0,0,0,11,0,0,33,33,0
