"Country/State/UT Name","District Name","Caste Category",Total/Rural/Urban,"Marital Status","Present Age","Total Ever/Currently Married Women","Ever/Currently Married Women of Parity - 0","Ever/Currently Married Women of Parity - 1","Ever/Currently Married Women of Parity - 2","Ever/Currently Married Women of Parity - 3","Ever/Currently Married Women of Parity - 4","Ever/Currently Married Women of Parity - 5+","Total Children Ever Born - Persons","Total Children Ever Born - Males","Total Children Ever Born - Females"
Bihar,Begusarai,"All Scheduled Castes",Rural,"Ever Married","All ages",68207,16975,8263,9178,9025,8920,15815,187737,102436,85301
Bihar,Begusarai,"All Scheduled Castes",Rural,"Ever Married","Less than 15",1458,1318,30,110,0,0,0,250,90,160
Bihar,Begusarai,"All Scheduled Castes",Rural,"Ever Married",15-19,6750,5221,1105,323,51,40,0,2064,913,1151
Bihar,Begusarai,"All Scheduled Castes",Rural,"Ever Married",20-24,9390,3520,2621,1886,743,358,262,11501,6252,5249
Bihar,Begusarai,"All Scheduled Castes",Rural,"Ever Married",25-29,9403,1813,1383,1810,1946,1301,1140,22563,12209,10354
Bihar,Begusarai,"All Scheduled Castes",Rural,"Ever Married",30-34,9394,1081,621,1511,1655,1831,2685,31884,16817,15067
Bihar,Begusarai,"All Scheduled Castes",Rural,"Ever Married",35-39,7554,649,405,808,1303,1584,2804,29186,15814,13372
Bihar,Begusarai,"All Scheduled Castes",Rural,"Ever Married",40-44,6074,621,369,734,910,983,2457,24186,13225,10961
Bihar,Begusarai,"All Scheduled Castes",Rural,"Ever Married",45-49,5114,638,363,542,716,780,2075,20071,11333,8738
Bihar,Begusarai,"All Scheduled Castes",Rural,"Ever Married",50-54,3563,531,215,470,404,581,1362,13585,7349,6236
Bihar,Begusarai,"All Scheduled Castes",Rural,"Ever Married",55-59,2895,356,332,306,392,593,916,10433,5942,4491
Bihar,Begusarai,"All Scheduled Castes",Rural,"Ever Married",60-64,2901,566,269,287,441,344,994,9803,5571,4232
Bihar,Begusarai,"All Scheduled Castes",Rural,"Ever Married",65-69,1426,223,241,141,160,248,413,4753,2965,1788
Bihar,Begusarai,"All Scheduled Castes",Rural,"Ever Married",70-74,956,170,141,110,112,132,291,3071,1762,1309
Bihar,Begusarai,"All Scheduled Castes",Rural,"Ever Married",75-79,352,50,80,10,50,20,142,1314,646,668
Bihar,Begusarai,"All Scheduled Castes",Rural,"Ever Married","80 +",627,136,61,80,92,75,183,2046,1152,894
Bihar,Begusarai,"All Scheduled Castes",Rural,"Currently Married","All ages",62757,15774,7626,8435,8244,8201,14446,171847,93916,77931
Bihar,Begusarai,"All Scheduled Castes",Rural,"Currently Married","Less than 15",1448,1308,30,110,0,0,0,250,90,160
Bihar,Begusarai,"All Scheduled Castes",Rural,"Currently Married",15-19,6729,5220,1085,323,51,40,0,2044,903,1141
Bihar,Begusarai,"All Scheduled Castes",Rural,"Currently Married",20-24,9329,3479,2611,1886,733,358,262,11461,6222,5239
Bihar,Begusarai,"All Scheduled Castes",Rural,"Currently Married",25-29,9293,1765,1371,1760,1946,1301,1140,22451,12127,10324
Bihar,Begusarai,"All Scheduled Castes",Rural,"Currently Married",30-34,9245,1041,621,1458,1631,1811,2673,31550,16629,14921
Bihar,Begusarai,"All Scheduled Castes",Rural,"Currently Married",35-39,7299,605,374,781,1228,1563,2747,28467,15458,13009
Bihar,Begusarai,"All Scheduled Castes",Rural,"Currently Married",40-44,5676,542,309,666,857,922,2380,23125,12716,10409
Bihar,Begusarai,"All Scheduled Castes",Rural,"Currently Married",45-49,4726,524,331,511,634,748,1978,19001,10688,8313
Bihar,Begusarai,"All Scheduled Castes",Rural,"Currently Married",50-54,2767,321,161,349,337,437,1162,11166,6165,5001
Bihar,Begusarai,"All Scheduled Castes",Rural,"Currently Married",55-59,2619,307,290,273,336,573,840,9607,5524,4083
Bihar,Begusarai,"All Scheduled Castes",Rural,"Currently Married",60-64,1607,312,155,137,228,184,591,5596,3285,2311
Bihar,Begusarai,"All Scheduled Castes",Rural,"Currently Married",65-69,904,112,141,81,110,158,302,3436,2221,1215
Bihar,Begusarai,"All Scheduled Castes",Rural,"Currently Married",70-74,444,90,70,40,61,22,161,1497,809,688
Bihar,Begusarai,"All Scheduled Castes",Rural,"Currently Married",75-79,202,40,40,10,10,10,92,784,426,358
Bihar,Begusarai,"All Scheduled Castes",Rural,"Currently Married","80 +",205,46,10,20,32,44,53,651,359,292
Bihar,Begusarai,"All Scheduled Castes",Urban,"Ever Married","All ages",3784,1053,418,424,537,434,918,10723,5875,4848
Bihar,Begusarai,"All Scheduled Castes",Urban,"Ever Married","Less than 15",50,50,0,0,0,0,0,0,0,0
Bihar,Begusarai,"All Scheduled Castes",Urban,"Ever Married",15-19,488,395,68,25,0,0,0,118,49,69
Bihar,Begusarai,"All Scheduled Castes",Urban,"Ever Married",20-24,556,174,125,139,85,26,7,804,416,388
Bihar,Begusarai,"All Scheduled Castes",Urban,"Ever Married",25-29,486,58,40,92,116,88,92,1429,761,668
Bihar,Begusarai,"All Scheduled Castes",Urban,"Ever Married",30-34,434,75,37,54,82,68,118,1404,669,735
Bihar,Begusarai,"All Scheduled Castes",Urban,"Ever Married",35-39,451,47,17,37,40,84,226,2038,1117,921
Bihar,Begusarai,"All Scheduled Castes",Urban,"Ever Married",40-44,329,43,3,40,29,70,144,1364,829,535
Bihar,Begusarai,"All Scheduled Castes",Urban,"Ever Married",45-49,321,61,45,0,56,49,110,1231,609,622
Bihar,Begusarai,"All Scheduled Castes",Urban,"Ever Married",50-54,224,42,10,28,37,22,85,868,529,339
Bihar,Begusarai,"All Scheduled Castes",Urban,"Ever Married",55-59,138,35,20,0,36,9,38,481,360,121
Bihar,Begusarai,"All Scheduled Castes",Urban,"Ever Married",60-64,151,12,36,9,38,9,47,515,337,178
Bihar,Begusarai,"All Scheduled Castes",Urban,"Ever Married",65-69,63,27,0,0,0,9,27,234,117,117
Bihar,Begusarai,"All Scheduled Castes",Urban,"Ever Married",70-74,46,16,9,0,9,0,12,120,45,75
Bihar,Begusarai,"All Scheduled Castes",Urban,"Ever Married",75-79,38,18,0,0,9,0,11,103,33,70
Bihar,Begusarai,"All Scheduled Castes",Urban,"Ever Married","80 +",1,0,0,0,0,0,1,6,4,2
Bihar,Begusarai,"All Scheduled Castes",Urban,"Currently Married","All ages",3512,1006,381,404,480,400,841,9769,5306,4463
Bihar,Begusarai,"All Scheduled Castes",Urban,"Currently Married","Less than 15",50,50,0,0,0,0,0,0,0,0
Bihar,Begusarai,"All Scheduled Castes",Urban,"Currently Married",15-19,481,388,68,25,0,0,0,118,49,69
Bihar,Begusarai,"All Scheduled Castes",Urban,"Currently Married",20-24,556,174,125,139,85,26,7,804,416,388
Bihar,Begusarai,"All Scheduled Castes",Urban,"Currently Married",25-29,485,57,40,92,116,88,92,1429,761,668
Bihar,Begusarai,"All Scheduled Castes",Urban,"Currently Married",30-34,433,75,37,53,82,68,118,1402,668,734
Bihar,Begusarai,"All Scheduled Castes",Urban,"Currently Married",35-39,446,47,16,37,39,82,225,2021,1102,919
Bihar,Begusarai,"All Scheduled Castes",Urban,"Currently Married",40-44,317,43,3,39,29,60,143,1316,791,525
Bihar,Begusarai,"All Scheduled Castes",Urban,"Currently Married",45-49,293,52,36,0,55,40,110,1183,572,611
Bihar,Begusarai,"All Scheduled Castes",Urban,"Currently Married",50-54,166,33,10,19,28,18,58,600,362,238
Bihar,Begusarai,"All Scheduled Castes",Urban,"Currently Married",55-59,138,35,20,0,36,9,38,481,360,121
Bihar,Begusarai,"All Scheduled Castes",Urban,"Currently Married",60-64,65,9,9,0,10,0,37,290,158,132
Bihar,Begusarai,"All Scheduled Castes",Urban,"Currently Married",65-69,45,27,0,0,0,9,9,81,45,36
Bihar,Begusarai,"All Scheduled Castes",Urban,"Currently Married",70-74,19,7,9,0,0,0,3,30,18,12
Bihar,Begusarai,"All Scheduled Castes",Urban,"Currently Married",75-79,10,9,0,0,0,0,1,6,4,2
