Season,Sector,Category,Crop,QueryType,QueryText,KCCAns,StateName,DistrictName,BlockName,CreatedOn
RABI,HORTICULTURE,Vegetables,Bhindi(Okra/Ladysfinger),"Plant Protection","Red cotton bug","Spray phosphamidon 40 SL @ 600 ml/ha",BIHAR,BHOJPUR,TARARI,2018-01-01T07:46:08Z
RABI,AGRICULTURE,Others,Others,Weather,"WEATHER INFORMATION","Clear weather,no chance of rain in your area",BIHAR,BHOJPUR,JAGDISHPUR,2018-01-01T15:24:56Z
RABI,AGRICULTURE,Others,Others,Weather,"weather information","25 C 
RealFeel 25

Sunny
  


See Hourly

> 




Today

Jan 1



26 Hi 
RealFeel 28

Mostly sunny and pleasant
 More  



Tonight

Jan 1



10 Lo 
RealFeel 10

Hazy
 More  



Tomorrow

Jan 2



25 Hi 
RealFeel",BIHAR,BHOJPUR,UDWANTNAGAR,2018-01-01T16:30:27Z
RABI,AGRICULTURE,Others,Others,Weather,weather,"9 C 
RealFeel 10

Partly sunny
  


See Hourly

> 




Today

Jan 2



21 Hi 
RealFeel 22

Hazy sun
 More  



Tonight

Jan 2



8 Lo 
RealFeel 8

Hazy
 More  



Tomorrow

Jan 3



21 Hi 
RealFeel 22

Hazy sun",BIHAR,BHOJPUR,PIRO,2018-01-02T06:54:28Z
RABI,HORTICULTURE,Vegetables,Brinjal,"Plant Protection","Brown leaf hopper","STD solution (control insect vectors)
Spray with dimethoate 0.3%",BIHAR,BHOJPUR,TARARI,2018-01-02T06:58:39Z
RABI,HORTICULTURE,Vegetables,Brinjal,"Plant Protection","Alternaria leaf Spot","Spraying 1 per cent Bordeaux mixture or 2 g Copper oxychloride or 2.5 g Zineb per litre of water effectively controls leaf spots.",BIHAR,BHOJPUR,TARARI,2018-01-02T09:19:36Z
RABI,AGRICULTURE,Others,Others,"Plant Protection","YELLOWING OF LEAVES","Spray mancozeb @ 2g/lit of water",BIHAR,BHOJPUR,SANDESH,2018-01-02T19:55:25Z
RABI,AGRICULTURE,Others,Others,"Plant Protection","Insect infestation","?? ?? ?? ??? ??? ???? ??? ?? ???? ?? ??? ??? ???????? ? ????? + ????????? ??? 2 ???? 1 ???? ???? ?????? ?????? ???? I",BIHAR,BHOJPUR,JAGDISHPUR,2018-01-02T20:36:25Z
RABI,HORTICULTURE,Vegetables,Chillies,"Plant Protection","Gram caterpillar","Indoxacarb 14.5 % SC 6.5 ml/10 lit. 
Novaluron 10 % EC 7.5 ml/10 lit.",BIHAR,BHOJPUR,TARARI,2018-01-03T07:33:33Z
RABI,AGRICULTURE,Others,Others,Weather,"weather information","8 C 
RealFeel 10

Hazy sunshine
  


See Hourly

> 




Today

Jan 3



21 Hi 
RealFeel 22

Hazy sun
 More  



Tonight

Jan 3



7 Lo 
RealFeel 7

Hazy and chilly
 More  



Tomorrow

Jan 4



21 Hi 
RealFeel 22

Hazy",BIHAR,BHOJPUR,PIRO,2018-01-03T08:28:31Z
RABI,AGRICULTURE,Others,Others,"Field Preparation",Insecticide,"Spray quinolphos @ 2 ml in 1 litre of water",BIHAR,BHOJPUR,GARHANI,2018-01-03T11:49:38Z
RABI,AGRICULTURE,Others,Others,"Field Preparation","Varieties of Raddish","Varieties of Raddish :- Pusa Chetaki, Pusa Desi, Pusa Himani, Pusa Reshmi, Japani Safed, Jainpuri, White eyeskil, Kashihans Punjab Safed, Chinese Pink, Hissar Muli No.-1 or Arka Nishant.",BIHAR,BHOJPUR,KOILWAR,2018-01-03T12:42:48Z
RABI,AGRICULTURE,Others,Others,Weather,"WEATHER INFORMATION","????? ???? ???? ????? I",BIHAR,BHOJPUR,PIRO,2018-01-03T15:55:32Z
RABI,AGRICULTURE,Cereals,Wheat,Weather,"WEATHER INFORMATION","???? ??????? ??? ????? ???? ?? ??????? ???? ??",BIHAR,BHOJPUR,PIRO,2018-01-03T19:23:24Z
RABI,HORTICULTURE,Vegetables,Chillies,"Plant Protection","Gram caterpillar","Indoxacarb 14.5 % SC 6.5 ml/10 lit. 
Novaluron 10 % EC 7.5 ml/10 lit. 
Spinosad 45 % SC 3.2 ml/10 lit.",BIHAR,BHOJPUR,TARARI,2018-01-04T10:32:57Z
RABI,HORTICULTURE,Vegetables,Chillies,"Plant Protection","YELLOWING OF LEAVES In Chillies","Spray mancozeb @ 2g/lit of water",BIHAR,BHOJPUR,ARA,2018-01-04T10:39:23Z
RABI,AGRICULTURE,Others,Others,Weather,"WEATHER INFORMATION","NO CHANCE OF RAIN IN YOUR AREA",BIHAR,BHOJPUR,GARHANI,2018-01-04T12:55:11Z
RABI,AGRICULTURE,Others,Others,Weather,"WEATHER INFORMATION","NO CHANCE OF RAIN IN YOUR AREA",BIHAR,BHOJPUR,GARHANI,2018-01-04T13:03:03Z
RABI,AGRICULTURE,Others,Others,Weather,"WEATHER INFORMATION","NO CHANCE OF RAIN IN YOUR AREA",BIHAR,BHOJPUR,GARHANI,2018-01-04T13:08:21Z
RABI,AGRICULTURE,Others,Others,Weather,"WEATHER INFORMATION","NO CHANCE OF RAIN IN YOUR AREA",BIHAR,BHOJPUR,GARHANI,2018-01-04T13:11:43Z
RABI,AGRICULTURE,Others,Others,Weather,"WEATHER INFORMATION","NO CHANCE OF RAIN IN YOUR AREA",BIHAR,BHOJPUR,GARHANI,2018-01-04T13:15:04Z
RABI,AGRICULTURE,Others,Others,Weather,"WEATHER INFORMATION","NO CHANCE OF RAIN IN YOUR AREA",BIHAR,BHOJPUR,GARHANI,2018-01-04T13:16:43Z
RABI,AGRICULTURE,Others,Others,Weather,"WEATHER INFORMATION","NO CHANCE OF RAIN IN YOUR AREA",BIHAR,BHOJPUR,GARHANI,2018-01-04T13:23:09Z
RABI,AGRICULTURE,Others,Others,Weather,"WEATHER INFORMATION","NO CHANCE OF RAIN IN YOUR AREA",BIHAR,BHOJPUR,GARHANI,2018-01-04T13:24:37Z
RABI,HORTICULTURE,Vegetables,Bhindi(Okra/Ladysfinger),"Plant Protection","Leaf roller","Spray carbaryl 50 WP 2 g/lit or phosalone 35 EC 2 ml/lit",BIHAR,BHOJPUR,BARHARA,2018-01-04T13:31:32Z
RABI,AGRICULTURE,Others,Others,Weather,"WEATHER INFORMATION","NO CHANCE OF RAIN IN YOUR AREA",BIHAR,BHOJPUR,GARHANI,2018-01-04T13:35:39Z
RABI,AGRICULTURE,Others,Others,Weather,"WEATHER INFORMATION","NO CHANCE OF RAIN IN YOUR AREA",BIHAR,BHOJPUR,GARHANI,2018-01-04T13:37:48Z
RABI,AGRICULTURE,Others,Others,Weather,"WEATHER INFORMATION","NO CHANCE OF RAIN IN YOUR AREA",BIHAR,BHOJPUR,GARHANI,2018-01-04T13:40:16Z
RABI,AGRICULTURE,Others,Others,Weather,"WEATHER INFORMATION","NO CHANCE OF RAIN IN YOUR AREA",BIHAR,BHOJPUR,GARHANI,2018-01-04T13:41:56Z
RABI,AGRICULTURE,Others,Others,Weather,"WEATHER INFORMATION","NO CHANCE OF RAIN IN YOUR AREA",BIHAR,BHOJPUR,GARHANI,2018-01-04T13:52:57Z
RABI,AGRICULTURE,Others,Others,Weather,"WEATHER INFORMATION","NO CHANCE OF RAIN IN YOUR AREA",BIHAR,BHOJPUR,GARHANI,2018-01-04T13:57:16Z
RABI,AGRICULTURE,Others,Others,Weather,"WEATHER INFORMATION","NO CHANCE OF RAIN IN YOUR AREA",BIHAR,BHOJPUR,GARHANI,2018-01-04T14:05:50Z
RABI,AGRICULTURE,Others,Others,Weather,"WEATHER INFORMATION","NO CHANCE OF RAIN IN YOUR AREA",BIHAR,BHOJPUR,GARHANI,2018-01-04T14:08:45Z
RABI,AGRICULTURE,Others,Others,Weather,"WEATHER INFORMATION","NO CHANCE OF RAIN IN YOUR AREA",BIHAR,BHOJPUR,GARHANI,2018-01-04T14:53:29Z
RABI,AGRICULTURE,Others,Others,Weather,"WEATHER INFORMATION","NO CHANCE OF RAIN IN YOUR AREA",BIHAR,BHOJPUR,GARHANI,2018-01-04T15:04:21Z
RABI,AGRICULTURE,Others,Others,Weather,"WEATHER INFORMATION","NO CHANCE OF RAIN IN YOUR AREA",BIHAR,BHOJPUR,GARHANI,2018-01-04T15:12:46Z
RABI,AGRICULTURE,Others,Others,Weather,"WEATHER INFORMATION","NO CHANCE OF RAIN IN YOUR AREA",BIHAR,BHOJPUR,GARHANI,2018-01-04T15:41:50Z
RABI,AGRICULTURE,Others,Others,Weather,"WEATHER INFORMATION","NO CHANCE OF RAIN IN YOUR AREA",BIHAR,BHOJPUR,GARHANI,2018-01-04T15:43:03Z
RABI,AGRICULTURE,Others,Others,Weather,"WEATHER INFORMATION","NO CHANCE OF RAIN IN YOUR AREA",BIHAR,BHOJPUR,GARHANI,2018-01-04T16:14:20Z
RABI,AGRICULTURE,Others,Others,Weather,"WEATHER INFORMATION","NO CHANCE OF RAIN IN YOUR AREA",BIHAR,BHOJPUR,GARHANI,2018-01-04T17:00:56Z
RABI,AGRICULTURE,Others,Others,"Field Preparation","WEATHER INFORMATION","Cloudy with a shower",BIHAR,BHOJPUR,BEHEA,2018-01-04T17:02:14Z
RABI,AGRICULTURE,Others,Others,Weather,"WEATHER INFORMATION","NO CHANCE OF RAIN IN YOUR AREA",BIHAR,BHOJPUR,GARHANI,2018-01-04T17:02:24Z
RABI,AGRICULTURE,Others,Others,"Field Preparation","WEATHER INFORMATION","Cloudy with a shower",BIHAR,BHOJPUR,BEHEA,2018-01-04T17:03:39Z
RABI,AGRICULTURE,Others,Others,Weather,"WEATHER INFORMATION","NO CHANCE OF RAIN IN YOUR AREA",BIHAR,BHOJPUR,GARHANI,2018-01-04T17:05:36Z
RABI,AGRICULTURE,Others,Others,"Field Preparation","WEATHER INFORMATION","Cloudy with a shower",BIHAR,BHOJPUR,BEHEA,2018-01-04T17:06:41Z
RABI,AGRICULTURE,Others,Others,Weather,"WEATHER INFORMATION","NO CHANCE OF RAIN IN YOUR AREA",BIHAR,BHOJPUR,GARHANI,2018-01-04T17:07:27Z
RABI,AGRICULTURE,Others,Others,Weather,"WEATHER INFORMATION","NO CHANCE OF RAIN IN YOUR AREA",BIHAR,BHOJPUR,GARHANI,2018-01-04T17:16:26Z
RABI,AGRICULTURE,Others,Others,Weather,"WEATHER INFORMATION","NO CHANCE OF RAIN IN YOUR AREA",BIHAR,BHOJPUR,GARHANI,2018-01-04T17:23:35Z
RABI,AGRICULTURE,Others,Others,Weather,"WEATHER INFORMATION","NO CHANCE OF RAIN IN YOUR AREA",BIHAR,BHOJPUR,GARHANI,2018-01-04T17:24:23Z
RABI,AGRICULTURE,Others,Others,Weather,"WEATHER INFORMATION","NO CHANCE OF RAIN IN YOUR AREA",BIHAR,BHOJPUR,GARHANI,2018-01-04T17:26:29Z
RABI,AGRICULTURE,Others,Others,Weather,"WEATHER INFORMATION","NO CHANCE OF RAIN IN YOUR AREA",BIHAR,BHOJPUR,GARHANI,2018-01-04T17:44:14Z
RABI,AGRICULTURE,Others,Others,Weather,"WEATHER INFORMATION","NO CHANCE OF RAIN IN YOUR AREA",BIHAR,BHOJPUR,GARHANI,2018-01-04T17:45:42Z
RABI,AGRICULTURE,Others,Others,Weather,"WEATHER INFORMATION","NO CHANCE OF RAIN IN YOUR AREA",BIHAR,BHOJPUR,GARHANI,2018-01-04T17:47:16Z
RABI,AGRICULTURE,Others,Others,Weather,"WEATHER INFORMATION","NO CHANCE OF RAIN IN YOUR AREA",BIHAR,BHOJPUR,GARHANI,2018-01-04T17:53:33Z
RABI,AGRICULTURE,Cereals,Wheat,Weather,"Weather information","Cloudy weather  today and tomorrow  no chance of rain.",BIHAR,BHOJPUR,JAGDISHPUR,2018-01-04T18:04:38Z
RABI,AGRICULTURE,Cereals,Wheat,Weather,"Weather information","Cloudy weather  today and tomorrow  no chance of rain.",BIHAR,BHOJPUR,JAGDISHPUR,2018-01-04T18:25:19Z
RABI,AGRICULTURE,Cereals,Wheat,Weather,"Weather information","Cloudy weather  today and tomorrow  no chance of rain.",BIHAR,BHOJPUR,JAGDISHPUR,2018-01-04T18:57:32Z
RABI,AGRICULTURE,Cereals,Wheat,Weather,"Weather information","Cloudy weather  today and tomorrow  no chance of rain.",BIHAR,BHOJPUR,JAGDISHPUR,2018-01-04T20:09:24Z
RABI,HORTICULTURE,Vegetables,"Bitter Gourd","Plant Protection","Beetles, fruit flies and caterpillars","spraying Malathion 50 EC 1ml/lit or Dimethoate 30 EC 1ml/lit or Methyl demeton 25 EC 1ml/lit.",BIHAR,BHOJPUR,TARARI,2018-01-05T12:39:35Z
RABI,AGRICULTURE,Others,Others,"Field Preparation","NENUAA VARIETY","Rajendra nenua-1, pusa chikni ,kalyanpur chikani ,D.L. -1,PUSA",BIHAR,BHOJPUR,JAGDISHPUR,2018-01-05T16:53:50Z
RABI,AGRICULTURE,Others,Others,"Field Preparation","Rajendra nenua","Rajendra nenua-1, pusa chikni ,kalyanpur chikani ,D.L. -1,PUSA SUPRIYA Weedicide in wheat crop against guli-danda crop",BIHAR,BHOJPUR,JAGDISHPUR,2018-01-05T17:00:57Z
RABI,AGRICULTURE,Others,Others,Weather,"WEATHER INFORMATION","Very low cloudy area but no chance of rain",BIHAR,BHOJPUR,TARARI,2018-01-05T17:06:10Z
RABI,HORTICULTURE,Vegetables,Potato,"Plant Protection","ATTACK OF FUNGUS IN POTATO","SPRAY MANCOZIB @ 2 GM / LIT OF WATER",BIHAR,BHOJPUR,KOILWAR,2018-01-06T10:31:59Z
RABI,HORTICULTURE,Vegetables,Bhindi(Okra/Ladysfinger),"Plant Protection","Leaf roller","Spray carbaryl 50 WP 2 g/lit or phosalone 35 EC 2 ml/lit",BIHAR,BHOJPUR,TARARI,2018-01-06T10:51:49Z
RABI,AGRICULTURE,Others,Others,Weather,"WEATHER INFORMATION","CLOUDY WEATHER",BIHAR,BHOJPUR,BEHEA,2018-01-06T11:26:18Z
RABI,AGRICULTURE,Others,Others,"Plant Protection","YELLOWING OF LEAVES","Spray mancozeb @ 2g/lit of water",BIHAR,BHOJPUR,PIRO,2018-01-06T12:37:53Z
RABI,AGRICULTURE,Others,Others,"Field Preparation","Bordeaux mixture (1%) or Copper oxychloride 0.25%","Bordeaux mixture (1%) or Copper oxychloride 0.25%",BIHAR,BHOJPUR,PIRO,2018-01-06T20:18:45Z
RABI,HORTICULTURE,Vegetables,Onion,"Plant Protection","WEED MANAGEMENT IN ONION","??? ?? ?? ????? ???? ???? ????? !",BIHAR,BHOJPUR,PIRO,2018-01-06T20:29:48Z
RABI,HORTICULTURE,Vegetables,Bhindi(Okra/Ladysfinger),"Plant Protection","Cercospora Leaf Spots","Spraying Mancozeb 0.25 % control the disease.",BIHAR,BHOJPUR,TARARI,2018-01-07T07:51:12Z
RABI,AGRICULTURE,Others,Others,Weather,"WEATHER INFORMATION","CLOUDY WEATHER",BIHAR,BHOJPUR,PIRO,2018-01-07T09:37:31Z
RABI,HORTICULTURE,Fruits,Mango,"Plant Protection","ATTACK OF FUNGUS IN MANGO PLANT","SPRAY CARBENDAZIM @ 2 GM / LIT OF WATER",BIHAR,BHOJPUR,ARA,2018-01-07T11:09:15Z
RABI,AGRICULTURE,Others,Others,Weather,"WEATHER INFORMATION","COOL AND CLOUDY WEATHER",BIHAR,BHOJPUR,ARA,2018-01-07T11:10:10Z
RABI,AGRICULTURE,Others,Others,Weather,"WEATHER INFORMATION","COOL AND CLOUDY WEATHER",BIHAR,BHOJPUR,ARA,2018-01-07T11:11:03Z
RABI,AGRICULTURE,Others,Others,Weather,"WEATHER INFORMATION","Sunny weather but no rain in your area.",BIHAR,BHOJPUR,JAGDISHPUR,2018-01-07T13:11:47Z
RABI,AGRICULTURE,Others,Others,"Plant Protection","EARLY BLIGHT IN POTATO","spray mancozeb 2 ml 1 liter of water",BIHAR,BHOJPUR,JAGDISHPUR,2018-01-07T13:21:30Z
RABI,AGRICULTURE,Others,Others,"Plant Protection","YELLOWING OF LEAVES","SPRAY COPPER OXY CHLORIDE 2 GRAM/LITRE OF WATER",BIHAR,BHOJPUR,JAGDISHPUR,2018-01-07T13:27:40Z
RABI,AGRICULTURE,Cereals,Wheat,Weather,"Weather information","Weather will be clear and glowing sun",BIHAR,BHOJPUR,PIRO,2018-01-07T19:40:33Z
RABI,AGRICULTURE,Cereals,Wheat,Weather,"WEATHER INFORMATION","????? ???? ???? ?????",BIHAR,BHOJPUR,BARHARA,2018-01-08T11:52:17Z
RABI,AGRICULTURE,Cereals,Wheat,Weather,"WEATHER INFORMATION","????? ???? ???? ?????",BIHAR,BHOJPUR,ARA,2018-01-08T12:29:28Z
RABI,AGRICULTURE,Cereals,Wheat,Weather,"WEATHER INFORMATION","????? ???? ???? ?????",BIHAR,BHOJPUR,ARA,2018-01-08T12:29:30Z
RABI,AGRICULTURE,Others,Others,Weather,"WEATHER INFORMATION","Hazy sunshine",BIHAR,BHOJPUR,CHARPOKHARI,2018-01-08T14:14:49Z
RABI,AGRICULTURE,Others,Others,Weather,"WEATHER INFORMATION","Very low cloudy area but no chance of rain",BIHAR,BHOJPUR,SAHAR,2018-01-08T15:55:59Z
RABI,AGRICULTURE,Others,Others,"Field Preparation","Insect infestation","Spray  Imidachloprid @ 1ml/3lit of water",BIHAR,BHOJPUR,BEHEA,2018-01-08T19:06:30Z
RABI,AGRICULTURE,Pulses,"Bengal Gram (Gram/Chick Pea/Kabuli/Chana)","Weed Management","WEED MANAGEMENT","HATH SE NIKALE KHARPATWAR KO ",BIHAR,BHOJPUR,SAHAR,2018-01-09T10:28:23Z
RABI,AGRICULTURE,Others,Others,Weather,WEATHER,"15 C 
RealFeel 15

Hazy sunshine
  


See Hourly

> 




Today

Jan 10



24 Hi 
RealFeel 26

Hazy sun
 More  



Tonight

Jan 10



6 Lo 
RealFeel 8

Hazy and chilly
 More  



Tomorrow

Jan 11



25 Hi 
RealFeel 26

Hazy sun
 More  







Video Weather Forecast

Weather Forecast overview for Asia 

 Asia Weather Forecast 
    

 




Kaimori Satellite
 
 
 


See Weather Satellite

  



 









Kaimori Weather Map - Nearby Places





+

-


















15





15





15





15





15





15





15





15





15





15





15










Leaflet   Bing Maps













Kaimori Weather Conditions - Nearby Places



Kuda
 
 15  



Dugariya
 
 15  



Diwari
 
 15  



Ghatera
 
 15  



Mohantara
 
 15  



Jhagri
 
 15  



Madiya
 
 15  



Nimi
 
 15  



Tamoriya
 
 15  



Bagaswahi
 
 15",BIHAR,BHOJPUR,ARA,2018-01-10T10:26:38Z
RABI,AGRICULTURE,Others,Others,Weather,"WEATHER INFORMATION","Cloudy weather in your area, but no chance of rain in your area.",BIHAR,BHOJPUR,UDWANTNAGAR,2018-01-10T11:52:21Z
KHARIF,"ANIMAL HUSBANDRY",Animal,"Bovine(Cow,Buffalo)","Disease Management","DISEASE PROBLEM IN WHEAT","SPRAY CARBENDAZIME 2.5GM/LIT OF WATER FOR WHEAT",BIHAR,BHOJPUR,BEHEA,2018-01-10T19:05:22Z
KHARIF,AGRICULTURE,Others,Others,Weather,weather,"no rain",BIHAR,BHOJPUR,BEHEA,2018-01-10T19:31:26Z
RABI,HORTICULTURE,Vegetables,Brinjal,"Plant Protection","Tobacco mosaic virus","Spray insecticides like Dimethoate 2 ml/litre or Metasystox 1 ml/litre of water to control the insect vectors.",BIHAR,BHOJPUR,TARARI,2018-01-11T08:57:47Z
JAYAD,AGRICULTURE,Others,Others,"Sowing Time and Weather","WEATHER INFORMATION","Hazy sunshine",BIHAR,BHOJPUR,JAGDISHPUR,2018-01-11T12:00:08Z
RABI,AGRICULTURE,Others,Others,"Field Preparation","FUNGUS ATTACK ON POTATO","Spray carbendazim @ 2.5 gram in 1 litre of water",BIHAR,BHOJPUR,JAGDISHPUR,2018-01-11T12:56:44Z
RABI,AGRICULTURE,Others,Others,"Field Preparation","Spray carbendazim @ 2.5 gram in 1 litre of water","Spray carbendazim @ 2.5 gram in 1 litre of water",BIHAR,BHOJPUR,JAGDISHPUR,2018-01-11T13:01:30Z
RABI,AGRICULTURE,Others,Others,Weather,"WEATHER INFORMATION","Hazy sunshine in your area,cold remain",BIHAR,BHOJPUR,SANDESH,2018-01-11T17:13:15Z
RABI,AGRICULTURE,Others,Others,"Plant Protection","problem fungus","spray mancozeb @ 2 gm / lit of water",BIHAR,BHOJPUR,AGIAON,2018-01-11T17:56:53Z
RABI,AGRICULTURE,Others,Others,"Field Preparation","WEATHER INFORMATION","Very low cloudy area but no chance of rain",BIHAR,BHOJPUR,BARHARA,2018-01-12T09:51:05Z
RABI,AGRICULTURE,Others,Others,"Soil Testing","WEATHER INFORMATION","Very low cloudy area but no chance of rain",BIHAR,BHOJPUR,BARHARA,2018-01-12T09:52:24Z
RABI,AGRICULTURE,Others,Others,"Plant Protection","Rotting problem","???? ????? ???????? 2 ????? ????? ???? ???? ??? ?????? ?????? ??? ?",BIHAR,BHOJPUR,PIRO,2018-01-12T14:01:35Z
RABI,AGRICULTURE,Others,Others,"Field Preparation","Yellowing of leaves /Rotting problem","Spray copper oxychloride @ 2 gram in 1 litre of water",BIHAR,BHOJPUR,JAGDISHPUR,2018-01-12T16:13:38Z
RABI,HORTICULTURE,Vegetables,Brinjal,"Plant Protection","Brown leaf hopper","Before transplantation dip the seedlings in 0.2% carbofuran 50 STD solution (control insect vectors)
Spray with dimethoate 0.3%",BIHAR,BHOJPUR,TARARI,2018-01-13T06:59:41Z
RABI,AGRICULTURE,Cereals,Wheat,"Weed Management","weed management in wheat","sulfosulfuron @ 20g/ ha ME spray KARE",BIHAR,BHOJPUR,TARARI,2018-01-13T09:29:47Z
RABI,AGRICULTURE,Pulses,"Bengal Gram (Gram/Chick Pea/Kabuli/Chana)","Nutrient Management","NUTRIENT MANAGEMENT IN GRAM","SPRAY MULTIPLAX @ 2 G/ litre water",BIHAR,BHOJPUR,TARARI,2018-01-13T09:32:14Z
RABI,AGRICULTURE,Others,Others,"Plant Protection","plant protection","Spray mancozeb @ 2g/lit of water",BIHAR,BHOJPUR,JAGDISHPUR,2018-01-13T17:06:44Z
RABI,AGRICULTURE,Others,Others,Weather,"WEATHER  INFORMATION","Cloudy weather in your area and no chance of rain in your area",BIHAR,BHOJPUR,JAGDISHPUR,2018-01-14T09:46:31Z
RABI,AGRICULTURE,Others,Others,"Weed Management","weed management","Spray sulfosulfuron @ 13 gram/Acare",BIHAR,BHOJPUR,JAGDISHPUR,2018-01-14T09:47:47Z
RABI,AGRICULTURE,Others,Others,Weather,"WEATHER  INFORMATION","Cloudy weather ,Hazy sun,but not chance of rain",BIHAR,BHOJPUR,JAGDISHPUR,2018-01-14T10:12:27Z
RABI,AGRICULTURE,Others,Others,Weather,"WEATHER  INFORMATION","Cloudy weather ,Hazy sun,but not chance of rain",BIHAR,BHOJPUR,AGIAON,2018-01-14T11:17:19Z
JAYAD,AGRICULTURE,Others,Others,"Sowing Time and Weather","WEATHER INFORMATION","HAZY SUNSHINE WITH COLD ENVIRONMENT UPTO 18 JANUARY",BIHAR,BHOJPUR,AGIAON,2018-01-14T11:21:38Z
RABI,AGRICULTURE,Others,Others,"Field Preparation","WEATHER INFORMATION","Very low cloudy area but no chance of rain",BIHAR,BHOJPUR,SHAHPUR,2018-01-15T18:00:27Z
RABI,AGRICULTURE,Others,Others,"Field Preparation","WEATHER INFORMATION","Very low cloudy area but no chance of rain",BIHAR,BHOJPUR,BARHARA,2018-01-15T21:36:44Z
RABI,AGRICULTURE,Others,Others,"Field Preparation","Yellow leaf problem","Spray carbendazim @ 2.5 gram in 1 litre of water",BIHAR,BHOJPUR,BARHARA,2018-01-15T21:38:11Z
RABI,AGRICULTURE,Others,Others,Weather,WEATHER,"NO RAIN",BIHAR,BHOJPUR,BEHEA,2018-01-16T09:40:28Z
RABI,AGRICULTURE,Others,Others,"Field Preparation","WEATHER INFORMATION","Cloudy weather in your area and no chance of rain in your area",BIHAR,BHOJPUR,SANDESH,2018-01-16T10:20:43Z
RABI,AGRICULTURE,Others,Others,Weather,"WEATHER  INFORMATION","Cloudy weather ,Hazy sun,but not chance of rain",BIHAR,BHOJPUR,PIRO,2018-01-16T11:14:32Z
RABI,AGRICULTURE,Others,Others,Weather,"WEATHER INFORMATION","Hazy sunshine",BIHAR,BHOJPUR,UDWANTNAGAR,2018-01-16T16:43:32Z
RABI,AGRICULTURE,Others,Others,"Field Preparation",Insecticide,"Spray quinolphos @ 2 ml in 1 litre of water",BIHAR,BHOJPUR,BARHARA,2018-01-16T20:49:06Z
RABI,AGRICULTURE,Others,Others,"Field Preparation","Kisan registration","Kisan registration - www.krishimis.in",BIHAR,BHOJPUR,JAGDISHPUR,2018-01-18T06:40:30Z
RABI,AGRICULTURE,Others,Others,"Field Preparation","Weather information","The sky will remain cloudy",BIHAR,BHOJPUR,PIRO,2018-01-18T08:24:38Z
RABI,AGRICULTURE,Pulses,"Bengal Gram (Gram/Chick Pea/Kabuli/Chana)","Field Preparation","GRAM WEED MANAGEMENT","HAND WEEDING",BIHAR,BHOJPUR,CHARPOKHARI,2018-01-18T09:12:47Z
RABI,AGRICULTURE,Others,Others,Weather,"WEATHER  INFORMATION","Cloudy weather ,Hazy sun,but not chance of rain",BIHAR,BHOJPUR,CHARPOKHARI,2018-01-18T09:19:08Z
RABI,AGRICULTURE,Others,Others,Weather,"Kisan registration","Kisan registration - www.krishimis.in",BIHAR,BHOJPUR,AGIAON,2018-01-18T11:07:47Z
RABI,AGRICULTURE,Others,Others,"Field Preparation","Weather information","Cloudy weather  today and tomorrow  no chance of rain.",BIHAR,BHOJPUR,JAGDISHPUR,2018-01-18T11:37:30Z
RABI,AGRICULTURE,Others,Others,"Soil Health Card","soil testing","to meet kvk",BIHAR,BHOJPUR,SAHAR,2018-01-18T13:59:25Z
RABI,AGRICULTURE,Others,Others,"Sowing Time and Weather","WEATHER INFORMATION","HAZY SUNSHINE WITH COLD",BIHAR,BHOJPUR,UDWANTNAGAR,2018-01-19T10:37:30Z
RABI,AGRICULTURE,Pulses,"Lentil (Masur)","Field Preparation","GRAM GROWTH","SPRAY BOOMFLOWER 2 ML/LITRE OF WATER",BIHAR,BHOJPUR,SAHAR,2018-01-19T11:12:31Z
RABI,AGRICULTURE,Others,Others,"Field Preparation","WEATHER INFORMATION","Cloudy weather in your area, but no chance of rain in your area",BIHAR,BHOJPUR,BARHARA,2018-01-19T20:29:47Z
RABI,AGRICULTURE,Others,Others,Weather,"WEATHER  INFORMATION","Cloudy weather ,Hazy sun,but not chance of rain",BIHAR,BHOJPUR,SHAHPUR,2018-01-20T09:37:54Z
RABI,AGRICULTURE,Others,Others,Weather,weather,"no rain",BIHAR,BHOJPUR,BEHEA,2018-01-20T14:44:19Z
RABI,AGRICULTURE,Others,Others,"Field Preparation","WEATHER INFORMATION","Cloudy weather in your area, but no chance of rain in your area",BIHAR,BHOJPUR,ARA,2018-01-20T18:07:48Z
RABI,HORTICULTURE,Vegetables,"Beet Root (Garden Beet/Stock Beet)","Cultural Practices","Varieties of beet root-","Ooty 1, Crimson Globe, Detroit Dark Red and Red Ball are the popular varieties.",BIHAR,BHOJPUR,JAGDISHPUR,2018-01-21T06:28:39Z
RABI,AGRICULTURE,Others,Others,Weather,"Weather information","Cloudy weather  today and tomorrow  no chance of rain.",BIHAR,BHOJPUR,ARA,2018-01-21T14:39:10Z
RABI,AGRICULTURE,Cereals,Wheat,Weather,"Weather information","????  ??? ????? ??? ???? ??? ?????",BIHAR,BHOJPUR,JAGDISHPUR,2018-01-22T09:22:23Z
RABI,AGRICULTURE,Cereals,Wheat,Weather,"Weather information","Cloudy weather  today and tomorrow  no chance of rain.",BIHAR,BHOJPUR,JAGDISHPUR,2018-01-22T15:40:52Z
KHARIF,AGRICULTURE,Others,Others,Weather,WEATHER,"NO RAIN",BIHAR,BHOJPUR,TARARI,2018-01-22T20:32:12Z
RABI,AGRICULTURE,Others,Others,Weather,"WEATHER INFORMATION","Hazy sunshine",BIHAR,BHOJPUR,PIRO,2018-01-23T12:25:49Z
RABI,AGRICULTURE,Cereals,Wheat,Weather,"WEATHER INFORMATION","????? ???? ???? ????? ?????? ??? ???? ????? I",BIHAR,BHOJPUR,GARHANI,2018-01-23T12:37:40Z
RABI,AGRICULTURE,Others,Others,Weather,"WEATHER INFORMATION","Hazy sunshine",BIHAR,BHOJPUR,CHARPOKHARI,2018-01-23T13:41:18Z
RABI,AGRICULTURE,Cereals,Wheat,Weather,"Weather information","Cloudy weather  today and tomorrow  no chance of rain.",BIHAR,BHOJPUR,PIRO,2018-01-24T07:25:57Z
RABI,AGRICULTURE,Others,Others,"Sowing Time and Weather","WEATHER INFORMATION","Sunny weather in your area ,Condition of cold is normal,no chance of rain.",BIHAR,BHOJPUR,CHARPOKHARI,2018-01-24T09:04:50Z
RABI,AGRICULTURE,Others,Others,"Field Preparation","WEATHER INFORMATION","Heavy Cloudy weather in your area, no chance of rain in your area",BIHAR,BHOJPUR,SANDESH,2018-01-24T10:34:34Z
RABI,AGRICULTURE,Others,Others,Weather,"WEATHER  INFORMATION","Cloudy weather, rain is not likely.",BIHAR,BHOJPUR,ARA,2018-01-24T10:55:48Z
RABI,AGRICULTURE,Others,Others,"Cultural Practices","PLANTING SEASON OF ASHOKA TREE","PLANTING SEASON OF ASHOKA TREE-----MAY -JUNE",BIHAR,BHOJPUR,BARHARA,2018-01-24T12:11:39Z
RABI,AGRICULTURE,Others,Others,"Cultural Practices","PLANTING SEASON OF ASHOKA TREE","PLANTING SEASON OF ASHOKA TREE-----MAY -JUNE",BIHAR,BHOJPUR,BARHARA,2018-01-24T12:11:48Z
RABI,AGRICULTURE,Others,Others,"Field Preparation","WEATHER INFORMATION","Cloudy weather in your area, but no chance of rain in your area.",BIHAR,BHOJPUR,JAGDISHPUR,2018-01-25T19:31:57Z
RABI,AGRICULTURE,Others,Others,Weather,WEATHER,"Heavy Cloudy weather in your area, chance of rain in your area 
Cloudy weather Today and tomorrow little chance of rain in your area.",BIHAR,BHOJPUR,PIRO,2018-01-26T08:03:47Z
RABI,HORTICULTURE,Vegetables,Brinjal,"Plant Protection","spotted beetle","Spray Carbaryl 50 WP @ 3g/lit",BIHAR,BHOJPUR,TARARI,2018-01-26T08:17:14Z
RABI,AGRICULTURE,Others,Others,Weather,"weather information","Hazy weather,no chance of rain",BIHAR,BHOJPUR,UDWANTNAGAR,2018-01-26T09:44:41Z
RABI,AGRICULTURE,Cereals,Wheat,"Field Preparation","WEATHER INFORMATION","Sunny weather in your area ,Condition of cold is normal,no chance of rain.",BIHAR,BHOJPUR,ARA,2018-01-26T11:52:54Z
RABI,AGRICULTURE,Oilseeds,Mustard,"Plant Protection","LEAF BLIGHT PROBLEM IN MUSTARD PLANT","Spray mancozeb @ 2g/lit of water",BIHAR,BHOJPUR,GARHANI,2018-01-26T12:25:59Z
RABI,AGRICULTURE,Oilseeds,Mustard,"Nutrient Management","NUTRIENT MANAGEMENT IN MUSTARD","SPRAY MULTIPLAX @ 2G IN 1 LITRE WATER",BIHAR,BHOJPUR,GARHANI,2018-01-26T12:28:01Z
RABI,AGRICULTURE,Cereals,Wheat,Weather,"Weather information","Cloudy weather today and tomorrow little chance of rain",BIHAR,BHOJPUR,SANDESH,2018-01-26T17:52:18Z
RABI,AGRICULTURE,Cereals,Wheat,Weather,"Weather information","Cloudy weather  today and tomorrow  no chance of rain.",BIHAR,BHOJPUR,BARHARA,2018-01-26T20:03:24Z
RABI,HORTICULTURE,Vegetables,"Dolichos Bean","Plant Protection","FLOWER DROPPIN OF DOLICHOS BEAN","Sprary planofix 1ml in 4 lit of water.",BIHAR,BHOJPUR,PIRO,2018-01-27T09:24:58Z
RABI,HORTICULTURE,Vegetables,Brinjal,"Plant Protection","INSECT PROBLEM IN BRINJAL CROP","Spray malathion @ 2G/lit of water",BIHAR,BHOJPUR,PIRO,2018-01-27T09:27:37Z
RABI,AGRICULTURE,Cereals,Wheat,"Weed Management","WEED MANAGEMENT IN WHEAT","SULFOSULFURON @ 20G/ haME DE",BIHAR,BHOJPUR,JAGDISHPUR,2018-01-27T09:35:14Z
RABI,AGRICULTURE,Cereals,Wheat,Weather,"Weather information","Cloudy weather  today and tomorrow  no chance of rain.",BIHAR,BHOJPUR,AGIAON,2018-01-27T11:39:37Z
RABI,AGRICULTURE,Others,Others,"Plant Protection","plant protection","Spray mancozeb @ 2g/lit of water",BIHAR,BHOJPUR,KOILWAR,2018-01-27T11:47:12Z
RABI,AGRICULTURE,Others,Others,Weather,"Weather information","no chance of rain",BIHAR,BHOJPUR,KOILWAR,2018-01-27T11:59:39Z
RABI,HORTICULTURE,Vegetables,Chillies,"Plant Protection","Yellow mite or muranai mite","Dimethoate 30 % EC 1.0 ml/lit. 
Ethion 50 % EC 2.0 ml/lit.",BIHAR,BHOJPUR,TARARI,2018-01-28T07:11:36Z
RABI,AGRICULTURE,Others,Others,Weather,"WEATHER INFORMATION","Cloudy weather in your area, but no chance of rain in your area.",BIHAR,BHOJPUR,JAGDISHPUR,2018-01-28T12:45:32Z
RABI,AGRICULTURE,Cereals,Wheat,Weather,"WEATHER INFORMATION","????? ???  ???? ??????? ???  ??? ????  ?????  ,?????? ?? ?????  ????? ????? ???? ?? ???????  ??",BIHAR,BHOJPUR,ARA,2018-01-28T16:19:01Z
RABI,AGRICULTURE,Cereals,Wheat,Weather,"WEATHER INFORMATION","????? ???  ???? ??????? ???  ??? ????  ?????  ,?????? ?? ?????  ????? ????? ???? ?? ???????  ??",BIHAR,BHOJPUR,TARARI,2018-01-28T16:27:57Z
RABI,AGRICULTURE,Others,Others,"Field Preparation","FLOWER DROPPING","Sprary planofix 1ml in 4- 5 lit of water.  (NAA @ 20 ppm)",BIHAR,BHOJPUR,GARHANI,2018-01-28T16:49:59Z
RABI,AGRICULTURE,Others,Others,Weather,"WEATHER INFORMATION","Cloudy weather in your area, but no chance of rain in your area",BIHAR,BHOJPUR,JAGDISHPUR,2018-01-29T07:12:39Z
RABI,HORTICULTURE,Vegetables,Bhindi(Okra/Ladysfinger),"Plant Protection","Red cotton bug","Spray phosphamidon 40 SL @ 600 ml/ha",BIHAR,BHOJPUR,TARARI,2018-01-29T09:05:21Z
RABI,HORTICULTURE,Vegetables,Bhindi(Okra/Ladysfinger),"Plant Protection","Bhendi yellow vein mosaic virus","Spraying monocrotophos 1.5 ml/litre of water can restrict the disease spread.


",BIHAR,BHOJPUR,TARARI,2018-01-29T09:35:26Z
RABI,AGRICULTURE,Others,Others,Weather,"WEATHER INFORMATION","Very low cloudy area but no chance of rain",BIHAR,BHOJPUR,JAGDISHPUR,2018-01-29T10:32:34Z
KHARIF,HORTICULTURE,Vegetables,Brinjal,"Plant Protection","FRUIT BORER IN BRINJAL","SPRAY IMIDACHLOROPID 1ML/3LIT OF WATER FOR BRINJAL",BIHAR,BHOJPUR,BEHEA,2018-01-29T21:00:37Z
RABI,HORTICULTURE,Vegetables,Brinjal,"Plant Protection","Shoot and fruit borer","Phosalone 35 % EC 1.5 ml /lit 
Pyridalyl 10 % EC 1.0  ml/lit 
Quinalphos 25 % EC 8.0  ml/10 lit",BIHAR,BHOJPUR,TARARI,2018-01-30T10:15:42Z
RABI,AGRICULTURE,Others,Others,"Field Preparation","kisan credit card","contact to bao",BIHAR,BHOJPUR,ARA,2018-01-30T13:26:52Z
KHARIF,AGRICULTURE,Cereals,Wheat,"Plant Protection","YELLOW COLOR IN WHEAT","SPRAY MANCOZEB 2.5GML/LIT OF WATER FOR WHEAT",BIHAR,BHOJPUR,BEHEA,2018-01-30T14:19:25Z
RABI,AGRICULTURE,Others,Others,"Training and Exposure Visits","INFORMATION ABOUT POLLY HOUSE","AAP APNE KVK ME CONTACT KARE",BIHAR,BHOJPUR,SAHAR,2018-01-30T15:47:34Z
JAYAD,AGRICULTURE,Others,Others,"Plant Protection","FLOWER DROPPING","Sprary planofix 1ml in 4- 5 lit of water.  (NAA @ 20 ppm)",BIHAR,BHOJPUR,GARHANI,2018-01-30T17:06:51Z
RABI,AGRICULTURE,Cereals,Wheat,Weather,"WEATHER INFORMATION","????? ???? ???? ????? ?????? ??? ???? ????? I",BIHAR,BHOJPUR,SAHAR,2018-01-31T11:51:24Z
JAYAD,AGRICULTURE,Others,Others,Weather,"WEATHER INFORMATION","The sun is going out will not be possible rainweather",BIHAR,BHOJPUR,PIRO,2018-01-31T14:21:39Z
RABI,AGRICULTURE,Others,Others,Weather,"WEATHER INFORMATION","The sun is going out will not be possible rainweather",BIHAR,BHOJPUR,PIRO,2018-01-31T14:33:04Z
RABI,AGRICULTURE,Others,Others,Weather,"WEATHER INFORMATION","Hazy weather in your area ,no chance of rain",BIHAR,BHOJPUR,JAGDISHPUR,2018-01-31T15:12:03Z
RABI,AGRICULTURE,Others,Others,"Field Preparation","Insect infestation","sprey of chloropyriphos@2ml/lit water",BIHAR,BHOJPUR,JAGDISHPUR,2018-01-31T15:12:10Z
RABI,AGRICULTURE,Others,Others,Weather,"WEATHER INFORMATION","The sun is going out will not be possible rainweather",BIHAR,BHOJPUR,PIRO,2018-01-31T16:39:35Z
KHARIF,HORTICULTURE,Vegetables,"Bottle Gourd","Vegetative Propagation and Tissue Culture","VARIETIES OF BOTTLEGOURD","VARIETIES ARE NAREMDRA SHANKAR LAUKI-4,VARAD,PUSA NAVIN FOR BOTTLEGOURD",BIHAR,BHOJPUR,JAGDISHPUR,2018-01-31T21:30:15Z
