Season,Sector,Category,Crop,QueryType,QueryText,KCCAns,StateName,DistrictName,BlockName,CreatedOn
KHARIF,AGRICULTURE,Others,Others,Weather,"WEATHER  INFORMATION","Today and tomorrow chance to rain",BIHAR,NALANDA,BEN,2018-08-01T09:04:12Z
KHARIF,AGRICULTURE,Others,Others,Weather,"WEATHER  INFORMATION","Today and tomorrow chance to rain",BIHAR,NALANDA,BEN,2018-08-01T09:04:12Z
KHARIF,AGRICULTURE,Others,Others,"Field Preparation","WEATHER INFORMATION","Heavy Cloudy weather in your area,chance of rain in your area",BIHAR,NALANDA,HILSA,2018-08-01T21:34:28Z
KHARIF,AGRICULTURE,Others,Others,"Field Preparation","WEATHER INFORMATION","Heavy Cloudy weather in your area,chance of rain in your area",BIHAR,NALANDA,HILSA,2018-08-01T21:34:28Z
KHARIF,AGRICULTURE,Others,Others,"Weed Management","weed management in paddy",sathi-100/ha,BIHAR,NALANDA,SARMERA,2018-08-02T08:40:02Z
KHARIF,AGRICULTURE,Others,Others,"Weed Management","weed management in paddy",sathi-100/ha,BIHAR,NALANDA,SARMERA,2018-08-02T08:40:02Z
RABI,HORTICULTURE,Vegetables,Brinjal,"Plant Protection","Cercospora Leaf Spots","•Spraying Mancozeb 0.25 % control the disease.",BIHAR,NALANDA,RAHUI,2018-08-02T10:42:31Z
RABI,HORTICULTURE,Vegetables,Brinjal,"Plant Protection","Cercospora Leaf Spots","•Spraying Mancozeb 0.25 % control the disease.",BIHAR,NALANDA,RAHUI,2018-08-02T10:42:31Z
KHARIF,AGRICULTURE,Others,Others,Weather,"WEATHER INFORMATION","Heavy Cloudy weather in your area,chance of rain in your area",BIHAR,NALANDA,ISLAMPUR,2018-08-02T19:33:07Z
KHARIF,AGRICULTURE,Others,Others,Weather,"WEATHER INFORMATION","Heavy Cloudy weather in your area,chance of rain in your area",BIHAR,NALANDA,ISLAMPUR,2018-08-02T19:33:07Z
KHARIF,AGRICULTURE,Others,Others,"Government Schemes","PROBLEM RELATED TO DBT","AAP SAHAJ KENDRA ME CONTACT KIGIYE",BIHAR,NALANDA,HARNAUT,2018-08-03T11:08:00Z
KHARIF,AGRICULTURE,Others,Others,"Government Schemes","PROBLEM RELATED TO DBT","AAP SAHAJ KENDRA ME CONTACT KIGIYE",BIHAR,NALANDA,HARNAUT,2018-08-03T11:08:00Z
RABI,HORTICULTURE,Vegetables,Chillies,"Plant Protection","Fruit Rot and Die Back","•Good control of the disease has been reported by three sprayings with Ziram O. 25% Captan 0.2% or miltox 0.2%. Chemicals like wettable sulphur 0.2%, copper oxychloride 0.25% and Zineb 0.15% not only reduced the disease incidence but also increased the yield of fruits.",BIHAR,NALANDA,RAHUI,2018-08-03T21:15:40Z
RABI,HORTICULTURE,Vegetables,Chillies,"Plant Protection","Fruit Rot and Die Back","•Good control of the disease has been reported by three sprayings with Ziram O. 25% Captan 0.2% or miltox 0.2%. Chemicals like wettable sulphur 0.2%, copper oxychloride 0.25% and Zineb 0.15% not only reduced the disease incidence but also increased the yield of fruits.",BIHAR,NALANDA,RAHUI,2018-08-03T21:15:40Z
RABI,AGRICULTURE,Others,Others,Weather,"weather information","28° C 
RealFeel® 31°

Mostly cloudy
  


See Hourly

> 




Today

Aug 4



31° Hi 
RealFeel® 35°

A thunderstorm in the area
 More  



Tonight

Aug 4



24° Lo 
RealFeel® 25°

Partly cloudy
 More  



Tomorrow

Aug 5



30° Hi 
RealFeel® 33°

Cloudy, a passing shower
 More",BIHAR,NALANDA,RAHUI,2018-08-04T11:59:14Z
RABI,AGRICULTURE,Others,Others,Weather,"weather information","28° C 
RealFeel® 31°

Mostly cloudy
  


See Hourly

> 




Today

Aug 4



31° Hi 
RealFeel® 35°

A thunderstorm in the area
 More  



Tonight

Aug 4



24° Lo 
RealFeel® 25°

Partly cloudy
 More  



Tomorrow

Aug 5



30° Hi 
RealFeel® 33°

Cloudy, a passing shower
 More",BIHAR,NALANDA,RAHUI,2018-08-04T11:59:14Z
KHARIF,AGRICULTURE,Others,Others,Weather,"WEATHER INFORMATION","Cloudy weather in your area, chance of rain in your area .",BIHAR,NALANDA,ISLAMPUR,2018-08-05T08:03:28Z
KHARIF,AGRICULTURE,Others,Others,Weather,"WEATHER INFORMATION","Cloudy weather in your area, chance of rain in your area .",BIHAR,NALANDA,ISLAMPUR,2018-08-05T08:03:28Z
KHARIF,AGRICULTURE,Others,Others,"Government Schemes","farmer registration","For farmer registration : www.krishimis.in",BIHAR,NALANDA,PARBALPUR,2018-08-06T11:38:31Z
KHARIF,AGRICULTURE,Others,Others,"Government Schemes","farmer registration","For farmer registration : www.krishimis.in",BIHAR,NALANDA,PARBALPUR,2018-08-06T11:38:31Z
KHARIF,AGRICULTURE,Others,Others,"Government Schemes","problem related to dbt","aap sahaj Kendra me jaye",BIHAR,NALANDA,EKANGARSARAI,2018-08-06T13:49:30Z
KHARIF,AGRICULTURE,Others,Others,"Government Schemes","problem related to dbt","aap sahaj Kendra me jaye",BIHAR,NALANDA,EKANGARSARAI,2018-08-06T13:49:30Z
KHARIF,AGRICULTURE,Others,Others,"Sowing Time and Weather","WEATHER  INFORMATION","Today and tomorrow chance to rain",BIHAR,NALANDA,HARNAUT,2018-08-06T14:22:03Z
KHARIF,AGRICULTURE,Others,Others,"Sowing Time and Weather","WEATHER  INFORMATION","Today and tomorrow chance to rain",BIHAR,NALANDA,HARNAUT,2018-08-06T14:22:03Z
KHARIF,AGRICULTURE,Others,Others,Weather,"WEATHER INFORMATION","Cloudy weather in your area,chance of rain in your area",BIHAR,NALANDA,CHANDI,2018-08-06T14:26:44Z
KHARIF,AGRICULTURE,Others,Others,Weather,"WEATHER INFORMATION","Cloudy weather in your area,chance of rain in your area",BIHAR,NALANDA,CHANDI,2018-08-06T14:26:44Z
KHARIF,AGRICULTURE,Others,Others,Weather,"WEATHER INFORMATION","Cloudy weather in your area,chance of rain in your area",BIHAR,NALANDA,CHANDI,2018-08-06T14:26:59Z
KHARIF,AGRICULTURE,Others,Others,Weather,"WEATHER INFORMATION","Cloudy weather in your area,chance of rain in your area",BIHAR,NALANDA,CHANDI,2018-08-06T14:26:59Z
KHARIF,AGRICULTURE,Others,Others,Weather,"WEATHER INFORMATION","Heavy Cloudy weather in your area,chance of rain in your area",BIHAR,NALANDA,SARMERA,2018-08-07T06:29:16Z
KHARIF,AGRICULTURE,Others,Others,Weather,"WEATHER INFORMATION","Heavy Cloudy weather in your area,chance of rain in your area",BIHAR,NALANDA,SARMERA,2018-08-07T06:29:16Z
KHARIF,AGRICULTURE,Others,Others,Weather,"WEATHER INFORMATION","Heavy Cloudy weather in your area,chance of rain in your area",BIHAR,NALANDA,SARMERA,2018-08-07T06:29:43Z
KHARIF,AGRICULTURE,Others,Others,Weather,"WEATHER INFORMATION","Heavy Cloudy weather in your area,chance of rain in your area",BIHAR,NALANDA,SARMERA,2018-08-07T06:29:43Z
KHARIF,AGRICULTURE,Others,Others,Weather,"PROBLEM RELATED TO DBT","AAP SAHAJ KENDRA ME CONTACT  KARE",BIHAR,NALANDA,"NAGAR NAUSA",2018-08-07T13:17:26Z
KHARIF,AGRICULTURE,Others,Others,Weather,"PROBLEM RELATED TO DBT","AAP SAHAJ KENDRA ME CONTACT  KARE",BIHAR,NALANDA,"NAGAR NAUSA",2018-08-07T13:17:26Z
KHARIF,AGRICULTURE,Others,Others,"Field Preparation","YELLOW LEAF ON PADDY","SPRAY COPPEROXYCHLORID@ 2 G/LIT WATER SPRAY",BIHAR,NALANDA,HARNAUT,2018-08-07T17:40:03Z
KHARIF,AGRICULTURE,Others,Others,"Field Preparation","YELLOW LEAF ON PADDY","SPRAY COPPEROXYCHLORID@ 2 G/LIT WATER SPRAY",BIHAR,NALANDA,HARNAUT,2018-08-07T17:40:03Z
KHARIF,AGRICULTURE,Others,Others,"Government Schemes","For farmer registration","For farmer registration : www.krishimis.in",BIHAR,NALANDA,ISLAMPUR,2018-08-08T09:21:45Z
KHARIF,AGRICULTURE,Others,Others,"Government Schemes","For farmer registration","For farmer registration : www.krishimis.in",BIHAR,NALANDA,ISLAMPUR,2018-08-08T09:21:45Z
KHARIF,AGRICULTURE,Others,Others,Weather,"WEATHER INFORMATION","Cloudy weather in your area, chance of rain in your area .",BIHAR,NALANDA,HARNAUT,2018-08-08T09:29:08Z
KHARIF,AGRICULTURE,Others,Others,Weather,"WEATHER INFORMATION","Cloudy weather in your area, chance of rain in your area .",BIHAR,NALANDA,HARNAUT,2018-08-08T09:29:08Z
KHARIF,AGRICULTURE,Cereals,"Paddy (Dhan)",Weather,"Weather information","???? ???  ????? ????? ???? ?? ??????? ??",BIHAR,NALANDA,BIHARSHARIF,2018-08-09T16:14:47Z
KHARIF,AGRICULTURE,Cereals,"Paddy (Dhan)",Weather,"Weather information","???? ???  ????? ????? ???? ?? ??????? ??",BIHAR,NALANDA,BIHARSHARIF,2018-08-09T16:14:47Z
KHARIF,AGRICULTURE,Cereals,"Paddy (Dhan)",Weather,"Weather information","???? ???  ????? ????? ???? ?? ??????? ??",BIHAR,NALANDA,BIHARSHARIF,2018-08-09T16:15:25Z
KHARIF,AGRICULTURE,Cereals,"Paddy (Dhan)",Weather,"Weather information","???? ???  ????? ????? ???? ?? ??????? ??",BIHAR,NALANDA,BIHARSHARIF,2018-08-09T16:15:25Z
KHARIF,HORTICULTURE,Fruits,Pomegranate,"Plant Protection","FRUIT BORER INSECT PROBLEM IN POMEGRANATE","Spray chlorpyriphos @ 2 ml in 1 litre of water",BIHAR,NALANDA,BIND,2018-08-10T11:02:04Z
KHARIF,HORTICULTURE,Fruits,Pomegranate,"Plant Protection","FRUIT BORER INSECT PROBLEM IN POMEGRANATE","Spray chlorpyriphos @ 2 ml in 1 litre of water",BIHAR,NALANDA,BIND,2018-08-10T11:02:04Z
KHARIF,AGRICULTURE,Others,Others,"Field Preparation","- www.krishimis.in","- www.krishimis.in",BIHAR,NALANDA,ISLAMPUR,2018-08-10T16:49:35Z
KHARIF,AGRICULTURE,Others,Others,"Field Preparation","- www.krishimis.in","- www.krishimis.in",BIHAR,NALANDA,ISLAMPUR,2018-08-10T16:49:35Z
KHARIF,AGRICULTURE,Cereals,"Paddy (Dhan)",Weather,"Weather information","???? ???  ????? ????? ???? ?? ??????? ??",BIHAR,NALANDA,"NAGAR NAUSA",2018-08-10T17:51:59Z
KHARIF,AGRICULTURE,Cereals,"Paddy (Dhan)",Weather,"Weather information","???? ???  ????? ????? ???? ?? ??????? ??",BIHAR,NALANDA,"NAGAR NAUSA",2018-08-10T17:51:59Z
KHARIF,WEATHER,Weather,Weather,Weather,"WEATHER INFORMATION","Cloudy weather in your area, chance of rain in your area",BIHAR,NALANDA,"NAGAR NAUSA",2018-08-10T18:05:40Z
KHARIF,WEATHER,Weather,Weather,Weather,"WEATHER INFORMATION","Cloudy weather in your area, chance of rain in your area",BIHAR,NALANDA,"NAGAR NAUSA",2018-08-10T18:05:40Z
KHARIF,AGRICULTURE,Others,Others,Weather,weather,"no rain",BIHAR,NALANDA,SARMERA,2018-08-10T18:33:56Z
KHARIF,AGRICULTURE,Others,Others,Weather,weather,"no rain",BIHAR,NALANDA,SARMERA,2018-08-10T18:33:56Z
KHARIF,WEATHER,Weather,Weather,Weather,"WEATHER INFORMATION","Cloudy weather in your area, chance of rain in your area .",BIHAR,NALANDA,HILSA,2018-08-11T08:26:50Z
KHARIF,WEATHER,Weather,Weather,Weather,"WEATHER INFORMATION","Cloudy weather in your area, chance of rain in your area .",BIHAR,NALANDA,HILSA,2018-08-11T08:26:50Z
KHARIF,WEATHER,Weather,Weather,Weather,"WEATHER INFORMATION","Clouds like weather, and there is a possibility of a drizzle",BIHAR,NALANDA,HILSA,2018-08-11T09:17:57Z
KHARIF,WEATHER,Weather,Weather,Weather,"WEATHER INFORMATION","Clouds like weather, and there is a possibility of a drizzle",BIHAR,NALANDA,HILSA,2018-08-11T09:17:57Z
KHARIF,HORTICULTURE,Vegetables,Brinjal,"Cultural Practices","Best variety of brinjal-","Best variety of brinjal- rajendra baigan-2, pant baigan, punjab sadabahar, sonali, pusa purple long, pusa anmol, arka navneet",BIHAR,NALANDA,CHANDI,2018-08-11T11:11:42Z
KHARIF,HORTICULTURE,Vegetables,Brinjal,"Cultural Practices","Best variety of brinjal-","Best variety of brinjal- rajendra baigan-2, pant baigan, punjab sadabahar, sonali, pusa purple long, pusa anmol, arka navneet",BIHAR,NALANDA,CHANDI,2018-08-11T11:11:42Z
KHARIF,AGRICULTURE,"Fodder Crops",Guar,Varieties,"VARIETIES OF GUWAR","VARIETIES ARE BUNDEL,GWAR -1,2,3 AND SEED RATE 30KG/HECT FOR GWAR",BIHAR,NALANDA,SARMERA,2018-08-11T20:18:40Z
KHARIF,AGRICULTURE,"Fodder Crops",Guar,Varieties,"VARIETIES OF GUWAR","VARIETIES ARE BUNDEL,GWAR -1,2,3 AND SEED RATE 30KG/HECT FOR GWAR",BIHAR,NALANDA,SARMERA,2018-08-11T20:18:40Z
KHARIF,AGRICULTURE,Others,Others,Weather,weather,"no rain",BIHAR,NALANDA,SARMERA,2018-08-11T20:30:53Z
KHARIF,AGRICULTURE,Others,Others,Weather,weather,"no rain",BIHAR,NALANDA,SARMERA,2018-08-11T20:30:53Z
KHARIF,HORTICULTURE,Vegetables,"Bitter Gourd","Plant Protection","plant protection","SPRAY COPPER OXY CHLORIDE 2 GRAM/LITRE OF WATER",BIHAR,NALANDA,"NAGAR NAUSA",2018-08-12T12:22:34Z
KHARIF,HORTICULTURE,Vegetables,"Bitter Gourd","Plant Protection","plant protection","SPRAY COPPER OXY CHLORIDE 2 GRAM/LITRE OF WATER",BIHAR,NALANDA,"NAGAR NAUSA",2018-08-12T12:22:34Z
KHARIF,AGRICULTURE,Others,Others,Weather,weather,"no rain",BIHAR,NALANDA,SARMERA,2018-08-12T16:39:07Z
KHARIF,AGRICULTURE,Others,Others,Weather,weather,"no rain",BIHAR,NALANDA,SARMERA,2018-08-12T16:39:07Z
KHARIF,WEATHER,Weather,Weather,Weather,"WEATHER INFORMATION","Cloudy weather in your area, chance of rain in your area",BIHAR,NALANDA,THARTHARI,2018-08-13T06:55:34Z
KHARIF,WEATHER,Weather,Weather,Weather,"WEATHER INFORMATION","Cloudy weather in your area, chance of rain in your area",BIHAR,NALANDA,THARTHARI,2018-08-13T06:55:34Z
KHARIF,WEATHER,Weather,Weather,Weather,"WEATHER INFORMATION","Cloudy weather in your area, chance of rain in your area",BIHAR,NALANDA,THARTHARI,2018-08-13T06:55:36Z
KHARIF,WEATHER,Weather,Weather,Weather,"WEATHER INFORMATION","Cloudy weather in your area, chance of rain in your area",BIHAR,NALANDA,THARTHARI,2018-08-13T06:55:36Z
KHARIF,AGRICULTURE,Others,Others,Weather,"WEATHER INFORMATION","CHANCE OF RAIN IN YOUR AREA",BIHAR,NALANDA,HILSA,2018-08-13T12:16:43Z
KHARIF,AGRICULTURE,Others,Others,Weather,"WEATHER INFORMATION","CHANCE OF RAIN IN YOUR AREA",BIHAR,NALANDA,HILSA,2018-08-13T12:16:43Z
KHARIF,AGRICULTURE,Others,Others,"Field Preparation","yellow leaf of paddy","coopperoxychlorid@2 g/lit water spray",BIHAR,NALANDA,THARTHARI,2018-08-13T14:46:17Z
KHARIF,AGRICULTURE,Others,Others,"Field Preparation","yellow leaf of paddy","coopperoxychlorid@2 g/lit water spray",BIHAR,NALANDA,THARTHARI,2018-08-13T14:46:17Z
KHARIF,AGRICULTURE,Others,Others,Weather,weather,"no rain",BIHAR,NALANDA,SARMERA,2018-08-13T14:49:47Z
KHARIF,AGRICULTURE,Others,Others,Weather,weather,"no rain",BIHAR,NALANDA,SARMERA,2018-08-13T14:49:47Z
KHARIF,AGRICULTURE,Others,Others,"Field Preparation","- www.krishimis.in","- www.krishimis.in",BIHAR,NALANDA,CHANDI,2018-08-13T19:19:14Z
KHARIF,AGRICULTURE,Others,Others,"Field Preparation","- www.krishimis.in","- www.krishimis.in",BIHAR,NALANDA,CHANDI,2018-08-13T19:19:14Z
KHARIF,AGRICULTURE,"Fodder Crops",Guar,Varieties,"varieties of guar","VARIETIES ARE BUNDEL,GWAR -1,2,3 AND SEED RATE 30KG/HECT FOR GWAR",BIHAR,NALANDA,SARMERA,2018-08-13T21:43:58Z
KHARIF,AGRICULTURE,"Fodder Crops",Guar,Varieties,"varieties of guar","VARIETIES ARE BUNDEL,GWAR -1,2,3 AND SEED RATE 30KG/HECT FOR GWAR",BIHAR,NALANDA,SARMERA,2018-08-13T21:43:58Z
KHARIF,AGRICULTURE,Others,Others,"Field Preparation","WEATHER INFORMATION","Cloudy weather in your area, chance of rain in your area .",BIHAR,NALANDA,NOORSARAI,2018-08-14T16:39:07Z
KHARIF,AGRICULTURE,Others,Others,"Field Preparation","WEATHER INFORMATION","Cloudy weather in your area, chance of rain in your area .",BIHAR,NALANDA,NOORSARAI,2018-08-14T16:39:07Z
KHARIF,WEATHER,Weather,Weather,Weather,"Weather Information","There will be cloud in your area today and tomorrow and there is a possibility of rain",BIHAR,NALANDA,HILSA,2018-08-14T20:21:36Z
KHARIF,WEATHER,Weather,Weather,Weather,"Weather Information","There will be cloud in your area today and tomorrow and there is a possibility of rain",BIHAR,NALANDA,HILSA,2018-08-14T20:21:36Z
KHARIF,WEATHER,Weather,Weather,Weather,"Weather Information","There will be cloud in your area today and tomorrow and there is a possibility of rain",BIHAR,NALANDA,HILSA,2018-08-14T20:22:22Z
KHARIF,WEATHER,Weather,Weather,Weather,"Weather Information","There will be cloud in your area today and tomorrow and there is a possibility of rain",BIHAR,NALANDA,HILSA,2018-08-14T20:22:22Z
KHARIF,AGRICULTURE,Others,Others,"Field Preparation","Weather information","Cloudy weather in your area, no  chance of rain in your area .",BIHAR,NALANDA,ASTHAWAN,2018-08-14T21:42:19Z
KHARIF,AGRICULTURE,Others,Others,"Field Preparation","Weather information","Cloudy weather in your area, no  chance of rain in your area .",BIHAR,NALANDA,ASTHAWAN,2018-08-14T21:42:19Z
KHARIF,WEATHER,Weather,Weather,Weather,"WEATHER INFORMATION","Cloudy weather in your area,chance of rain in your area",BIHAR,NALANDA,CHANDI,2018-08-15T10:44:04Z
KHARIF,WEATHER,Weather,Weather,Weather,"WEATHER INFORMATION","Cloudy weather in your area,chance of rain in your area",BIHAR,NALANDA,CHANDI,2018-08-15T10:44:04Z
KHARIF,WEATHER,Weather,Weather,Weather,"WEATHER INFORMATION","Cloudy weather in your area,chance of rain in your area",BIHAR,NALANDA,CHANDI,2018-08-15T10:44:27Z
KHARIF,WEATHER,Weather,Weather,Weather,"WEATHER INFORMATION","Cloudy weather in your area,chance of rain in your area",BIHAR,NALANDA,CHANDI,2018-08-15T10:44:27Z
KHARIF,WEATHER,Weather,Weather,Weather,"Weather Information","????  ??? ????? ??? ???? ??? ?????",BIHAR,NALANDA,GIRIAK,2018-08-15T14:53:06Z
KHARIF,WEATHER,Weather,Weather,Weather,"Weather Information","????  ??? ????? ??? ???? ??? ?????",BIHAR,NALANDA,GIRIAK,2018-08-15T14:53:06Z
KHARIF,WEATHER,Weather,Weather,Weather,"Weather Information","????  ??? ????? ??? ???? ??? ?????",BIHAR,NALANDA,CHANDI,2018-08-15T18:02:36Z
KHARIF,WEATHER,Weather,Weather,Weather,"Weather Information","????  ??? ????? ??? ???? ??? ?????",BIHAR,NALANDA,CHANDI,2018-08-15T18:02:36Z
KHARIF,HORTICULTURE,Vegetables,Bhindi(Okra/Ladysfinger),"Plant Protection","YELLOW VEIN MOSAIC","SPRAY IMIDACHLOROPRID 1ML/3LIT OF WATER IN BHINDI",BIHAR,NALANDA,SARMERA,2018-08-15T19:58:23Z
KHARIF,HORTICULTURE,Vegetables,Bhindi(Okra/Ladysfinger),"Plant Protection","YELLOW VEIN MOSAIC","SPRAY IMIDACHLOROPRID 1ML/3LIT OF WATER IN BHINDI",BIHAR,NALANDA,SARMERA,2018-08-15T19:58:23Z
KHARIF,AGRICULTURE,Cereals,"Paddy (Dhan)","Plant Protection","SHEATH BLIGHT IN PADDY","SPRAY HEXACONOZOLE 2ML/LIT OF WATER IN PADY",BIHAR,NALANDA,SARMERA,2018-08-15T21:37:54Z
KHARIF,AGRICULTURE,Cereals,"Paddy (Dhan)","Plant Protection","SHEATH BLIGHT IN PADDY","SPRAY HEXACONOZOLE 2ML/LIT OF WATER IN PADY",BIHAR,NALANDA,SARMERA,2018-08-15T21:37:54Z
KHARIF,AGRICULTURE,Others,Others,"Government Schemes","problem related to dbt","c.s.e.ME CONTACT KARE",BIHAR,NALANDA,HARNAUT,2018-08-16T11:23:07Z
KHARIF,AGRICULTURE,Others,Others,"Government Schemes","problem related to dbt","c.s.e.ME CONTACT KARE",BIHAR,NALANDA,HARNAUT,2018-08-16T11:23:07Z
KHARIF,AGRICULTURE,Others,Others,"Government Schemes","problem related to dbt","AAP CSC ME CONTAct kare",BIHAR,NALANDA,PARBALPUR,2018-08-16T12:29:45Z
KHARIF,AGRICULTURE,Others,Others,"Government Schemes","problem related to dbt","AAP CSC ME CONTAct kare",BIHAR,NALANDA,PARBALPUR,2018-08-16T12:29:45Z
KHARIF,AGRICULTURE,Others,Others,"Government Schemes","PROBLEM RELATED TO DBT","AAP CSE ME CONTACT KARE",BIHAR,NALANDA,RAHUI,2018-08-17T12:35:51Z
KHARIF,AGRICULTURE,Others,Others,"Government Schemes","PROBLEM RELATED TO DBT","AAP CSE ME CONTACT KARE",BIHAR,NALANDA,RAHUI,2018-08-17T12:35:51Z
KHARIF,AGRICULTURE,Others,Others,"Plant Protection","Weather information","Cloudy weather in your area,but no chance of rain.",BIHAR,NALANDA,NOORSARAI,2018-08-17T16:06:23Z
KHARIF,AGRICULTURE,Others,Others,"Plant Protection","Weather information","Cloudy weather in your area,but no chance of rain.",BIHAR,NALANDA,NOORSARAI,2018-08-17T16:06:23Z
KHARIF,WEATHER,Weather,Weather,Weather,"Weather Information","Cloudy weather in your area, chance of rain in your area.",BIHAR,NALANDA,SARMERA,2018-08-18T07:27:57Z
KHARIF,WEATHER,Weather,Weather,Weather,"Weather Information","Cloudy weather in your area, chance of rain in your area.",BIHAR,NALANDA,SARMERA,2018-08-18T07:27:57Z
RABI,HORTICULTURE,Vegetables,Bhindi(Okra/Ladysfinger),"Plant Protection",Aphid,"?Imidacloprid 200 SL at 100 ml/ha
?Methyl demeton 25 EC 500 ml/ha
?Dimethoate 30 EC 500 ml/ha",BIHAR,NALANDA,RAHUI,2018-08-18T10:35:52Z
RABI,HORTICULTURE,Vegetables,Bhindi(Okra/Ladysfinger),"Plant Protection",Aphid,"?Imidacloprid 200 SL at 100 ml/ha
?Methyl demeton 25 EC 500 ml/ha
?Dimethoate 30 EC 500 ml/ha",BIHAR,NALANDA,RAHUI,2018-08-18T10:35:52Z
KHARIF,AGRICULTURE,Others,Others,"Government Schemes","PROBLEM RELATED TO DBT","AAP CSC  ME CONTACT KARE",BIHAR,NALANDA,SILAO,2018-08-18T12:13:01Z
KHARIF,AGRICULTURE,Others,Others,"Government Schemes","PROBLEM RELATED TO DBT","AAP CSC  ME CONTACT KARE",BIHAR,NALANDA,SILAO,2018-08-18T12:13:01Z
KHARIF,WEATHER,Weather,Weather,Weather,"Weather Information","Cloudy weather in your area, chance of rain in your area.",BIHAR,NALANDA,SILAO,2018-08-18T12:17:42Z
KHARIF,WEATHER,Weather,Weather,Weather,"Weather Information","Cloudy weather in your area, chance of rain in your area.",BIHAR,NALANDA,SILAO,2018-08-18T12:17:42Z
KHARIF,AGRICULTURE,Others,Others,"Government Schemes","PROBLEM RELATED TO DBT","CS C-7488048547",BIHAR,NALANDA,HARNAUT,2018-08-18T12:33:36Z
KHARIF,AGRICULTURE,Others,Others,"Government Schemes","PROBLEM RELATED TO DBT","CS C-7488048547",BIHAR,NALANDA,HARNAUT,2018-08-18T12:33:36Z
KHARIF,WEATHER,Weather,Weather,Weather,"WEATHER INFORMATION","Cloudy weather in your area, chance of rain in your area",BIHAR,NALANDA,ISLAMPUR,2018-08-19T09:01:17Z
KHARIF,WEATHER,Weather,Weather,Weather,"WEATHER INFORMATION","Cloudy weather in your area, chance of rain in your area",BIHAR,NALANDA,ISLAMPUR,2018-08-19T09:01:17Z
KHARIF,HORTICULTURE,Vegetables,Brinjal,"Plant Protection","fruit borer in brinjal","spray rogor 2ml/lit of water in brinjal",BIHAR,NALANDA,SARMERA,2018-08-19T14:52:18Z
KHARIF,HORTICULTURE,Vegetables,Brinjal,"Plant Protection","fruit borer in brinjal","spray rogor 2ml/lit of water in brinjal",BIHAR,NALANDA,SARMERA,2018-08-19T14:52:18Z
KHARIF,HORTICULTURE,Vegetables,Chillies,"Plant Protection","LEAF CURL IN CHILIES","SPRAY IMIDACHLOROPID 1ML/3LIT OF WATER IN CHILIES",BIHAR,NALANDA,SARMERA,2018-08-19T17:01:47Z
KHARIF,HORTICULTURE,Vegetables,Chillies,"Plant Protection","LEAF CURL IN CHILIES","SPRAY IMIDACHLOROPID 1ML/3LIT OF WATER IN CHILIES",BIHAR,NALANDA,SARMERA,2018-08-19T17:01:47Z
KHARIF,AGRICULTURE,Others,Others,"Government Schemes","DBT PROBLEM","AAP CSC ME CONTACT KARE",BIHAR,NALANDA,THARTHARI,2018-08-20T07:50:04Z
KHARIF,AGRICULTURE,Others,Others,"Government Schemes","DBT PROBLEM","AAP CSC ME CONTACT KARE",BIHAR,NALANDA,THARTHARI,2018-08-20T07:50:04Z
KHARIF,WEATHER,Weather,Weather,Weather,"WEATHER INFORMATION","Cloudy weather in your area, chance of rain in your area",BIHAR,NALANDA,PARBALPUR,2018-08-20T08:41:07Z
KHARIF,WEATHER,Weather,Weather,Weather,"WEATHER INFORMATION","Cloudy weather in your area, chance of rain in your area",BIHAR,NALANDA,PARBALPUR,2018-08-20T08:41:07Z
KHARIF,WEATHER,Weather,Weather,Weather,weather,"no rain",BIHAR,NALANDA,SARMERA,2018-08-20T15:40:06Z
KHARIF,WEATHER,Weather,Weather,Weather,weather,"no rain",BIHAR,NALANDA,SARMERA,2018-08-20T15:40:06Z
KHARIF,AGRICULTURE,Others,Others,Weather,"WEATHER  INFORMATION","Today and tomorrow chance to rain",BIHAR,NALANDA,NOORSARAI,2018-08-20T16:18:08Z
KHARIF,AGRICULTURE,Others,Others,Weather,"WEATHER  INFORMATION","Today and tomorrow chance to rain",BIHAR,NALANDA,NOORSARAI,2018-08-20T16:18:08Z
KHARIF,AGRICULTURE,Others,Others,"Field Preparation","Weather Information","Cloudy weather Today & tomorrow  no   chance of rain",BIHAR,NALANDA,ASTHAWAN,2018-08-21T19:52:15Z
KHARIF,AGRICULTURE,Others,Others,"Field Preparation","Weather Information","Cloudy weather Today & tomorrow  no   chance of rain",BIHAR,NALANDA,ASTHAWAN,2018-08-21T19:52:15Z
KHARIF,AGRICULTURE,Others,Others,"Field Preparation","Weather Information","Cloudy weather Today & tomorrow  no   chance of rain",BIHAR,NALANDA,ASTHAWAN,2018-08-21T19:52:25Z
KHARIF,AGRICULTURE,Others,Others,"Field Preparation","Weather Information","Cloudy weather Today & tomorrow  no   chance of rain",BIHAR,NALANDA,ASTHAWAN,2018-08-21T19:52:25Z
KHARIF,AGRICULTURE,Others,Others,"Field Preparation","WEATHER INFORMATION","Heavy Cloudy weather in your area,chance of rain in your area",BIHAR,NALANDA,HILSA,2018-08-22T08:07:48Z
KHARIF,AGRICULTURE,Others,Others,"Field Preparation","WEATHER INFORMATION","Heavy Cloudy weather in your area,chance of rain in your area",BIHAR,NALANDA,HILSA,2018-08-22T08:07:48Z
KHARIF,AGRICULTURE,Others,Others,"Field Preparation","WEATHER INFORMATION","Cloudy weather in your area but no chance of rain in your area",BIHAR,NALANDA,SARMERA,2018-08-22T08:09:02Z
KHARIF,AGRICULTURE,Others,Others,"Field Preparation","WEATHER INFORMATION","Cloudy weather in your area but no chance of rain in your area",BIHAR,NALANDA,SARMERA,2018-08-22T08:09:02Z
KHARIF,AGRICULTURE,Others,Others,"Field Preparation","weather information","No chance of rain in your area",BIHAR,NALANDA,HILSA,2018-08-22T10:44:35Z
KHARIF,AGRICULTURE,Others,Others,"Field Preparation","weather information","No chance of rain in your area",BIHAR,NALANDA,HILSA,2018-08-22T10:44:35Z
KHARIF,AGRICULTURE,Others,Others,"Field Preparation","weather information","No chance of rain in your area",BIHAR,NALANDA,HILSA,2018-08-22T10:45:51Z
KHARIF,AGRICULTURE,Others,Others,"Field Preparation","weather information","No chance of rain in your area",BIHAR,NALANDA,HILSA,2018-08-22T10:45:51Z
KHARIF,AGRICULTURE,Others,Others,"Field Preparation","weather information","No chance of rain in your area",BIHAR,NALANDA,HILSA,2018-08-22T10:46:58Z
KHARIF,AGRICULTURE,Others,Others,"Field Preparation","weather information","No chance of rain in your area",BIHAR,NALANDA,HILSA,2018-08-22T10:46:58Z
KHARIF,AGRICULTURE,Others,Others,"Field Preparation","Variety of wheat","Variety of wheat - PBW - 343, 443, HD - 2733,2824,2967,2985",BIHAR,NALANDA,SARMERA,2018-08-22T10:48:24Z
KHARIF,AGRICULTURE,Others,Others,"Field Preparation","Variety of wheat","Variety of wheat - PBW - 343, 443, HD - 2733,2824,2967,2985",BIHAR,NALANDA,SARMERA,2018-08-22T10:48:24Z
KHARIF,AGRICULTURE,Others,Others,Weather,"TELL ME ABOUT WEATHER INFORMATION ?","RAIN POSSIBILITY IN NEXT 3-4 DAYS BUT CLOUDY SKY",BIHAR,NALANDA,NA,2018-08-23T10:02:45Z
KHARIF,NA,NA,NA,NA,"WEATHER INFORMATION","Cloudy weather in your area, chance of rain in your area .",BIHAR,NALANDA,PARBALPUR,2018-08-24T06:56:05Z
KHARIF,NA,NA,NA,NA,"WEATHER INFORMATION","Cloudy weather in your area, chance of rain in your area .",BIHAR,NALANDA,PARBALPUR,2018-08-24T06:56:05Z
KHARIF,AGRICULTURE,Others,Others,"Field Preparation","Government scheme website","Government scheme website- www.krishi.bih.nic.in.",BIHAR,NALANDA,CHANDI,2018-08-24T07:55:23Z
KHARIF,AGRICULTURE,Others,Others,"Field Preparation","Government scheme website","Government scheme website- www.krishi.bih.nic.in.",BIHAR,NALANDA,CHANDI,2018-08-24T07:55:23Z
KHARIF,AGRICULTURE,Cereals,"Paddy (Dhan)",Weather,"Weather Information","????  ??? ????? ??? ???? ??? ?????",BIHAR,NALANDA,ASTHAWAN,2018-08-24T15:08:50Z
KHARIF,AGRICULTURE,Cereals,"Paddy (Dhan)",Weather,"Weather Information","????  ??? ????? ??? ???? ??? ?????",BIHAR,NALANDA,ASTHAWAN,2018-08-24T15:08:50Z
KHARIF,AGRICULTURE,Others,Others,Weather,"WEATHER INFORMATION","Heavy Cloudy weather in your area,chance of rain in your area",BIHAR,NALANDA,HILSA,2018-08-24T17:44:48Z
KHARIF,AGRICULTURE,Others,Others,Weather,"WEATHER INFORMATION","Heavy Cloudy weather in your area,chance of rain in your area",BIHAR,NALANDA,HILSA,2018-08-24T17:44:48Z
KHARIF,AGRICULTURE,Others,Others,Weather,"WEATHER INFORMATION","Heavy Cloudy weather in your area,chance of rain in your area",BIHAR,NALANDA,HILSA,2018-08-24T17:45:02Z
KHARIF,AGRICULTURE,Others,Others,Weather,"WEATHER INFORMATION","Heavy Cloudy weather in your area,chance of rain in your area",BIHAR,NALANDA,HILSA,2018-08-24T17:45:02Z
KHARIF,AGRICULTURE,Others,Others,Weather,"WEATHER INFORMATION","Heavy Cloudy weather in your area,chance of rain in your area",BIHAR,NALANDA,SARMERA,2018-08-24T17:45:32Z
KHARIF,AGRICULTURE,Others,Others,Weather,"WEATHER INFORMATION","Heavy Cloudy weather in your area,chance of rain in your area",BIHAR,NALANDA,SARMERA,2018-08-24T17:45:32Z
KHARIF,AGRICULTURE,Others,Others,Weather,"WEATHER INFORMATION","Heavy Cloudy weather in your area,chance of rain in your area",BIHAR,NALANDA,SARMERA,2018-08-24T17:45:45Z
KHARIF,AGRICULTURE,Others,Others,Weather,"WEATHER INFORMATION","Heavy Cloudy weather in your area,chance of rain in your area",BIHAR,NALANDA,SARMERA,2018-08-24T17:45:45Z
KHARIF,AGRICULTURE,Others,Others,Weather,"WEATHER INFORMATION","Heavy Cloudy weather in your area,chance of rain in your area",BIHAR,NALANDA,SARMERA,2018-08-24T17:46:05Z
KHARIF,AGRICULTURE,Others,Others,Weather,"WEATHER INFORMATION","Heavy Cloudy weather in your area,chance of rain in your area",BIHAR,NALANDA,SARMERA,2018-08-24T17:46:05Z
KHARIF,AGRICULTURE,Others,Others,Weather,"Weather Information","Cloudy; a thunderstorm in spots this morning, then occasional rain and a thunderstorm",BIHAR,NALANDA,EKANGARSARAI,2018-08-24T21:50:45Z
KHARIF,AGRICULTURE,Others,Others,Weather,"Weather Information","Cloudy; a thunderstorm in spots this morning, then occasional rain and a thunderstorm",BIHAR,NALANDA,EKANGARSARAI,2018-08-24T21:50:45Z
KHARIF,AGRICULTURE,Others,Others,"Market Information","INFORMATION  ABOUT PIPE","AAP BLOCK ME CONTACT KARE",BIHAR,NALANDA,HILSA,2018-08-25T07:48:58Z
KHARIF,AGRICULTURE,Others,Others,"Market Information","INFORMATION  ABOUT PIPE","AAP BLOCK ME CONTACT KARE",BIHAR,NALANDA,HILSA,2018-08-25T07:48:58Z
KHARIF,AGRICULTURE,Others,Others,Weather,"WEATHER INFORMATION","Cloudy weather in your area, chance of rain in your area .",BIHAR,NALANDA,THARTHARI,2018-08-25T09:40:57Z
KHARIF,AGRICULTURE,Others,Others,Weather,"WEATHER INFORMATION","Cloudy weather in your area, chance of rain in your area .",BIHAR,NALANDA,THARTHARI,2018-08-25T09:40:57Z
KHARIF,AGRICULTURE,Others,Others,Weather,"WEATHER INFORMATION","Cloudy weather in your area, chance of rain in your area",BIHAR,NALANDA,BIHARSHARIF,2018-08-25T13:49:04Z
KHARIF,AGRICULTURE,Others,Others,Weather,"WEATHER INFORMATION","Cloudy weather in your area, chance of rain in your area",BIHAR,NALANDA,BIHARSHARIF,2018-08-25T13:49:04Z
KHARIF,AGRICULTURE,Others,Others,"Field Preparation","Weather Information","Cloudy weather Today & tomorrow  no   chance of rain",BIHAR,NALANDA,SARMERA,2018-08-26T14:56:09Z
KHARIF,AGRICULTURE,Others,Others,"Field Preparation","Weather Information","Cloudy weather Today & tomorrow  no   chance of rain",BIHAR,NALANDA,SARMERA,2018-08-26T14:56:09Z
KHARIF,FISHERIES,Inland,Others,"Freshwater Pearl Farming.","INFORMATION ABOUT  FISH","AAP BLOCK ME CONTACT KARE",BIHAR,NALANDA,HILSA,2018-08-28T13:34:58Z
KHARIF,FISHERIES,Inland,Others,"Freshwater Pearl Farming.","INFORMATION ABOUT  FISH","AAP BLOCK ME CONTACT KARE",BIHAR,NALANDA,HILSA,2018-08-28T13:34:58Z
KHARIF,AGRICULTURE,Others,Others,"Field Preparation","Cloudy weather Today & tomorrow  no   chance of rain","Cloudy weather Today & tomorrow  no   chance of rain",BIHAR,NALANDA,PARBALPUR,2018-08-28T20:43:53Z
KHARIF,AGRICULTURE,Others,Others,"Field Preparation","Cloudy weather Today & tomorrow  no   chance of rain","Cloudy weather Today & tomorrow  no   chance of rain",BIHAR,NALANDA,PARBALPUR,2018-08-28T20:43:53Z
KHARIF,AGRICULTURE,Others,Others,"Government Schemes","DBT PROBLEM","AAP CSC ME CONTACT KARE",BIHAR,NALANDA,ASTHAWAN,2018-08-29T06:04:47Z
KHARIF,AGRICULTURE,Others,Others,"Government Schemes","DBT PROBLEM","AAP CSC ME CONTACT KARE",BIHAR,NALANDA,ASTHAWAN,2018-08-29T06:04:47Z
KHARIF,AGRICULTURE,Others,Others,Weather,"Weather Information","Cloudy weather in your area, chance of rain in your area.",BIHAR,NALANDA,CHANDI,2018-08-29T08:36:12Z
KHARIF,AGRICULTURE,Others,Others,Weather,"Weather Information","Cloudy weather in your area, chance of rain in your area.",BIHAR,NALANDA,CHANDI,2018-08-29T08:36:12Z
KHARIF,AGRICULTURE,Others,Others,"Field Preparation","INSECT PROBLRM IN BRINJAL","COPPEROXYCHLORID@ 2G/LIT WATER SPRAY",BIHAR,NALANDA,SILAO,2018-08-29T14:52:49Z
KHARIF,AGRICULTURE,Others,Others,"Field Preparation","INSECT PROBLRM IN BRINJAL","COPPEROXYCHLORID@ 2G/LIT WATER SPRAY",BIHAR,NALANDA,SILAO,2018-08-29T14:52:49Z
KHARIF,AGRICULTURE,Others,Others,Weather,"Weather Information","Cloudy weather in your area, chance of rain in your area.",BIHAR,NALANDA,ISLAMPUR,2018-08-30T13:40:45Z
KHARIF,AGRICULTURE,Others,Others,Weather,"Weather Information","Cloudy weather in your area, chance of rain in your area.",BIHAR,NALANDA,ISLAMPUR,2018-08-30T13:40:45Z
KHARIF,AGRICULTURE,Others,Others,"Government Schemes","DBT PROBLEM","BLOCK  ME CONTACT KARE",BIHAR,NALANDA,GIRIAK,2018-08-31T09:45:12Z
KHARIF,AGRICULTURE,Others,Others,"Government Schemes","DBT PROBLEM","BLOCK  ME CONTACT KARE",BIHAR,NALANDA,GIRIAK,2018-08-31T09:45:12Z
KHARIF,AGRICULTURE,Others,Others,"Government Schemes","DBT PROBLEM","CSC ME CONTACT KARE",BIHAR,NALANDA,"NAGAR NAUSA",2018-08-31T10:35:51Z
KHARIF,AGRICULTURE,Others,Others,"Government Schemes","DBT PROBLEM","CSC ME CONTACT KARE",BIHAR,NALANDA,"NAGAR NAUSA",2018-08-31T10:35:51Z
