Season,Sector,Category,Crop,QueryType,QueryText,KCCAns,StateName,DistrictName,BlockName,CreatedOn
KHARIF,AGRICULTURE,Others,Others,"Field Preparation","weather information","Cloudy weather Today & tomorrow   chance of rain",BIHAR,MADHEPURA,PURANI,2018-05-01T15:19:42Z
JAYAD,AGRICULTURE,Others,Others,Weather,WEATHER,"NO RAIN",BIHAR,MADHEPURA,GAMHARIYA,2018-05-01T20:06:31Z
JAYAD,AGRICULTURE,Others,Others,Weather,"Weather information","Cloudy weather in your area chance of rain in your area",BIHAR,MADHEPURA,GWALPARA,2018-05-04T11:26:24Z
JAYAD,AGRICULTURE,Others,Others,Weather,"WEATHER INFORMATION","Cloudy weather in your area, chance of rain in your area",BIHAR,MADHEPURA,SINGHESHWAR,2018-05-04T15:47:55Z
JAYAD,AGRICULTURE,Others,Others,"Field Preparation","weather information","Cloudy weather, rain is not likely in your area.",BIHAR,MADHEPURA,PURANI,2018-05-06T07:39:00Z
JAYAD,AGRICULTURE,Others,Others,"Field Preparation","weather information","Cloudy weather Today & tomorrow   chance of rain",BIHAR,MADHEPURA,GWALPARA,2018-05-06T10:34:00Z
JAYAD,AGRICULTURE,Others,Others,"Field Preparation","pest problem in brinjal","neem oil-2 ml/lit water",BIHAR,MADHEPURA,GWALPARA,2018-05-06T10:36:10Z
JAYAD,AGRICULTURE,Others,Others,"Plant Protection","plant protection","Spray chlorpyriphos @ 2 ml in 1 litre of water",BIHAR,MADHEPURA,BIHARIGANJ,2018-05-06T19:27:46Z
RABI,AGRICULTURE,Cereals,Wheat,Weather,"WEATHER INFORMATION","???? ???  ?????  ????? ????? ???? ??  ???  ???????  ??? ??",BIHAR,MADHEPURA,BIHARIGANJ,2018-05-06T19:58:58Z
RABI,AGRICULTURE,Others,Others,"Plant Protection","YELLOWING OF LEAVES in MUNG","spray mancozeb @ 2 gm / lit of water",BIHAR,MADHEPURA,MADHEPURA,2018-05-07T11:14:40Z
JAYAD,AGRICULTURE,Others,Others,"Field Preparation","Weather information","Cloudy weather Today & tomorrow   chance of rain",BIHAR,MADHEPURA,PURANI,2018-05-07T15:10:53Z
JAYAD,AGRICULTURE,Others,Others,"Field Preparation","weather information","Cloudy weather, rain is not likely in your area.",BIHAR,MADHEPURA,GWALPARA,2018-05-07T19:55:37Z
RABI,AGRICULTURE,Cereals,Wheat,Weather,"WEATHER INFORMATION","?? ?? ?? ???? ??????? ??? ???? ??? ????? ?? ????? ?? ??????? ??",BIHAR,MADHEPURA,PURANI,2018-05-08T14:32:50Z
RABI,AGRICULTURE,Cereals,Wheat,Weather,"WEATHER INFORMATION","?? ?? ?? ???? ??????? ??? ???? ??? ????? ?? ????? ?? ??????? ??",BIHAR,MADHEPURA,PURANI,2018-05-08T14:33:06Z
RABI,AGRICULTURE,Cereals,Wheat,Weather,"WEATHER INFORMATION","?? ?? ?? ???? ??????? ??? ???? ??? ????? ?? ????? ?? ??????? ??",BIHAR,MADHEPURA,PURANI,2018-05-08T14:33:20Z
RABI,AGRICULTURE,Cereals,Wheat,Weather,"WEATHER INFORMATION","?? ?? ?? ???? ??????? ??? ???? ??? ????? ?? ????? ?? ??????? ??",BIHAR,MADHEPURA,PURANI,2018-05-08T14:33:26Z
RABI,AGRICULTURE,Cereals,Wheat,Weather,"WEATHER INFORMATION","?? ?? ?? ???? ??????? ??? ???? ??? ????? ?? ????? ?? ??????? ??",BIHAR,MADHEPURA,PURANI,2018-05-08T14:33:44Z
RABI,AGRICULTURE,Cereals,Wheat,Weather,"WEATHER INFORMATION","?? ?? ?? ???? ??????? ??? ???? ??? ????? ?? ????? ?? ??????? ??",BIHAR,MADHEPURA,PURANI,2018-05-08T14:33:59Z
RABI,AGRICULTURE,Cereals,Wheat,Weather,"WEATHER INFORMATION","?? ?? ?? ???? ??????? ??? ???? ??? ????? ?? ????? ?? ??????? ??",BIHAR,MADHEPURA,PURANI,2018-05-08T14:34:13Z
RABI,AGRICULTURE,Cereals,Wheat,Weather,"WEATHER INFORMATION","?? ?? ?? ???? ??????? ??? ???? ??? ????? ?? ????? ?? ??????? ??",BIHAR,MADHEPURA,PURANI,2018-05-08T14:34:28Z
JAYAD,HORTICULTURE,Fruits,Banana,"Nutrient Management","GROWTH OF BANANA","Spray Multi micro nutrient @ 2 gram in 1 liter of water",BIHAR,MADHEPURA,MURLIGANJ,2018-05-08T15:50:14Z
JAYAD,AGRICULTURE,Others,Others,Weather,"WEATHER INFORMATION","today and tomorrow chance of rain in your area",BIHAR,MADHEPURA,GWALPARA,2018-05-08T21:02:08Z
JAYAD,AGRICULTURE,Others,Others,"Field Preparation","PEST ATTACK ON CHILLI","PENDAMITHLINE-2 G/LIT WATER SPRAY",BIHAR,MADHEPURA,MURLIGANJ,2018-05-09T07:00:07Z
JAYAD,AGRICULTURE,Others,Others,"Field Preparation","Weather information","Cloudy weather in your area but no chance of rain in your area",BIHAR,MADHEPURA,MURLIGANJ,2018-05-09T07:01:40Z
JAYAD,AGRICULTURE,Others,Others,"Field Preparation","Weather information","Cloudy weather in your area but no chance of rain in your area",BIHAR,MADHEPURA,MADHEPURA,2018-05-09T07:04:44Z
JAYAD,AGRICULTURE,Others,Others,"Field Preparation","Weather information","Cloudy weather in your area but no chance of rain in your area",BIHAR,MADHEPURA,KUMARKHAND,2018-05-09T07:05:41Z
JAYAD,AGRICULTURE,Others,Others,"Field Preparation","Weather information","CLOUDY WEATHER CHANCE OF RAIN",BIHAR,MADHEPURA,PURANI,2018-05-09T07:26:17Z
JAYAD,AGRICULTURE,Others,Others,"Field Preparation","Weather information","No chance of rain in your area",BIHAR,MADHEPURA,"UDA KISHANGANJ",2018-05-09T12:49:19Z
RABI,HORTICULTURE,Vegetables,Chillies,"Plant Protection","Chilli thrips","Imidacloprid 17.8 % SL 3.0 ml/10 lit. 
Dimethoate 30 % EC 1.0 ml/lit.",BIHAR,MADHEPURA,MURLIGANJ,2018-05-09T18:09:20Z
JAYAD,AGRICULTURE,Others,Others,Weather,"Weather information","Cloudy weather in your area chance of rain in your area",BIHAR,MADHEPURA,SINGHESHWAR,2018-05-10T08:10:47Z
JAYAD,AGRICULTURE,Others,Others,Weather,"Weather information","Cloudy weather in your area chance of rain in your area",BIHAR,MADHEPURA,MADHEPURA,2018-05-10T10:57:04Z
JAYAD,AGRICULTURE,Others,Others,Weather,"Weather information","Cloudy weather in your area chance of rain in your area",BIHAR,MADHEPURA,MADHEPURA,2018-05-10T10:57:22Z
RABI,AGRICULTURE,Cereals,Wheat,Weather,"WEATHER INFORMATION","?? ?? ?? ???? ??????? ??? ???? ??? ????? ?? ????? ?? ??????? ??",BIHAR,MADHEPURA,GWALPARA,2018-05-10T19:02:25Z
RABI,AGRICULTURE,Others,Others,Weather,"weather information","Hazy weather in your area ,no chance of rain",BIHAR,MADHEPURA,ALAMNAGAR,2018-05-10T21:23:48Z
RABI,HORTICULTURE,Vegetables,Bhindi(Okra/Ladysfinger),"Plant Protection","Bhendi fruit borer","Spray carbaryl 50 WP 2 g/lit or B. thuringiensis 2 g/lit",BIHAR,MADHEPURA,CHAUSA,2018-05-11T06:53:28Z
JAYAD,AGRICULTURE,Others,Others,"Field Preparation","Weather information","Cloudy weather in your area but no chance of rain in your area",BIHAR,MADHEPURA,MADHEPURA,2018-05-11T07:22:51Z
JAYAD,AGRICULTURE,Others,Others,"Field Preparation","Weather information","Cloudy weather in your area but no chance of rain in your area",BIHAR,MADHEPURA,KUMARKHAND,2018-05-11T07:23:42Z
JAYAD,AGRICULTURE,Others,Others,"Field Preparation","Weather information","Cloudy weather in your area but no chance of rain in your area",BIHAR,MADHEPURA,PURANI,2018-05-11T07:59:32Z
JAYAD,HORTICULTURE,Fruits,Litchi,"Plant Protection","fruit and stone borer of litchi","spray acitamiprid @ 1 gram per litre water with suitable sticker",BIHAR,MADHEPURA,GWALPARA,2018-05-11T11:28:16Z
JAYAD,HORTICULTURE,Fruits,Litchi,"Plant Protection","fruit crackng of litchi","spray solbar @ 1 gram per litre of water at 15 days interval",BIHAR,MADHEPURA,GWALPARA,2018-05-11T11:29:44Z
RABI,AGRICULTURE,Others,Others,Weather,"WEATHER INFORMATION","Cloudy weather in your area, chance of rain in your area",BIHAR,MADHEPURA,MURLIGANJ,2018-05-11T20:36:45Z
JAYAD,HORTICULTURE,Vegetables,"Pointed Gourd","Plant Protection","insect infestation in pointed gourd","Spray malathion @ 1 ml in 1 liter of water",BIHAR,MADHEPURA,GWALPARA,2018-05-12T07:11:27Z
JAYAD,HORTICULTURE,Fruits,Mango,"Plant Protection","black tip of mango","Spray borax @ 2 gram in 1 liter of water",BIHAR,MADHEPURA,PURANI,2018-05-12T08:27:28Z
JAYAD,HORTICULTURE,Fruits,Mango,"Plant Protection","Infestation of mango mealy bug","spray imidacoloroprid 1 ml / 3litre of water",BIHAR,MADHEPURA,PURANI,2018-05-12T08:31:15Z
JAYAD,HORTICULTURE,Fruits,Litchi,"Plant Protection","fruit dropping and cracking of litchi","spray solbar @ 1 gram per litre of water",BIHAR,MADHEPURA,PURANI,2018-05-12T08:32:57Z
JAYAD,AGRICULTURE,Others,Others,Weather,"Weather Information","Cloudy weather today and tomorrow little chance of rain.",BIHAR,MADHEPURA,GWALPARA,2018-05-12T15:32:08Z
JAYAD,HORTICULTURE,"Condiments and Spices",Turmeric,"Fertilizer Use and Availability","FERTILIZER DOSE FOR TURMERIC CULTIVATION","Basal: FYM - 25 t /ha, neem or groundnut cake - 200 kg/ha, 25:60:108 kg of NPK per ha; 30 kg of FeSO4 and 15 kg of ZnSO4, 10 kg in each of Azospirillum and Phosphobacteria per ha to be applied at the time of planting. Top dressing: 25: 108 kg of N and K/ha applied on 30, 60, 90, 120 and 150 days after planting.",BIHAR,MADHEPURA,CHAUSA,2018-05-13T09:27:59Z
JAYAD,AGRICULTURE,Others,Others,"Field Preparation","WEATHER INFORMATION","Cloudy weather in your area but no chance of rain in your area",BIHAR,MADHEPURA,PURANI,2018-05-13T10:38:31Z
RABI,AGRICULTURE,Cereals,Wheat,Weather,"WEATHER INFORMATION","?? ?? ?? ???? ??????? ??? ???? ??? ????? ?? ????? ?? ??????? ??",BIHAR,MADHEPURA,BIHARIGANJ,2018-05-13T19:33:38Z
RABI,HORTICULTURE,Vegetables,Bhindi(Okra/Ladysfinger),"Plant Protection","Bhendi fruit borer","Spray carbaryl 50 WP 2 g/lit or B. thuringiensis 2 g/lit",BIHAR,MADHEPURA,SHANKARPUR,2018-05-14T06:28:36Z
RABI,HORTICULTURE,Vegetables,Bhindi(Okra/Ladysfinger),"Plant Protection","Red cotton bug","Spray phosphamidon 40 SL @ 600 ml/ha",BIHAR,MADHEPURA,MURLIGANJ,2018-05-14T11:10:50Z
JAYAD,AGRICULTURE,Others,Others,Weather,"Weather Information","Cloudy weather today and tomorrow little chance of rain.",BIHAR,MADHEPURA,MURLIGANJ,2018-05-14T15:59:55Z
JAYAD,AGRICULTURE,Others,Others,Weather,"Weather Information","Cloudy weather today and tomorrow little chance of rain.",BIHAR,MADHEPURA,MURLIGANJ,2018-05-14T16:00:13Z
RABI,HORTICULTURE,Vegetables,Chillies,"Plant Protection","Green peach aphid","Imidacloprid 17.8 % SL 3.5 ml/10 lit. 
Oxydemeton Methyl 25% EC 1.6 ml/lit. 
Phosalone 35 % EC 2.0 ml/lit.",BIHAR,MADHEPURA,GWALPARA,2018-05-15T06:29:26Z
JAYAD,AGRICULTURE,Others,Others,"Field Preparation","WEATHER INFORMATION","Cloudy weather today and  tomorrow little chance of rain in your area.",BIHAR,MADHEPURA,GHELARH,2018-05-15T06:54:36Z
JAYAD,AGRICULTURE,Others,Others,"Field Preparation","WEATHER INFORMATION","Cloudy weather today and  tomorrow little chance of rain in your area.",BIHAR,MADHEPURA,GHELARH,2018-05-15T06:59:54Z
JAYAD,AGRICULTURE,Others,Others,Weather,"WEATHER INFORMATION","chance of rain in your area",BIHAR,MADHEPURA,"UDA KISHANGANJ",2018-05-15T13:38:36Z
JAYAD,AGRICULTURE,Others,Others,"Field Preparation","Weather information","Cloudy weather today and  tomorrow little chance of rain in your area.",BIHAR,MADHEPURA,"UDA KISHANGANJ",2018-05-15T13:58:10Z
JAYAD,HORTICULTURE,Vegetables,"Bitter Gourd","Plant Protection","insect infestation in bitter gourd","Spray neem oil, mix 2 ml in 1 liter of water and sprinkle it",BIHAR,MADHEPURA,BIHARIGANJ,2018-05-16T06:35:08Z
JAYAD,AGRICULTURE,Others,Others,Weather,"Weather information","There will be light clouds in the sky no chance of rain in your area.",BIHAR,MADHEPURA,GWALPARA,2018-05-16T07:18:05Z
JAYAD,AGRICULTURE,Others,Others,"Crop Insurance","information about  crop insurance","aap bank me contact kare  insurance ke liye",BIHAR,MADHEPURA,MURLIGANJ,2018-05-16T12:35:26Z
RABI,AGRICULTURE,Others,Others,Varieties,"variety of paddy","sita, kanak,IR36,RAJENDRA SWEETA",BIHAR,MADHEPURA,MURLIGANJ,2018-05-16T18:06:01Z
RABI,AGRICULTURE,Others,Others,Weather,"weather information","Cloudy weather Today & tomorrow   chance of rain",BIHAR,MADHEPURA,CHAUSA,2018-05-16T18:27:03Z
