"Country/ State/ UT Name","District Name","Caste Category","Total/ Rural/ Urban","Marital Status","Present Age","Total Ever/Currently Married Women","Ever/Currently Married Women with Number of Surviving Children - 0","Ever/Currently Married Women with Number of Surviving Children - 1","Ever/Currently Married Women with Number of Surviving Children - 2","Ever/Currently Married Women with Number of Surviving Children - 3","Ever/Currently Married Women with Number of Surviving Children - 4","Ever/Currently Married Women with Number of Surviving Children - 5+","Total Surviving Children - Total","Total Surviving Children - Males","Total Surviving Children - Females"
Bihar,Lohardaga,"All Scheduled Castes",Rural,"Ever Married","All ages",2677,287,343,418,407,466,615,7940,4152,3788
Bihar,Lohardaga,"All Scheduled Castes",Rural,"Ever Married","Less than 15",22,11,2,1,0,0,0,4,3,1
Bihar,Lohardaga,"All Scheduled Castes",Rural,"Ever Married",15-19,161,63,49,19,1,10,0,130,62,68
Bihar,Lohardaga,"All Scheduled Castes",Rural,"Ever Married",20-24,373,71,97,90,37,35,10,578,297,281
Bihar,Lohardaga,"All Scheduled Castes",Rural,"Ever Married",25-29,325,17,44,59,114,33,32,821,417,404
Bihar,Lohardaga,"All Scheduled Castes",Rural,"Ever Married",30-34,279,5,37,19,50,78,73,929,463,466
Bihar,Lohardaga,"All Scheduled Castes",Rural,"Ever Married",35-39,319,37,6,32,54,91,82,1082,494,588
Bihar,Lohardaga,"All Scheduled Castes",Rural,"Ever Married",40-44,259,22,26,23,20,65,102,987,518,469
Bihar,Lohardaga,"All Scheduled Castes",Rural,"Ever Married",45-49,240,6,20,22,76,35,80,1009,622,387
Bihar,Lohardaga,"All Scheduled Castes",Rural,"Ever Married",50-54,205,26,15,31,26,54,53,717,398,319
Bihar,Lohardaga,"All Scheduled Castes",Rural,"Ever Married",55-59,151,6,9,41,4,32,58,589,325,264
Bihar,Lohardaga,"All Scheduled Castes",Rural,"Ever Married",60-64,165,12,1,44,12,18,60,501,234,267
Bihar,Lohardaga,"All Scheduled Castes",Rural,"Ever Married",65-69,88,11,17,17,4,12,27,264,137,127
Bihar,Lohardaga,"All Scheduled Castes",Rural,"Ever Married",70-74,31,0,9,11,9,1,1,72,24,48
Bihar,Lohardaga,"All Scheduled Castes",Rural,"Ever Married",75-79,29,0,1,0,0,2,26,165,90,75
Bihar,Lohardaga,"All Scheduled Castes",Rural,"Ever Married","80 +",30,0,10,9,0,0,11,92,68,24
Bihar,Lohardaga,"All Scheduled Castes",Rural,"Currently Married","All ages",2321,253,295,318,374,434,539,7056,3715,3341
Bihar,Lohardaga,"All Scheduled Castes",Rural,"Currently Married","Less than 15",22,11,2,1,0,0,0,4,3,1
Bihar,Lohardaga,"All Scheduled Castes",Rural,"Currently Married",15-19,143,57,49,19,1,10,0,130,62,68
Bihar,Lohardaga,"All Scheduled Castes",Rural,"Currently Married",20-24,342,61,97,90,37,35,10,578,297,281
Bihar,Lohardaga,"All Scheduled Castes",Rural,"Currently Married",25-29,321,16,42,58,114,33,32,817,415,402
Bihar,Lohardaga,"All Scheduled Castes",Rural,"Currently Married",30-34,270,4,29,19,50,78,73,921,459,462
Bihar,Lohardaga,"All Scheduled Castes",Rural,"Currently Married",35-39,304,36,4,21,54,90,82,1054,483,571
Bihar,Lohardaga,"All Scheduled Castes",Rural,"Currently Married",40-44,236,19,18,14,20,62,102,949,498,451
Bihar,Lohardaga,"All Scheduled Castes",Rural,"Currently Married",45-49,226,6,20,9,76,35,79,976,593,383
Bihar,Lohardaga,"All Scheduled Castes",Rural,"Currently Married",50-54,164,25,15,20,15,36,53,590,330,260
Bihar,Lohardaga,"All Scheduled Castes",Rural,"Currently Married",55-59,111,5,1,19,4,31,50,493,276,217
Bihar,Lohardaga,"All Scheduled Castes",Rural,"Currently Married",60-64,89,11,0,13,1,18,28,244,154,90
Bihar,Lohardaga,"All Scheduled Castes",Rural,"Currently Married",65-69,50,2,8,17,2,3,18,159,72,87
Bihar,Lohardaga,"All Scheduled Castes",Rural,"Currently Married",70-74,11,0,0,9,0,1,1,32,11,21
Bihar,Lohardaga,"All Scheduled Castes",Rural,"Currently Married",75-79,12,0,1,0,0,2,9,72,31,41
Bihar,Lohardaga,"All Scheduled Castes",Rural,"Currently Married","80 +",20,0,9,9,0,0,2,37,31,6
Bihar,Lohardaga,"All Scheduled Castes",Urban,"Ever Married","All ages",390,67,67,50,34,51,105,1068,541,527
Bihar,Lohardaga,"All Scheduled Castes",Urban,"Ever Married",15-19,62,28,19,0,0,0,0,19,5,14
Bihar,Lohardaga,"All Scheduled Castes",Urban,"Ever Married",20-24,58,7,22,15,7,7,0,101,52,49
Bihar,Lohardaga,"All Scheduled Castes",Urban,"Ever Married",25-29,52,14,7,7,2,11,11,133,74,59
Bihar,Lohardaga,"All Scheduled Castes",Urban,"Ever Married",30-34,54,2,0,22,0,11,19,198,97,101
Bihar,Lohardaga,"All Scheduled Castes",Urban,"Ever Married",35-39,9,7,0,0,0,0,1,5,2,3
Bihar,Lohardaga,"All Scheduled Castes",Urban,"Ever Married",40-44,26,0,7,4,0,0,15,107,31,76
Bihar,Lohardaga,"All Scheduled Castes",Urban,"Ever Married",45-49,43,0,1,2,9,6,25,196,105,91
Bihar,Lohardaga,"All Scheduled Castes",Urban,"Ever Married",50-54,22,1,4,0,0,0,17,93,44,49
Bihar,Lohardaga,"All Scheduled Castes",Urban,"Ever Married",55-59,47,7,7,0,14,7,12,147,92,55
Bihar,Lohardaga,"All Scheduled Castes",Urban,"Ever Married",60-64,7,0,0,0,2,0,5,33,21,12
Bihar,Lohardaga,"All Scheduled Castes",Urban,"Ever Married",65-69,10,1,0,0,0,9,0,36,18,18
Bihar,Lohardaga,"All Scheduled Castes",Urban,"Currently Married","All ages",332,60,42,50,34,43,87,908,439,469
Bihar,Lohardaga,"All Scheduled Castes",Urban,"Currently Married",15-19,60,28,17,0,0,0,0,17,3,14
Bihar,Lohardaga,"All Scheduled Castes",Urban,"Currently Married",20-24,58,7,22,15,7,7,0,101,52,49
Bihar,Lohardaga,"All Scheduled Castes",Urban,"Currently Married",25-29,45,14,0,7,2,11,11,126,74,52
Bihar,Lohardaga,"All Scheduled Castes",Urban,"Currently Married",30-34,54,2,0,22,0,11,19,198,97,101
Bihar,Lohardaga,"All Scheduled Castes",Urban,"Currently Married",35-39,9,7,0,0,0,0,1,5,2,3
Bihar,Lohardaga,"All Scheduled Castes",Urban,"Currently Married",40-44,19,0,0,4,0,0,15,100,31,69
Bihar,Lohardaga,"All Scheduled Castes",Urban,"Currently Married",45-49,30,0,1,2,9,0,18,128,55,73
Bihar,Lohardaga,"All Scheduled Castes",Urban,"Currently Married",50-54,13,1,2,0,0,0,10,56,21,35
Bihar,Lohardaga,"All Scheduled Castes",Urban,"Currently Married",55-59,31,0,0,0,14,7,10,128,77,51
Bihar,Lohardaga,"All Scheduled Castes",Urban,"Currently Married",60-64,5,0,0,0,2,0,3,21,13,8
Bihar,Lohardaga,"All Scheduled Castes",Urban,"Currently Married",65-69,8,1,0,0,0,7,0,28,14,14
