Season,Sector,Category,Crop,QueryType,QueryText,KCCAns,StateName,DistrictName,BlockName,CreatedOn
JAYAD,HORTICULTURE,Vegetables,Cucumber,"Plant Protection","insect infestation","Spray Malathion @ 2 MLin 1 litre of water",BIHAR,SHEOHAR,SHEOHAR,2018-04-01T08:10:05Z
JAYAD,HORTICULTURE,Vegetables,Cucumber,"Nutrient Management","leaf reddening","Spray Copper oxychloride 2gm per lit of water",BIHAR,SHEOHAR,SHEOHAR,2018-04-01T08:11:22Z
JAYAD,AGRICULTURE,Others,Others,Weather,"weather information","Cloudy weather, rain is not likely.",BIHAR,SHEOHAR,"DUMARI KATSARI",2018-04-01T11:24:50Z
JAYAD,AGRICULTURE,Others,Others,Seeds,"Planting distance","Plant the seedlings at 1.8 m either ways in pits of 45 cm x 45 cm x 45 cm size.",BIHAR,SHEOHAR,SHEOHAR,2018-04-01T13:15:54Z
JAYAD,AGRICULTURE,Others,Others,Weather,"Weather information","no chance of rain in your area",BIHAR,SHEOHAR,TARIYANI,2018-04-04T19:57:53Z
JAYAD,AGRICULTURE,Others,Others,Weather,"Insect infestation","Spray malathion @ 2 gram in 1 liter of water",BIHAR,SHEOHAR,PURNAHIYA,2018-04-04T20:02:26Z
RABI,AGRICULTURE,Others,Others,"Field Preparation","WEATHER INFORMATION","Today and tomorrow no chance of rain in your area.",BIHAR,SHEOHAR,TARIYANI,2018-04-05T19:25:09Z
RABI,AGRICULTURE,Others,Others,"Field Preparation","WEATHER INFORMATION","Today and tomorrow no chance of rain in your area.",BIHAR,SHEOHAR,TARIYANI,2018-04-05T19:26:06Z
RABI,HORTICULTURE,Vegetables,Chillies,"Plant Protection","Leaf curl","Apply Carbofuran 3G @ 4-5 Kg/acre in the mainfield to control sucking complex and insect vectors selectively.


If it is not possible spray the crop with systemic insecticides. Dimethoate 2ml of Acephate 1g per litre of water.",BIHAR,SHEOHAR,PURNAHIYA,2018-04-06T06:31:38Z
KHARIF,HORTICULTURE,Fruits,Mango,"Nutrient Management","fruit dropping in mango","Spray Planofix 1 ml/4-5 Litre of Water",BIHAR,SHEOHAR,PIPRAHI,2018-04-06T10:05:19Z
JAYAD,AGRICULTURE,Others,Others,Weather,"WEATHER INFORMATION","Cloudy weather Today and tomorrow little chance of rain in your area.",BIHAR,SHEOHAR,SHEOHAR,2018-04-07T06:41:53Z
JAYAD,AGRICULTURE,Others,Others,Weather,"WEATHER INFORMATION","Cloudy weather Today and tomorrow little chance of rain in your area.",BIHAR,SHEOHAR,SHEOHAR,2018-04-07T06:42:09Z
JAYAD,AGRICULTURE,Others,Others,Weather,"WEATHER INFORMATION","Cloudy weather Today and tomorrow little chance of rain in your area.",BIHAR,SHEOHAR,SHEOHAR,2018-04-07T06:42:20Z
JAYAD,AGRICULTURE,Others,Others,Weather,"WEATHER INFORMATION","NO CHANCE OF RAIN IN YOUR AREA",BIHAR,SHEOHAR,"DUMARI KATSARI",2018-04-07T06:51:53Z
JAYAD,AGRICULTURE,Others,Others,Weather,"WEATHER INFORMATION","CHANCE OF RAIN IN YOUR AREA",BIHAR,SHEOHAR,SHEOHAR,2018-04-07T09:52:05Z
JAYAD,AGRICULTURE,Others,Others,Weather,"WEATHER INFORMATION","Heavy Cloudy weather in your area, chance of rain in your area",BIHAR,SHEOHAR,PIPRAHI,2018-04-07T10:08:24Z
JAYAD,AGRICULTURE,Others,Others,Weather,"WEATHER INFORMATION","Heavy Cloudy weather in your area, chance of rain in your area",BIHAR,SHEOHAR,PIPRAHI,2018-04-07T10:08:37Z
RABI,AGRICULTURE,Others,Others,Weather,"Weather information","Cloudy weather in your area but no chance of rain in your area",BIHAR,SHEOHAR,PIPRAHI,2018-04-07T14:53:53Z
RABI,AGRICULTURE,Others,Others,Weather,"Weather information","Cloudy weather in your area but no chance of rain in your area",BIHAR,SHEOHAR,PIPRAHI,2018-04-07T18:07:59Z
JAYAD,AGRICULTURE,Others,Others,Weather,"WEATHER INFORMATION","Heavy Cloudy weather in your area, chance of rain in your area",BIHAR,SHEOHAR,TARIYANI,2018-04-08T12:54:52Z
JAYAD,AGRICULTURE,Others,Others,"Plant Protection","PLANT PROTECTION","Spray mancozeb @ 2g/lit of water",BIHAR,SHEOHAR,TARIYANI,2018-04-08T12:59:31Z
JAYAD,AGRICULTURE,Others,Others,"Plant Protection","PLANT PROTECTION","Spray Planofix @ 1 ml in 5 liter of water",BIHAR,SHEOHAR,TARIYANI,2018-04-08T12:59:52Z
JAYAD,AGRICULTURE,Others,Others,Weather,"WEATHER INFORMATION","Heavy Cloudy weather in your area, chance of rain in your area",BIHAR,SHEOHAR,PIPRAHI,2018-04-08T14:12:10Z
RABI,AGRICULTURE,Cereals,Wheat,Weather,"Weather information","????  ????  ????? ,?????? ? ????",BIHAR,SHEOHAR,SHEOHAR,2018-04-09T08:25:41Z
JAYAD,HORTICULTURE,Vegetables,"Pointed Gourd","Plant Protection","INSECT PROBLEM IN POINTED GOURD","Spray malathion @ 2G/lit of water",BIHAR,SHEOHAR,PURNAHIYA,2018-04-09T09:14:36Z
JAYAD,AGRICULTURE,Others,Others,Weather,"weather information","Cloudy weather Today & tomorrow   chance of rain",BIHAR,SHEOHAR,PURNAHIYA,2018-04-09T09:16:35Z
JAYAD,AGRICULTURE,Others,Others,Weather,"weather information","Cloudy weather Today & tomorrow   chance of rain",BIHAR,SHEOHAR,PIPRAHI,2018-04-10T09:22:00Z
JAYAD,AGRICULTURE,Others,Others,Weather,"weather information","Cloudy weather Today & tomorrow   chance of rain",BIHAR,SHEOHAR,PIPRAHI,2018-04-10T09:40:49Z
JAYAD,AGRICULTURE,Others,Others,Weather,"WEATHER INFORMATION","???? ???? ???? ??? ????? ,?? ????? ????? ???? ??  ???????? ??",BIHAR,SHEOHAR,PURNAHIYA,2018-04-10T12:04:06Z
JAYAD,AGRICULTURE,Others,Others,Weather,"WEATHER INFORMATION","Cloudy weather today and  tomorrow little chance of rain in your area.",BIHAR,SHEOHAR,SHEOHAR,2018-04-10T16:00:31Z
JAYAD,HORTICULTURE,Vegetables,"Bottle Gourd","Plant Protection","ROTTING AND DRYING OF BOTTEL GOURD","Spray saaf @2gm /lit of water",BIHAR,SHEOHAR,PIPRAHI,2018-04-11T13:26:17Z
RABI,AGRICULTURE,Others,Others,"Field Preparation","WEATHER INFORMATION","Cloudy weather today and tomorrow  but no chance of rain in your area.",BIHAR,SHEOHAR,SHEOHAR,2018-04-11T15:17:53Z
JAYAD,AGRICULTURE,Others,Others,Weather,"weather information","Cloudy weather,rain is likely.",BIHAR,SHEOHAR,TARIYANI,2018-04-12T08:01:01Z
JAYAD,AGRICULTURE,Others,Others,Weather,"WEATHER INFORMATION","Cloudy weather in your area,  chance of rain in your area",BIHAR,SHEOHAR,PURNAHIYA,2018-04-12T09:40:16Z
JAYAD,AGRICULTURE,Others,Others,Weather,"WEATHER INFORMATION","Heavy Cloudy weather in your area, chance of rain in your area",BIHAR,SHEOHAR,SHEOHAR,2018-04-12T10:23:24Z
JAYAD,AGRICULTURE,Others,Others,Weather,"WEATHER INFORMATION","Heavy Cloudy weather in your area, chance of rain in your area",BIHAR,SHEOHAR,SHEOHAR,2018-04-12T10:24:39Z
JAYAD,AGRICULTURE,Others,Others,Weather,"WEATHER INFORMATION","Heavy Cloudy weather in your area, chance of rain in your area",BIHAR,SHEOHAR,SHEOHAR,2018-04-12T10:24:56Z
JAYAD,AGRICULTURE,Others,Others,Weather,"Weather information","Cloudy weather Today and tomorrow little chance of rain in your area",BIHAR,SHEOHAR,"DUMARI KATSARI",2018-04-12T10:50:40Z
JAYAD,HORTICULTURE,Fruits,Mango,"Plant Protection","BLACK SPOT PROBLEM IN MANGO","SPRAY SULPHAR @ 2 G/ LITRE WATER",BIHAR,SHEOHAR,PIPRAHI,2018-04-12T11:20:14Z
JAYAD,AGRICULTURE,Others,Others,Weather,"WEATHER INFORMATION","Cloudy weather in your area,  chance of rain in your area",BIHAR,SHEOHAR,PIPRAHI,2018-04-12T11:22:03Z
RABI,AGRICULTURE,Others,Others,Weather,"weather information","33 C 
RealFeel 37

Hazy sunshine
  


See Hourly

> 




Today

Apr 13



38 Hi 
RealFeel 40

Hazy sun and hot
 More  



Tonight

Apr 13



23 Lo 
RealFeel 23

Hazy and seasonably warm
 More  



Tomorrow

Apr 14



39 Hi 
RealFeel 42

Hazy sunshine",BIHAR,SHEOHAR,SHEOHAR,2018-04-13T17:06:56Z
JAYAD,AGRICULTURE,Others,Others,Weather,"WEATHER INFORMATION","Cloudy weather in your area, no  chance of rain in your area",BIHAR,SHEOHAR,TARIYANI,2018-04-14T16:32:21Z
JAYAD,AGRICULTURE,Others,Others,Weather,"WEATHER INFORMATION","No chance of rain in your area.",BIHAR,SHEOHAR,SHEOHAR,2018-04-15T12:11:21Z
JAYAD,AGRICULTURE,Others,Others,"Crop Insurance","CROP INSURANCE","AAP BANK ME CONTACT KARE",BIHAR,SHEOHAR,TARIYANI,2018-04-18T11:52:06Z
RABI,AGRICULTURE,Cereals,Wheat,Weather,"WEATHER INFORMATION","???? ??? ?????, ????? ???? ?? ??? ??????? ??? ??",BIHAR,SHEOHAR,TARIYANI,2018-04-19T13:28:34Z
JAYAD,AGRICULTURE,Others,Others,Weather,"weather information","Cloudy weather,rain is likely in your area.",BIHAR,SHEOHAR,PIPRAHI,2018-04-20T07:42:14Z
JAYAD,HORTICULTURE,Vegetables,Bhindi(Okra/Ladysfinger),"Plant Protection","shoot and fruit borer infestation in bhindi","spray chloropyriphos 2 ml/liter water",BIHAR,SHEOHAR,PIPRAHI,2018-04-20T09:26:17Z
JAYAD,AGRICULTURE,Others,Others,Weather,"WEED MANAGEMENT RICE","Pendimithilin 2 ml 1 liter of water 7-8 days",BIHAR,SHEOHAR,TARIYANI,2018-04-20T16:44:50Z
JAYAD,AGRICULTURE,Others,Others,"Weed Management","WEED MANAGEMENT RICE","Butachlore @ 2ml in 1 liter of water 2-3 days",BIHAR,SHEOHAR,PIPRAHI,2018-04-20T18:57:29Z
JAYAD,AGRICULTURE,Others,Others,Weather,"weather information","Hazy weather in your area ,no chance of rain",BIHAR,SHEOHAR,PIPRAHI,2018-04-22T08:48:43Z
JAYAD,HORTICULTURE,Vegetables,Bhindi(Okra/Ladysfinger),"Plant Protection","INSECT INFESTATION IN BHINDI","Spray neem oil, mix 2 ml in 1 liter of water and sprinkle it",BIHAR,SHEOHAR,SHEOHAR,2018-04-22T09:09:08Z
JAYAD,AGRICULTURE,Millets,"Maize (Makka)","Weed Management","weed problem","hand weeding",BIHAR,SHEOHAR,TARIYANI,2018-04-22T11:53:41Z
JAYAD,HORTICULTURE,Fruits,Bail,"Plant Protection","FRUIT DROPPING OF WOODAPPLE","SPRAY PLANOFIX 1 ML/4-5 LITRE OF WATER",BIHAR,SHEOHAR,PURNAHIYA,2018-04-23T09:19:40Z
RABI,AGRICULTURE,Others,Others,Weather,"weather information","34 C 
RealFeel 38

Hazy sunshine
  


See Hourly

> 




Today

Apr 24



40 Hi 
RealFeel 42

Hazy sunshine
 More  



Tonight

Apr 24



20 Lo 
RealFeel 19

Hazy
 More  



Tomorrow

Apr 25



41",BIHAR,SHEOHAR,TARIYANI,2018-04-24T10:18:30Z
JAYAD,AGRICULTURE,Millets,"Maize (Makka)","Cultural Practices","Good variety of maize","Good variety of maize- saktiman 1,2,ganga-11, suan, devki",BIHAR,SHEOHAR,SHEOHAR,2018-04-24T10:49:01Z
JAYAD,AGRICULTURE,Millets,"Maize (Makka)","Bio-Pesticides and Bio-Fertilizers","FERTLIZER MANAGEMENT IN MAIZE","FERTLIZER MANAGEMENT IN MAIZE-N P K--40,40,30 KG/ha at the time of sowing of seed,and 40 kg nitrogen at knee stage",BIHAR,SHEOHAR,SHEOHAR,2018-04-24T10:53:33Z
JAYAD,AGRICULTURE,Others,Others,Weather,"WEATHER INFORMATION","Cloudy weather in your area but no chance of rain in your area",BIHAR,SHEOHAR,SHEOHAR,2018-04-24T10:56:42Z
JAYAD,AGRICULTURE,Others,Others,Weather,"WEATHER INFORMATION","Clear weather in your area,no chance of  rain",BIHAR,SHEOHAR,PIPRAHI,2018-04-24T16:35:10Z
JAYAD,AGRICULTURE,Others,Others,Weather,"WEATHER INFORMATION","Heavy Cloudy weather in your area, chance of rain in your area",BIHAR,SHEOHAR,SHEOHAR,2018-04-26T10:48:34Z
JAYAD,AGRICULTURE,Others,Others,"Plant Protection","Nutritional medicine","Spray Multi micro nutrient @ 2 gram in 1 liter of water",BIHAR,SHEOHAR,SHEOHAR,2018-04-26T16:24:03Z
JAYAD,AGRICULTURE,Others,Others,Weather,"WEATHER INFORMATION","TODAY AND TOMARROW CHANCE OF RAIN IN YOUR AREA",BIHAR,SHEOHAR,TARIYANI,2018-04-27T13:50:52Z
JAYAD,AGRICULTURE,Others,Others,"Plant Protection","Weather Information","Cloudy weather today and tomorrow little chance of rain.",BIHAR,SHEOHAR,TARIYANI,2018-04-27T15:33:00Z
JAYAD,AGRICULTURE,Others,Others,"Plant Protection","Weather Information","Cloudy weather today and tomorrow little chance of rain.",BIHAR,SHEOHAR,TARIYANI,2018-04-27T15:33:01Z
RABI,AGRICULTURE,Cereals,Wheat,Weather,"WEATHER INFORMATION","???? ???  ?????  ????? ????? ???? ??  ???  ???????  ??? ??",BIHAR,SHEOHAR,TARIYANI,2018-04-27T15:41:18Z
JAYAD,AGRICULTURE,Others,Others,Weather,"WEATHER INFORMATION","TODAY AND TOMARROW CHANCE OF RAIN IN YOUR AREA",BIHAR,SHEOHAR,SHEOHAR,2018-04-28T10:15:34Z
RABI,AGRICULTURE,Others,Others,Weather,"weather information","27 C 
RealFeel 29

Partly sunny
  


See Hourly

> 




Today

Apr 29



34 Hi 
RealFeel 36

Partly sunny and very warm
 More  



Tonight

Apr 29



24 Lo 
RealFeel 23

A thunderstorm around late
 More  



Tomorrow

Apr 30



32 Hi 
RealFeel 35

A p.m. t-storm in spots
 More",BIHAR,SHEOHAR,"DUMARI KATSARI",2018-04-29T09:08:48Z
JAYAD,AGRICULTURE,Others,Others,"Nutrient Management","Nutritional medicine","Spray Multi micro nutrient @ 2 gram in 1 liter of water",BIHAR,SHEOHAR,TARIYANI,2018-04-29T14:14:12Z
JAYAD,AGRICULTURE,Others,Others,Weather,"WEATHER INFORMATION","Cloudy weather today and  tomorrow little chance of rain in your area.",BIHAR,SHEOHAR,TARIYANI,2018-04-30T18:02:18Z
