Season,Sector,Category,Crop,QueryType,QueryText,KCCAns,StateName,DistrictName,BlockName,CreatedOn
JAYAD,AGRICULTURE,Others,Others,"Field Preparation","weather information","Cloudy weather, rain is not likely in your area.",BIHAR,LAKHISARIA,HALSI,2018-05-01T14:55:42Z
JAYAD,AGRICULTURE,Others,Others,"Field Preparation","WEATHER INFORMATION","Cloudy weather today and tomorrow  but no chance of rain in your area.",BIHAR,LAKHISARIA,LAKHISARAI,2018-05-02T07:33:39Z
JAYAD,AGRICULTURE,Others,Others,Weather,"Weather Information","Cloudy weather  today and tomorrow  no chance of  rain",BIHAR,LAKHISARIA,LAKHISARAI,2018-05-04T07:10:22Z
JAYAD,AGRICULTURE,Others,Others,Weather,"WEATHER INFORMATION","Cloudy weather in your area, chance of rain in your area",BIHAR,LAKHISARIA,"RAMGARH CHOWK",2018-05-04T16:56:35Z
JAYAD,AGRICULTURE,Others,Others,Weather,"WEATHER INFORMATION","Cloudy weather in your area, chance of rain in your area",BIHAR,LAKHISARIA,"RAMGARH CHOWK",2018-05-04T16:56:53Z
JAYAD,AGRICULTURE,Others,Others,Weather,"WEATHER INFORMATION","Cloudy weather in your area, chance of rain in your area",BIHAR,LAKHISARIA,"RAMGARH CHOWK",2018-05-04T16:57:03Z
JAYAD,AGRICULTURE,Others,Others,"Field Preparation","weather information","Cloudy weather Today & tomorrow   chance of rain",BIHAR,LAKHISARIA,SURAJGARHA,2018-05-06T08:26:29Z
JAYAD,AGRICULTURE,Others,Others,Weather,"Weather information","There will be light clouds in the sky no chance of rain in your area.",BIHAR,LAKHISARIA,HALSI,2018-05-06T11:58:52Z
RABI,AGRICULTURE,Cereals,Wheat,Weather,"WEATHER INFORMATION","NO CHANCE OF RAIN IN YOUR AREA",BIHAR,LAKHISARIA,LAKHISARAI,2018-05-07T14:49:04Z
RABI,AGRICULTURE,Others,Others,"Field Preparation","contact kvk","contact kvk",BIHAR,LAKHISARIA,SURAJGARHA,2018-05-07T19:44:59Z
JAYAD,AGRICULTURE,Others,Others,"Field Preparation","WEATHER INFORMATION","Cloudy weather in your area, but no chance of rain in your area .",BIHAR,LAKHISARIA,"RAMGARH CHOWK",2018-05-08T10:48:37Z
RABI,AGRICULTURE,Others,Others,Weather,"Weather information","Cloudy weather in your area but no chance of rain in your area",BIHAR,LAKHISARIA,HALSI,2018-05-08T13:41:44Z
RABI,AGRICULTURE,Cereals,Wheat,Weather,"WEATHER INFORMATION","?? ?? ?? ???? ??????? ??? ???? ??? ????? ?? ????? ?? ??????? ??",BIHAR,LAKHISARIA,HALSI,2018-05-08T20:03:28Z
JAYAD,AGRICULTURE,Others,Others,Weather,"WEATHER INFORMATION","Cloudy weather in your area, chance of rain in your area",BIHAR,LAKHISARIA,BARAHIYA,2018-05-09T15:02:35Z
RABI,AGRICULTURE,Others,Others,Weather,"WEATHER INFORMATION","today and tomarrow chance of rain in your area",BIHAR,LAKHISARIA,HALSI,2018-05-09T18:25:21Z
RABI,HORTICULTURE,Vegetables,Chillies,"Plant Protection","Viral diseases","Raise 2-3 rows of maize or sorghum as border crop to restrict the spread of aphid vectors.


Apply Carbofuran 3G @ 4-5 Kg/acre in the mainfield to control sucking complex and insect vectors selectively.",BIHAR,LAKHISARIA,HALSI,2018-05-10T06:37:36Z
JAYAD,AGRICULTURE,Others,Others,"Field Preparation","Weather information","Cloudy weather in your area, chance of rain in your area",BIHAR,LAKHISARIA,SURAJGARHA,2018-05-10T06:53:24Z
JAYAD,AGRICULTURE,Others,Others,Weather,"Weather information","Cloudy weather in your area chance of rain in your area",BIHAR,LAKHISARIA,LAKHISARAI,2018-05-10T10:23:03Z
JAYAD,AGRICULTURE,Others,Others,"Field Preparation","Weather information","Cloudy weather in your area, chance of rain in your area",BIHAR,LAKHISARIA,BARAHIYA,2018-05-10T13:35:08Z
RABI,AGRICULTURE,Cereals,Wheat,Weather,"WEATHER INFORMATION","?? ???? ??????? ??? ???? ??? ????? ?????  ????? ?? ???  ???????  ??? ??
??? ???? ????? I ????? ???? ???? ????? ??????",BIHAR,LAKHISARIA,SURAJGARHA,2018-05-10T20:43:14Z
RABI,AGRICULTURE,Others,Others,"Plant Protection","insect infestation pumkine","Spray chlorpyriphos @ 2 ml in 1 litre of water",BIHAR,LAKHISARIA,BARAHIYA,2018-05-11T16:40:03Z
JAYAD,AGRICULTURE,Others,Others,Weather,"Weather information","????? ?? ????? ???? ??? ?????? ? ???? ?????????? ?? ??????? ??",BIHAR,LAKHISARIA,"RAMGARH CHOWK",2018-05-13T08:30:45Z
RABI,AGRICULTURE,Others,Others,Weather,"weather information","Hazy weather in your area ,no chance of rain",BIHAR,LAKHISARIA,HALSI,2018-05-13T14:31:46Z
RABI,HORTICULTURE,Vegetables,Chillies,"Plant Protection","Tobacco cutworm","Emamectin benzoate 5 % SG 4 g/10 lit. 
Flubendiamide 20 WDG 6.0 g /10 lit.",BIHAR,LAKHISARIA,HALSI,2018-05-15T06:31:45Z
JAYAD,AGRICULTURE,Others,Others,Weather,"WEATHER INFORMATION","chance of rain in your area",BIHAR,LAKHISARIA,SURAJGARHA,2018-05-15T13:36:08Z
JAYAD,AGRICULTURE,Others,Others,"Soil Testing","how to take Sample for soil test","31 ???? ??? ?? ?????? ???? ?? , ??? ?? ?????? ?? 1 ????  ????? 1 ??? ?? ??? ????? ?? ???? ??? ??? ?? ???? ?????? ???? ??, ??? ??? ?? ?????? ??? ???? ???? ??? ??? ???? ?????? ??????? ?? !",BIHAR,LAKHISARIA,LAKHISARAI,2018-05-15T14:59:49Z
JAYAD,AGRICULTURE,Others,Others,Weather,"weather information","Cloudy weather in your area, chance of rain in your area.",BIHAR,LAKHISARIA,LAKHISARAI,2018-05-15T15:27:01Z
