"Country/State/UT Name","District Name","Caste Category",Total/Rural/Urban,"Marital Status","Present Age","Total Ever/Currently Married Women","Ever/Currently Married Women of Parity - 0","Ever/Currently Married Women of Parity - 1","Ever/Currently Married Women of Parity - 2","Ever/Currently Married Women of Parity - 3","Ever/Currently Married Women of Parity - 4","Ever/Currently Married Women of Parity - 5+","Total Children Ever Born - Persons","Total Children Ever Born - Males","Total Children Ever Born - Females"
Bihar,Patna,"All Scheduled Castes",Rural,"Ever Married","All ages",115893,27124,15455,16552,16046,14945,25731,321248,174147,147101
Bihar,Patna,"All Scheduled Castes",Rural,"Ever Married","Less than 15",2054,1836,101,117,0,0,0,335,164,171
Bihar,Patna,"All Scheduled Castes",Rural,"Ever Married",15-19,12908,9095,2473,914,262,152,0,5695,3028,2667
Bihar,Patna,"All Scheduled Castes",Rural,"Ever Married",20-24,19137,6153,4996,4148,2329,948,553,27170,14090,13080
Bihar,Patna,"All Scheduled Castes",Rural,"Ever Married",25-29,16315,2736,2258,3394,3503,2653,1771,40977,21251,19726
Bihar,Patna,"All Scheduled Castes",Rural,"Ever Married",30-34,14154,1479,1266,2294,2709,2780,3626,47532,25291,22241
Bihar,Patna,"All Scheduled Castes",Rural,"Ever Married",35-39,12091,1270,584,1323,2008,2509,4397,46527,25677,20850
Bihar,Patna,"All Scheduled Castes",Rural,"Ever Married",40-44,8982,829,556,919,1153,1754,3762,37331,20335,16996
Bihar,Patna,"All Scheduled Castes",Rural,"Ever Married",45-49,7449,647,503,766,1124,1168,3232,30990,16983,14007
Bihar,Patna,"All Scheduled Castes",Rural,"Ever Married",50-54,5364,470,510,554,779,884,2167,21623,12128,9495
Bihar,Patna,"All Scheduled Castes",Rural,"Ever Married",55-59,5420,568,537,553,702,838,2222,22103,12144,9959
Bihar,Patna,"All Scheduled Castes",Rural,"Ever Married",60-64,5068,764,558,729,707,559,1751,18159,9994,8165
Bihar,Patna,"All Scheduled Castes",Rural,"Ever Married",65-69,2909,477,385,285,362,383,1017,10117,5965,4152
Bihar,Patna,"All Scheduled Castes",Rural,"Ever Married",70-74,1811,260,268,345,183,135,620,6198,3445,2753
Bihar,Patna,"All Scheduled Castes",Rural,"Ever Married",75-79,774,177,140,77,88,83,209,2160,1321,839
Bihar,Patna,"All Scheduled Castes",Rural,"Ever Married","80 +",988,238,254,103,82,63,248,2686,1522,1164
Bihar,Patna,"All Scheduled Castes",Rural,"Currently Married","All ages",109548,26014,14311,15706,15217,14275,23994,302073,163257,138816
Bihar,Patna,"All Scheduled Castes",Rural,"Currently Married","Less than 15",2043,1827,101,115,0,0,0,331,164,167
Bihar,Patna,"All Scheduled Castes",Rural,"Currently Married",15-19,12828,9033,2455,914,262,152,0,5677,3019,2658
Bihar,Patna,"All Scheduled Castes",Rural,"Currently Married",20-24,19073,6122,4983,4137,2320,948,553,27108,14058,13050
Bihar,Patna,"All Scheduled Castes",Rural,"Currently Married",25-29,16172,2704,2195,3374,3493,2643,1763,40764,21151,19613
Bihar,Patna,"All Scheduled Castes",Rural,"Currently Married",30-34,13896,1436,1219,2242,2671,2749,3579,46882,24906,21976
Bihar,Patna,"All Scheduled Castes",Rural,"Currently Married",35-39,11833,1210,572,1297,1937,2463,4354,45836,25270,20566
Bihar,Patna,"All Scheduled Castes",Rural,"Currently Married",40-44,8635,763,496,897,1116,1681,3682,36284,19790,16494
Bihar,Patna,"All Scheduled Castes",Rural,"Currently Married",45-49,7163,624,492,727,1082,1125,3104,29755,16296,13459
Bihar,Patna,"All Scheduled Castes",Rural,"Currently Married",50-54,4802,422,391,466,687,826,2010,19772,11048,8724
Bihar,Patna,"All Scheduled Castes",Rural,"Currently Married",55-59,5069,524,507,490,679,754,2115,20854,11466,9388
Bihar,Patna,"All Scheduled Castes",Rural,"Currently Married",60-64,3766,546,358,514,532,488,1328,14107,7719,6388
Bihar,Patna,"All Scheduled Castes",Rural,"Currently Married",65-69,2160,336,227,217,238,316,826,7997,4684,3313
Bihar,Patna,"All Scheduled Castes",Rural,"Currently Married",70-74,900,136,77,200,88,48,351,3143,1661,1482
Bihar,Patna,"All Scheduled Castes",Rural,"Currently Married",75-79,432,102,66,66,30,46,122,1201,723,478
Bihar,Patna,"All Scheduled Castes",Rural,"Currently Married","80 +",362,112,115,20,46,9,60,866,568,298
Bihar,Patna,"All Scheduled Castes",Urban,"Ever Married","All ages",34542,8520,3858,5094,4678,4404,7979,95754,51364,44390
Bihar,Patna,"All Scheduled Castes",Urban,"Ever Married","Less than 15",451,401,19,31,0,0,0,81,54,27
Bihar,Patna,"All Scheduled Castes",Urban,"Ever Married",15-19,3215,2060,616,343,117,79,0,1969,1211,758
Bihar,Patna,"All Scheduled Castes",Urban,"Ever Married",20-24,5767,1858,1217,1330,759,363,240,8887,4579,4308
Bihar,Patna,"All Scheduled Castes",Urban,"Ever Married",25-29,5360,1063,631,1002,1133,815,707,13761,7118,6643
Bihar,Patna,"All Scheduled Castes",Urban,"Ever Married",30-34,4521,737,386,722,725,799,1152,13979,7291,6688
Bihar,Patna,"All Scheduled Castes",Urban,"Ever Married",35-39,4341,614,191,454,562,774,1746,16811,8986,7825
Bihar,Patna,"All Scheduled Castes",Urban,"Ever Married",40-44,3172,484,146,303,447,514,1278,12058,6363,5695
Bihar,Patna,"All Scheduled Castes",Urban,"Ever Married",45-49,2239,398,98,214,305,284,940,8575,4944,3631
Bihar,Patna,"All Scheduled Castes",Urban,"Ever Married",50-54,1416,177,114,152,128,234,611,5797,3045,2752
Bihar,Patna,"All Scheduled Castes",Urban,"Ever Married",55-59,1265,174,112,130,133,186,530,5031,2949,2082
Bihar,Patna,"All Scheduled Castes",Urban,"Ever Married",60-64,1070,180,116,137,162,157,318,3776,2061,1715
Bihar,Patna,"All Scheduled Castes",Urban,"Ever Married",65-69,603,135,62,138,62,80,126,1546,906,640
Bihar,Patna,"All Scheduled Castes",Urban,"Ever Married",70-74,520,67,61,75,54,82,181,1922,1006,916
Bihar,Patna,"All Scheduled Castes",Urban,"Ever Married",75-79,108,62,2,0,25,0,19,191,119,72
Bihar,Patna,"All Scheduled Castes",Urban,"Ever Married","80 +",324,67,66,43,50,20,78,831,472,359
Bihar,Patna,"All Scheduled Castes",Urban,"Currently Married","All ages",32253,8039,3541,4746,4380,4104,7434,89318,47774,41544
Bihar,Patna,"All Scheduled Castes",Urban,"Currently Married","Less than 15",451,401,19,31,0,0,0,81,54,27
Bihar,Patna,"All Scheduled Castes",Urban,"Currently Married",15-19,3192,2037,616,343,117,79,0,1969,1211,758
Bihar,Patna,"All Scheduled Castes",Urban,"Currently Married",20-24,5688,1816,1208,1330,741,353,240,8784,4504,4280
Bihar,Patna,"All Scheduled Castes",Urban,"Currently Married",25-29,5285,1042,609,990,1115,814,706,13651,7041,6610
Bihar,Patna,"All Scheduled Castes",Urban,"Currently Married",30-34,4435,703,363,713,725,791,1140,13824,7207,6617
Bihar,Patna,"All Scheduled Castes",Urban,"Currently Married",35-39,4233,595,179,448,538,760,1713,16485,8796,7689
Bihar,Patna,"All Scheduled Castes",Urban,"Currently Married",40-44,3061,458,121,292,431,510,1249,11783,6247,5536
Bihar,Patna,"All Scheduled Castes",Urban,"Currently Married",45-49,2098,370,90,180,296,245,917,8172,4681,3491
Bihar,Patna,"All Scheduled Castes",Urban,"Currently Married",50-54,1094,124,86,114,90,196,484,4676,2449,2227
Bihar,Patna,"All Scheduled Castes",Urban,"Currently Married",55-59,1109,148,91,102,113,174,481,4568,2697,1871
Bihar,Patna,"All Scheduled Castes",Urban,"Currently Married",60-64,686,128,57,81,106,80,234,2600,1371,1229
Bihar,Patna,"All Scheduled Castes",Urban,"Currently Married",65-69,426,99,44,96,44,60,83,1076,643,433
Bihar,Patna,"All Scheduled Castes",Urban,"Currently Married",70-74,208,27,18,17,9,15,122,884,457,427
Bihar,Patna,"All Scheduled Castes",Urban,"Currently Married",75-79,37,17,2,0,9,0,9,74,47,27
Bihar,Patna,"All Scheduled Castes",Urban,"Currently Married","80 +",112,33,17,0,32,19,11,264,178,86
