"Country/ State/ UT Name","District Name","Caste Category","Total/ Rural/ Urban","Marital Status","Present Age","Total Ever/Currently Married Women","Ever/Currently Married Women with Number of Surviving Children - 0","Ever/Currently Married Women with Number of Surviving Children - 1","Ever/Currently Married Women with Number of Surviving Children - 2","Ever/Currently Married Women with Number of Surviving Children - 3","Ever/Currently Married Women with Number of Surviving Children - 4","Ever/Currently Married Women with Number of Surviving Children - 5+","Total Surviving Children - Total","Total Surviving Children - Males","Total Surviving Children - Females"
Bihar,Katihar,"All Scheduled Castes",Rural,"Ever Married","All ages",38235,7742,6538,6523,7073,5098,5261,91858,49382,42476
Bihar,Katihar,"All Scheduled Castes",Rural,"Ever Married","Less than 15",392,342,28,22,0,0,0,72,62,10
Bihar,Katihar,"All Scheduled Castes",Rural,"Ever Married",15-19,3053,2173,727,101,52,0,0,1085,607,478
Bihar,Katihar,"All Scheduled Castes",Rural,"Ever Married",20-24,5605,1929,1909,1098,484,160,25,6324,3177,3147
Bihar,Katihar,"All Scheduled Castes",Rural,"Ever Married",25-29,6543,984,1382,1612,1619,631,315,13702,6989,6713
Bihar,Katihar,"All Scheduled Castes",Rural,"Ever Married",30-34,5436,584,579,1220,1337,1108,608,14760,7947,6813
Bihar,Katihar,"All Scheduled Castes",Rural,"Ever Married",35-39,4727,411,438,625,1105,1094,1054,15287,8128,7159
Bihar,Katihar,"All Scheduled Castes",Rural,"Ever Married",40-44,3282,257,364,412,659,547,1043,11392,6220,5172
Bihar,Katihar,"All Scheduled Castes",Rural,"Ever Married",45-49,2229,232,277,279,376,437,628,7384,4135,3249
Bihar,Katihar,"All Scheduled Castes",Rural,"Ever Married",50-54,2135,220,241,374,504,292,504,6780,3657,3123
Bihar,Katihar,"All Scheduled Castes",Rural,"Ever Married",55-59,1265,111,141,261,249,198,305,4054,2400,1654
Bihar,Katihar,"All Scheduled Castes",Rural,"Ever Married",60-64,1635,227,184,235,303,342,344,4953,2834,2119
Bihar,Katihar,"All Scheduled Castes",Rural,"Ever Married",65-69,890,175,79,131,177,146,182,2455,1219,1236
Bihar,Katihar,"All Scheduled Castes",Rural,"Ever Married",70-74,687,85,143,112,92,94,161,2397,1402,995
Bihar,Katihar,"All Scheduled Castes",Rural,"Ever Married",75-79,94,0,2,10,41,0,41,401,213,188
Bihar,Katihar,"All Scheduled Castes",Rural,"Ever Married","80 +",221,12,42,11,75,31,50,693,331,362
Bihar,Katihar,"All Scheduled Castes",Rural,"Currently Married","All ages",33858,6968,5869,5605,6276,4521,4619,80646,43119,37527
Bihar,Katihar,"All Scheduled Castes",Rural,"Currently Married","Less than 15",351,321,28,2,0,0,0,32,22,10
Bihar,Katihar,"All Scheduled Castes",Rural,"Currently Married",15-19,3041,2161,727,101,52,0,0,1085,607,478
Bihar,Katihar,"All Scheduled Castes",Rural,"Currently Married",20-24,5558,1895,1909,1085,484,160,25,6298,3154,3144
Bihar,Katihar,"All Scheduled Castes",Rural,"Currently Married",25-29,6411,938,1350,1569,1608,631,315,13551,6923,6628
Bihar,Katihar,"All Scheduled Castes",Rural,"Currently Married",30-34,5118,488,526,1137,1276,1087,604,14252,7683,6569
Bihar,Katihar,"All Scheduled Castes",Rural,"Currently Married",35-39,4397,322,368,571,1061,1051,1024,14645,7775,6870
Bihar,Katihar,"All Scheduled Castes",Rural,"Currently Married",40-44,2908,205,283,336,590,495,999,10479,5712,4767
Bihar,Katihar,"All Scheduled Castes",Rural,"Currently Married",45-49,1937,194,212,204,314,390,623,6760,3830,2930
Bihar,Katihar,"All Scheduled Castes",Rural,"Currently Married",50-54,1678,144,235,271,352,230,446,5543,3022,2521
Bihar,Katihar,"All Scheduled Castes",Rural,"Currently Married",55-59,1054,97,112,200,203,182,260,3462,2043,1419
Bihar,Katihar,"All Scheduled Castes",Rural,"Currently Married",60-64,754,107,73,65,158,165,186,2474,1411,1063
Bihar,Katihar,"All Scheduled Castes",Rural,"Currently Married",65-69,335,64,14,53,63,82,59,977,409,568
Bihar,Katihar,"All Scheduled Castes",Rural,"Currently Married",70-74,139,32,10,0,41,20,36,469,259,210
Bihar,Katihar,"All Scheduled Castes",Rural,"Currently Married",75-79,41,0,0,10,20,0,11,146,51,95
Bihar,Katihar,"All Scheduled Castes",Rural,"Currently Married","80 +",115,0,20,1,54,10,30,394,187,207
Bihar,Katihar,"All Scheduled Castes",Urban,"Ever Married","All ages",4389,921,629,602,610,580,1047,11968,6542,5426
Bihar,Katihar,"All Scheduled Castes",Urban,"Ever Married","Less than 15",9,9,0,0,0,0,0,0,0,0
Bihar,Katihar,"All Scheduled Castes",Urban,"Ever Married",15-19,451,304,98,49,0,0,0,196,88,108
Bihar,Katihar,"All Scheduled Castes",Urban,"Ever Married",20-24,622,291,171,84,38,20,18,623,314,309
Bihar,Katihar,"All Scheduled Castes",Urban,"Ever Married",25-29,693,104,122,145,142,77,103,1672,798,874
Bihar,Katihar,"All Scheduled Castes",Urban,"Ever Married",30-34,572,68,42,105,145,112,100,1655,908,747
Bihar,Katihar,"All Scheduled Castes",Urban,"Ever Married",35-39,533,51,32,73,82,113,182,1939,993,946
Bihar,Katihar,"All Scheduled Castes",Urban,"Ever Married",40-44,393,10,31,37,52,95,168,1623,971,652
Bihar,Katihar,"All Scheduled Castes",Urban,"Ever Married",45-49,309,32,27,15,36,26,173,1222,669,553
Bihar,Katihar,"All Scheduled Castes",Urban,"Ever Married",50-54,244,2,39,25,52,22,104,1013,609,404
Bihar,Katihar,"All Scheduled Castes",Urban,"Ever Married",55-59,188,9,10,9,16,41,103,857,485,372
Bihar,Katihar,"All Scheduled Castes",Urban,"Ever Married",60-64,202,18,27,20,33,47,57,686,440,246
Bihar,Katihar,"All Scheduled Castes",Urban,"Ever Married",65-69,47,9,0,11,9,9,9,139,74,65
Bihar,Katihar,"All Scheduled Castes",Urban,"Ever Married",70-74,78,14,27,20,5,9,3,142,102,40
Bihar,Katihar,"All Scheduled Castes",Urban,"Ever Married",75-79,9,0,0,0,0,9,0,36,36,0
Bihar,Katihar,"All Scheduled Castes",Urban,"Ever Married","80 +",30,0,3,9,0,0,18,111,46,65
Bihar,Katihar,"All Scheduled Castes",Urban,"Currently Married","All ages",3982,855,558,552,544,496,977,10870,5892,4978
Bihar,Katihar,"All Scheduled Castes",Urban,"Currently Married","Less than 15",9,9,0,0,0,0,0,0,0,0
Bihar,Katihar,"All Scheduled Castes",Urban,"Currently Married",15-19,451,304,98,49,0,0,0,196,88,108
Bihar,Katihar,"All Scheduled Castes",Urban,"Currently Married",20-24,613,282,171,84,38,20,18,623,314,309
Bihar,Katihar,"All Scheduled Castes",Urban,"Currently Married",25-29,677,100,120,144,133,77,103,1641,786,855
Bihar,Katihar,"All Scheduled Castes",Urban,"Currently Married",30-34,560,58,41,105,144,112,100,1651,906,745
Bihar,Katihar,"All Scheduled Castes",Urban,"Currently Married",35-39,515,36,31,73,82,113,180,1928,988,940
Bihar,Katihar,"All Scheduled Castes",Urban,"Currently Married",40-44,369,10,14,33,49,95,168,1589,953,636
Bihar,Katihar,"All Scheduled Castes",Urban,"Currently Married",45-49,270,20,25,14,35,21,155,1105,614,491
Bihar,Katihar,"All Scheduled Castes",Urban,"Currently Married",50-54,195,2,30,21,47,11,84,808,475,333
Bihar,Katihar,"All Scheduled Castes",Urban,"Currently Married",55-59,152,9,9,9,0,23,102,728,410,318
Bihar,Katihar,"All Scheduled Castes",Urban,"Currently Married",60-64,79,16,9,0,2,15,37,296,219,77
Bihar,Katihar,"All Scheduled Castes",Urban,"Currently Married",65-69,27,0,0,9,9,0,9,99,36,63
Bihar,Katihar,"All Scheduled Castes",Urban,"Currently Married",70-74,37,9,9,2,5,9,3,88,66,22
Bihar,Katihar,"All Scheduled Castes",Urban,"Currently Married","80 +",19,0,1,9,0,0,9,64,28,36
