Season,Sector,Category,Crop,QueryType,QueryText,KCCAns,StateName,DistrictName,BlockName,CreatedOn
RABI,AGRICULTURE,Cereals,Wheat,Weather,"Weather information","???? ??????? ??? ???? ??? ?????",BIHAR,PURNEA,AMOUR,2018-03-01T06:55:15Z
JAYAD,AGRICULTURE,Others,Others,Weather,"fartilizar in chili","Compost200 kg, potash 80 kg, 10-15 kg boron and molybdenum, 1 kg 
Sodium molibdate per hec. ke hisab se chidkaw karen",BIHAR,PURNEA,"PURNIA EAST",2018-03-01T07:58:18Z
RABI,AGRICULTURE,Cereals,Wheat,Weather,"Weather information","????  ??? ????? ??? ???? ??? ?????",BIHAR,PURNEA,BHAWANIPUR,2018-03-01T10:42:00Z
RABI,AGRICULTURE,Cereals,Wheat,Weather,"Weather information","???? ??? ??????,????? ???? ?? ???????  ???? ????",BIHAR,PURNEA,BAISA,2018-03-01T11:25:21Z
JAYAD,AGRICULTURE,Others,Others,"Plant Protection","Insect infestation IN MANGO","??????  ??????????????  @ ? ???? ????? ? ???? ???? ??? ?????? ?????? ???                                                         Spray  Imidachloprid @ 1ml/3lit of water",BIHAR,PURNEA,BARHARA,2018-03-01T13:45:05Z
JAYAD,AGRICULTURE,Cereals,"Paddy (Dhan)","Fertilizer Use and Availability","Fertilizer availability in paddy","N-100kg P-60kg K- 50kg/h",BIHAR,PURNEA,BAISI,2018-03-03T07:41:15Z
RABI,AGRICULTURE,Cereals,Wheat,"Plant Protection","lahi insect problem","Spray imidachloprid @1ml/3lit of water",BIHAR,PURNEA,BHAWANIPUR,2018-03-03T12:04:03Z
JAYAD,AGRICULTURE,Others,Others,"Plant Protection","Nutritional medicine","Spray Multi micro nutrient @ 2 gram in 1 liter of water",BIHAR,PURNEA,BARHARA,2018-03-03T16:11:32Z
RABI,AGRICULTURE,Cereals,Wheat,Weather,"WEATHER INFORMATION","Heavy Cloudy weather in your area, no chance of rain in your area",BIHAR,PURNEA,BANMANKHI,2018-03-03T16:37:27Z
RABI,HORTICULTURE,Vegetables,"Bitter Gourd","Plant Protection","Downy mildew","spraying Mancozeb or Chlorothalonil 2 g/lit twice at 10 days interval.",BIHAR,PURNEA,KASBA,2018-03-04T07:23:25Z
RABI,AGRICULTURE,Others,Others,Weather,"weather information","20 C 
RealFeel 19

Hazy sunshine
  


See Hourly

> 




Today

Mar 4



35 Hi 
RealFeel 36

Very warm with hazy sun
 More  



Tonight

Mar 4



18 Lo 
RealFeel 18

Hazy
 More  



Tomorrow

Mar 5



32 Hi 
RealFeel 32

Nice with clouds and sun",BIHAR,PURNEA,DHAMDAHA,2018-03-04T07:50:07Z
RABI,AGRICULTURE,Others,Others,"Agriculture Mechanization","INFORMATION ABOUT BIO GAS",NA,BIHAR,PURNEA,SRINAGAR,2018-03-04T12:55:16Z
RABI,AGRICULTURE,Others,Others,"Field Preparation","Weather information","Hazy weather in your area ,no chance of rain",BIHAR,PURNEA,DHAMDAHA,2018-03-04T21:07:11Z
JAYAD,AGRICULTURE,Others,Others,Weather,"WEATHER INFORMATION","Very low cloudy area but no chance of rain",BIHAR,PURNEA,"KRITYANAND NAGAR",2018-03-05T16:37:32Z
RABI,AGRICULTURE,Others,Others,Weather,"WEATHER INFORMATION","no chance of rain in your area.",BIHAR,PURNEA,SRINAGAR,2018-03-06T06:33:27Z
JAYAD,AGRICULTURE,Others,Others,Weather,"WEATHER INFORMATION","Today & tomorrow little chance of rain",BIHAR,PURNEA,RUPOULI,2018-03-06T06:35:04Z
JAYAD,AGRICULTURE,Others,Others,"Training and Exposure Visits","VERMICOMPOST TRAINING","CONSULT TO YOUR NEAREST KRISHI VIGYAN KENDRA",BIHAR,PURNEA,DHAMDAHA,2018-03-06T08:54:21Z
RABI,HORTICULTURE,Vegetables,"Pointed Gourd","Plant Protection","INSECT PROBLEM IN POINTED GOURD","Spray malathion @ 2G/lit of water",BIHAR,PURNEA,BANMANKHI,2018-03-06T10:17:27Z
JAYAD,HORTICULTURE,Fruits,Litchi,Floriculture,"FLOWER DROPPING in litchi","Sprary planofix 1ml in 4- 5 lit of water.",BIHAR,PURNEA,AMOUR,2018-03-06T13:05:48Z
JAYAD,AGRICULTURE,Others,Others,Weather,"Weather information","Cloudy weather, rain is not likely.",BIHAR,PURNEA,BANMANKHI,2018-03-06T13:09:40Z
KHARIF,HORTICULTURE,Vegetables,Brinjal,"Vegetative Propagation and Tissue Culture","VARIETIES OF BRINJAL","VARIETIES ARE RAJENDRA BAIGON-2,PUSA BINDU,PANT SAMRAT FOR BRINJAL",BIHAR,PURNEA,"KRITYANAND NAGAR",2018-03-06T16:48:26Z
RABI,AGRICULTURE,Others,Others,"Plant Protection","Rotting problem","Spray copper oxycloride @ 2 gram in 1 litter of water",BIHAR,PURNEA,DHAMDAHA,2018-03-07T15:02:58Z
RABI,AGRICULTURE,Others,Others,"Plant Protection","FLOWER DROPPING","Sprary planofix 1ml in 4- 5 lit of water.  (NAA @ 20 ppm)",BIHAR,PURNEA,"PURNIA EAST",2018-03-07T15:27:11Z
RABI,AGRICULTURE,Others,Others,"Plant Protection","Yellowing of leaf  IN MAIZE","Spray mancozeb @ 2g/lit of water",BIHAR,PURNEA,BANMANKHI,2018-03-07T20:03:13Z
JAYAD,AGRICULTURE,Others,Others,Weather,"?????? ???? ????? ???? ??????? ?? ?????","?????? ???? ????? ???? ??????? ?? ?????",BIHAR,PURNEA,BANMANKHI,2018-03-08T10:44:14Z
JAYAD,AGRICULTURE,Others,Others,Weather,"Weather information","Cloudy weather, no rain likely.",BIHAR,PURNEA,BAISA,2018-03-08T14:48:25Z
JAYAD,AGRICULTURE,Others,Others,Weather,"Weather information","Cloudy weather, no rain likely.",BIHAR,PURNEA,BAISA,2018-03-08T14:58:22Z
JAYAD,AGRICULTURE,Others,Others,Weather,"Weather information","Weather will be clear and glowing sun",BIHAR,PURNEA,"KRITYANAND NAGAR",2018-03-08T15:02:18Z
RABI,AGRICULTURE,Others,Others,Weather,"WEATHER INFORMATION","Cloudy weather in your area, but Hazy sunshine no chance of rain in your area.",BIHAR,PURNEA,"KRITYANAND NAGAR",2018-03-08T17:58:39Z
RABI,AGRICULTURE,Others,Others,Weather,"WEATHER INFORMATION","Cloudy weather in your area, but Hazy sunshine no chance of rain in your area.",BIHAR,PURNEA,BANMANKHI,2018-03-08T20:27:48Z
JAYAD,AGRICULTURE,Others,Others,Weather,"Weather information","Hazy weather in your area ,no chance of rain",BIHAR,PURNEA,"KRITYANAND NAGAR",2018-03-09T10:32:46Z
KHARIF,HORTICULTURE,Fruits,Mango,"Plant Protection","spray before flowering","Spray Imidacloroprid @ 1 ml / 3 lit of water",BIHAR,PURNEA,"KRITYANAND NAGAR",2018-03-09T10:42:12Z
RABI,AGRICULTURE,Millets,"Maize (Makka)","Weed Management","WEED MANAGEMENT IN WHEAT","AAP NIKAI GURAI KHET ME KARE",BIHAR,PURNEA,DAGRAUA,2018-03-09T11:14:20Z
RABI,AGRICULTURE,Others,Others,Weather,"WEATHER INFORMATION","Very low cloudy area but no chance of rain",BIHAR,PURNEA,DAGRAUA,2018-03-09T11:15:50Z
RABI,AGRICULTURE,Cereals,Wheat,"Water Management","water management at flowering stage","irrigation require after flowering stage",BIHAR,PURNEA,DHAMDAHA,2018-03-09T12:58:35Z
KHARIF,AGRICULTURE,Others,Others,Weather,WEATHER,"NO RAIN",BIHAR,PURNEA,"PURNIA EAST",2018-03-09T20:54:24Z
JAYAD,HORTICULTURE,Fruits,Banana,"Plant Protection","INSECT INFESTATION IN BANANA","Spray malathion @ 2ml/lit of water",BIHAR,PURNEA,BARHARA,2018-03-10T11:20:34Z
RABI,AGRICULTURE,Others,Others,"Cultural Practices","FERTILIZER APPLICATION","STAGE SILKING AND MILKING WATER APPLY",BIHAR,PURNEA,BAISI,2018-03-10T12:13:34Z
JAYAD,AGRICULTURE,Others,Others,"Plant Protection","?????? ???? ????? ???? ??????? ?? ?????","?????? ???? ????? ???? ??????? ?? ?????",BIHAR,PURNEA,DHAMDAHA,2018-03-10T14:32:17Z
JAYAD,AGRICULTURE,Others,Others,"Plant Protection","Growth regulator in mango","Spray Planofix @ 1 ml in 5 liter of water",BIHAR,PURNEA,DHAMDAHA,2018-03-10T14:44:26Z
KHARIF,HORTICULTURE,Fruits,Mango,"Fertilizer Use and Availability","fruit droping in mango","	????? ??? ?? ??? ???? ?????? ???? ?????? ?? ???? ???? ????? ????????? ? ???? ??????? ?? ? ???? ???? ????? ?????? ???? ?? ???? ???? ?? ?? ?? ?? ??? ????? ????????? ? ???? ??????? ? ???? ???? ,??????? ????? ? ????? ????? ???? ???? ??? ??????????? ? ???? ??? ?? ???? ???? ??? ?????? ?? ?????? ??? ?? ????? ?????? ??? ?? ???? ???? ?? ?? ?? ????? ????????? ? ???? ? ???? ???? ?? ???????????? ???? ?? ???? ???? ??? ?????? ?????? ???I",BIHAR,PURNEA,BAISI,2018-03-10T17:09:26Z
JAYAD,AGRICULTURE,Others,Others,Weather,"WEATHER INFORMATION","No chance of rain in your area.",BIHAR,PURNEA,BANMANKHI,2018-03-11T07:51:12Z
JAYAD,AGRICULTURE,Others,Others,Weather,"WEATHER INFORMATION","No chance of rain in your area.",BIHAR,PURNEA,BANMANKHI,2018-03-11T07:51:36Z
JAYAD,AGRICULTURE,Others,Others,"Plant Protection","PLANT PROTECTION","SPRAY INDOFIL M-45 75% WP @ 2GRM/LIT OF WATER",BIHAR,PURNEA,JALALGARH,2018-03-11T08:10:55Z
JAYAD,AGRICULTURE,Others,Others,"Plant Protection","PLANT PROTECTION","Spray Imidacloroprid @ 1 ml / 3 lit of water",BIHAR,PURNEA,JALALGARH,2018-03-11T08:11:28Z
JAYAD,AGRICULTURE,Others,Others,"Plant Protection","PLANT PROTECTION","Copper oxychloride @ 2 ml in 1 liter of water",BIHAR,PURNEA,DHAMDAHA,2018-03-11T08:49:20Z
RABI,AGRICULTURE,Others,Others,Weather,"WEATHER INFORMATION","TODAY AND TOMORROW NO CHANCE OF RAIN IN YOUR AREA",BIHAR,PURNEA,DHAMDAHA,2018-03-11T09:25:16Z
RABI,HORTICULTURE,Vegetables,Cucumber,"Plant Protection","INSECT PROBLEM IN CUCUMBER","Spray chlorpyriphos @ 2 ml in 1 litre of water",BIHAR,PURNEA,BANMANKHI,2018-03-11T10:11:42Z
RABI,AGRICULTURE,Others,Others,Weather,"WEATHER INFORMATION","TODAY AND TOMORROW NO CHANCE OF RAIN IN YOUR AREA",BIHAR,PURNEA,BANMANKHI,2018-03-11T10:14:17Z
RABI,AGRICULTURE,Cereals,Wheat,Weather,"WEATHER INFORMATION","????  ????  ????? ,?????? ?????",BIHAR,PURNEA,DHAMDAHA,2018-03-11T11:16:44Z
RABI,AGRICULTURE,Others,Others,Weather,"WEATHER INFORMATION","TODAY AND TOMORROW NO CHANCE OF RAIN IN YOUR AREA",BIHAR,PURNEA,RUPOULI,2018-03-11T11:47:05Z
JAYAD,HORTICULTURE,Fruits,Litchi,"Plant Protection","APHID INFESTATION IN LITCHI","Spray malathion @ 2ml/lit of water",BIHAR,PURNEA,SRINAGAR,2018-03-11T13:19:07Z
JAYAD,HORTICULTURE,Fruits,Mango,"Nutrient Management","FRUIT CRACKING IN MANGO","SPRAY BORON @ 2 GM PER LITRE OF WATER",BIHAR,PURNEA,SRINAGAR,2018-03-11T13:22:15Z
JAYAD,AGRICULTURE,Others,Others,"Plant Protection","FASAL BIMA","FASAL BIMA KISANO KI FASAL SE JUDE JOKHIM KI WAJAH SE HO SAKNE WALE NUKSAN SE RACHHA KARNE KA MADHAYAM HAI!ISASE KISANO KO ACHANAK AAYE JOKHIM YA KHARAB MAUSAM SE  FASAL KO HUYE NUKSAN KI BHARPAI KI JATI HAI!",BIHAR,PURNEA,BARHARA,2018-03-11T14:57:01Z
JAYAD,AGRICULTURE,Others,Others,Weather,"WEATHER INFORMATION","?????  ????  ??  ????????  ????  ??",BIHAR,PURNEA,"PURNIA EAST",2018-03-11T19:07:02Z
RABI,HORTICULTURE,Vegetables,"Bottle Gourd","Plant Protection","Beetles, fruit flies and caterpillars","spraying Malathion 50 EC 1 ml/lit. or Dimethoate 30 EC 1 ml/lit. or Methyl demeton 25 EC 1 ml/lit.",BIHAR,PURNEA,KASBA,2018-03-12T09:50:08Z
RABI,HORTICULTURE,Vegetables,"Bottle Gourd","Plant Protection","Beetles, fruit flies and caterpillars","spraying Malathion 50 EC 1 ml/lit. or Dimethoate 30 EC 1 ml/lit. or Methyl demeton 25 EC 1 ml/lit.",BIHAR,PURNEA,DHAMDAHA,2018-03-12T09:50:13Z
KHARIF,HORTICULTURE,Fruits,Mango,"Nutrient Management","spray at flower emergence","Spray dimethoate @ 1 ml in 1 litre of water, mancozeb @ 2 gm / lit of water and planofix 1 ml/4-5 liter water",BIHAR,PURNEA,BARHARA,2018-03-12T10:30:53Z
RABI,HORTICULTURE,Fruits,Mango,"Plant Protection","MANGO PLANT","SPRAT Imidacloprid 1 ML/3 LT. OF WATER & COPPER OXYCHLORIDE @ 2.5 ML./LT. OF WATER.",BIHAR,PURNEA,BARHARA,2018-03-12T10:37:59Z
RABI,"ANIMAL HUSBANDRY",Animal,"Bovine(Cow,Buffalo)","Animal Nutrition","INFORMATION ABOUT ANIMAL NUTRIENT",NA,BIHAR,PURNEA,DAGRAUA,2018-03-12T10:45:23Z
RABI,AGRICULTURE,Others,Others,Weather,"WEATHER INFORMATION","no chance of rain in your area.",BIHAR,PURNEA,DAGRAUA,2018-03-12T10:47:20Z
RABI,HORTICULTURE,"Plantation Crops",Coconut,"Plant Protection","problem in coconut","aap narial ko achhe se dekhiye ki kire ke karan sukh raha hai ya aise hi",BIHAR,PURNEA,BARHARA,2018-03-12T12:05:23Z
RABI,AGRICULTURE,Cereals,Wheat,Weather,"WEATHER INFORMATION","???? ??????? ??? ????? ???? ?? ??????? ???? ?? ",BIHAR,PURNEA,RUPOULI,2018-03-12T18:56:31Z
JAYAD,AGRICULTURE,Others,Others,Weather,"weather information","today and tomorrow  no chance of  rain",BIHAR,PURNEA,BARHARA,2018-03-12T19:11:49Z
JAYAD,AGRICULTURE,Others,Others,Weather,"weather information","today and tomorrow  no chance of  rain",BIHAR,PURNEA,BARHARA,2018-03-12T19:12:19Z
JAYAD,AGRICULTURE,Others,Others,Weather,"weather information","today and tomorrow  no chance of  rain",BIHAR,PURNEA,BARHARA,2018-03-12T19:27:02Z
RABI,AGRICULTURE,Others,Others,Weather,"Weather information","Hazy weather in your area ,no chance of rain",BIHAR,PURNEA,BARHARA,2018-03-12T19:28:59Z
RABI,HORTICULTURE,Vegetables,Potato,"Plant Protection","YELLOWING LEAF OF POTATO","Spray mancozeb @ 2 gm / lit of water",BIHAR,PURNEA,SRINAGAR,2018-03-13T09:06:51Z
RABI,AGRICULTURE,Others,Others,Weather,"WEATHER INFORMATION","no chance of rain in your area",BIHAR,PURNEA,SRINAGAR,2018-03-13T09:07:41Z
RABI,AGRICULTURE,Others,Others,"Plant Protection","insect infestation in bottle gourd","Spray malathion @ 2 gram in 1 liter of water",BIHAR,PURNEA,BARHARA,2018-03-13T09:30:57Z
RABI,AGRICULTURE,Others,Others,"Government Schemes","farmer registration",krishimiss.in,BIHAR,PURNEA,KASBA,2018-03-13T10:33:20Z
JAYAD,AGRICULTURE,Millets,"Maize (Makka)","Plant Protection","LAHI INSECT","Spray imidachloprid @1ml/3lit of water",BIHAR,PURNEA,DHAMDAHA,2018-03-13T12:09:13Z
JAYAD,AGRICULTURE,Millets,"Maize (Makka)","Nutrient Management","COMPLETE LACK OF GRAIN FORMATION","CONSULT TO BLOCK AGRICULTURAL OFFICER",BIHAR,PURNEA,"KRITYANAND NAGAR",2018-03-13T12:14:52Z
JAYAD,AGRICULTURE,Others,Others,"Plant Protection","plant protection","Spray Imidacloroprid @ 1 ml /3 lit of water",BIHAR,PURNEA,DAGRAUA,2018-03-13T15:09:58Z
JAYAD,AGRICULTURE,Others,Others,"Plant Protection","plant protection","Spray mancozeb @ 2g/lit of water",BIHAR,PURNEA,DAGRAUA,2018-03-13T15:10:17Z
JAYAD,AGRICULTURE,Others,Others,"Plant Protection","plant protection","Spray Planofix @ 1 ml in 5 liter of water",BIHAR,PURNEA,DAGRAUA,2018-03-13T15:10:37Z
RABI,AGRICULTURE,Cereals,Wheat,Weather,"WEATHER  INFORMATION","Heavy Cloudy weather in your area",BIHAR,PURNEA,JALALGARH,2018-03-13T15:51:57Z
RABI,AGRICULTURE,Others,Others,Weather,"Weather information","Hazy weather in your area ,no chance of rain",BIHAR,PURNEA,DHAMDAHA,2018-03-13T19:06:20Z
RABI,AGRICULTURE,Others,Others,"Field Preparation","WEATHER INFORMATION","Cloudy weather in your area and no chance of rain in your area",BIHAR,PURNEA,AMOUR,2018-03-13T19:20:49Z
JAYAD,AGRICULTURE,Others,Others,Weather,"weather information","Sunny weather but no rain in your area.",BIHAR,PURNEA,"KRITYANAND NAGAR",2018-03-13T21:17:11Z
RABI,AGRICULTURE,Others,Others,"Plant Protection","WEATHER INFORMESION","Cloudy weather but no rain in your area",BIHAR,PURNEA,JALALGARH,2018-03-14T09:12:22Z
JAYAD,AGRICULTURE,Millets,"Maize (Makka)","Nutrient Management","LACK OF GRAIN FORMATION","DUE TO UNFAVOURABLE CLIMATIC CONDITION",BIHAR,PURNEA,BAISA,2018-03-14T09:31:33Z
RABI,AGRICULTURE,Others,Others,"Field Preparation","WEATHER INFORMATION","Cloudy weather in your area and no chance of rain in your area",BIHAR,PURNEA,"KRITYANAND NAGAR",2018-03-14T16:25:11Z
RABI,AGRICULTURE,Others,Others,"Field Preparation","WEATHER INFORMATION","Cloudy weather in your area and no chance of rain in your area",BIHAR,PURNEA,"KRITYANAND NAGAR",2018-03-14T16:32:38Z
RABI,AGRICULTURE,Others,Others,"Field Preparation","WEATHER INFORMATION","Cloudy weather in your area and no chance of rain in your area",BIHAR,PURNEA,BHAWANIPUR,2018-03-14T19:15:17Z
RABI,AGRICULTURE,Cereals,Wheat,Weather,"Weather  information","????  ??? ????? ??? ???? ??? ?????",BIHAR,PURNEA,BAISA,2018-03-14T19:56:37Z
RABI,AGRICULTURE,Cereals,Wheat,Weather,"Weather  information","????  ??? ????? ??? ???? ??? ?????",BIHAR,PURNEA,BANMANKHI,2018-03-14T20:21:46Z
KHARIF,HORTICULTURE,Fruits,Mango,"Nutrient Management","Spray at flower emergence in mango","Spray mancozeb 2 gram/liter, rogor 1 ml/liter and planofix 1 ml/4 liter water",BIHAR,PURNEA,RUPOULI,2018-03-15T07:41:18Z
RABI,AGRICULTURE,Others,Others,Weather,"weather information","Cloudy weather Today & tomorrow no  chance of rain",BIHAR,PURNEA,BHAWANIPUR,2018-03-15T08:51:37Z
RABI,AGRICULTURE,Cereals,Wheat,"Plant Protection","Insect infestation IN WHEAT","Spray quinalphos  @ 2ml/lit of water",BIHAR,PURNEA,"KRITYANAND NAGAR",2018-03-15T11:45:40Z
JAYAD,AGRICULTURE,Others,Others,Weather,"Weather information","Cloudy weather Today and tomorrow little chance of rain in your area.",BIHAR,PURNEA,BHAWANIPUR,2018-03-15T12:04:01Z
JAYAD,AGRICULTURE,Others,Others,Weather,"Weather information","Cloudy weather Today and tomorrow little chance of rain in your area.",BIHAR,PURNEA,BHAWANIPUR,2018-03-15T13:30:00Z
JAYAD,AGRICULTURE,Others,Others,Weather,"WETHER INFORMATIOM","Cloudy weather today and tomorrow little chance of rain.",BIHAR,PURNEA,BANMANKHI,2018-03-15T14:43:39Z
RABI,AGRICULTURE,Others,Others,Weather,"WEATHER INFORMATION","Cloudy weather in your area ,but no chance of rain",BIHAR,PURNEA,"KRITYANAND NAGAR",2018-03-15T20:10:46Z
RABI,AGRICULTURE,Others,Others,Weather,"WEATHER INFORMATION","Cloudy weather in your area ,but no chance of rain",BIHAR,PURNEA,BANMANKHI,2018-03-15T20:19:17Z
JAYAD,AGRICULTURE,Others,Others,Weather,"Weather information","Hazy weather in your area ,no chance of rain",BIHAR,PURNEA,"PURNIA EAST",2018-03-16T06:14:11Z
JAYAD,AGRICULTURE,Others,Others,Weather,"Weather information","Hazy weather in your area ,no chance of rain",BIHAR,PURNEA,AMOUR,2018-03-16T09:36:17Z
RABI,AGRICULTURE,Others,Others,"Field Preparation","Weather information","Very low cloudy area but no chance of rain",BIHAR,PURNEA,"PURNIA EAST",2018-03-16T10:26:15Z
RABI,AGRICULTURE,Cereals,Wheat,Weather,"fungus ifect of mango","menakojeb@2ml/lea of wather",BIHAR,PURNEA,BANMANKHI,2018-03-16T11:30:36Z
RABI,AGRICULTURE,Others,Others,"Field Preparation","Weather information","Cloudy weather Today and tomorrow little chance of rain in your area.",BIHAR,PURNEA,BARHARA,2018-03-16T12:36:27Z
JAYAD,AGRICULTURE,Others,Others,Weather,"Weather information","Hazy weather in your area ,no chance of rain",BIHAR,PURNEA,BANMANKHI,2018-03-16T12:48:56Z
JAYAD,AGRICULTURE,Others,Others,Weather,"Weather information","Hazy weather in your area ,no chance of rain",BIHAR,PURNEA,BAISA,2018-03-16T13:04:09Z
RABI,AGRICULTURE,Others,Others,Weather,"weather information","Cloudy weather Today & tomorrow no  chance of rain",BIHAR,PURNEA,SRINAGAR,2018-03-17T06:27:20Z
JAYAD,AGRICULTURE,Others,Others,Weather,"Weather information","Cloudy weather in your area and no chance of rain in your area",BIHAR,PURNEA,BARHARA,2018-03-17T07:08:39Z
JAYAD,HORTICULTURE,Fruits,Mango,"Nutrient Management","FLOWER DRPPING IN MANGO","Spray planofix @ 1 ml in 4.5- 5 liter of water",BIHAR,PURNEA,"KRITYANAND NAGAR",2018-03-17T08:52:58Z
JAYAD,AGRICULTURE,Others,Others,Weather,"Weather information","Cloudy weather in your area and no chance of rain in your area",BIHAR,PURNEA,DHAMDAHA,2018-03-17T09:37:22Z
KHARIF,HORTICULTURE,Fruits,Mango,"Nutrient Management","SPRAY AT FLOWER EMERGENCE","Spray mancozeb @ 2g/lit of water and dimethoate 1 mili/liter water",BIHAR,PURNEA,SRINAGAR,2018-03-17T10:09:58Z
JAYAD,AGRICULTURE,Others,Others,Weather,"Weather information","Cloudy weather in your area and no chance of rain in your area",BIHAR,PURNEA,BANMANKHI,2018-03-17T11:49:17Z
JAYAD,AGRICULTURE,Millets,"Maize (Makka)","Weed Management","weed infestation in maize","hand weeding",BIHAR,PURNEA,BARHARA,2018-03-17T12:06:32Z
JAYAD,HORTICULTURE,Vegetables,Cucumber,"Plant Protection","insect infestation in cucumber","Spray malathion @ 2 gm in 1 litre of water",BIHAR,PURNEA,RUPOULI,2018-03-17T12:37:01Z
JAYAD,AGRICULTURE,Others,Others,Weather,"Weather information","Cloudy weather in your area and no chance of rain in your area",BIHAR,PURNEA,BAISA,2018-03-17T13:04:00Z
RABI,AGRICULTURE,Others,Others,"Plant Protection","YELLOWING OF LEAVE problem fungus","Spray saaf @ 2 gm in 1 litre of of water",BIHAR,PURNEA,"PURNIA EAST",2018-03-17T15:29:08Z
JAYAD,AGRICULTURE,Others,Others,Weather,"WEATHER INFORMATION","????  ??? ????? ??? ???? ??? ?????",BIHAR,PURNEA,BANMANKHI,2018-03-17T16:54:35Z
RABI,AGRICULTURE,Others,Others,Weather,"WEATHER INFORMATION","Cloudy weather, rain is not possible",BIHAR,PURNEA,BHAWANIPUR,2018-03-17T17:09:52Z
RABI,HORTICULTURE,Vegetables,Brinjal,"Plant Protection","Tobacco mosaic virus","Spray insecticides like Dimethoate 2 ml/litre or Metasystox 1 ml/litre of water to control the insect vectors.",BIHAR,PURNEA,DHAMDAHA,2018-03-17T17:28:52Z
RABI,HORTICULTURE,Vegetables,Brinjal,"Plant Protection","Brown leaf hopper","Spray with dimethoate 0.3%",BIHAR,PURNEA,DHAMDAHA,2018-03-17T17:38:09Z
KHARIF,HORTICULTURE,Fruits,Mango,"Nutrient Management","spray at flowering emergence","SPRAY MANCOZEB @ 2 GRAM/LITRE OF WATER AND DIMETHOATE 1 ML/LITER WATER",BIHAR,PURNEA,AMOUR,2018-03-18T07:40:11Z
JAYAD,AGRICULTURE,Others,Others,Weather,"WEATHER INFORMATION","no chance of rain in your area",BIHAR,PURNEA,AMOUR,2018-03-18T20:05:09Z
RABI,AGRICULTURE,Cereals,Wheat,Weather,"Yellow leaf problem in paddy","??????????? @ 2.5 ????? ?? ???? ???? ?? ????? ?????? ???",BIHAR,PURNEA,DAGRAUA,2018-03-19T07:14:43Z
RABI,HORTICULTURE,Vegetables,"Pointed Gourd","Plant Protection","rotting problem in pointed gourd","Spray copper oxycloride @ 1 gram in 1 litter of water",BIHAR,PURNEA,BANMANKHI,2018-03-19T08:40:28Z
RABI,HORTICULTURE,Vegetables,Brinjal,"Plant Protection","Collar rot","Spraying with Mancozeb @ 2g/Litre of water.",BIHAR,PURNEA,"KRITYANAND NAGAR",2018-03-19T10:18:04Z
JAYAD,HORTICULTURE,Fruits,Mango,"Nutrient Management","FRUIT DROPPING IN MANGO","SPRAY PLANOFIX 1 ML/4LITRE OF WATER",BIHAR,PURNEA,BARHARA,2018-03-19T12:12:56Z
RABI,AGRICULTURE,Others,Others,Weather,"weather information","Cloudy weather Today & tomorrow no  chance of rain",BIHAR,PURNEA,DHAMDAHA,2018-03-19T12:20:13Z
JAYAD,AGRICULTURE,Others,Others,Weather,"Weather information","Cloudy weather in your area and no chance of rain in your area",BIHAR,PURNEA,JALALGARH,2018-03-19T13:13:05Z
JAYAD,HORTICULTURE,Fruits,Citrus,"Plant Protection","APHID INFESTATION IN CITRUS","Spray imidachloprid @ 1ml/3 lit of water",BIHAR,PURNEA,DHAMDAHA,2018-03-19T13:18:20Z
JAYAD,AGRICULTURE,Cereals,"Paddy (Dhan)","Plant Protection","YELLOW STEM BORER OF RICE","Spray asefet  @ 1 gm in 1 litre of water",BIHAR,PURNEA,"PURNIA EAST",2018-03-19T13:36:18Z
RABI,AGRICULTURE,Cereals,"Paddy (Dhan)","Plant Protection","S TEM BORER INSECT PROBLEM IN RICE","SPRAY ACEPHATE  75 %  SP@ 1 G / LITRE WATER",BIHAR,PURNEA,"PURNIA EAST",2018-03-19T13:42:31Z
RABI,AGRICULTURE,Others,Others,"Field Preparation",Insecticide,"Spray quinolphos @ 2 ml in 1 litre of water",BIHAR,PURNEA,BHAWANIPUR,2018-03-19T14:40:50Z
RABI,HORTICULTURE,Fruits,Mango,"Cultural Practices","washing of mango plant","imidachloprid @ 1ml/3 lit  water,  SPRAY PLANOFIX 1 ML/4LITRE OF WATER,carbendazim @ 2 gm / lit water,then mix all medicine together then  spray",BIHAR,PURNEA,DHAMDAHA,2018-03-20T09:34:28Z
RABI,AGRICULTURE,Others,Others,Weather,"WEATHER INFORMATION","Cloudy weather, but no chance of rain in your area",BIHAR,PURNEA,DHAMDAHA,2018-03-20T09:36:46Z
JAYAD,AGRICULTURE,Cereals,"Paddy (Dhan)","Plant Protection","yellow stem borer in rice","Spray asefet @ 1 gm in 1 liter of water",BIHAR,PURNEA,AMOUR,2018-03-20T11:55:23Z
JAYAD,AGRICULTURE,Others,Others,"Plant Protection","Growth regulator in mango","Spray Planofix @ 1 ml in 5 liter of water",BIHAR,PURNEA,BANMANKHI,2018-03-20T15:24:50Z
JAYAD,AGRICULTURE,Others,Others,Weather,"Insect infestation in  LICHI","Spray malathion @ 2 gram in 1 liter of water",BIHAR,PURNEA,BHAWANIPUR,2018-03-20T15:57:23Z
JAYAD,AGRICULTURE,Others,Others,"Plant Protection","Yellow leaf problem in CUCUMBAR","Spray carbendazim @ 2.5 gram in 1 litre of water",BIHAR,PURNEA,RUPOULI,2018-03-20T16:34:19Z
JAYAD,AGRICULTURE,Others,Others,"Plant Protection","Insect infestation in brinjal","Spray malathion @ 2 gram in 1 liter of water",BIHAR,PURNEA,KASBA,2018-03-20T17:59:24Z
JAYAD,AGRICULTURE,Others,Others,"Plant Protection","plant protection","Spray mancozeb@2g/liter of water",BIHAR,PURNEA,AMOUR,2018-03-21T08:51:25Z
RABI,HORTICULTURE,Vegetables,Chillies,"Plant Protection","Tobacco cutworm","Emamectin benzoate 5 % SG 4 g/10 lit. 
Flubendiamide 20 WDG 6.0 g /10 lit. 
Indoxacarb 14.5 % SC 6.5 ml/10 lit.",BIHAR,PURNEA,DHAMDAHA,2018-03-21T09:13:21Z
JAYAD,HORTICULTURE,Fruits,Mango,"Plant Protection","MANGO HOPPER OF MANGO","Spray methyl demeton or dimethoate @ 1 ml in one litter of water AND spraying of Carbendazim @ 2g/lit of water after 4-5 days",BIHAR,PURNEA,SRINAGAR,2018-03-21T09:53:58Z
RABI,AGRICULTURE,Others,Others,Weather,"WEATHER INFORMATION","Cloudy weather, but chance of rain in your area",BIHAR,PURNEA,BHAWANIPUR,2018-03-21T19:31:37Z
RABI,HORTICULTURE,Vegetables,Bhindi(Okra/Ladysfinger),"Plant Protection","Bhendi yellow vein mosaic virus","Spraying monocrotophos 1.5 ml/litre of water can restrict the disease spread.


Synthetic pyrethroids should not be used because it will aggravate the situation.


It can be controlled by application of Chlorpyriphos 2.5 ml + neem oil 2 ml lit of water.",BIHAR,PURNEA,DHAMDAHA,2018-03-22T07:07:39Z
JAYAD,HORTICULTURE,Fruits,Pomegranate,"Nutrient Management","fruit dropping in pomegranate","Spray planofix @ 1 ml in 4.5- 5 liter of water",BIHAR,PURNEA,"PURNIA EAST",2018-03-22T10:44:15Z
JAYAD,HORTICULTURE,Fruits,Mango,"Plant Protection","DRYING OF FRUIT IN MANGO","Copper oxychloride  @ 3 gm in 1 liter of water",BIHAR,PURNEA,"PURNIA EAST",2018-03-22T12:16:54Z
JAYAD,HORTICULTURE,Fruits,Mango,"Nutrient Management","FRUIT DROPPING IN MANGO","Spray planofix @ 1 ml in 5 litter of water",BIHAR,PURNEA,DAGRAUA,2018-03-22T12:44:28Z
JAYAD,AGRICULTURE,Others,Others,"Fertilizer Use and Availability","WHITE LINES ON BAMBOO TREE","APPLY COMPOST AND FERTILIZERS IN BAMBOO TREE",BIHAR,PURNEA,DAGRAUA,2018-03-22T12:47:44Z
RABI,AGRICULTURE,Cereals,Wheat,Weather,"Weather Information","????? ??? ???? ???? ??? ?????  ????? ???? ?? ??? ???????? ???? ??",BIHAR,PURNEA,SRINAGAR,2018-03-22T13:03:31Z
RABI,AGRICULTURE,Pulses,"Green Gram (Moong Bean/ Moong)",Varieties,"Varieties of Moong","Varieties of Moong - H.U.M-16, pusa vishal, smart, sona, P.S-16, S.M.L-668",BIHAR,PURNEA,DHAMDAHA,2018-03-22T14:20:35Z
RABI,AGRICULTURE,Others,Others,"Field Preparation","Weather Information","The sky will remain cloudy",BIHAR,PURNEA,"KRITYANAND NAGAR",2018-03-22T14:44:31Z
RABI,AGRICULTURE,Others,Others,Weather,"WEATHER INFORMATION","Partly cloudy in your area,but no chance of rain",BIHAR,PURNEA,RUPOULI,2018-03-22T17:05:59Z
JAYAD,AGRICULTURE,Others,Others,"Plant Protection","plant protection","you Spray  planofix @ 1 ml in 5 litre of water",BIHAR,PURNEA,BARHARA,2018-03-22T19:00:09Z
JAYAD,AGRICULTURE,Others,Others,"Plant Protection","plant protection","	Spray sulphur @ 2 gram in 1 litre of water.",BIHAR,PURNEA,BARHARA,2018-03-22T19:00:39Z
RABI,AGRICULTURE,Others,Others,"Field Preparation","Weather information","Cloudy weather  today and tomorrow  no chance of  rain",BIHAR,PURNEA,BANMANKHI,2018-03-22T20:31:29Z
JAYAD,AGRICULTURE,Others,Others,"Plant Protection","PLANT PROTECTION","Spray Imidacloroprid @ 1 ml / 3 lit of water",BIHAR,PURNEA,"PURNIA EAST",2018-03-23T14:22:41Z
JAYAD,AGRICULTURE,Others,Others,Varieties,"Varieties of Moong -","Varieties of Moong - H.U.M-16, pusa vishal, smart, sona, P.S-16, S.M.L-668",BIHAR,PURNEA,"PURNIA EAST",2018-03-23T14:24:53Z
JAYAD,AGRICULTURE,Others,Others,Varieties,"Varieties of Moong -","Varieties of Moong - H.U.M-16, pusa vishal, smart, sona, P.S-16, S.M.L-668",BIHAR,PURNEA,"PURNIA EAST",2018-03-23T14:25:18Z
JAYAD,AGRICULTURE,Others,Others,Varieties,"Varieties of Moong -","Varieties of Moong - H.U.M-16, pusa vishal, smart, sona, P.S-16, S.M.L-668",BIHAR,PURNEA,"PURNIA EAST",2018-03-23T14:25:38Z
RABI,AGRICULTURE,Others,Others,"Plant Protection","Insect infestation","Spray cloropyriphos @ 2 ml in 1 litre of water",BIHAR,PURNEA,BANMANKHI,2018-03-23T15:26:06Z
JAYAD,AGRICULTURE,Others,Others,"Plant Protection","plant protection","Spray mancozeb @ 2g/lit of water",BIHAR,PURNEA,BANMANKHI,2018-03-23T15:37:48Z
JAYAD,AGRICULTURE,Others,Others,"Plant Protection","plant protection","Spray Multi micro nutrient @ 2 gram in 1 liter of water",BIHAR,PURNEA,BANMANKHI,2018-03-23T16:00:31Z
JAYAD,AGRICULTURE,Others,Others,Weather,"WEATHER INFORMATION","No chance of rain in your area.",BIHAR,PURNEA,DHAMDAHA,2018-03-23T16:23:08Z
JAYAD,AGRICULTURE,Others,Others,Weather,"WEATHER INFORMATION","No chance of rain in your area.",BIHAR,PURNEA,DHAMDAHA,2018-03-23T16:23:22Z
JAYAD,AGRICULTURE,Others,Others,Weather,"WEATHER INFORMATION","No chance of rain in your area.",BIHAR,PURNEA,DHAMDAHA,2018-03-23T16:23:34Z
JAYAD,AGRICULTURE,Others,Others,Weather,"WEATHER INFORMATION","No chance of rain in your area.",BIHAR,PURNEA,DHAMDAHA,2018-03-23T16:23:45Z
RABI,AGRICULTURE,Others,Others,"Plant Protection","Aphid INFESTATION IN WHEAT","FENVALVERAT-1 ML/LITER OF WATER",BIHAR,PURNEA,BANMANKHI,2018-03-23T18:06:15Z
RABI,HORTICULTURE,Vegetables,Bhindi(Okra/Ladysfinger),"Plant Protection","Bhendi fruit borer","Spray carbaryl 50 WP 2 g/lit or B. thuringiensis 2 g/lit",BIHAR,PURNEA,KASBA,2018-03-24T09:51:08Z
RABI,AGRICULTURE,Others,Others,"Field Preparation","WEATHER INFORMATION","Cloudy weather but no rain in your area",BIHAR,PURNEA,BHAWANIPUR,2018-03-24T14:59:04Z
RABI,AGRICULTURE,Others,Others,"Field Preparation","WEATHER INFORMATION","No Chance to Rain in your area",BIHAR,PURNEA,BHAWANIPUR,2018-03-24T15:03:00Z
RABI,AGRICULTURE,Others,Others,"Field Preparation","WEATHER INFORMATION","No Chance to Rain in your area",BIHAR,PURNEA,BHAWANIPUR,2018-03-24T15:04:43Z
JAYAD,AGRICULTURE,Others,Others,Weather,"weather information","No chance of rain in your area",BIHAR,PURNEA,BHAWANIPUR,2018-03-24T18:19:31Z
RABI,AGRICULTURE,Others,Others,"Field Preparation","WILT PROBLEM IN LENTIL","USE TRICHODERMA 1KG/100 KG FYM FOR 1 HECTARE",BIHAR,PURNEA,BHAWANIPUR,2018-03-24T18:37:52Z
JAYAD,AGRICULTURE,Others,Others,Weather,"weather information","No chance of rain in your area",BIHAR,PURNEA,"KRITYANAND NAGAR",2018-03-24T18:55:19Z
RABI,AGRICULTURE,Others,Others,"Field Preparation","Plant growth regulators","Spray planofix @ 1 ml in 4.5- 5 liter of water",BIHAR,PURNEA,"KRITYANAND NAGAR",2018-03-24T19:21:15Z
JAYAD,AGRICULTURE,Others,Others,Weather,"weather information","No chance of rain in your area",BIHAR,PURNEA,AMOUR,2018-03-24T20:24:27Z
RABI,AGRICULTURE,Others,Others,"Field Preparation","Flower dropping problem in mango","Spray boom flower @ 2 ml / lit of water",BIHAR,PURNEA,AMOUR,2018-03-24T20:27:54Z
RABI,AGRICULTURE,Others,Others,"Field Preparation","Flower dropping problem in mango","Spray boom flower @ 2 ml / lit of water",BIHAR,PURNEA,AMOUR,2018-03-24T20:51:55Z
RABI,HORTICULTURE,Fruits,Mango,"Cultural Practices","WASHING OF MANGO PLANT","Spray carbendazym @ 2 gram in 1 litre of water,SPRAY  PLANOFIX @ 1 ML / 4 LITRE WATER ;Spray imidachloprid @1ml/3lit of water",BIHAR,PURNEA,"KRITYANAND NAGAR",2018-03-25T11:10:22Z
RABI,AGRICULTURE,Others,Others,"Sowing Time and Weather","sowing time of pea","15 oct-15nov",BIHAR,PURNEA,JALALGARH,2018-03-25T19:31:30Z
RABI,AGRICULTURE,Cereals,Wheat,Weather,"WEATHER INFORMATION","???? ???  ?????  ,?????  ?? ???  ,?????  ?? ???  ,?????  ?? ???  ???????  ??? ??",BIHAR,PURNEA,AMOUR,2018-03-26T10:30:34Z
RABI,HORTICULTURE,Vegetables,Chillies,"Plant Protection","Viral diseases","Apply Carbofuran 3G @ 4-5 Kg/acre in the mainfield to control sucking complex and insect vectors selectively.


If it is not possible spray the crop with systemic insecticides. Dimethoate 2ml of Acephate 1g per litre of water.


Collect and destroy infected virus plants as soon as they are noticed.",BIHAR,PURNEA,KASBA,2018-03-26T10:37:55Z
RABI,HORTICULTURE,Vegetables,Chillies,"Plant Protection","Viral diseases","Apply Carbofuran 3G @ 4-5 Kg/acre in the mainfield to control sucking complex and insect vectors selectively.


If it is not possible spray the crop with systemic insecticides. Dimethoate 2ml of Acephate 1g per litre of water.


Collect and destroy infected virus plants as soon as they are noticed.",BIHAR,PURNEA,DHAMDAHA,2018-03-26T10:38:00Z
RABI,HORTICULTURE,Vegetables,Chillies,"Plant Protection","Chilli thrips","Imidacloprid 17.8 % SL 3.0 ml/10 lit. 
Dimethoate 30 % EC 1.0 ml/lit.",BIHAR,PURNEA,BARHARA,2018-03-26T10:42:14Z
KHARIF,AGRICULTURE,Cereals,"Paddy (Dhan)","Nutrient Management","FERTILIZER APPLICATION AFTER 1 MONTH","APPLY UREA AS TOP DRESSING",BIHAR,PURNEA,DAGRAUA,2018-03-26T10:49:33Z
RABI,AGRICULTURE,Cereals,Wheat,Weather,"WEATHER INFORMATION","???? ???  ?????  ,?????  ?? ???  ,?????  ?? ???  ,?????  ?? ???  ???????  ??? ??",BIHAR,PURNEA,"KRITYANAND NAGAR",2018-03-26T13:42:51Z
JAYAD,AGRICULTURE,Others,Others,"Plant Protection","plant protection","Spray imidachloprid @ 1ml/3 lit of water",BIHAR,PURNEA,BANMANKHI,2018-03-26T15:01:25Z
JAYAD,AGRICULTURE,Others,Others,"Plant Protection","plant protection","spray mancozeb @ 2 gm / lit of water",BIHAR,PURNEA,BANMANKHI,2018-03-26T15:01:41Z
JAYAD,AGRICULTURE,Others,Others,"Plant Protection","plant protection","Spray planofix @ 1 ml in 4.5- 5 liter of water",BIHAR,PURNEA,BANMANKHI,2018-03-26T15:02:00Z
JAYAD,AGRICULTURE,Others,Others,Weather,"Weather information","No chance of rain in your area",BIHAR,PURNEA,BANMANKHI,2018-03-26T15:05:02Z
JAYAD,AGRICULTURE,Others,Others,Weather,"Weather information","No chance of rain in your area",BIHAR,PURNEA,BANMANKHI,2018-03-26T15:05:14Z
JAYAD,AGRICULTURE,Others,Others,Weather,"Weather information","No chance of rain in your area",BIHAR,PURNEA,BANMANKHI,2018-03-26T15:05:28Z
RABI,AGRICULTURE,Others,Others,Weather,"weather information","Hazy weather in your area ,no chance of rain",BIHAR,PURNEA,BHAWANIPUR,2018-03-26T19:59:10Z
RABI,HORTICULTURE,Vegetables,Bhindi(Okra/Ladysfinger),"Plant Protection","Bhendi fruit borer","Spray carbaryl 50 WP 2 g/lit or B. thuringiensis 2 g/lit",BIHAR,PURNEA,KASBA,2018-03-27T06:33:05Z
JAYAD,AGRICULTURE,Others,Others,Weather,"WEATHER INFORMATION","Today and tomorrow no chance of rain in your area.",BIHAR,PURNEA,AMOUR,2018-03-27T07:21:16Z
JAYAD,AGRICULTURE,Others,Others,Weather,"WEATHER INFORMATION","Today and tomorrow no chance of rain in your area.",BIHAR,PURNEA,AMOUR,2018-03-27T08:23:23Z
RABI,AGRICULTURE,Others,Others,Weather,"WEATHER INFORMATION","Cloudy weather, but NO chance of rain in your area",BIHAR,PURNEA,BHAWANIPUR,2018-03-27T11:32:11Z
RABI,HORTICULTURE,Fruits,Litchi,"Plant Protection","litchi droping","Naphthalene acetic acid (NAA)50 ppm 4 ML/11 Lit",BIHAR,PURNEA,"PURNIA EAST",2018-03-27T11:59:23Z
RABI,AGRICULTURE,Millets,"Maize (Makka)","Cultural Practices","grain filling formation problem in maize","mausam ke kharabi ke karan dana nahi ban paya hai",BIHAR,PURNEA,DHAMDAHA,2018-03-27T13:45:57Z
RABI,HORTICULTURE,Fruits,Mango,"Cultural Practices","washing of mango plant","SPRAY PLANOFIX 1 ML/4LITRE OF WATER,carbendazim @ 2 gm / lit water,then mix all medicine together then  spray",BIHAR,PURNEA,DHAMDAHA,2018-03-27T13:47:35Z
RABI,AGRICULTURE,Others,Others,Weather,"WEATHER INFORMATION","Cloudy weather, but no chance of rain in your area",BIHAR,PURNEA,DHAMDAHA,2018-03-27T13:48:41Z
RABI,AGRICULTURE,Others,Others,"Plant Protection","Thrips tabacci in onion","Spray imidachloprid @ 1ml/3 lit of water",BIHAR,PURNEA,SRINAGAR,2018-03-27T14:51:50Z
JAYAD,HORTICULTURE,Fruits,Mango,"Plant Protection","INSECT INFESTATION IN MANGO","SPRAY DIMETHOATE @ 2 ML PER 3 LITRE WATER + SULPHUR @ 2 GRAM PER LITRE WATER",BIHAR,PURNEA,"KRITYANAND NAGAR",2018-03-27T14:54:50Z
JAYAD,HORTICULTURE,Fruits,Mango,Floriculture,"FRUIT DROPPING IN MANGO","Spray Planofix @ 1 ml in 4 liter of water",BIHAR,PURNEA,"KRITYANAND NAGAR",2018-03-27T14:55:53Z
JAYAD,HORTICULTURE,Fruits,"Jack Fruit","Nutrient Management","FRUIT CRACKING OF JACK FRUIT","SPRAY BORON 2 GRAM PER LITRE OF WATER",BIHAR,PURNEA,"KRITYANAND NAGAR",2018-03-27T15:00:45Z
RABI,AGRICULTURE,Others,Others,Weather,Insecticide,"Spray Malathion @ 2 MLin 1 litre of water",BIHAR,PURNEA,BARHARA,2018-03-27T17:47:52Z
JAYAD,AGRICULTURE,Others,Others,"Soil Testing","how to take Sample for soil test","Take soil from the farm, the farm Dibider except 1 of 1 meter is to fit coined then from top to bottom is mud, mud deposited by the space above the soil to remove a pound!",BIHAR,PURNEA,AMOUR,2018-03-28T07:57:32Z
JAYAD,AGRICULTURE,Others,Others,Weather,"Weather information","Cloudy weather in your area and no chance of rain in your area",BIHAR,PURNEA,DHAMDAHA,2018-03-28T09:55:34Z
JAYAD,HORTICULTURE,Fruits,Citrus,"Cultural Practices","FRUIT DROPPING OF CITRUS","SPRAY PLANOFIX 1 ML/5LITRE OF WATER",BIHAR,PURNEA,DHAMDAHA,2018-03-28T09:58:23Z
JAYAD,AGRICULTURE,Others,Others,"Soil Testing","how to take Sample for soil test","Take soil from the farm, the farm Dibider except 1 of 1 meter is to fit coined then from top to bottom is mud, mud deposited by the space above the soil to remove a pound!",BIHAR,PURNEA,DHAMDAHA,2018-03-28T09:59:31Z
JAYAD,AGRICULTURE,Others,Others,Weather,"WEATHER INFORMATION","No chance of rain in your area.",BIHAR,PURNEA,DHAMDAHA,2018-03-28T10:59:22Z
JAYAD,AGRICULTURE,Millets,"Sorghum (Jowar/Great Millet)","Plant Protection","INSECT PROBLEM IN SORGHUM","Spray quinolphos @ 2 ml in 1 litre of water",BIHAR,PURNEA,DHAMDAHA,2018-03-28T11:05:28Z
RABI,HORTICULTURE,Vegetables,Chillies,"Plant Protection","Gram caterpillar","Indoxacarb 14.5 % SC 6.5 ml/10 lit. 
Novaluron 10 % EC 7.5 ml/10 lit. 
Spinosad 45 % SC 3.2 ml/10 lit.",BIHAR,PURNEA,DHAMDAHA,2018-03-28T11:31:49Z
RABI,AGRICULTURE,Others,Others,Weather,"WEATHER INFORMATION","Cloudy weather, but no chance of rain in your area",BIHAR,PURNEA,BARHARA,2018-03-28T12:17:38Z
JAYAD,AGRICULTURE,Others,Others,"Market Information","msp rate of wheat,maize,mustard","Maize	1425
Wheat	1735
Mustard	4000",BIHAR,PURNEA,BARHARA,2018-03-28T12:23:13Z
JAYAD,AGRICULTURE,Others,Others,Weather,"WEATHER INFORMATION","No chance of rain in your area.",BIHAR,PURNEA,DHAMDAHA,2018-03-28T12:37:31Z
JAYAD,AGRICULTURE,Others,Others,Weather,"WEATHER INFORMATION","No chance of rain in your area.",BIHAR,PURNEA,DHAMDAHA,2018-03-28T12:37:51Z
JAYAD,AGRICULTURE,Others,Others,Weather,"WEATHER INFORMATION","No chance of rain in your area.",BIHAR,PURNEA,DHAMDAHA,2018-03-28T12:38:07Z
JAYAD,AGRICULTURE,Others,Others,Weather,"WEATHER INFORMATION","No chance of rain in your area.",BIHAR,PURNEA,SRINAGAR,2018-03-28T12:59:31Z
RABI,AGRICULTURE,Others,Others,"Plant Protection","Flower dropping problem in mango","Spray Planofix 1 ml/4-5 Litre of Water",BIHAR,PURNEA,BANMANKHI,2018-03-28T16:15:43Z
RABI,AGRICULTURE,Others,Others,"Field Preparation","Weather information","Cloudy weather in your area and no chance of rain in your area",BIHAR,PURNEA,BANMANKHI,2018-03-28T18:32:46Z
RABI,AGRICULTURE,Others,Others,"Field Preparation","Weather information","Cloudy weather in your area and no chance of rain in your area",BIHAR,PURNEA,BANMANKHI,2018-03-28T18:36:22Z
RABI,AGRICULTURE,Others,Others,"Weed Management","weed management","pendimethalin @ 2 ml in 1 litre of water",BIHAR,PURNEA,DHAMDAHA,2018-03-28T19:15:45Z
RABI,AGRICULTURE,Others,Others,Weather,"WEATHER INFORMATION","Cloudy weather, but chance of rain in your area",BIHAR,PURNEA,BANMANKHI,2018-03-28T20:51:03Z
RABI,AGRICULTURE,Others,Others,Weather,"WEATHER INFORMATION","chance of rain in your area.",BIHAR,PURNEA,"KRITYANAND NAGAR",2018-03-29T06:43:05Z
JAYAD,AGRICULTURE,Others,Others,"Plant Protection","plant protection","Spray saaf @ 2 ml / lit of water",BIHAR,PURNEA,"KRITYANAND NAGAR",2018-03-29T08:08:49Z
JAYAD,AGRICULTURE,Others,Others,Weather,"Weather information","Heavy Cloudy weather in your area, no chance of rain in your area",BIHAR,PURNEA,"KRITYANAND NAGAR",2018-03-29T08:09:23Z
KHARIF,HORTICULTURE,Fruits,Mango,"Nutrient Management","fruit drpping in mango","Spray planofix 1ml in 4- 5 lit of water.  (NAA @ 20 ppm)",BIHAR,PURNEA,RUPOULI,2018-03-29T08:28:00Z
RABI,AGRICULTURE,Cereals,Wheat,Weather,"Weather Information","????  ??? ????? ??? ???? ??? ?????",BIHAR,PURNEA,AMOUR,2018-03-29T09:05:27Z
RABI,AGRICULTURE,Others,Others,Weather,"WEATHER INFORMATION","25 C 
RealFeel 27

Mostly sunny
  


See Hourly

> 




Today

Mar 29



35 Hi 
RealFeel 37

A t-storm around in the p.m.
 More  



Tonight

Mar 29



20 Lo 
RealFeel 20

Hazy
 More  



Tomorrow

Mar 30



35 Hi 
RealFeel 36

Partly sunny and pleasant",BIHAR,PURNEA,BANMANKHI,2018-03-29T09:50:45Z
JAYAD,AGRICULTURE,Others,Others,Weather,"Weather information","Heavy Cloudy weather in your area, no chance of rain in your area",BIHAR,PURNEA,BANMANKHI,2018-03-29T10:09:12Z
JAYAD,AGRICULTURE,Others,Others,Weather,"Weather information","Heavy Cloudy weather in your area, no chance of rain in your area",BIHAR,PURNEA,BANMANKHI,2018-03-29T10:09:27Z
RABI,AGRICULTURE,Others,Others,Weather,"WEATHER INFORMATION","25 C 
RealFeel 27

Mostly sunny
  


See Hourly

> 




Today

Mar 29



35 Hi 
RealFeel 37

A t-storm around in the p.m.
 More  



Tonight

Mar 29



20 Lo 
RealFeel 20

Hazy
 More  



Tomorrow

Mar 30



35 Hi 
RealFeel 36

Partly sunny and pleasant",BIHAR,PURNEA,BARHARA,2018-03-29T10:10:36Z
RABI,AGRICULTURE,Cereals,Wheat,Weather,"Weather Information","????  ??? ????? ??? ???? ??? ?????",BIHAR,PURNEA,JALALGARH,2018-03-29T11:01:02Z
JAYAD,AGRICULTURE,Others,Others,Weather,"Weather information","Heavy Cloudy weather in your area, no chance of rain in your area",BIHAR,PURNEA,BANMANKHI,2018-03-29T11:06:20Z
JAYAD,AGRICULTURE,Others,Others,Weather,"Weather information","Heavy Cloudy weather in your area, no chance of rain in your area",BIHAR,PURNEA,BANMANKHI,2018-03-29T11:06:35Z
RABI,AGRICULTURE,Cereals,Wheat,Weather,"Weather Information","Weather will be clear and glowing sun",BIHAR,PURNEA,BARHARA,2018-03-29T20:00:05Z
RABI,AGRICULTURE,Others,Others,Weather,"weather information","Hazy weather in your area ,no chance of rain",BIHAR,PURNEA,BARHARA,2018-03-29T20:24:49Z
JAYAD,AGRICULTURE,Others,Others,Weather,"Weather Information","Cloudy weather today and tomorrow little chance of rain.",BIHAR,PURNEA,DHAMDAHA,2018-03-30T06:38:09Z
JAYAD,AGRICULTURE,Pulses,"Green Gram (Moong Bean/ Moong)",Varieties,"Variety of moong-","Variety of moong- pusa vishal, smart, sona",BIHAR,PURNEA,DHAMDAHA,2018-03-30T07:15:14Z
JAYAD,AGRICULTURE,Others,Others,Weather,"WEATHER INFORMATION","TODAY AND TOMARROW CHANCE OF RAIN IN YOUR AREA",BIHAR,PURNEA,DHAMDAHA,2018-03-30T07:16:09Z
JAYAD,AGRICULTURE,Others,Others,Weather,"WEATHER INFORMATION","Heavy Cloudy weather in your area, chance of rain in your area",BIHAR,PURNEA,BANMANKHI,2018-03-30T08:43:31Z
JAYAD,AGRICULTURE,Others,Others,Weather,"WEATHER INFORMATION","Heavy Cloudy weather in your area, chance of rain in your area",BIHAR,PURNEA,BANMANKHI,2018-03-30T08:43:49Z
JAYAD,AGRICULTURE,Others,Others,Weather,"Weather Information","Cloudy weather today and tomorrow little chance of rain.",BIHAR,PURNEA,KASBA,2018-03-30T08:51:15Z
RABI,AGRICULTURE,Others,Others,Weather,"WEATHER INFORMATION","TODAY AND TOMARROW CHANCE OF RAIN IN YOUR AREA",BIHAR,PURNEA,BANMANKHI,2018-03-30T08:55:53Z
JAYAD,AGRICULTURE,Others,Others,Weather,"Weather Information","Cloudy weather today and tomorrow little chance of rain.",BIHAR,PURNEA,BARHARA,2018-03-30T09:06:16Z
JAYAD,AGRICULTURE,Others,Others,Weather,"WEATHER INFORMATION","TODAY AND TOMARROW CHANCE OF RAIN IN YOUR AREA",BIHAR,PURNEA,DHAMDAHA,2018-03-30T09:09:39Z
JAYAD,AGRICULTURE,Millets,"Maize (Makka)",Varieties,"Good variety of maize","Good variety of maize - Shaktiman 1,2,Ganga-11, Suan, Devki, D.H.M.-117",BIHAR,PURNEA,DHAMDAHA,2018-03-30T09:10:29Z
JAYAD,AGRICULTURE,Others,Others,Weather,"WEATHER INFORMATION","Heavy Cloudy weather in your area, chance of rain in your area",BIHAR,PURNEA,KASBA,2018-03-30T09:20:38Z
JAYAD,AGRICULTURE,Others,Others,Weather,"WEATHER INFORMATION","Heavy Cloudy weather in your area, chance of rain in your area",BIHAR,PURNEA,KASBA,2018-03-30T09:20:42Z
JAYAD,HORTICULTURE,Fruits,Mango,"Nutrient Management","FRUIT DROPPING IN MANGO","Spray Planofix @ 1 ml in 5 liter of water",BIHAR,PURNEA,KASBA,2018-03-30T09:48:07Z
JAYAD,AGRICULTURE,Others,Others,Weather,"WEATHER INFORMATION","TODAY AND TOMARROW CHANCE OF RAIN IN YOUR AREA",BIHAR,PURNEA,BAISA,2018-03-30T09:49:04Z
JAYAD,AGRICULTURE,Others,Others,Weather,"WEATHER INFORMATION","Heavy Cloudy weather in your area, no chance of rain in your area",BIHAR,PURNEA,KASBA,2018-03-30T09:49:12Z
JAYAD,AGRICULTURE,Millets,"Maize (Makka)","Cultural Practices","Good variety of maize","Good variety of maize - Shaktiman 1,2,Ganga-11, Suan, Devki, D.H.M.-117",BIHAR,PURNEA,BAISA,2018-03-30T09:50:30Z
JAYAD,HORTICULTURE,Fruits,Mango,"Plant Protection","INSECT INFESTATION IN MANGO","SPRAY DIMETHOATE @ 2ML/3 LITRE WATER + MANCOZEB @ 2 GM PER LITRE OF WATER",BIHAR,PURNEA,KASBA,2018-03-30T09:51:49Z
JAYAD,AGRICULTURE,Others,Others,Weather,"WEATHER INFORMATION","Heavy Cloudy weather in your area, chance of rain in your area",BIHAR,PURNEA,"PURNIA EAST",2018-03-30T10:23:52Z
RABI,AGRICULTURE,Others,Others,Weather,"WEATHER INFORMATION","TODAY AND TOMARROW CHANCE OF RAIN IN YOUR AREA",BIHAR,PURNEA,BANMANKHI,2018-03-30T10:44:22Z
JAYAD,AGRICULTURE,Millets,"Maize (Makka)",Varieties,"Good variety of maize","Good variety of maize - Shaktiman 1,2,Ganga-11, Suan, Devki, D.H.M.-117",BIHAR,PURNEA,BANMANKHI,2018-03-30T10:46:43Z
RABI,AGRICULTURE,Others,Others,Weather,"WEATHER INFORMATION","???? ???? ???? ??? ????? ,?? ????? ???? ???? ??  ???????? ??",BIHAR,PURNEA,DHAMDAHA,2018-03-30T11:08:53Z
JAYAD,AGRICULTURE,Others,Others,Weather,"WEATHER INFORMATION","TODAY AND TOMARROW CHANCE OF RAIN IN YOUR AREA",BIHAR,PURNEA,BAISA,2018-03-30T11:14:56Z
JAYAD,AGRICULTURE,Others,Others,Weather,"WEATHER INFORMATION","TODAY AND TOMARROW CHANCE OF RAIN IN YOUR AREA",BIHAR,PURNEA,BAISA,2018-03-30T11:16:11Z
JAYAD,AGRICULTURE,Millets,"Maize (Makka)",Varieties,"Good variety of maize","Good variety of maize - Shaktiman 1,2,Ganga-11, Suan, Devki, D.H.M.-117",BIHAR,PURNEA,BAISA,2018-03-30T11:17:19Z
JAYAD,AGRICULTURE,Others,Others,Weather,"WEATHER INFORMATION","TODAY AND TOMARROW CHANCE OF RAIN IN YOUR AREA",BIHAR,PURNEA,"PURNIA EAST",2018-03-30T11:35:35Z
JAYAD,AGRICULTURE,Millets,"Maize (Makka)",Varieties,"Good variety of maize","Good variety of maize - Shaktiman 1,2,Ganga-11, Suan, Devki, D.H.M.-117",BIHAR,PURNEA,"PURNIA EAST",2018-03-30T11:36:35Z
RABI,HORTICULTURE,Vegetables,"Bitter Gourd","Fertilizer Use and Availability","Application of fertilizers","Apply 10 kg of FYM per pit (20 t/ha) 100 g of NPK 6:12:12/pit as basal and 10 g of N/pit 30 days after sowing.Apply Azospirillum and Phosphobacteria 2 kg/ha and Pseudomonas @ 2.5 kg/ha along with FYM 50 kg and neem cake @ 100 kg before last ploughing.",BIHAR,PURNEA,DHAMDAHA,2018-03-30T11:38:52Z
JAYAD,AGRICULTURE,Others,Others,Weather,"Weather information","Cloudy weather Today and tomorrow little chance of rain in your area",BIHAR,PURNEA,RUPOULI,2018-03-30T16:38:13Z
JAYAD,HORTICULTURE,Vegetables,"Pointed Gourd","Plant Protection","INSECT INFESTATION IN POINTED GOURD","Spray malathion @ 2ml/lit of water",BIHAR,PURNEA,BARHARA,2018-03-31T08:04:27Z
RABI,AGRICULTURE,Cereals,Wheat,Weather,"weather informesion","Cloudy weather today and tomorrow little chance of rain.",BIHAR,PURNEA,AMOUR,2018-03-31T09:26:02Z
JAYAD,AGRICULTURE,Others,Others,Weather,"variety of maize","Good variety of maize- SHAKTIMAN -1 (60-65 Q/HAC) SAFED ,SHAKTIMAN -2 (60-65 Q/HAC) ,SHAKTIMAN -3 (65-70 Q/HAC )PILA ,SHAKTIMAN-5 ( 70-75 Q/HAC )PILA, ganga-11, suan, devki",BIHAR,PURNEA,AMOUR,2018-03-31T09:41:44Z
JAYAD,AGRICULTURE,Pulses,"Green Gram (Moong Bean/ Moong)",Varieties,"Variety of Moong","Variety of Moong- pusa vishal, smart, sona , H.U.M.-16, P.S.-16,S.M.L.668",BIHAR,PURNEA,AMOUR,2018-03-31T09:43:37Z
JAYAD,AGRICULTURE,Others,Others,Weather,"WEATHER INFORMATION","chance of rain in your area",BIHAR,PURNEA,DAGRAUA,2018-03-31T10:22:59Z
RABI,HORTICULTURE,Vegetables,Bhindi(Okra/Ladysfinger),"Plant Protection","Bhendi fruit borer","Spray carbaryl 50 WP 2 g/lit or B. thuringiensis 2 g/lit",BIHAR,PURNEA,DHAMDAHA,2018-03-31T10:26:56Z
RABI,HORTICULTURE,Vegetables,Bhindi(Okra/Ladysfinger),"Plant Protection","Leaf roller","Spray carbaryl 50 WP 2 g/lit or phosalone 35 EC 2 ml/lit",BIHAR,PURNEA,BANMANKHI,2018-03-31T10:35:22Z
JAYAD,HORTICULTURE,Vegetables,Bhindi(Okra/Ladysfinger),"Plant Protection","WHITE FLY INSECT PROBLEM IN BHINDI","Spray malathion @ 2 gram in 1 liter of water",BIHAR,PURNEA,DAGRAUA,2018-03-31T10:39:42Z
JAYAD,HORTICULTURE,Vegetables,Bhindi(Okra/Ladysfinger),"Fertilizer Use and Availability","FERTILIZER MANAGEMENT IN OKARA","1 KG UREA / KATHA ME DE",BIHAR,PURNEA,DAGRAUA,2018-03-31T10:42:02Z
JAYAD,AGRICULTURE,Others,Others,"Plant Protection","YELLOWING OF LEAVES","Spray mancozeb @ 2g/lit of water",BIHAR,PURNEA,BARHARA,2018-03-31T12:06:08Z
JAYAD,AGRICULTURE,Others,Others,Weather,"WEATHER INFORMATION","Cloudy weather in your area  chance of rain in your area",BIHAR,PURNEA,"KRITYANAND NAGAR",2018-03-31T12:06:57Z
RABI,HORTICULTURE,Vegetables,Brinjal,"Plant Protection","Tobacco mosaic virus","Spray insecticides like Dimethoate 2 ml/litre or Metasystox 1 ml/litre of water to control the insect vectors.",BIHAR,PURNEA,"KRITYANAND NAGAR",2018-03-31T12:14:49Z
JAYAD,AGRICULTURE,Others,Others,Weather,"weather information","Cloudy weather,rain is likely.",BIHAR,PURNEA,BANMANKHI,2018-03-31T12:24:14Z
JAYAD,AGRICULTURE,Others,Others,Weather,"TOLL FREE NO. FOR WEATHER INFORMATION",18001801717,BIHAR,PURNEA,BANMANKHI,2018-03-31T12:32:52Z
RABI,AGRICULTURE,Others,Others,Weather,"Weather information","There will be light clouds in the sky chance of rain in your area.",BIHAR,PURNEA,DAGRAUA,2018-03-31T14:22:55Z
