Season,Sector,Category,Crop,QueryType,QueryText,KCCAns,StateName,DistrictName,BlockName,CreatedOn
JAYAD,AGRICULTURE,Cereals,"Paddy (Dhan)",Weather,"WEATHER REPORT OF TUFANGANJ","TODAY
MAY 1
29 /20
A shower or heavy t-storm
More 
WED
MAY 2
28 /20
A t-storm around in the a.m.
More 
THU
MAY 3
31 /21
A stray afternoon t-storm
More 
FRI
MAY 4
30 /20
Showers around in the p.m.
More 
SAT
MAY 5
29 /21C
Some sun, a t-storm around","WEST BENGAL","KOCH BIHAR",TUFANGANJ-I,2018-05-01T09:23:01Z
JAYAD,AGRICULTURE,Cereals,"Paddy (Dhan)",Weather,"ASKING ABOUT WEATHER (RAIN FALL) REPORT IN KOCHBIHAR DISTRICT.","MOSTLY CLOUDY AND POSSIBILITY OF RAIN FALL.","WEST BENGAL","KOCH BIHAR","MATHA BHANGA-II",2018-05-01T10:49:55Z
JAYAD,HORTICULTURE,Vegetables,"Cowpea (Vegetable)","Plant Protection","ASKING ABOUT CONTROL OF POD BORER IN COWPEA","RECOMMENDED FOR SPRAY   FLUBENDIAMIDE 39.35% SC @ 1 ML  / 5  LIT OF WATER.","WEST BENGAL","KOCH BIHAR",TUFANGANJ-I,2018-05-01T17:49:59Z
JAYAD,AGRICULTURE,"Fiber Crops",Jute,Weather,"ASKING ABOUT WEATHER REPORT OF KOCH BIHAR DISTRICT.","ALTHOUGH IT IS A LITTLE CLOUDY TODAY,THERE IS LIGHT RAIN OR THUNDERSTORM.","WEST BENGAL","KOCH BIHAR","MATHA BHANGA-II",2018-05-01T18:12:15Z
KHARIF,AGRICULTURE,Cereals,"Paddy (Dhan)",Weather,"ASKING ABOUT WEATHER REPORT IN KOCH BIHER,TUFANGANJ-I BLOCK.","Date	02-05-2018	03-05-2018	04-05-2018	05-05-2018	06-05-2018	Total / Average
Rainfall (mm)	2.3	9.6	3.3	1.2	17.4	33.8
Max. Temp. (?)	25.9	29.0	30.9	27.7	32.5	29.2
Min. Temp. (?)	21.3	21.5	22.4	21.0	22.5	21.7
Cloud Cover (octa)	6	6	7	3	5	- - -","WEST BENGAL","KOCH BIHAR",TUFANGANJ-I,2018-05-01T19:06:34Z
JAYAD,AGRICULTURE,Cereals,"Paddy (Dhan)",Weather,"ASKING ABOUT WEATHER REPORT OF TUFANGANJ-I  IN KOCH BIHAR DISTRICT","02/05/2018- 2.3 MM, 03/05/2018- 9.6 MM, 04/05/2018- 3.3 MM, 05/05/2018- 1.2 MM, 06/05/2018- 17.4 MM.","WEST BENGAL","KOCH BIHAR",TUFANGANJ-I,2018-05-02T08:23:24Z
JAYAD,AGRICULTURE,Cereals,"Paddy (Dhan)",Weather,"WEATHER REPORT OF MATHABHANGA,KOCH BIHAR","TODAY
MAY 2
27 /20
A t-storm around this morning
More 
THU
MAY 3
29 /22
An afternoon thunderstorm
More 
FRI
MAY 4
28 /20
A shower in the afternoon
More 
SAT
MAY 5
30 /22
A thunderstorm in spots
More 
SUN
MAY 6
30 /22C
A thunderstorm in spots","WEST BENGAL","KOCH BIHAR","MATHA BHANGA-II",2018-05-02T09:55:19Z
RABI,AGRICULTURE,Millets,"Maize (Makka)",Weather,"WEATHER REPORT OF TUFANGANJ-I, Cooch Bihar DISTRICT.","ACCORDING TO IMD WEATHER RAINFALL IS -03/05/18 = 2.9 MM. 04/05/18 = 5.4 MM. 05/05/18 = 4.4 MM. 06/05/18 = 11.9 MM.& 07/05/18 = 36.4 MM.","WEST BENGAL","KOCH BIHAR",TUFANGANJ-I,2018-05-02T14:13:40Z
RABI,AGRICULTURE,Cereals,"Paddy (Dhan)",Weather,"ASKING ABOUT WEATHER REPORT IN KOCH BIHAR DISTRICT","MOSTLY CLOUDY SKY AND RAIN FALL NEXT 5 DAYS","WEST BENGAL","KOCH BIHAR","MATHA BHANGA-II",2018-05-02T18:35:13Z
JAYAD,AGRICULTURE,Others,Others,Weather,"asking about weather report","sun and clouds,Rain: 1 mm(day),Rain: 13 mm(night)","WEST BENGAL","KOCH BIHAR",TUFANGANJ-I,2018-05-05T12:47:13Z
JAYAD,HORTICULTURE,Vegetables,"Bitter Gourd","Plant Protection","ASKING ABOUT CONTROL OF BROWN PLANT HOPPER IN KOCH BIHAR DISTRICT","RECOMMENDED FOR SPRAY   BUPROFEZIN 25% SC @ 1 ML  / LIT OF WATER","WEST BENGAL","KOCH BIHAR","COOCH BEHAR-I",2018-05-05T15:23:20Z
JAYAD,AGRICULTURE,Cereals,"Paddy (Dhan)","Plant Protection","CONTROL OF LEAF FOLDER IN PADDY","RECOMMENDED FOR SPRAY   FIPRONIL 5% SC  @ 1 ML  / LIT OF WATER","WEST BENGAL","KOCH BIHAR","COOCH BEHAR-I",2018-05-06T08:10:12Z
KHARIF,AGRICULTURE,Cereals,"Paddy (Dhan)",Weather,"ASKING ABOUT WEATHER REPORT OF KOCHBIHAR DISTRICT","Times of sun and clouds with a couple of showers and a heavy thunderstorm","WEST BENGAL","KOCH BIHAR",DINHATA-II,2018-05-06T08:59:19Z
JAYAD,HORTICULTURE,Vegetables,Brinjal,Weather,"ASKING ABOUT HERBICIDE FOR BRINJAL FIELD AT 40 DAT","ADVISE FOR HAND WEEDING","WEST BENGAL","KOCH BIHAR","COOCH BEHAR-I",2018-05-06T09:01:32Z
KHARIF,AGRICULTURE,Cereals,"Paddy (Dhan)","Plant Protection","ASKING ABOUT CONTROL OF SUCKING PEST CONTROL IN PADDY","RECOMMENDED FOR SPRAY   FLONICAMID 50% WG @ 1 GM / 5 LIT OF WATER","WEST BENGAL","KOCH BIHAR",SITALKUCHI,2018-05-06T12:02:39Z
JAYAD,HORTICULTURE,Vegetables,Brinjal,"Fertilizer Use and Availability","MICRO-NUTRIENTS APPLICATION IN BRINJAL.","RECOMMENDED FOR SPRAY GRADE 2 @ 2 ML/ LIT OF WATER.","WEST BENGAL","KOCH BIHAR",TUFANGANJ-II,2018-05-06T14:45:34Z
JAYAD,AGRICULTURE,Cereals,"Paddy (Dhan)",Weather,"ASKING ABOUT WEATHER(RAIN FALL) REPORT IN KOCHBIHAR DISTRICT.","AS PER I.M.D NEXT 5 DAYS WEATHER(RAIN FALL) REPORT IN KOCHBIHAR DISTRICT.  24.0 MM 24.4 MM 24.2 MM 13.3 MM 26.8 MM.","WEST BENGAL","KOCH BIHAR","MATHA BHANGA-II",2018-05-06T18:43:28Z
JAYAD,AGRICULTURE,Cereals,"Paddy (Dhan)",Weather,"ASKING ABOUT WEATHER REPORT OF TUFANGANJ-I BLOCK IN KOCH BIHAR DISTRICT","Date	07-05-2018	08-05-2018	09-05-2018	10-05-2018	11-05-2018	Total / Average
Rainfall (mm)	23.6	27.4	23.7	12.6	23.9	111.2
Max. Temp. (?)	31.1	30.1	31.6	35.3	35.4	32.7
Min. Temp. (?)	22.8	22.9	24.1	24.2	23.5	23.5","WEST BENGAL","KOCH BIHAR",TUFANGANJ-I,2018-05-07T08:24:12Z
KHARIF,AGRICULTURE,Others,Others,"Plant Protection","ASKING ABOUT WEATHER REPORT IN KOCH BIHAR  DISTRICT","HAZY SUNSHINE WITH THUNDERSTORM , RAIN =2 MM(DAY),RAIN= 3 MM(NIGHT) TEMPERATURE HIGH=29C LOW 22C","WEST BENGAL","KOCH BIHAR","MATHA BHANGA-II",2018-05-07T10:17:26Z
JAYAD,AGRICULTURE,"Fiber Crops",Jute,"Plant Protection","CONTROL OF HAIRY CATERPILLAR IN JUTE FIELD.","RECOMMENDED FOR SPRAY  LAMDA CYHALOTHRIN 2.5 % EC @ 1 ML / LIT OF WATER.","WEST BENGAL","KOCH BIHAR","MATHA BHANGA-II",2018-05-07T11:22:22Z
JAYAD,AGRICULTURE,Cereals,"Paddy (Dhan)",Weather,"WEATHER REPORT OF MATHABHANGA BLOCK IN KOCH BIHAR DISTRICT.","Times of clouds and sun with a shower or thunderstorm in the area.","WEST BENGAL","KOCH BIHAR","MATHA BHANGA-II",2018-05-07T13:34:13Z
JAYAD,AGRICULTURE,Cereals,"Paddy (Dhan)","Plant Protection","ASKING ABOUT CONTROL OF LEAF FOLDER IN PADDY.","RECOMMENDED FOR SPRAY  ACEPHATE 75% SP @ 1.5 GM / 2 LIT OF WATER.","WEST BENGAL","KOCH BIHAR",DINHATA-I,2018-05-07T16:30:21Z
JAYAD,AGRICULTURE,Cereals,"Paddy (Dhan)","Plant Protection","ASKING ABOUT CONTROL OF STEM BORER IN PADDY","RECOMMENDED FOR SPRAY   CARTAF HYDROCHLORIDE 50% SP @ 1 GM  / LIT OF WATER.","WEST BENGAL","KOCH BIHAR","COOCH BEHAR II",2018-05-07T16:59:01Z
JAYAD,AGRICULTURE,Cereals,"Paddy (Dhan)","Plant Protection","ASKING ABOUT CONTROL OF NECK BLAST IN PADDY","RECOMMENDED FOR SPRAY   HEXACONAZOLE 5% EC  @  1.5 ML /  LIT OF WATER.","WEST BENGAL","KOCH BIHAR","COOCH BEHAR II",2018-05-07T17:01:30Z
JAYAD,AGRICULTURE,Cereals,"Paddy (Dhan)",Weather,"WEATHER REPORT OF TUFANGANJ-I , Cooch Bihar DISTRICT.","ACCORDING TO IMD WEATHER RAINFALL IS- 08/05/18 = 28.2 MM. 09/05/18 = 34.5 MM. 10/05/18 = 9.1 MM. 11/05/18 = 15.1 MM. & 12/05/18 = 2.5 MM.","WEST BENGAL","KOCH BIHAR",TUFANGANJ-I,2018-05-07T18:53:45Z
JAYAD,AGRICULTURE,"Fiber Crops",Jute,Weather,"ASKING ABOUT WEATHER REPORT OF MATHA BHANGA-II BLOCK IN  COOCH BEHAR DISTRICT .","CLOUDY SKY POSSIBILITY OF RAIN FALL IN NEXT 5 DAYS.","WEST BENGAL","KOCH BIHAR","MATHA BHANGA-II",2018-05-08T10:52:09Z
JAYAD,HORTICULTURE,Vegetables,Bhindi(Okra/Ladysfinger),Weather,"ASKING ABOUT WEATHER REPORT OF KOCH BIHAR DISTRICT.","POSSIBILITIES OF LESS RAINFALL & CLOUDY WEATHER.","WEST BENGAL","KOCH BIHAR",DINHATA-II,2018-05-08T12:14:03Z
JAYAD,AGRICULTURE,"Fiber Crops",Jute,"Plant Protection","ASKING ABOUT CONTROL OF LEAF EATING CATERPILLAR IN JUTE.","RECOMMENDED FOR SPRAY  CHLORPYRIPHOS 20% EC @ 2.5 ML  / LIT OF WATER","WEST BENGAL","KOCH BIHAR","MATHA BHANGA-II",2018-05-08T13:52:54Z
JAYAD,AGRICULTURE,Cereals,"Paddy (Dhan)",Weather,"ASKING ABOUT THE WEATHER REPORT OF MATHABHANGA-2 BLOCK,COOCH BIHAR.","POSSIBILITIES OF CLOUDY WEATHER & RAINFALL IN COMING 3 DAYS.","WEST BENGAL","KOCH BIHAR","MATHA BHANGA-II",2018-05-08T19:03:54Z
KHARIF,AGRICULTURE,"Fiber Crops",Jute,"Plant Protection","ASKING ABOUT CONTROL OF HAIRY CATERPILLAR IN JUTE","RECOMMENDED FOR SPRAY   EMAMECTIN BENZOATE 1.9 % EC @ 1.5 ML / 2 LIT OR 150 ML/ACRE.","WEST BENGAL","KOCH BIHAR",MATHABHANGA-I,2018-05-09T09:06:05Z
JAYAD,AGRICULTURE,Cereals,"Paddy (Dhan)",Weather,"WEATHER REPORT OF MATHA BHANGA BLOCK IN KOCH BIHAR DISTRICT.","Mostly cloudy weather and not as warm; a shower and strong thunderstorm this afternoon.","WEST BENGAL","KOCH BIHAR","MATHA BHANGA-II",2018-05-09T12:40:16Z
JAYAD,AGRICULTURE,Cereals,"Paddy (Dhan)","Plant Protection","CONTROL OF LEAF FOLDER IN PADDY.","RECOMMENDED FOR SPRAY   CARTAP HYDROCHLORIDE 50% SP @ 1 GM  / LIT OF WATER.","WEST BENGAL","KOCH BIHAR","COOCH BEHAR-I",2018-05-09T13:06:53Z
JAYAD,HORTICULTURE,Vegetables,"Bitter Gourd","Plant Protection","ASKING ABOUT CONTROL OF LEAF HOPPER IN SMALL BITTER GOURD.","RECOMMENDED FOR SPRAY CHLORANTRANILOPROLE 18.5 % SC  @ 1 ML  / 3 LIT OF WATER.","WEST BENGAL","KOCH BIHAR",TUFANGANJ-II,2018-05-09T13:53:03Z
JAYAD,AGRICULTURE,"Fiber Crops",Jute,Weather,"ASKING ABOUT WEATHER REPORT OF KOCH BIHAR DISTRICT.","ALTHOUGH IT IS A LITTLE CLOUDY TODAY,THERE IS LIGHT RAIN OR THUNDERSTORM.","WEST BENGAL","KOCH BIHAR",DINHATA-II,2018-05-09T17:03:49Z
KHARIF,AGRICULTURE,"Fiber Crops",Jute,"Plant Protection","ASKING ABOUT CONTROL OF HAIRY CATERPILLAR IN JUTE","RECOMMENDED FOR SPRAY   FIPRONIL 5 % SC @ 1ML/LIT OF WATER","WEST BENGAL","KOCH BIHAR",MATHABHANGA-I,2018-05-10T07:30:12Z
KHARIF,AGRICULTURE,"Fiber Crops",Jute,"Plant Protection","CONTROL OF LEAF EATING CATERPILLAR IN JUTE","RECOMMENDED FOR SPRAY   INDOXACARB 14.5% SC  @ 1 ML  / LIT OF WATER.","WEST BENGAL","KOCH BIHAR","MATHA BHANGA-II",2018-05-10T07:37:23Z
JAYAD,AGRICULTURE,"Fiber Crops",Jute,"Plant Protection","ASKING ABOUT CONTROL OF HAIRY CATERPILLAR IN JUTE","RECOMMENDED FOR SPRAY   CARTAF HYDROCHLORIDE 50% SP @ 1 GM  / LIT OF WATER","WEST BENGAL","KOCH BIHAR","MATHA BHANGA-II",2018-05-10T08:06:43Z
JAYAD,AGRICULTURE,Cereals,"Paddy (Dhan)",Weather,"ASKING ABOUT WEATHER REPORT OF TUFANGANJ-I IN KOCH BIHAR DISTRICT","10/05/2018- 8.4 MM, 11/05/2018- 15.0 MM, 12/05/2018- 0.0 MM, 13/05/2018- 10.4 MM, 14/05/2018- 9.9 MM.","WEST BENGAL","KOCH BIHAR",TUFANGANJ-I,2018-05-10T09:08:15Z
JAYAD,AGRICULTURE,Cereals,"Paddy (Dhan)","Plant Protection","ASKING ABOUT CONTROL OF LEAF FOLDER IN PADDY.","RECOMMENDED FOR SPRAY  ACEPHATE 75% SP @ 1.5 GM / 2 LIT OF WATER.","WEST BENGAL","KOCH BIHAR",SITALKUCHI,2018-05-10T18:25:51Z
JAYAD,AGRICULTURE,Cereals,"Paddy (Dhan)","Plant Protection","CONTROL OF LEAF FOLDER IN PADDY.","RECOMMENDED FOR SPRAY CARTAP HYDROCHLORIDE 50% SP @ 1 GM / LIT OF WATER.","WEST BENGAL","KOCH BIHAR","COOCH BEHAR-I",2018-05-11T14:55:06Z
JAYAD,AGRICULTURE,"Fiber Crops",Jute,Weather,"WEATHER REPORT OF MATHA BHANGA-II, Cooch Bihar DISTRICT.","ACCORDING TO IMD WEATHER RAINFALL IS - 12/05/18 = 1.1 MM. 13/05/18 = 5.9 MM. 14/05/18 = 23 MM. 15/05/18 = 33.3 MM. & 16/05/18 = 18.1 MM.","WEST BENGAL","KOCH BIHAR","MATHA BHANGA-II",2018-05-11T19:29:09Z
JAYAD,HORTICULTURE,Vegetables,Potato,"Plant Protection","HOW TO STORE POTATO AT HOME","RECOMMENDED FOR ALUMINIUM PHOSPHIDE TABLET 4-10/TONE","WEST BENGAL","KOCH BIHAR",TUFANGANJ-I,2018-05-12T10:13:09Z
RABI,AGRICULTURE,Cereals,"Paddy (Dhan)",Weather,"ASKING ABOUT WEATHER REPORT IN KOCH BIHAR DISTRICT AT MATHABHANGA=2 BLOCK","MOSTLY CLOUDY SKY AND RAIN FALL NEXT FIVE DAYS","WEST BENGAL","KOCH BIHAR","MATHA BHANGA-II",2018-05-12T10:24:04Z
RABI,AGRICULTURE,Cereals,"Paddy (Dhan)",Weather,"ASKING ABOUT WEATHER REPORT IN KOCH BIHAR DISTRICT.","VERY WARM WITH HAZY SUNSHINE WITH POSSIBILITY SLIGHT TO MEDIUM RAINFALL UPTO 16/05/2018.","WEST BENGAL","KOCH BIHAR","MATHA BHANGA-II",2018-05-12T18:29:25Z
JAYAD,HORTICULTURE,Vegetables,Brinjal,"Nutrient Management","ASKING ABOUT WEATHER FORECASTING OF KOCH BIHAR DISTRICT","POSSIBILITIES OF LESS RAINFALL & PRESENCE OF CLOUDY WEATHER","WEST BENGAL","KOCH BIHAR",DINHATA-II,2018-05-13T09:21:48Z
JAYAD,AGRICULTURE,Cereals,"Paddy (Dhan)",Weather,"ASKING ABOUT WEATHER REPORT IN KOCH BIHAR DISTRICT.","POSSIBILITIES OF RAINFALL & PRESENCE OF CLOUDY WEATHER.","WEST BENGAL","KOCH BIHAR","MATHA BHANGA-II",2018-05-13T10:54:24Z
JAYAD,HORTICULTURE,Vegetables,Brinjal,Weather,"ASKING ABOUT THE WEATHER REPORT OF DINHATA-2 BLOCK,COOCH BIHAR.","POSSIBILITIES OF CLOUDY WEATHER & RAINFALL IN COMING 3 DAYS.","WEST BENGAL","KOCH BIHAR",DINHATA-II,2018-05-13T16:12:44Z
JAYAD,AGRICULTURE,"Fiber Crops",Jute,Weather,"ASKING ABOUT WEATHER FORECASTING OF KOCHBIHAR (MATHABHANGA II BLOCK) DISTRICT.","PARTLY CLOUDY SKY AND LIGHT RAINFALL MAY BE POSSIBLE","WEST BENGAL","KOCH BIHAR","MATHA BHANGA-II",2018-05-13T19:29:51Z
JAYAD,AGRICULTURE,Cereals,"Paddy (Dhan)",Weather,"WEATHER REPORT OF MATHA BHANGA-II,KOCH BIHAR","Date	14-05-2018	15-05-2018	16-05-2018	17-05-2018	18-05-2018	Total / Average
Rainfall (mm)	5.8	14.2	58.2	19.1	20.9	118.2","WEST BENGAL","KOCH BIHAR","MATHA BHANGA-II",2018-05-14T13:13:43Z
JAYAD,HORTICULTURE,Fruits,Ber,"Plant Protection","ASKING ABOUT CONTROL OF LEAF EATING CATERPILLAR IN BER.","RECOMMENDED FOR SPRAY  CHLORPYRIPHOS 20% EC @ 2.5 ML  / LIT OF WATER.","WEST BENGAL","KOCH BIHAR","COOCH BEHAR-I",2018-05-14T15:39:30Z
JAYAD,AGRICULTURE,Cereals,"Paddy (Dhan)",Weather,"ASKING ABOUT WEATHER FORECASTING OF KOCHBIHAR DISTRICT","PARTLY CLOUDY SKY AND LIGHT RAINFALL MAY BE POSSIBLE","WEST BENGAL","KOCH BIHAR","MATHA BHANGA-II",2018-05-14T19:11:01Z
JAYAD,AGRICULTURE,Cereals,"Paddy (Dhan)",Weather,"WEATHER REPORT OF DINHATA BLOCK IN KOCH BIHAR DISTRICT.","Cloudy weather with a couple of showers and a heavy thunderstorm; thunderstorms can cause flash flooding.","WEST BENGAL","KOCH BIHAR",DINHATA-II,2018-05-15T16:57:18Z
JAYAD,AGRICULTURE,Millets,"Maize (Makka)",Weather,"WANT TO KNOW ABOUT WEATHER REPORT OF TUFANGANJ-I BLOCK IN KOCH BIHAR  DISTRICT","POSSIBILITY OF LIGHT OR MODERATE RAINFALL ON 20/05/2018,21/05/2018, 22/08/2018,23/08/2018 AND 24/05/2018","WEST BENGAL","KOCH BIHAR",TUFANGANJ-I,2018-05-15T17:46:02Z
JAYAD,AGRICULTURE,"Fiber Crops",Jute,"Plant Protection","CONTROL OF HAIRY CATERPILLAR IN JUTE","RECOMMENDED FOR SPRAY  LAMDA CYHALOTHRIN 5% EC @ 1 ML  / 2 LIT OF WATER.","WEST BENGAL","KOCH BIHAR",HALDIBARI,2018-05-16T07:58:12Z
RABI,AGRICULTURE,Cereals,"Paddy (Dhan)",Weather,"ASKING ABOUT WEATHER REPORT IN KOCHBIHAR DISTRICT.","VERY WARM WITH HAZY SUNSHINE WITH POSSIBILITY MEDIUM TO HEAVY RAINFALL UPTO 20/05/2018.","WEST BENGAL","KOCH BIHAR",DINHATA-II,2018-05-16T08:42:40Z
KHARIF,AGRICULTURE,Cereals,"Paddy (Dhan)",Weather,"ABOUT WEATHER REPORT IN KOCH BIHAR    DISTRICT","PARTLY SUNNY WITH THUNDERSTORM , RAIN =37 MM(DAY),RAIN= 0 MM(NIGHT) TEMPERATURE HIGH=31C LOW 22C","WEST BENGAL","KOCH BIHAR",TUFANGANJ-I,2018-05-16T15:41:30Z
