Season,Sector,Category,Crop,QueryType,QueryText,KCCAns,StateName,DistrictName,BlockName,CreatedOn
KHARIF,AGRICULTURE,Others,Others,Weather,"WEATHER INFORMATION","today and tomarrow chance of rain in your area",BIHAR,MADHUBANI,"BABU BARHI",2018-07-01T06:45:10Z
KHARIF,AGRICULTURE,Others,Others,Weather,"WEATHER INFORMATION","today and tomarrow chance of rain in your area",BIHAR,MADHUBANI,"BABU BARHI",2018-07-01T06:45:10Z
KHARIF,AGRICULTURE,Others,Others,Weather,"WEATHER INFORMATION","today and tomarrow chance of rain in your area",BIHAR,MADHUBANI,ANDHRATHARHI,2018-07-01T10:03:59Z
KHARIF,AGRICULTURE,Others,Others,Weather,"WEATHER INFORMATION","today and tomarrow chance of rain in your area",BIHAR,MADHUBANI,ANDHRATHARHI,2018-07-01T10:03:59Z
KHARIF,AGRICULTURE,Others,Others,"Field Preparation","weather information","Cloudy weather in your area, chance of rain in your area.",BIHAR,MADHUBANI,MADHEPUR,2018-07-01T17:41:52Z
KHARIF,AGRICULTURE,Others,Others,"Field Preparation","weather information","Cloudy weather in your area, chance of rain in your area.",BIHAR,MADHUBANI,MADHEPUR,2018-07-01T17:41:52Z
KHARIF,AGRICULTURE,Others,Others,"Field Preparation","weather information","Cloudy weather in your area, chance of rain in your area.",BIHAR,MADHUBANI,PANDAUL,2018-07-01T19:07:52Z
KHARIF,AGRICULTURE,Others,Others,"Field Preparation","weather information","Cloudy weather in your area, chance of rain in your area.",BIHAR,MADHUBANI,PANDAUL,2018-07-01T19:07:52Z
KHARIF,AGRICULTURE,Others,Others,"Field Preparation","weather information","Cloudy weather in your area, chance of rain in your area.",BIHAR,MADHUBANI,MADHWAPUR,2018-07-01T19:09:54Z
KHARIF,AGRICULTURE,Others,Others,"Field Preparation","weather information","Cloudy weather in your area, chance of rain in your area.",BIHAR,MADHUBANI,MADHWAPUR,2018-07-01T19:09:54Z
KHARIF,AGRICULTURE,Others,Others,"Field Preparation","farmer registration",www.krishimis.in,BIHAR,MADHUBANI,MADHWAPUR,2018-07-01T20:18:13Z
KHARIF,AGRICULTURE,Others,Others,"Field Preparation","farmer registration",www.krishimis.in,BIHAR,MADHUBANI,MADHWAPUR,2018-07-01T20:18:13Z
KHARIF,AGRICULTURE,Others,Others,Weather,"WEATHER INFORMATION","Cloudy weather in your area, chance of rain in your area",BIHAR,MADHUBANI,KHAJAULI,2018-07-02T10:24:35Z
KHARIF,AGRICULTURE,Others,Others,Weather,"WEATHER INFORMATION","Cloudy weather in your area, chance of rain in your area",BIHAR,MADHUBANI,KHAJAULI,2018-07-02T10:24:35Z
KHARIF,AGRICULTURE,Others,Others,"Field Preparation","weed problem in paddy","butachlor@ 2 ml/lit water spray",BIHAR,MADHUBANI,KHAJAULI,2018-07-02T14:44:37Z
KHARIF,AGRICULTURE,Others,Others,"Field Preparation","weed problem in paddy","butachlor@ 2 ml/lit water spray",BIHAR,MADHUBANI,KHAJAULI,2018-07-02T14:44:37Z
KHARIF,AGRICULTURE,Others,Others,"Field Preparation","Yellowing of leaf / Rotting problem","Spray copper oxycloride @ 2 gram in 1 litter of water",BIHAR,MADHUBANI,MADHWAPUR,2018-07-02T18:32:07Z
KHARIF,AGRICULTURE,Others,Others,"Field Preparation","Yellowing of leaf / Rotting problem","Spray copper oxycloride @ 2 gram in 1 litter of water",BIHAR,MADHUBANI,MADHWAPUR,2018-07-02T18:32:07Z
KHARIF,AGRICULTURE,Others,Others,"Field Preparation","WEED PROBLEM IN PADDY","BUTACHLOR @2 ML/LIT WATER SPRAY",BIHAR,MADHUBANI,MADHWAPUR,2018-07-02T18:34:15Z
KHARIF,AGRICULTURE,Others,Others,"Field Preparation","WEED PROBLEM IN PADDY","BUTACHLOR @2 ML/LIT WATER SPRAY",BIHAR,MADHUBANI,MADHWAPUR,2018-07-02T18:34:15Z
KHARIF,AGRICULTURE,Others,Others,"Field Preparation","weather information","Cloudy weather,rain is likely in your area.",BIHAR,MADHUBANI,BISFI,2018-07-02T21:02:02Z
KHARIF,AGRICULTURE,Others,Others,"Field Preparation","weather information","Cloudy weather,rain is likely in your area.",BIHAR,MADHUBANI,BISFI,2018-07-02T21:02:02Z
KHARIF,AGRICULTURE,Others,Others,Weather,"Weather Information","Cloudy weather today and tomorrow little chance of rain.",BIHAR,MADHUBANI,ANDHRATHARHI,2018-07-03T19:49:55Z
KHARIF,AGRICULTURE,Others,Others,Weather,"Weather Information","Cloudy weather today and tomorrow little chance of rain.",BIHAR,MADHUBANI,ANDHRATHARHI,2018-07-03T19:49:55Z
KHARIF,AGRICULTURE,Cereals,"Paddy (Dhan)",Weather,"WEATHER INFORMATION","?? ?? ??????? ??? ???? ???  ????? ??  ????? ???? ?? ??????? ??",BIHAR,MADHUBANI,BASOPATTI,2018-07-04T09:52:39Z
KHARIF,AGRICULTURE,Cereals,"Paddy (Dhan)",Weather,"WEATHER INFORMATION","?? ?? ??????? ??? ???? ???  ????? ??  ????? ???? ?? ??????? ??",BIHAR,MADHUBANI,BASOPATTI,2018-07-04T09:52:39Z
KHARIF,AGRICULTURE,Others,Others,Weather,"WEATHER INFORMATION","Cloudy weather in your area, chance of rain in your area .",BIHAR,MADHUBANI,LADANIA,2018-07-04T14:26:34Z
KHARIF,AGRICULTURE,Others,Others,Weather,"WEATHER INFORMATION","Cloudy weather in your area, chance of rain in your area .",BIHAR,MADHUBANI,LADANIA,2018-07-04T14:26:34Z
KHARIF,HORTICULTURE,Vegetables,Brinjal,"Plant Protection","YELLOWING OF LEAVES OF BRINJAL","Spray saaf @ 2 G / lit of water",BIHAR,MADHUBANI,MADHWAPUR,2018-07-05T11:04:13Z
KHARIF,HORTICULTURE,Vegetables,Brinjal,"Plant Protection","YELLOWING OF LEAVES OF BRINJAL","Spray saaf @ 2 G / lit of water",BIHAR,MADHUBANI,MADHWAPUR,2018-07-05T11:04:13Z
KHARIF,AGRICULTURE,Cereals,"Paddy (Dhan)","Plant Protection","FUNGUSH IFFCT","MENACOJEB@2ML/LRA OF WATHER",BIHAR,MADHUBANI,GHOGHARDIHA,2018-07-05T15:03:47Z
KHARIF,AGRICULTURE,Cereals,"Paddy (Dhan)","Plant Protection","FUNGUSH IFFCT","MENACOJEB@2ML/LRA OF WATHER",BIHAR,MADHUBANI,GHOGHARDIHA,2018-07-05T15:03:47Z
KHARIF,AGRICULTURE,Others,Others,Weather,"WEATHER INFORMATION","Cloudy weather in your area, chance of rain in your area",BIHAR,MADHUBANI,HARLAKHI,2018-07-05T16:38:44Z
KHARIF,AGRICULTURE,Others,Others,Weather,"WEATHER INFORMATION","Cloudy weather in your area, chance of rain in your area",BIHAR,MADHUBANI,HARLAKHI,2018-07-05T16:38:44Z
KHARIF,AGRICULTURE,Others,Others,"Field Preparation","contact kvk","contact kvk",BIHAR,MADHUBANI,LAKHNAUR,2018-07-05T17:59:28Z
KHARIF,AGRICULTURE,Others,Others,"Field Preparation","contact kvk","contact kvk",BIHAR,MADHUBANI,LAKHNAUR,2018-07-05T17:59:28Z
KHARIF,AGRICULTURE,Others,Others,"Field Preparation","WEATHER INFORMATION","Heavy Cloudy weather in your area,chance of rain in your area",BIHAR,MADHUBANI,HARLAKHI,2018-07-06T12:58:42Z
KHARIF,AGRICULTURE,Others,Others,"Field Preparation","WEATHER INFORMATION","Heavy Cloudy weather in your area,chance of rain in your area",BIHAR,MADHUBANI,HARLAKHI,2018-07-06T12:58:42Z
KHARIF,AGRICULTURE,Others,Others,Weather,"WEATHER INFORMATION","Cloudy weather in your area, chance of rain in your area .",BIHAR,MADHUBANI,KHAJAULI,2018-07-07T11:34:23Z
KHARIF,AGRICULTURE,Others,Others,Weather,"WEATHER INFORMATION","Cloudy weather in your area, chance of rain in your area .",BIHAR,MADHUBANI,KHAJAULI,2018-07-07T11:34:23Z
KHARIF,AGRICULTURE,Others,Others,"Government Schemes","QUERY FOR KVK","Mr. Mangalalnand Jha
Programme Coordinator
Krishi Vigyan Kendra
S.K.Chaudhary Educational Trust,
Chanpura-Basaith
Distt. Madhubani-847102 09955931767",BIHAR,MADHUBANI,LAKHNAUR,2018-07-07T18:28:51Z
KHARIF,AGRICULTURE,Others,Others,"Government Schemes","QUERY FOR KVK","Mr. Mangalalnand Jha
Programme Coordinator
Krishi Vigyan Kendra
S.K.Chaudhary Educational Trust,
Chanpura-Basaith
Distt. Madhubani-847102 09955931767",BIHAR,MADHUBANI,LAKHNAUR,2018-07-07T18:28:51Z
KHARIF,AGRICULTURE,Others,Others,"Agriculture Mechanization","farmer registration","For farmer registration : www.krishimis.in",BIHAR,MADHUBANI,LAUKAHI,2018-07-08T11:10:47Z
KHARIF,AGRICULTURE,Others,Others,"Agriculture Mechanization","farmer registration","For farmer registration : www.krishimis.in",BIHAR,MADHUBANI,LAUKAHI,2018-07-08T11:10:47Z
KHARIF,AGRICULTURE,Others,Others,Weather,"WEATHER INFORMATION","Cloudy weather in your area, chance of rain in your area .",BIHAR,MADHUBANI,BENIPATTI,2018-07-09T12:37:05Z
KHARIF,AGRICULTURE,Others,Others,Weather,"WEATHER INFORMATION","Cloudy weather in your area, chance of rain in your area .",BIHAR,MADHUBANI,BENIPATTI,2018-07-09T12:37:05Z
KHARIF,AGRICULTURE,Cereals,"Paddy (Dhan)",Weather,"WEATHER INFORMATION","?? ?? ??????? ??? ???? ???  ????? ??  ????? ???? ?? ??????? ??",BIHAR,MADHUBANI,BASOPATTI,2018-07-09T20:01:55Z
KHARIF,AGRICULTURE,Cereals,"Paddy (Dhan)",Weather,"WEATHER INFORMATION","?? ?? ??????? ??? ???? ???  ????? ??  ????? ???? ?? ??????? ??",BIHAR,MADHUBANI,BASOPATTI,2018-07-09T20:01:55Z
KHARIF,AGRICULTURE,Others,Others,"Plant Protection","nutrient deficiency in pointed gourd","Spray multi micro nutrients @ 2 ml in 1 liter of water",BIHAR,MADHUBANI,MADHWAPUR,2018-07-10T14:58:02Z
KHARIF,AGRICULTURE,Others,Others,"Plant Protection","nutrient deficiency in pointed gourd","Spray multi micro nutrients @ 2 ml in 1 liter of water",BIHAR,MADHUBANI,MADHWAPUR,2018-07-10T14:58:02Z
KHARIF,AGRICULTURE,Others,Others,Weather,"Weather Information","There will be cloud in your area today and tomorrow and there is a possibility of rain",BIHAR,MADHUBANI,MADHWAPUR,2018-07-10T15:01:37Z
KHARIF,AGRICULTURE,Others,Others,Weather,"Weather Information","There will be cloud in your area today and tomorrow and there is a possibility of rain",BIHAR,MADHUBANI,MADHWAPUR,2018-07-10T15:01:37Z
KHARIF,AGRICULTURE,Others,Others,Weather,"Weather information","Cloudy weather in your area, chance of rain in your area",BIHAR,MADHUBANI,RAJNAGAR,2018-07-10T15:36:28Z
KHARIF,AGRICULTURE,Others,Others,Weather,"Weather information","Cloudy weather in your area, chance of rain in your area",BIHAR,MADHUBANI,RAJNAGAR,2018-07-10T15:36:28Z
KHARIF,AGRICULTURE,Others,Others,"Plant Protection","plant protection","Dimethoate 30 EC 1.5 mililitre prati paani me gholkar chhidkaav kare.",BIHAR,MADHUBANI,ANDHRATHARHI,2018-07-10T15:39:09Z
KHARIF,AGRICULTURE,Others,Others,"Plant Protection","plant protection","Dimethoate 30 EC 1.5 mililitre prati paani me gholkar chhidkaav kare.",BIHAR,MADHUBANI,ANDHRATHARHI,2018-07-10T15:39:09Z
KHARIF,AGRICULTURE,Others,Others,Weather,"Weather information","Cloudy weather in your area, chance of rain in your area",BIHAR,MADHUBANI,ANDHRATHARHI,2018-07-10T15:40:29Z
KHARIF,AGRICULTURE,Others,Others,Weather,"Weather information","Cloudy weather in your area, chance of rain in your area",BIHAR,MADHUBANI,ANDHRATHARHI,2018-07-10T15:40:29Z
KHARIF,AGRICULTURE,Others,Others,Weather,"Weather information","Cloudy weather in your area, chance of rain in your area",BIHAR,MADHUBANI,HARLAKHI,2018-07-10T16:05:13Z
KHARIF,AGRICULTURE,Others,Others,Weather,"Weather information","Cloudy weather in your area, chance of rain in your area",BIHAR,MADHUBANI,HARLAKHI,2018-07-10T16:05:13Z
KHARIF,AGRICULTURE,Others,Others,Weather,"Weather information","Cloudy weather in your area, chance of rain in your area",BIHAR,MADHUBANI,HARLAKHI,2018-07-10T16:05:25Z
KHARIF,AGRICULTURE,Others,Others,Weather,"Weather information","Cloudy weather in your area, chance of rain in your area",BIHAR,MADHUBANI,HARLAKHI,2018-07-10T16:05:25Z
KHARIF,AGRICULTURE,Others,Others,Weather,"Weather information","Cloudy weather in your area, chance of rain in your area",BIHAR,MADHUBANI,BISFI,2018-07-10T16:12:00Z
KHARIF,AGRICULTURE,Others,Others,Weather,"Weather information","Cloudy weather in your area, chance of rain in your area",BIHAR,MADHUBANI,BISFI,2018-07-10T16:12:00Z
KHARIF,AGRICULTURE,Others,Others,Weather,"Weather information","Cloudy weather in your area, chance of rain in your area",BIHAR,MADHUBANI,BISFI,2018-07-10T16:19:36Z
KHARIF,AGRICULTURE,Others,Others,Weather,"Weather information","Cloudy weather in your area, chance of rain in your area",BIHAR,MADHUBANI,BISFI,2018-07-10T16:19:36Z
KHARIF,AGRICULTURE,Others,Others,Weather,"Weather information","Cloudy weather in your area, chance of rain in your area",BIHAR,MADHUBANI,HARLAKHI,2018-07-10T17:34:02Z
KHARIF,AGRICULTURE,Others,Others,Weather,"Weather information","Cloudy weather in your area, chance of rain in your area",BIHAR,MADHUBANI,HARLAKHI,2018-07-10T17:34:02Z
KHARIF,AGRICULTURE,Others,Others,"Field Preparation",kvk,"s k chaudhary educational trust chanpura",BIHAR,MADHUBANI,JAINAGAR,2018-07-10T17:38:22Z
KHARIF,AGRICULTURE,Others,Others,"Field Preparation",kvk,"s k chaudhary educational trust chanpura",BIHAR,MADHUBANI,JAINAGAR,2018-07-10T17:38:22Z
KHARIF,AGRICULTURE,Cereals,"Paddy (Dhan)",Weather,"WEATHER INFORMATION","???? ???  ????? ????? ???? ?? ??????? ??",BIHAR,MADHUBANI,MADHUBANI,2018-07-11T15:28:12Z
KHARIF,AGRICULTURE,Cereals,"Paddy (Dhan)",Weather,"WEATHER INFORMATION","???? ???  ????? ????? ???? ?? ??????? ??",BIHAR,MADHUBANI,MADHUBANI,2018-07-11T15:28:12Z
KHARIF,AGRICULTURE,Others,Others,"Field Preparation","Weather information","Cloudy weather in your area, chance of rain in your area .",BIHAR,MADHUBANI,BASOPATTI,2018-07-11T20:38:42Z
KHARIF,AGRICULTURE,Others,Others,"Field Preparation","Weather information","Cloudy weather in your area, chance of rain in your area .",BIHAR,MADHUBANI,BASOPATTI,2018-07-11T20:38:42Z
KHARIF,AGRICULTURE,Others,Others,"Field Preparation","Weather information","Cloudy weather in your area, chance of rain in your area .",BIHAR,MADHUBANI,BASOPATTI,2018-07-11T20:45:43Z
KHARIF,AGRICULTURE,Others,Others,"Field Preparation","Weather information","Cloudy weather in your area, chance of rain in your area .",BIHAR,MADHUBANI,BASOPATTI,2018-07-11T20:45:43Z
KHARIF,AGRICULTURE,Others,Others,Varieties,"WEATHER INFORMATION","Cloudy weather in your area, chance of rain in your area .",BIHAR,MADHUBANI,RAJNAGAR,2018-07-12T09:44:56Z
KHARIF,AGRICULTURE,Others,Others,Varieties,"WEATHER INFORMATION","Cloudy weather in your area, chance of rain in your area .",BIHAR,MADHUBANI,RAJNAGAR,2018-07-12T09:44:56Z
KHARIF,AGRICULTURE,Others,Others,Weather,"WEATHER INFORMATION","Cloudy weather in your area, chance of rain in your area .",BIHAR,MADHUBANI,BISFI,2018-07-12T12:24:21Z
KHARIF,AGRICULTURE,Others,Others,Weather,"WEATHER INFORMATION","Cloudy weather in your area, chance of rain in your area .",BIHAR,MADHUBANI,BISFI,2018-07-12T12:24:21Z
KHARIF,AGRICULTURE,Others,Others,Weather,"WEATHER INFORMATION","Cloudy weather in your area, chance of rain in your area",BIHAR,MADHUBANI,HARLAKHI,2018-07-13T09:05:35Z
KHARIF,AGRICULTURE,Others,Others,Weather,"WEATHER INFORMATION","Cloudy weather in your area, chance of rain in your area",BIHAR,MADHUBANI,HARLAKHI,2018-07-13T09:05:35Z
KHARIF,AGRICULTURE,Others,Others,"Agriculture Mechanization","Kisan registration","Kisan registration –www.krishimis.in",BIHAR,MADHUBANI,PHULPARAS,2018-07-13T10:00:31Z
KHARIF,AGRICULTURE,Others,Others,"Agriculture Mechanization","Kisan registration","Kisan registration –www.krishimis.in",BIHAR,MADHUBANI,PHULPARAS,2018-07-13T10:00:31Z
KHARIF,AGRICULTURE,Others,Others,Weather,"Weather Information","Cloudy weather today and tomorrow no chance of rain",BIHAR,MADHUBANI,BISFI,2018-07-14T07:13:02Z
KHARIF,AGRICULTURE,Others,Others,Weather,"Weather Information","Cloudy weather today and tomorrow no chance of rain",BIHAR,MADHUBANI,BISFI,2018-07-14T07:13:02Z
KHARIF,AGRICULTURE,Others,Others,"Agriculture Mechanization","Kisan registration","Kisan registration –www.krishimis.in",BIHAR,MADHUBANI,BISFI,2018-07-14T07:15:18Z
KHARIF,AGRICULTURE,Others,Others,"Agriculture Mechanization","Kisan registration","Kisan registration –www.krishimis.in",BIHAR,MADHUBANI,BISFI,2018-07-14T07:15:18Z
KHARIF,AGRICULTURE,Others,Others,"Field Preparation","WEATHER INFORMATION","Heavy Cloudy weather in your area,chance of rain in your area",BIHAR,MADHUBANI,"BABU BARHI",2018-07-16T06:07:55Z
KHARIF,AGRICULTURE,Others,Others,"Field Preparation","WEATHER INFORMATION","Heavy Cloudy weather in your area,chance of rain in your area",BIHAR,MADHUBANI,"BABU BARHI",2018-07-16T06:07:55Z
KHARIF,AGRICULTURE,Cereals,"Paddy (Dhan)",Weather,"WEATHER INFORMATION","???? ???? ???? ??? ????? ,?? ????? ????? ???? ??  ???????? ??",BIHAR,MADHUBANI,HARLAKHI,2018-07-16T15:54:40Z
KHARIF,AGRICULTURE,Cereals,"Paddy (Dhan)",Weather,"WEATHER INFORMATION","???? ???? ???? ??? ????? ,?? ????? ????? ???? ??  ???????? ??",BIHAR,MADHUBANI,HARLAKHI,2018-07-16T15:54:40Z
KHARIF,AGRICULTURE,Cereals,"Paddy (Dhan)",Weather,"WEATHER INFORMATION","???? ???? ???? ??? ????? ,?? ????? ????? ???? ??  ???????? ??",BIHAR,MADHUBANI,JHANJHARPUR,2018-07-16T17:31:37Z
KHARIF,AGRICULTURE,Cereals,"Paddy (Dhan)",Weather,"WEATHER INFORMATION","???? ???? ???? ??? ????? ,?? ????? ????? ???? ??  ???????? ??",BIHAR,MADHUBANI,JHANJHARPUR,2018-07-16T17:31:37Z
KHARIF,AGRICULTURE,Others,Others,Weather,"WEATHER INFORMATION","Today & tomorrow little chance of rain",BIHAR,MADHUBANI,"BABU BARHI",2018-07-16T19:14:59Z
KHARIF,AGRICULTURE,Others,Others,Weather,"WEATHER INFORMATION","Today & tomorrow little chance of rain",BIHAR,MADHUBANI,"BABU BARHI",2018-07-16T19:14:59Z
KHARIF,AGRICULTURE,Others,Others,Weather,"WEATHER INFORMATION","Today & tomorrow little chance of rain",BIHAR,MADHUBANI,"BABU BARHI",2018-07-16T19:22:13Z
KHARIF,AGRICULTURE,Others,Others,Weather,"WEATHER INFORMATION","Today & tomorrow little chance of rain",BIHAR,MADHUBANI,"BABU BARHI",2018-07-16T19:22:13Z
KHARIF,AGRICULTURE,Others,Others,"Field Preparation","WEATHER INFORMATION","Heavy Cloudy weather in your area,chance of rain in your area",BIHAR,MADHUBANI,KALUAHI,2018-07-17T11:52:51Z
KHARIF,AGRICULTURE,Others,Others,"Field Preparation","WEATHER INFORMATION","Heavy Cloudy weather in your area,chance of rain in your area",BIHAR,MADHUBANI,KALUAHI,2018-07-17T11:52:51Z
KHARIF,AGRICULTURE,Others,Others,"Field Preparation","WEATHER INFORMATION","Heavy Cloudy weather in your area,chance of rain in your area",BIHAR,MADHUBANI,MADHEPUR,2018-07-17T12:02:08Z
KHARIF,AGRICULTURE,Others,Others,"Field Preparation","WEATHER INFORMATION","Heavy Cloudy weather in your area,chance of rain in your area",BIHAR,MADHUBANI,MADHEPUR,2018-07-17T12:02:08Z
KHARIF,AGRICULTURE,Others,Others,"Field Preparation","WEATHER INFORMATION","Heavy Cloudy weather in your area,chance of rain in your area",BIHAR,MADHUBANI,GHOGHARDIHA,2018-07-17T13:12:23Z
KHARIF,AGRICULTURE,Others,Others,"Field Preparation","WEATHER INFORMATION","Heavy Cloudy weather in your area,chance of rain in your area",BIHAR,MADHUBANI,GHOGHARDIHA,2018-07-17T13:12:23Z
KHARIF,AGRICULTURE,Others,Others,"Field Preparation","WEATHER INFORMATION","Heavy Cloudy weather in your area,chance of rain in your area",BIHAR,MADHUBANI,PANDAUL,2018-07-18T07:12:35Z
KHARIF,AGRICULTURE,Others,Others,"Field Preparation","WEATHER INFORMATION","Heavy Cloudy weather in your area,chance of rain in your area",BIHAR,MADHUBANI,PANDAUL,2018-07-18T07:12:35Z
KHARIF,AGRICULTURE,Cereals,"Paddy (Dhan)",Weather,"Weather information","Very low Cloudy weather in your area and no chance of rain",BIHAR,MADHUBANI,BASOPATTI,2018-07-18T15:45:44Z
KHARIF,AGRICULTURE,Cereals,"Paddy (Dhan)",Weather,"Weather information","Very low Cloudy weather in your area and no chance of rain",BIHAR,MADHUBANI,BASOPATTI,2018-07-18T15:45:44Z
KHARIF,AGRICULTURE,Cereals,"Paddy (Dhan)",Weather,"WEATHER INFORMATION","???? ???? ???? ??? ????? ,?? ????? ????? ???? ??  ???????? ??",BIHAR,MADHUBANI,"BABU BARHI",2018-07-18T21:36:20Z
KHARIF,AGRICULTURE,Cereals,"Paddy (Dhan)",Weather,"WEATHER INFORMATION","???? ???? ???? ??? ????? ,?? ????? ????? ???? ??  ???????? ??",BIHAR,MADHUBANI,"BABU BARHI",2018-07-18T21:36:20Z
KHARIF,AGRICULTURE,Others,Others,"Market Information","WEATHER INFORMATION","Today & tomorrow little chance of rain",BIHAR,MADHUBANI,BISFI,2018-07-19T14:26:48Z
KHARIF,AGRICULTURE,Others,Others,"Market Information","WEATHER INFORMATION","Today & tomorrow little chance of rain",BIHAR,MADHUBANI,BISFI,2018-07-19T14:26:48Z
KHARIF,AGRICULTURE,Cereals,"Paddy (Dhan)",Weather,"weather information","???? ??? ?????? ,???? ?????????? ???? ?? ???????  ????",BIHAR,MADHUBANI,RAJNAGAR,2018-07-19T16:08:01Z
KHARIF,AGRICULTURE,Cereals,"Paddy (Dhan)",Weather,"weather information","???? ??? ?????? ,???? ?????????? ???? ?? ???????  ????",BIHAR,MADHUBANI,RAJNAGAR,2018-07-19T16:08:01Z
KHARIF,AGRICULTURE,Others,Others,Weather,"WEATHER INFORMATION","Heavy Cloudy weather in your area,chance of rain in your area",BIHAR,MADHUBANI,BASOPATTI,2018-07-19T16:42:44Z
KHARIF,AGRICULTURE,Others,Others,Weather,"WEATHER INFORMATION","Heavy Cloudy weather in your area,chance of rain in your area",BIHAR,MADHUBANI,BASOPATTI,2018-07-19T16:42:44Z
KHARIF,AGRICULTURE,Others,Others,Weather,"WEATHER INFORMATION","Heavy Cloudy weather in your area,chance of rain in your area",BIHAR,MADHUBANI,BASOPATTI,2018-07-19T16:52:08Z
KHARIF,AGRICULTURE,Others,Others,Weather,"WEATHER INFORMATION","Heavy Cloudy weather in your area,chance of rain in your area",BIHAR,MADHUBANI,BASOPATTI,2018-07-19T16:52:08Z
KHARIF,HORTICULTURE,Vegetables,"Amarphophallus (Surankand/Elephant Foot Yam)","Cultural Practices","Sowing time of elephant foot yam","Sowing time of elephant foot yam-march-April",BIHAR,MADHUBANI,PANDAUL,2018-07-20T11:03:36Z
KHARIF,HORTICULTURE,Vegetables,"Amarphophallus (Surankand/Elephant Foot Yam)","Cultural Practices","Sowing time of elephant foot yam","Sowing time of elephant foot yam-march-April",BIHAR,MADHUBANI,PANDAUL,2018-07-20T11:03:36Z
KHARIF,AGRICULTURE,Others,Others,Weather,"WEATHER INFORMATION","Cloudy weather in your area, chance of rain in your area",BIHAR,MADHUBANI,LADANIA,2018-07-20T11:25:23Z
KHARIF,AGRICULTURE,Others,Others,Weather,"WEATHER INFORMATION","Cloudy weather in your area, chance of rain in your area",BIHAR,MADHUBANI,LADANIA,2018-07-20T11:25:23Z
KHARIF,AGRICULTURE,Others,Others,Weather,"WEATHER INFORMATION","Cloudy weather in your area, chance of rain in your area",BIHAR,MADHUBANI,JHANJHARPUR,2018-07-21T06:55:37Z
KHARIF,AGRICULTURE,Others,Others,Weather,"WEATHER INFORMATION","Cloudy weather in your area, chance of rain in your area",BIHAR,MADHUBANI,JHANJHARPUR,2018-07-21T06:55:37Z
KHARIF,AGRICULTURE,Others,Others,Weather,"WEATHER INFORMATION","Cloudy weather in your area, chance of rain in your area",BIHAR,MADHUBANI,RAJNAGAR,2018-07-21T09:59:48Z
KHARIF,AGRICULTURE,Others,Others,Weather,"WEATHER INFORMATION","Cloudy weather in your area, chance of rain in your area",BIHAR,MADHUBANI,RAJNAGAR,2018-07-21T09:59:48Z
KHARIF,AGRICULTURE,Others,Others,"Government Schemes","PROBLEM RELATED TO DBT SERVOR ERROR","AAP BLOCK ME CONTACT KARE",BIHAR,MADHUBANI,JAINAGAR,2018-07-21T10:38:06Z
KHARIF,AGRICULTURE,Others,Others,"Government Schemes","PROBLEM RELATED TO DBT SERVOR ERROR","AAP BLOCK ME CONTACT KARE",BIHAR,MADHUBANI,JAINAGAR,2018-07-21T10:38:06Z
RABI,HORTICULTURE,Vegetables,Chillies,"Plant Protection","Yellow mite or muranai mite","Dimethoate 30 % EC 1.0 ml/lit. 
Ethion 50 % EC 2.0 ml/lit. 
Fenazaquin 10 % EC 2.0 ml/lit.",BIHAR,MADHUBANI,LADANIA,2018-07-21T12:05:23Z
RABI,HORTICULTURE,Vegetables,Chillies,"Plant Protection","Yellow mite or muranai mite","Dimethoate 30 % EC 1.0 ml/lit. 
Ethion 50 % EC 2.0 ml/lit. 
Fenazaquin 10 % EC 2.0 ml/lit.",BIHAR,MADHUBANI,LADANIA,2018-07-21T12:05:23Z
KHARIF,AGRICULTURE,Others,Others,"Field Preparation","- www.krishimis.in","- www.krishimis.in",BIHAR,MADHUBANI,BISFI,2018-07-21T14:08:05Z
KHARIF,AGRICULTURE,Others,Others,"Field Preparation","- www.krishimis.in","- www.krishimis.in",BIHAR,MADHUBANI,BISFI,2018-07-21T14:08:05Z
KHARIF,AGRICULTURE,Cereals,"Paddy (Dhan)",Weather,"WEATHER INFORMATION","?? ?? ?? ???? ??????? ??? ???? ??? ????? ?? ????? ?? ??????? ??",BIHAR,MADHUBANI,BASOPATTI,2018-07-21T17:22:29Z
KHARIF,AGRICULTURE,Cereals,"Paddy (Dhan)",Weather,"WEATHER INFORMATION","?? ?? ?? ???? ??????? ??? ???? ??? ????? ?? ????? ?? ??????? ??",BIHAR,MADHUBANI,BASOPATTI,2018-07-21T17:22:29Z
KHARIF,AGRICULTURE,Cereals,"Paddy (Dhan)",Weather,"WEATHER INFORMATION","???? ??????? ??? ???? ??? ????? ?? ????? ???? ?? ??????? ??",BIHAR,MADHUBANI,KHAJAULI,2018-07-21T20:28:19Z
KHARIF,AGRICULTURE,Cereals,"Paddy (Dhan)",Weather,"WEATHER INFORMATION","???? ??????? ??? ???? ??? ????? ?? ????? ???? ?? ??????? ??",BIHAR,MADHUBANI,KHAJAULI,2018-07-21T20:28:19Z
KHARIF,AGRICULTURE,Cereals,"Paddy (Dhan)",Weather,"WEATHER INFORMATION","???? ???  ?????, ????? ????? ???? ?? ??????? ??",BIHAR,MADHUBANI,"LAUKAHA (KHUTAUNA)",2018-07-22T08:49:48Z
KHARIF,AGRICULTURE,Cereals,"Paddy (Dhan)",Weather,"WEATHER INFORMATION","???? ???  ?????, ????? ????? ???? ?? ??????? ??",BIHAR,MADHUBANI,"LAUKAHA (KHUTAUNA)",2018-07-22T08:49:48Z
KHARIF,AGRICULTURE,Others,Others,"Government Schemes","PROBLEM RELATED TO DBT ERROR","AAP BLOCK ME BLOCK AGRICULTURE  OFFICER SE CONTACT KARE",BIHAR,MADHUBANI,HARLAKHI,2018-07-22T09:47:16Z
KHARIF,AGRICULTURE,Others,Others,"Government Schemes","PROBLEM RELATED TO DBT ERROR","AAP BLOCK ME BLOCK AGRICULTURE  OFFICER SE CONTACT KARE",BIHAR,MADHUBANI,HARLAKHI,2018-07-22T09:47:16Z
KHARIF,AGRICULTURE,Others,Others,Weather,"WEATHER INFORMATION","Cloudy weather in your area, chance of rain in your area .",BIHAR,MADHUBANI,BISFI,2018-07-22T11:53:24Z
KHARIF,AGRICULTURE,Others,Others,Weather,"WEATHER INFORMATION","Cloudy weather in your area, chance of rain in your area .",BIHAR,MADHUBANI,BISFI,2018-07-22T11:53:24Z
KHARIF,AGRICULTURE,Others,Others,Weather,"WEATHER INFORMATION","Cloudy weather in your area, chance of rain in your area",BIHAR,MADHUBANI,MADHEPUR,2018-07-22T14:11:19Z
KHARIF,AGRICULTURE,Others,Others,Weather,"WEATHER INFORMATION","Cloudy weather in your area, chance of rain in your area",BIHAR,MADHUBANI,MADHEPUR,2018-07-22T14:11:19Z
KHARIF,HORTICULTURE,Vegetables,Cauliflower,"Cultural Practices","VARIETIES OF CAULIFLOWER","VARIETIES OF CAULIFLOWER----EARLY KUNWARI,PUSA KATAKI,PUSA SHARAD,PUSA DEEPALI",BIHAR,MADHUBANI,BENIPATTI,2018-07-24T08:29:02Z
KHARIF,HORTICULTURE,Vegetables,Cauliflower,"Cultural Practices","VARIETIES OF CAULIFLOWER","VARIETIES OF CAULIFLOWER----EARLY KUNWARI,PUSA KATAKI,PUSA SHARAD,PUSA DEEPALI",BIHAR,MADHUBANI,BENIPATTI,2018-07-24T08:29:02Z
KHARIF,HORTICULTURE,Fruits,Papaya,"Cultural Practices","VARIETIES OF PAPAYA","Best variety of papaya- pusa nanha, pusa dwarf, pusa delicious, pusa majesti",BIHAR,MADHUBANI,MADHEPUR,2018-07-24T08:52:23Z
KHARIF,HORTICULTURE,Fruits,Papaya,"Cultural Practices","VARIETIES OF PAPAYA","Best variety of papaya- pusa nanha, pusa dwarf, pusa delicious, pusa majesti",BIHAR,MADHUBANI,MADHEPUR,2018-07-24T08:52:23Z
KHARIF,HORTICULTURE,Fruits,Papaya,"Cultural Practices","Best variety of papaya-","Best variety of papaya- pusa nanha, pusa dwarf, pusa delicious, pusa majesti",BIHAR,MADHUBANI,BASOPATTI,2018-07-24T09:04:56Z
KHARIF,HORTICULTURE,Fruits,Papaya,"Cultural Practices","Best variety of papaya-","Best variety of papaya- pusa nanha, pusa dwarf, pusa delicious, pusa majesti",BIHAR,MADHUBANI,BASOPATTI,2018-07-24T09:04:56Z
KHARIF,AGRICULTURE,Others,Others,"Government Schemes","INFORMATION ABOUT DISSEL SUBSIDY","For farmer registration : www.krishimis.in",BIHAR,MADHUBANI,MADHEPUR,2018-07-24T09:56:05Z
KHARIF,AGRICULTURE,Others,Others,"Government Schemes","INFORMATION ABOUT DISSEL SUBSIDY","For farmer registration : www.krishimis.in",BIHAR,MADHUBANI,MADHEPUR,2018-07-24T09:56:05Z
KHARIF,AGRICULTURE,Others,Others,"Government Schemes","For farmer registration","For farmer registration : www.krishimis.in",BIHAR,MADHUBANI,RAJNAGAR,2018-07-24T10:29:33Z
KHARIF,AGRICULTURE,Others,Others,"Government Schemes","For farmer registration","For farmer registration : www.krishimis.in",BIHAR,MADHUBANI,RAJNAGAR,2018-07-24T10:29:33Z
RABI,HORTICULTURE,Vegetables,Chillies,"Plant Protection","Gram caterpillar","Emamectin benzoate 5 % SG 4 g/10 lit. 
Flubendiamide 20 WDG 6.0 g /10 lit. 
Indoxacarb 14.5 % SC 6.5 ml/10 lit.",BIHAR,MADHUBANI,BENIPATTI,2018-07-24T11:25:53Z
RABI,HORTICULTURE,Vegetables,Chillies,"Plant Protection","Gram caterpillar","Emamectin benzoate 5 % SG 4 g/10 lit. 
Flubendiamide 20 WDG 6.0 g /10 lit. 
Indoxacarb 14.5 % SC 6.5 ml/10 lit.",BIHAR,MADHUBANI,BENIPATTI,2018-07-24T11:25:53Z
KHARIF,HORTICULTURE,Vegetables,"Pointed Gourd","Plant Protection","FLOWER  DROPPING PROBLEM IN POINTED GOURD","spray planofix 1 ml/4 liter water",BIHAR,MADHUBANI,KHAJAULI,2018-07-24T12:30:14Z
KHARIF,HORTICULTURE,Vegetables,"Pointed Gourd","Plant Protection","FLOWER  DROPPING PROBLEM IN POINTED GOURD","spray planofix 1 ml/4 liter water",BIHAR,MADHUBANI,KHAJAULI,2018-07-24T12:30:14Z
KHARIF,AGRICULTURE,Others,Others,Weather,"TELL ME ABOUT WEATHER INFORMATION ?","RAIN POSSIBILITY IN NEXT 3-4 DAYS AND CLOUDY SKY",BIHAR,MADHUBANI,MADHUBANI,2018-07-27T07:41:45Z
KHARIF,AGRICULTURE,Others,Others,Weather,"TELL ME ABOUT WEATHER INFORMATION ?","RAIN POSSIBILITY IN NEXT 3-4 DAYS AND CLOUDY SKY",BIHAR,MADHUBANI,MADHUBANI,2018-07-27T07:41:45Z
KHARIF,AGRICULTURE,Others,Others,Weather,"WEATHER INFORMATION","Cloudy weather in your area, chance of rain in your area .",BIHAR,MADHUBANI,HARLAKHI,2018-07-28T06:35:42Z
KHARIF,AGRICULTURE,Others,Others,Weather,"WEATHER INFORMATION","Cloudy weather in your area, chance of rain in your area .",BIHAR,MADHUBANI,HARLAKHI,2018-07-28T06:35:42Z
KHARIF,AGRICULTURE,Others,Others,"Government Schemes","problem related to dbt",9771435611,BIHAR,MADHUBANI,KHAJAULI,2018-07-28T08:55:30Z
KHARIF,AGRICULTURE,Others,Others,"Government Schemes","problem related to dbt",9771435611,BIHAR,MADHUBANI,KHAJAULI,2018-07-28T08:55:30Z
KHARIF,AGRICULTURE,Others,Others,"Government Schemes","problem related to dbt","aap sahaj kendra me jaye",BIHAR,MADHUBANI,PHULPARAS,2018-07-28T10:01:42Z
KHARIF,AGRICULTURE,Others,Others,"Government Schemes","problem related to dbt","aap sahaj kendra me jaye",BIHAR,MADHUBANI,PHULPARAS,2018-07-28T10:01:42Z
KHARIF,AGRICULTURE,Others,Others,Weather,"problem related to dbt","aap sahaj kendra me jaye",BIHAR,MADHUBANI,PANDAUL,2018-07-28T10:54:18Z
KHARIF,AGRICULTURE,Others,Others,Weather,"problem related to dbt","aap sahaj kendra me jaye",BIHAR,MADHUBANI,PANDAUL,2018-07-28T10:54:18Z
KHARIF,AGRICULTURE,Others,Others,Weather,"problem related to dbt","aap sahaj kendra me jaye",BIHAR,MADHUBANI,PANDAUL,2018-07-28T10:57:32Z
KHARIF,AGRICULTURE,Others,Others,Weather,"problem related to dbt","aap sahaj kendra me jaye",BIHAR,MADHUBANI,PANDAUL,2018-07-28T10:57:32Z
KHARIF,AGRICULTURE,Others,Others,Weather,"WEATHER INFORMATION","Cloudy weather in your area, chance of rain in your area .",BIHAR,MADHUBANI,PHULPARAS,2018-07-29T07:39:44Z
KHARIF,AGRICULTURE,Others,Others,Weather,"WEATHER INFORMATION","Cloudy weather in your area, chance of rain in your area .",BIHAR,MADHUBANI,PHULPARAS,2018-07-29T07:39:44Z
KHARIF,AGRICULTURE,Others,Others,Weather,"problem related to dbt","aap sahaj kendra me jaye",BIHAR,MADHUBANI,BENIPATTI,2018-07-29T08:22:58Z
KHARIF,AGRICULTURE,Others,Others,Weather,"problem related to dbt","aap sahaj kendra me jaye",BIHAR,MADHUBANI,BENIPATTI,2018-07-29T08:22:58Z
RABI,HORTICULTURE,Vegetables,Chillies,"Plant Protection","Chilli thrips","Imidacloprid 17.8 % SL 3.0 ml/10 lit. 
Dimethoate 30 % EC 1.0 ml/lit.",BIHAR,MADHUBANI,BENIPATTI,2018-07-29T08:25:51Z
RABI,HORTICULTURE,Vegetables,Chillies,"Plant Protection","Chilli thrips","Imidacloprid 17.8 % SL 3.0 ml/10 lit. 
Dimethoate 30 % EC 1.0 ml/lit.",BIHAR,MADHUBANI,BENIPATTI,2018-07-29T08:25:51Z
KHARIF,AGRICULTURE,Others,Others,Weather,"problem related to dbt","aap sahaj kendra me jaye",BIHAR,MADHUBANI,MADHWAPUR,2018-07-29T08:29:15Z
KHARIF,AGRICULTURE,Others,Others,Weather,"problem related to dbt","aap sahaj kendra me jaye",BIHAR,MADHUBANI,MADHWAPUR,2018-07-29T08:29:15Z
KHARIF,AGRICULTURE,Others,Others,Weather,"WEATHER INFORMATION","Cloudy weather in your area, chance of rain in your area .",BIHAR,MADHUBANI,"BABU BARHI",2018-07-29T09:28:12Z
KHARIF,AGRICULTURE,Others,Others,Weather,"WEATHER INFORMATION","Cloudy weather in your area, chance of rain in your area .",BIHAR,MADHUBANI,"BABU BARHI",2018-07-29T09:28:12Z
KHARIF,AGRICULTURE,Others,Others,"Field Preparation","yellow leaf on paddy","copperoxychlorid@ 2g/lit water spray",BIHAR,MADHUBANI,MADHWAPUR,2018-07-29T19:20:30Z
KHARIF,AGRICULTURE,Others,Others,"Field Preparation","yellow leaf on paddy","copperoxychlorid@ 2g/lit water spray",BIHAR,MADHUBANI,MADHWAPUR,2018-07-29T19:20:30Z
KHARIF,AGRICULTURE,Others,Others,Weather,"weather information","Cloudy weather in your area, chance of rain in your area.",BIHAR,MADHUBANI,ANDHRATHARHI,2018-07-30T08:50:53Z
KHARIF,AGRICULTURE,Others,Others,Weather,"weather information","Cloudy weather in your area, chance of rain in your area.",BIHAR,MADHUBANI,ANDHRATHARHI,2018-07-30T08:50:53Z
RABI,HORTICULTURE,Vegetables,Bhindi(Okra/Ladysfinger),"Plant Protection","Bhendi yellow vein mosaic virus","controlled by application of Chlorpyriphos 2.5 ml + neem oil 2 ml lit of water.",BIHAR,MADHUBANI,LADANIA,2018-07-30T10:22:41Z
RABI,HORTICULTURE,Vegetables,Bhindi(Okra/Ladysfinger),"Plant Protection","Bhendi yellow vein mosaic virus","controlled by application of Chlorpyriphos 2.5 ml + neem oil 2 ml lit of water.",BIHAR,MADHUBANI,LADANIA,2018-07-30T10:22:41Z
KHARIF,AGRICULTURE,Others,Others,"Government Schemes","PROBLEM RELATED TO DBT","AAP SAHAZ KENDRA ME CONTACT KARE",BIHAR,MADHUBANI,ANDHRATHARHI,2018-07-30T11:06:04Z
KHARIF,AGRICULTURE,Others,Others,"Government Schemes","PROBLEM RELATED TO DBT","AAP SAHAZ KENDRA ME CONTACT KARE",BIHAR,MADHUBANI,ANDHRATHARHI,2018-07-30T11:06:04Z
KHARIF,AGRICULTURE,Cereals,"Paddy (Dhan)",Weather,"WEATHER INFORMATION","???? ??????? ??? ???? ??? ????? ?? ????? ???? ?? ??????? ??",BIHAR,MADHUBANI,BASOPATTI,2018-07-30T15:41:53Z
KHARIF,AGRICULTURE,Cereals,"Paddy (Dhan)",Weather,"WEATHER INFORMATION","???? ??????? ??? ???? ??? ????? ?? ????? ???? ?? ??????? ??",BIHAR,MADHUBANI,BASOPATTI,2018-07-30T15:41:53Z
KHARIF,AGRICULTURE,Others,Others,Weather,"Weather Information","There will be cloud in your area today and tomorrow and there is a possibility of rain",BIHAR,MADHUBANI,"BABU BARHI",2018-07-30T15:59:34Z
KHARIF,AGRICULTURE,Others,Others,Weather,"Weather Information","There will be cloud in your area today and tomorrow and there is a possibility of rain",BIHAR,MADHUBANI,"BABU BARHI",2018-07-30T15:59:34Z
RABI,HORTICULTURE,Vegetables,Chillies,"Plant Protection","Green peach aphid","Imidacloprid 17.8 % SL 3.5 ml/10 lit. 
Oxydemeton –Methyl 25% EC 1.6 ml/lit.",BIHAR,MADHUBANI,BENIPATTI,2018-07-31T11:50:14Z
RABI,HORTICULTURE,Vegetables,Chillies,"Plant Protection","Green peach aphid","Imidacloprid 17.8 % SL 3.5 ml/10 lit. 
Oxydemeton –Methyl 25% EC 1.6 ml/lit.",BIHAR,MADHUBANI,BENIPATTI,2018-07-31T11:50:14Z
KHARIF,AGRICULTURE,Cereals,"Paddy (Dhan)",Weather,"Weather Information","?? ?? ??????? ??? ?? ?? ?? ???? ??? ????? ?? ????? ???? ?? ???????? ??",BIHAR,MADHUBANI,JHANJHARPUR,2018-07-31T17:54:15Z
KHARIF,AGRICULTURE,Cereals,"Paddy (Dhan)",Weather,"Weather Information","?? ?? ??????? ??? ?? ?? ?? ???? ??? ????? ?? ????? ???? ?? ???????? ??",BIHAR,MADHUBANI,JHANJHARPUR,2018-07-31T17:54:15Z
KHARIF,AGRICULTURE,Others,Others,"Field Preparation","WEATHER INFORMATION","Cloudy weather but no chance of rain",BIHAR,MADHUBANI,KHAJAULI,2018-07-31T19:53:32Z
KHARIF,AGRICULTURE,Others,Others,"Field Preparation","WEATHER INFORMATION","Cloudy weather but no chance of rain",BIHAR,MADHUBANI,KHAJAULI,2018-07-31T19:53:32Z
