Season,Sector,Category,Crop,QueryType,QueryText,KCCAns,StateName,DistrictName,BlockName,CreatedOn
RABI,HORTICULTURE,Fruits,Pomegranate,"Plant Protection","FRUIT & FLOWER DROPPING OF POMEGRANATE","Sprary planofix 1ml in 4- 5 lit of water",BIHAR,NALANDA,BIHARSHARIF,2018-02-01T09:39:59Z
RABI,AGRICULTURE,Cereals,Wheat,"Plant Protection","YELLOW COLOUR LEAF OF WHEAT","SPRAY CARBENDAZIME 2.5GM/LIT OF WATER FOR WHEAT YELLOW LEAF",BIHAR,NALANDA,RAJGIR,2018-02-01T17:55:27Z
RABI,AGRICULTURE,Cereals,Wheat,Weather,"WEATHER INFORMATION","????? ???? ???? ????? ?????? ??? ???? ????? I",BIHAR,NALANDA,ISLAMPUR,2018-02-02T14:22:48Z
RABI,AGRICULTURE,Others,Others,Weather,"Weather information","Hazy sun",BIHAR,NALANDA,RAHUI,2018-02-02T15:21:03Z
RABI,AGRICULTURE,Others,Others,"Field Preparation","Yellowing of leaf / Rotting problem","Spray mancozeb @ 2g/lit of water",BIHAR,NALANDA,HARNAUT,2018-02-02T16:16:26Z
RABI,AGRICULTURE,Others,Others,"Field Preparation","Weather information","Hazy weather in your area ,no chance of rain",BIHAR,NALANDA,HARNAUT,2018-02-02T18:00:21Z
JAYAD,AGRICULTURE,Others,Others,"Nutrient Management",NUTRIENT,"Spray Multi micro nutrient @ 2 gram in 1 litre of water",BIHAR,NALANDA,PARBALPUR,2018-02-02T21:06:09Z
RABI,AGRICULTURE,Others,Others,Weather,"wEATHER CONDITION","There will be light clouds in the sky.",BIHAR,NALANDA,RAHUI,2018-02-03T07:03:14Z
JAYAD,HORTICULTURE,Vegetables,"Bitter Gourd","Field Preparation","sowing time of bitter gourd and spong gourd","till 15-30 februry",BIHAR,NALANDA,SILAO,2018-02-03T10:52:42Z
RABI,AGRICULTURE,Others,Others,"Market Information","alobera marketing","block visit",BIHAR,NALANDA,KATRISARAI,2018-02-03T14:38:47Z
JAYAD,AGRICULTURE,Others,Others,Weather,"Weather information","Hazy weather in your area ,no chance of rain",BIHAR,NALANDA,RAJGIR,2018-02-03T14:56:29Z
RABI,AGRICULTURE,Pulses,"Lentil (Masur)","Nutrient Management","NUTRIENT MANAGEMENT IN  LENTIL","Spray boom flower @ 2 ml / lit of water",BIHAR,NALANDA,RAJGIR,2018-02-03T14:59:52Z
RABI,AGRICULTURE,Pulses,"Green Gram (Moong Bean/ Moong)","Sowing Time and Weather","SOWING TIME OF MOONG","SOWING TIME OF MOONG------15 FEBRUARY- MARCH",BIHAR,NALANDA,RAHUI,2018-02-03T15:26:59Z
RABI,AGRICULTURE,Oilseeds,Toria,"Nutrient Management","diease of mutard","Spray mancozeb @ 2g/lit of water",BIHAR,NALANDA,THARTHARI,2018-02-03T17:46:56Z
RABI,HORTICULTURE,Fruits,Litchi,"Plant Protection","LITCHI MANJAR","MICRONUTRIENT 2ML",BIHAR,NALANDA,RAHUI,2018-02-03T20:22:38Z
RABI,AGRICULTURE,Cereals,Wheat,"Plant Protection","yellowing with dark red margin in leaves","spray mancozeb @ 2 gram per liter of water",BIHAR,NALANDA,HARNAUT,2018-02-04T08:29:10Z
KHARIF,HORTICULTURE,Fruits,Mango,"Plant Protection","yellowing of leaves","apply multi micronutrient @ 2 gram in one liter of water",BIHAR,NALANDA,HARNAUT,2018-02-04T11:08:49Z
RABI,AGRICULTURE,Others,Others,Weather,"WEATHER INFORMATION","Hazy sunshine",BIHAR,NALANDA,HARNAUT,2018-02-04T11:09:55Z
RABI,AGRICULTURE,Others,Others,Weather,"WEATHER INFORMATION","No chance of rain in your area",BIHAR,NALANDA,THARTHARI,2018-02-04T12:18:22Z
JAYAD,AGRICULTURE,Others,Others,"Weed Management","weed management","GLYPHOSATE 41% SL",BIHAR,NALANDA,RAJGIR,2018-02-04T18:26:22Z
JAYAD,AGRICULTURE,Others,Others,"Sowing Time and Weather","sowing time of french bean","jan- feb",BIHAR,NALANDA,HILSA,2018-02-04T20:36:46Z
RABI,AGRICULTURE,Cereals,Wheat,Weather,"Weather information","Cloudy weather today and tomorrow little chance of rain.",BIHAR,NALANDA,RAJGIR,2018-02-05T11:24:53Z
RABI,AGRICULTURE,Others,Others,"Sowing Time and Weather","WEATER  CONDITATION IN NALANDA BIHAR","HAZY SUNSHINE SOME TIME CLOUDY WEATHER",BIHAR,NALANDA,SARMERA,2018-02-05T17:33:06Z
RABI,AGRICULTURE,Others,Others,"Field Preparation","Variety of Potato","Variety of Potato - KUFRI ASHOKA, KUFRI PUKHRAJ, KUFRI KANCHAN, KUFRI PUSHKAR, KUFRI LALIMA, RAJENDRA AALU-1,2,3, KUFRI SINDURI",BIHAR,NALANDA,SILAO,2018-02-05T20:39:46Z
RABI,AGRICULTURE,Pulses,"Bengal Gram (Gram/Chick Pea/Kabuli/Chana)","Nutrient Management","leaves yellowing in chickpea","spray mancozeb@2 gram per liter water",BIHAR,NALANDA,RAHUI,2018-02-06T12:14:09Z
RABI,AGRICULTURE,Pulses,"Bengal Gram (Gram/Chick Pea/Kabuli/Chana)","Nutrient Management","growth in chickpea","Spray Multi micro nutrient @ 2 gram in 1 litre of water",BIHAR,NALANDA,HILSA,2018-02-06T13:04:44Z
RABI,AGRICULTURE,Cereals,Wheat,Weather,"WEATHER INFORMATION","Cloudy weather in your area, but no chance of rain in your area",BIHAR,NALANDA,RAHUI,2018-02-06T17:18:54Z
JAYAD,AGRICULTURE,Others,Others,"Plant Protection","DELAY THE GROWTH IN MASUR","Spray Multi micro nutrient @ 2 gram in 1 litre of water",BIHAR,NALANDA,HILSA,2018-02-06T17:19:22Z
RABI,AGRICULTURE,Cereals,Wheat,Weather,"WEATHER INFORMATION","Cloudy weather in your area, but no chance of rain in your area",BIHAR,NALANDA,RAHUI,2018-02-06T17:37:04Z
RABI,AGRICULTURE,Cereals,Wheat,Weather,"WEATHER INFORMATION","Cloudy weather in your area, but no chance of rain in your area",BIHAR,NALANDA,RAHUI,2018-02-06T17:55:50Z
RABI,AGRICULTURE,Cereals,Wheat,Weather,"WEATHER INFORMATION","Cloudy weather in your area, but no chance of rain in your area",BIHAR,NALANDA,RAHUI,2018-02-06T19:29:45Z
RABI,AGRICULTURE,Cereals,Wheat,Weather,"WEATHER INFORMATION","Sunny weather but no rain in your area.",BIHAR,NALANDA,THARTHARI,2018-02-07T11:39:48Z
RABI,AGRICULTURE,Cereals,Wheat,Weather,"WEATHER INFORMATION","Sunny weather but no rain in your area.",BIHAR,NALANDA,HARNAUT,2018-02-07T13:47:37Z
KHARIF,HORTICULTURE,Vegetables,Brinjal,"Plant Protection","FRUIT BORER IN BRINJAL","SPRAY ROGOR 2ML/LIT OF WATER FOR BRINJAL",BIHAR,NALANDA,SARMERA,2018-02-07T16:01:28Z
JAYAD,AGRICULTURE,Others,Others,Weather,"WEATHER INFORMATION","Cloudy weather in your area, but no chance of rain in your area",BIHAR,NALANDA,HILSA,2018-02-07T16:53:29Z
RABI,AGRICULTURE,Others,Others,"Field Preparation","WEATHER INFORMATION","Today and tomorrow no chance of rain in your area.",BIHAR,NALANDA,HARNAUT,2018-02-07T17:47:48Z
RABI,AGRICULTURE,Cereals,Wheat,Weather,"WEATHER INFORMATION","Sunny weather but no rain in your area.",BIHAR,NALANDA,THARTHARI,2018-02-07T17:47:59Z
RABI,AGRICULTURE,Others,Others,"Field Preparation","WEATHER INFORMATION","Today and tomorrow no chance of rain in your area.",BIHAR,NALANDA,NOORSARAI,2018-02-07T18:03:03Z
RABI,AGRICULTURE,Others,Others,"Field Preparation","WEATHER INFORMATION","Today and tomorrow no chance of rain in your area.",BIHAR,NALANDA,NOORSARAI,2018-02-07T18:03:56Z
RABI,AGRICULTURE,Others,Others,"Field Preparation","WEATHER INFORMATION","Today and tomorrow no chance of rain in your area.",BIHAR,NALANDA,HILSA,2018-02-07T18:57:44Z
RABI,AGRICULTURE,Pulses,"Bengal Gram (Gram/Chick Pea/Kabuli/Chana)","Field Preparation","GRAM GROWTH","Spray boomflower @ 2 ml in 1 litre of water",BIHAR,NALANDA,ASTHAWAN,2018-02-08T07:08:50Z
RABI,AGRICULTURE,Pulses,"Lentil (Masur)","Field Preparation","LENTIL FRUITING","Spray planofix @ 1 ml in 4-5 litre of water",BIHAR,NALANDA,ASTHAWAN,2018-02-08T07:11:13Z
JAYAD,AGRICULTURE,Others,Others,Seeds,seeds,"pusa sanyog,japanese long green ,pinesett,balaam kheera",BIHAR,NALANDA,HILSA,2018-02-08T10:22:20Z
KHARIF,HORTICULTURE,Fruits,Mango,"Nutrient Management","lack of complete emergence of leaves and flower","apply rogor 2 ml per liter water",BIHAR,NALANDA,RAJGIR,2018-02-08T11:56:47Z
RABI,AGRICULTURE,Others,Others,"Field Preparation","Yellowing of leaf / Rotting problem","Spray mancozeb @ 2g/lit of water",BIHAR,NALANDA,PARBALPUR,2018-02-08T19:46:00Z
RABI,AGRICULTURE,Others,Others,"Field Preparation","Insect infestation","Spray  Imidachloprid @ 1ml/3lit of water",BIHAR,NALANDA,PARBALPUR,2018-02-08T19:47:37Z
RABI,AGRICULTURE,Others,Others,"Field Preparation","FLOWER DROPPING","Sprary planofix 1ml in 4- 5 lit of water.  (NAA @ 20 ppm)",BIHAR,NALANDA,PARBALPUR,2018-02-08T19:49:15Z
RABI,AGRICULTURE,Others,Others,"Field Preparation","FLOWER DROPPING","Sprary planofix 1ml in 4- 5 lit of water.  (NAA @ 20 ppm)",BIHAR,NALANDA,PARBALPUR,2018-02-08T19:50:12Z
JAYAD,HORTICULTURE,Vegetables,Onion,"Cultural Practices","Weed management in onion","spray oxy phlorophen @1.5 ml in 1 litre of water",BIHAR,NALANDA,EKANGARSARAI,2018-02-09T10:51:34Z
RABI,FISHERIES,Inland,"Fresh Water","Fish Fingerling Production","RAISING FISHERY","CONSULT KRISHI VIGAN KENDRA HARNOUT",BIHAR,NALANDA,HARNAUT,2018-02-09T14:53:27Z
RABI,AGRICULTURE,Others,Others,"Field Preparation","pest attack on mustard","malathion-2ml/lit water spray",BIHAR,NALANDA,"NAGAR NAUSA",2018-02-09T15:14:13Z
RABI,AGRICULTURE,Cereals,Wheat,"Water Management","SECOND IRRIGATION IN WHEAT","20-25 DAYS AFTER FIRST IRRIGATION",BIHAR,NALANDA,EKANGARSARAI,2018-02-10T10:49:16Z
RABI,AGRICULTURE,Others,Others,"Sowing Time and Weather","WEATHER INFORMATION","Periods of clouds and sunshine",BIHAR,NALANDA,SARMERA,2018-02-10T13:41:58Z
RABI,AGRICULTURE,Others,Others,"Field Preparation","Weather information","Hazy weather in your area ,no chance of rain",BIHAR,NALANDA,BIND,2018-02-10T17:02:06Z
RABI,AGRICULTURE,Others,Others,Weather,"WEATHER INFORMATION","Cloudy weather in your area and no chance of rain in your area",BIHAR,NALANDA,RAHUI,2018-02-10T17:24:05Z
RABI,AGRICULTURE,Others,Others,"Plant Protection","Fruit dropping problem in bael","SPRAY PLANOFIX 1 ML/5LITRE OF WATER",BIHAR,NALANDA,ISLAMPUR,2018-02-10T21:46:23Z
JAYAD,AGRICULTURE,Others,Others,"Plant Protection","Nutritional medicine","Spray Multi micro nutrient @ 2 gram in 1 liter of water",BIHAR,NALANDA,RAHUI,2018-02-11T15:38:28Z
JAYAD,AGRICULTURE,Others,Others,Weather,"WEATHER  INFORMATION","Cloudy weather tomorrow today and little chance of rain in your area.",BIHAR,NALANDA,HARNAUT,2018-02-12T08:07:23Z
JAYAD,AGRICULTURE,Others,Others,Weather,"WEATHER INFORMATION","TODAY AND TOMORROW CHANCE OF RAIN IN YOUR AREA",BIHAR,NALANDA,SILAO,2018-02-12T08:19:20Z
RABI,AGRICULTURE,Others,Others,"Plant Protection","Rotting problem","Spray copper oxycloride @ 2 gram in 1 litter of water",BIHAR,NALANDA,NOORSARAI,2018-02-12T08:45:01Z
JAYAD,AGRICULTURE,Others,Others,Weather,"WEATHER  INFORMATION","Cloudy weather tomorrow today and little chance of rain in your area.",BIHAR,NALANDA,CHANDI,2018-02-12T08:52:11Z
RABI,AGRICULTURE,Others,Others,Weather,"Weather information","Today & tomorrow little chance of rain",BIHAR,NALANDA,BEN,2018-02-12T09:31:55Z
RABI,AGRICULTURE,Others,Others,Weather,"Weather information","Hazy weather in your area ,no chance of rain",BIHAR,NALANDA,PARBALPUR,2018-02-12T10:47:36Z
RABI,AGRICULTURE,Others,Others,Weather,"Weather information","Today & tomorrow little chance of rain",BIHAR,NALANDA,BEN,2018-02-12T10:53:44Z
RABI,AGRICULTURE,Others,Others,Weather,"WEATHER INFORMATION","No chance of rain in your area",BIHAR,NALANDA,BEN,2018-02-12T11:13:48Z
RABI,AGRICULTURE,Others,Others,Weather,"Weather information","Cloudy weather, rain is not likely.",BIHAR,NALANDA,ASTHAWAN,2018-02-12T12:05:44Z
RABI,AGRICULTURE,Others,Others,"Soil Testing","INFORMATION ABOUT SOIL TEST","AAP MITTI JANCH KE LIYE BLOCK ME CONTACT KARE",BIHAR,NALANDA,HILSA,2018-02-12T12:25:58Z
RABI,AGRICULTURE,Others,Others,Weather,"WEATHER INFORMATION","chance of rain in your area",BIHAR,NALANDA,HILSA,2018-02-12T12:26:58Z
JAYAD,AGRICULTURE,Others,Others,Weather,"WEATHER INFORMATION","TODAY AND TOMORROW CHANCE OF RAIN IN YOUR AREA",BIHAR,NALANDA,HILSA,2018-02-12T12:39:46Z
JAYAD,AGRICULTURE,Others,Others,Weather,"WEATHER INFORMATION","TODAY AND TOMORROW CHANCE OF RAIN IN YOUR AREA",BIHAR,NALANDA,HARNAUT,2018-02-12T12:53:46Z
JAYAD,AGRICULTURE,Others,Others,Weather,"WEATHER INFORMATION","TODAY AND TOMORROW CHANCE OF RAIN IN YOUR AREA",BIHAR,NALANDA,HILSA,2018-02-12T13:21:49Z
RABI,AGRICULTURE,Cereals,Wheat,"Water Management","Growth Delay","Spray boomflower @ 2 ml in 1 litre of water",BIHAR,NALANDA,BIHARSHARIF,2018-02-12T13:42:28Z
RABI,AGRICULTURE,Cereals,Wheat,Weather,"Weather information","Cloudy weather  today and tomorrow  no chance of  rain",BIHAR,NALANDA,HILSA,2018-02-12T14:30:53Z
RABI,AGRICULTURE,Others,Others,Weather,WEATHER,"NO RAIN",BIHAR,NALANDA,SARMERA,2018-02-12T16:00:00Z
RABI,AGRICULTURE,Others,Others,"Sowing Time and Weather","Weather information","cloudy weather with sunshine",BIHAR,NALANDA,BEN,2018-02-13T08:21:33Z
JAYAD,AGRICULTURE,Others,Others,Weather,"WEATHER INFORMATION","TODAY CHANCE OF RAIN IN YOUR AREA",BIHAR,NALANDA,HARNAUT,2018-02-13T08:42:26Z
RABI,AGRICULTURE,Others,Others,Weather,"WEATHER INFORMATION","chance of rain in your area",BIHAR,NALANDA,HARNAUT,2018-02-13T11:03:05Z
JAYAD,AGRICULTURE,Others,Others,Weather,"WEATHER INFORMATION","TODAY CHANCE OF RAIN IN YOUR AREA",BIHAR,NALANDA,HARNAUT,2018-02-13T11:23:16Z
RABI,AGRICULTURE,Pulses,"Pigeon pea (red gram/arhar/tur)","Nutrient Management","flower shedding","SPRAY PLANOFIX 1 ML/5LITRE OF WATER",BIHAR,NALANDA,HARNAUT,2018-02-13T12:38:55Z
RABI,AGRICULTURE,Others,Others,"Field Preparation","For farmer registration","For farmer registration: www.krishimis.in",BIHAR,NALANDA,EKANGARSARAI,2018-02-13T12:48:26Z
RABI,AGRICULTURE,Others,Others,"Field Preparation","For farmer registration","For farmer registration: www.krishimis.in",BIHAR,NALANDA,BIND,2018-02-13T12:49:26Z
JAYAD,AGRICULTURE,Pulses,"Lentil (Masur)","Plant Protection","BLIGHT IN LENTIL","spray mancozeb @ 2 gm / lit of water",BIHAR,NALANDA,BEN,2018-02-13T13:01:24Z
JAYAD,AGRICULTURE,Others,Others,Weather,"Weather information","????? ??? ???? ???? ??? ?????  ????? ???? ?? ???????? ??",BIHAR,NALANDA,CHANDI,2018-02-13T13:11:08Z
RABI,AGRICULTURE,Others,Others,"Field Preparation","For farmer registration","For farmer registration: www.krishimis.in",BIHAR,NALANDA,SARMERA,2018-02-13T13:30:34Z
RABI,AGRICULTURE,Cereals,Wheat,"Field Preparation","Yellow leaf problem in WHEAT","Spray mancozeb@2g/liter of water",BIHAR,NALANDA,BIHARSHARIF,2018-02-13T13:36:38Z
RABI,HORTICULTURE,Vegetables,Potato,"Seeds and Planting Material","Variety of Potato","KUFRI ASHOKA, KUFRI PUKHRAJ, KUFRI KANCHAN, KUFRI PUSHKAR, KUFRI LALIMA, RAJENDRA AALU-1,2,3, KUFRI SINDURI",BIHAR,NALANDA,BIHARSHARIF,2018-02-13T13:38:07Z
RABI,AGRICULTURE,Cereals,Wheat,Weather,"Weather information","Cloudy weather  today and tomorrow  no chance of  rain",BIHAR,NALANDA,HILSA,2018-02-13T16:46:32Z
RABI,AGRICULTURE,Cereals,Wheat,Weather,"Weather information","Cloudy weather  today and tomorrow  no chance of  rain",BIHAR,NALANDA,EKANGARSARAI,2018-02-13T17:14:02Z
RABI,AGRICULTURE,Others,Others,Weather,"WEATHER INFORMATION","chance of rain in your area",BIHAR,NALANDA,CHANDI,2018-02-13T17:37:06Z
RABI,AGRICULTURE,Others,Others,Weather,"Weather information","Hazy weather in your area ,no chance of rain",BIHAR,NALANDA,BIHARSHARIF,2018-02-13T19:56:39Z
RABI,AGRICULTURE,Cereals,Wheat,"Plant Protection","insect control","monocrotofos 36 ec 2ml/lea pani",BIHAR,NALANDA,BEN,2018-02-22T12:11:09Z
RABI,AGRICULTURE,Others,Others,Weather,"Weather information","NO CHANCE OF RAIN",BIHAR,NALANDA,EKANGARSARAI,2018-02-23T08:21:07Z
RABI,AGRICULTURE,Pulses,"Lentil (Masur)","Plant Protection","LAHI PROBLEM IN MASUR","Spray imidachloprid @ 1ml/3 lit of water",BIHAR,NALANDA,"KARAI PARSURAI",2018-02-23T10:23:00Z
JAYAD,AGRICULTURE,Pulses,"Bengal Gram (Gram/Chick Pea/Kabuli/Chana)","Plant Protection","pod borer of gram","spray monocrotophos @ 1 ml per litre of water",BIHAR,NALANDA,SILAO,2018-02-24T08:27:48Z
RABI,AGRICULTURE,Cereals,Wheat,"Field Preparation","YELLOWING OF LEAVES WHEAT","Spray mancozeb @ 2g/lit of water",BIHAR,NALANDA,BIHARSHARIF,2018-02-24T13:17:01Z
RABI,AGRICULTURE,Others,Others,"Field Preparation","WEATHER INFORMATION","Cloudy weather in your area and no chance of rain in your area",BIHAR,NALANDA,RAJGIR,2018-02-24T16:37:04Z
RABI,AGRICULTURE,Cereals,Wheat,"Plant Protection","loose smut in wheat","Carbendazim spray @2gm/1 lit of water",BIHAR,NALANDA,EKANGARSARAI,2018-02-25T11:54:30Z
RABI,AGRICULTURE,Pulses,"Bengal Gram (Gram/Chick Pea/Kabuli/Chana)","Field Preparation","gram pod borer","spray chlorpyriphos 2ml/litre of water",BIHAR,NALANDA,HILSA,2018-02-25T12:50:37Z
JAYAD,AGRICULTURE,Others,Others,Weather,"WEATHER INFORMATION","????? ???  ???? ??????? ??? ?? ?? ?? ????? ???? ?? ???????  ??",BIHAR,NALANDA,"NAGAR NAUSA",2018-02-25T14:34:15Z
RABI,AGRICULTURE,Cereals,Wheat,Weather,"Weather information","????  ??? ????? ??? ???? ??? ?????",BIHAR,NALANDA,SARMERA,2018-02-25T16:54:18Z
RABI,AGRICULTURE,Others,Others,Weather,"WEATHER INFORMATION","Heavy Cloudy weather in your area, chance of rain in your area",BIHAR,NALANDA,SARMERA,2018-02-25T16:58:15Z
RABI,AGRICULTURE,Cereals,Wheat,Weather,"Weather information","????  ??? ????? ??? ???? ??? ?????",BIHAR,NALANDA,SARMERA,2018-02-25T17:00:32Z
RABI,AGRICULTURE,Cereals,Wheat,Weather,"Weather information","????  ??? ????? ??? ???? ??? ?????",BIHAR,NALANDA,HARNAUT,2018-02-25T17:45:42Z
RABI,AGRICULTURE,Cereals,Wheat,Weather,"Weather information","????  ??? ????? ??? ???? ??? ?????",BIHAR,NALANDA,HARNAUT,2018-02-25T17:45:43Z
RABI,AGRICULTURE,Others,Others,Weather,"Weather information","Hazy weather in your area ,no chance of rain",BIHAR,NALANDA,HARNAUT,2018-02-26T07:55:04Z
RABI,AGRICULTURE,Cereals,Wheat,Weather,"Weather  information","????  ??? ????? ??? ???? ??? ?????",BIHAR,NALANDA,CHANDI,2018-02-26T08:35:57Z
JAYAD,AGRICULTURE,Others,Others,Weather,"WEATHER INFORMATION","Cloudy weather in your area and no chance of rain in your area",BIHAR,NALANDA,RAHUI,2018-02-26T10:20:05Z
JAYAD,AGRICULTURE,Others,Others,Weather,"WEATHER INFORMATION","Cloudy weather in your area and no chance of rain in your area",BIHAR,NALANDA,HILSA,2018-02-26T10:46:43Z
RABI,AGRICULTURE,Others,Others,"Field Preparation","weather information","CLOUDY WEATHER BUT NO CHANCE OF RAIN",BIHAR,NALANDA,BEN,2018-02-26T12:55:51Z
RABI,AGRICULTURE,Others,Others,Weather,"Weather information","Hazy weather in your area ,no chance of rain",BIHAR,NALANDA,BEN,2018-02-26T13:02:26Z
RABI,AGRICULTURE,Others,Others,Weather,"Weather  information","????? ??? ???? ???? ??? ?????  ????? ???? ?? ??? ???????? ???? ??",BIHAR,NALANDA,BIHARSHARIF,2018-02-26T13:39:30Z
RABI,AGRICULTURE,Cereals,Wheat,"Field Preparation","Yellowing of leaf whwat","Spray copper oxycloride @ 2 gram in 1 litter of water",BIHAR,NALANDA,RAJGIR,2018-02-26T13:43:46Z
RABI,AGRICULTURE,Cereals,Wheat,"Field Preparation","Yellowing of leaf whwat","Spray copper oxycloride @ 2 gram in 1 litter of water",BIHAR,NALANDA,RAJGIR,2018-02-26T13:43:47Z
JAYAD,AGRICULTURE,Others,Others,"Plant Protection","plant protection","Spray imidachloprid @ 1ml/3 lit of water",BIHAR,NALANDA,CHANDI,2018-02-26T17:07:33Z
JAYAD,AGRICULTURE,Others,Others,"Plant Protection","plant protection","Spray imidachloprid @ 1ml/3 lit of water",BIHAR,NALANDA,CHANDI,2018-02-26T17:09:16Z
JAYAD,AGRICULTURE,Others,Others,Weather,"WEATHER INFORMATION","Cloudy weather, rain is not possible",BIHAR,NALANDA,BEN,2018-02-26T17:19:57Z
JAYAD,AGRICULTURE,Others,Others,Weather,"WEATHER INFORMATION","Cloudy weather, rain is not possible",BIHAR,NALANDA,BEN,2018-02-26T17:20:10Z
JAYAD,AGRICULTURE,Others,Others,Weather,"WEATHER INFORMATION","Cloudy weather, rain is not possible",BIHAR,NALANDA,BEN,2018-02-26T17:20:25Z
RABI,AGRICULTURE,Others,Others,"Field Preparation","spray imidacoloroprid 1 ml / 3litre of water","spray imidacoloroprid 1 ml / 3litre of water",BIHAR,NALANDA,ISLAMPUR,2018-02-27T12:25:58Z
JAYAD,HORTICULTURE,Fruits,Citrus,"Plant Protection","APHID INFESTATION IN CITRUS","Spray imidachloprid @ 1ml/3 lit of water",BIHAR,NALANDA,HILSA,2018-02-27T16:50:32Z
RABI,AGRICULTURE,Cereals,Wheat,Weather,"WEATHER  INFORMATION","????? ?? ???????  ??? ??",BIHAR,NALANDA,CHANDI,2018-02-28T07:47:45Z
RABI,AGRICULTURE,Others,Others,"Soil Testing","WEATHER INFORMATION","Cloudy weather, rain is not likely.",BIHAR,NALANDA,CHANDI,2018-02-28T13:43:07Z
JAYAD,HORTICULTURE,Fruits,Mango,"Plant Protection","APHID INFESTATION IN WHEAT","spray imidacoloroprid 1 ml / 3litre of water",BIHAR,NALANDA,HARNAUT,2018-02-28T13:57:25Z
