"Country/ State/ UT Name","District Name","Tribe Category","Total/ Rural/ Urban","Marital Status","Present Age","Total Ever/ Currently Married Women","Ever/ Currently Married Women of Parity - 0","Ever/ Currently Married Women of Parity - 1","Ever/ Currently Married Women of Parity - 2","Ever/ Currently Married Women of Parity - 3","Ever/ Currently Married Women of Parity - 4","Ever/ Currently Married Women of Parity - 5+","Total Children Ever Born - Persons","Total Children Ever Born - Males","Total Children Ever Born - Females"
Bihar,Madhubani,"All Scheduled Tribes",Rural,"Ever Married","All Ages",155,22,36,18,17,28,34,447,208,239
Bihar,Madhubani,"All Scheduled Tribes",Rural,"Ever Married",15-19,8,7,0,0,0,1,0,4,3,1
Bihar,Madhubani,"All Scheduled Tribes",Rural,"Ever Married",20-24,41,9,23,6,0,3,0,47,17,30
Bihar,Madhubani,"All Scheduled Tribes",Rural,"Ever Married",25-29,31,1,10,2,3,0,15,113,46,67
Bihar,Madhubani,"All Scheduled Tribes",Rural,"Ever Married",30-34,15,2,0,6,2,3,2,42,22,20
Bihar,Madhubani,"All Scheduled Tribes",Rural,"Ever Married",35-39,31,1,1,1,8,19,1,108,58,50
Bihar,Madhubani,"All Scheduled Tribes",Rural,"Ever Married",40-44,10,0,0,1,0,0,9,65,29,36
Bihar,Madhubani,"All Scheduled Tribes",Rural,"Ever Married",45-49,7,1,0,0,3,1,2,23,9,14
Bihar,Madhubani,"All Scheduled Tribes",Rural,"Ever Married",50-54,3,0,1,0,1,0,1,12,8,4
Bihar,Madhubani,"All Scheduled Tribes",Rural,"Ever Married",55-59,2,0,0,1,0,0,1,8,4,4
Bihar,Madhubani,"All Scheduled Tribes",Rural,"Ever Married",60-64,2,0,0,1,0,0,1,9,3,6
Bihar,Madhubani,"All Scheduled Tribes",Rural,"Ever Married",65-69,2,0,0,0,0,0,2,11,6,5
Bihar,Madhubani,"All Scheduled Tribes",Rural,"Ever Married",70-74,2,0,1,0,0,1,0,5,3,2
Bihar,Madhubani,"All Scheduled Tribes",Rural,"Ever Married",75-79,1,1,0,0,0,0,0,0,0,0
Bihar,Madhubani,"All Scheduled Tribes",Rural,"Currently Married","All Ages",152,22,35,17,17,28,33,438,201,237
Bihar,Madhubani,"All Scheduled Tribes",Rural,"Currently Married",15-19,8,7,0,0,0,1,0,4,3,1
Bihar,Madhubani,"All Scheduled Tribes",Rural,"Currently Married",20-24,41,9,23,6,0,3,0,47,17,30
Bihar,Madhubani,"All Scheduled Tribes",Rural,"Currently Married",25-29,31,1,10,2,3,0,15,113,46,67
Bihar,Madhubani,"All Scheduled Tribes",Rural,"Currently Married",30-34,15,2,0,6,2,3,2,42,22,20
Bihar,Madhubani,"All Scheduled Tribes",Rural,"Currently Married",35-39,31,1,1,1,8,19,1,108,58,50
Bihar,Madhubani,"All Scheduled Tribes",Rural,"Currently Married",40-44,10,0,0,1,0,0,9,65,29,36
Bihar,Madhubani,"All Scheduled Tribes",Rural,"Currently Married",45-49,7,1,0,0,3,1,2,23,9,14
Bihar,Madhubani,"All Scheduled Tribes",Rural,"Currently Married",50-54,2,0,0,0,1,0,1,11,7,4
Bihar,Madhubani,"All Scheduled Tribes",Rural,"Currently Married",55-59,2,0,0,1,0,0,1,8,4,4
Bihar,Madhubani,"All Scheduled Tribes",Rural,"Currently Married",60-64,1,0,0,0,0,0,1,7,1,6
Bihar,Madhubani,"All Scheduled Tribes",Rural,"Currently Married",65-69,1,0,0,0,0,0,1,5,2,3
Bihar,Madhubani,"All Scheduled Tribes",Rural,"Currently Married",70-74,2,0,1,0,0,1,0,5,3,2
Bihar,Madhubani,"All Scheduled Tribes",Rural,"Currently Married",75-79,1,1,0,0,0,0,0,0,0,0
Bihar,Madhubani,"All Scheduled Tribes",Urban,"Ever Married","All Ages",21,5,0,10,3,0,3,44,25,19
Bihar,Madhubani,"All Scheduled Tribes",Urban,"Ever Married",20-24,12,5,0,7,0,0,0,14,10,4
Bihar,Madhubani,"All Scheduled Tribes",Urban,"Ever Married",35-39,6,0,0,3,3,0,0,15,9,6
Bihar,Madhubani,"All Scheduled Tribes",Urban,"Ever Married",40-44,3,0,0,0,0,0,3,15,6,9
Bihar,Madhubani,"All Scheduled Tribes",Urban,"Currently Married","All Ages",21,5,0,10,3,0,3,44,25,19
Bihar,Madhubani,"All Scheduled Tribes",Urban,"Currently Married",20-24,12,5,0,7,0,0,0,14,10,4
Bihar,Madhubani,"All Scheduled Tribes",Urban,"Currently Married",35-39,6,0,0,3,3,0,0,15,9,6
Bihar,Madhubani,"All Scheduled Tribes",Urban,"Currently Married",40-44,3,0,0,0,0,0,3,15,6,9
