Season,Sector,Category,Crop,QueryType,QueryText,KCCAns,StateName,DistrictName,BlockName,CreatedOn
RABI,AGRICULTURE,Cereals,"Paddy (Dhan)","Plant Protection","INSECT PROBLEM IN PADDY","SPRAY CHLOROPRYPHOS 20 EC @ 2 ML./LT. OF WATER.",BIHAR,KHAGARIA,ALAULI,2018-09-03T07:23:00Z
RABI,AGRICULTURE,Cereals,"Paddy (Dhan)","Plant Protection","INSECT PROBLEM IN PADDY","SPRAY CHLOROPRYPHOS 20 EC @ 2 ML./LT. OF WATER.",BIHAR,KHAGARIA,ALAULI,2018-09-03T07:23:00Z
KHARIF,AGRICULTURE,Cereals,"Paddy (Dhan)","Plant Protection","BROWN PLANT HOPPER INSECT PROBLEM IN RICE FIELD","SPRAY ACEPHATE 75 WP @15 GRAM / LITRE WATER",BIHAR,KHAGARIA,ALAULI,2018-09-06T10:49:53Z
KHARIF,AGRICULTURE,Cereals,"Paddy (Dhan)","Plant Protection","BROWN PLANT HOPPER INSECT PROBLEM IN RICE FIELD","SPRAY ACEPHATE 75 WP @15 GRAM / LITRE WATER",BIHAR,KHAGARIA,ALAULI,2018-09-06T10:49:53Z
KHARIF,AGRICULTURE,Cereals,"Paddy (Dhan)","Plant Protection","BLIGHT DISEASE PROBLEM IN RICE FIELD","SPRAY MANCOZEB @ 2  GRAM / LITRE WATER",BIHAR,KHAGARIA,ALAULI,2018-09-06T10:57:29Z
KHARIF,AGRICULTURE,Cereals,"Paddy (Dhan)","Plant Protection","BLIGHT DISEASE PROBLEM IN RICE FIELD","SPRAY MANCOZEB @ 2  GRAM / LITRE WATER",BIHAR,KHAGARIA,ALAULI,2018-09-06T10:57:29Z
KHARIF,AGRICULTURE,Others,Others,Weather,"Rotting problem","Spray copper oxycloride @ 2 gram in 1 litter of water",BIHAR,KHAGARIA,ALAULI,2018-09-06T15:28:40Z
KHARIF,AGRICULTURE,Others,Others,Weather,"Rotting problem","Spray copper oxycloride @ 2 gram in 1 litter of water",BIHAR,KHAGARIA,ALAULI,2018-09-06T15:28:40Z
KHARIF,HORTICULTURE,Vegetables,Brinjal,"Nutrient Management","nutrient management in brinjal crop","spray multimicronutrient 2 ml / litre water",BIHAR,KHAGARIA,BELDAUR,2018-09-07T12:46:31Z
KHARIF,HORTICULTURE,Vegetables,Brinjal,"Nutrient Management","nutrient management in brinjal crop","spray multimicronutrient 2 ml / litre water",BIHAR,KHAGARIA,BELDAUR,2018-09-07T12:46:31Z
0,AGRICULTURE,Others,Others,NA,"DBT REGISTRATION","CONTACT TO AGRICULTURE COORDINATOR",BIHAR,KHAGARIA,NA,2018-09-13T16:06:54Z
0,HORTICULTURE,Vegetables,Potato,NA,"SOWING TIME","15OCT TO 25 NOV",BIHAR,KHAGARIA,CHAUTHAM,2018-09-13T19:29:52Z
0,HORTICULTURE,Vegetables,Potato,NA,"SOWING TIME","15OCT TO 25 NOV",BIHAR,KHAGARIA,CHAUTHAM,2018-09-13T19:29:52Z
0,AGRICULTURE,Others,Others,NA,"GOVT SCHEMES","CONTACT AC",BIHAR,KHAGARIA,ALAULI,2018-09-13T21:54:43Z
0,AGRICULTURE,Others,Others,NA,"GOVT SCHEMES","CONTACT AC",BIHAR,KHAGARIA,ALAULI,2018-09-13T21:54:43Z
0,AGRICULTURE,Others,Others,NA,"paddy disease","spray aciphate@1 ml/litre  water",BIHAR,KHAGARIA,GOGRI,2018-09-14T09:24:31Z
0,AGRICULTURE,Others,Others,NA,"paddy disease","spray aciphate@1 ml/litre  water",BIHAR,KHAGARIA,GOGRI,2018-09-14T09:24:31Z
0,AGRICULTURE,Others,Others,NA,"quary for DBT","TO MEET NEAREST CSC KENDRA",BIHAR,KHAGARIA,KHAGARIA,2018-09-15T11:30:39Z
0,AGRICULTURE,Others,Others,NA,"quary for DBT","TO MEET NEAREST CSC KENDRA",BIHAR,KHAGARIA,KHAGARIA,2018-09-15T11:30:39Z
0,AGRICULTURE,Others,Others,NA,"quary for DBT","TO MEET BLOCK OFFICER",BIHAR,KHAGARIA,MANSI,2018-09-15T13:05:21Z
0,AGRICULTURE,Others,Others,NA,"quary for DBT","TO MEET BLOCK OFFICER",BIHAR,KHAGARIA,MANSI,2018-09-15T13:05:21Z
0,AGRICULTURE,Others,Others,NA,"DBT PROBLEM","AAP CSC ME CONTACT KARE",BIHAR,KHAGARIA,BELDAUR,2018-09-15T13:10:34Z
0,AGRICULTURE,Others,Others,NA,"DBT PROBLEM","AAP CSC ME CONTACT KARE",BIHAR,KHAGARIA,BELDAUR,2018-09-15T13:10:34Z
0,AGRICULTURE,Others,Others,NA,"dbt error","consult to agriculture coordinator",BIHAR,KHAGARIA,GOGRI,2018-09-16T08:35:28Z
0,AGRICULTURE,Others,Others,NA,"dbt error","consult to agriculture coordinator",BIHAR,KHAGARIA,GOGRI,2018-09-16T08:35:28Z
0,AGRICULTURE,Others,Others,NA,"dbt error","consult to agriculture coordinator",BIHAR,KHAGARIA,GOGRI,2018-09-16T08:35:28Z
0,AGRICULTURE,Others,Others,NA,"dbt error","consult to agriculture coordinator",BIHAR,KHAGARIA,GOGRI,2018-09-16T08:35:28Z
0,AGRICULTURE,Others,Others,NA,"online dbt registration","contact to agriculture coordinator",BIHAR,KHAGARIA,NA,2018-09-16T12:08:02Z
0,AGRICULTURE,Oilseeds,"Soybean (bhat)",NA,"gram pod borer in soyabean","Spray with Chlorpyriphos 1.5 % DP @1200 ml/ha or quinolphos 25 EC @ 1.0 lit/ha.",BIHAR,KHAGARIA,GOGRI,2018-09-18T12:41:36Z
0,AGRICULTURE,Oilseeds,"Soybean (bhat)",NA,"gram pod borer in soyabean","Spray with Chlorpyriphos 1.5 % DP @1200 ml/ha or quinolphos 25 EC @ 1.0 lit/ha.",BIHAR,KHAGARIA,GOGRI,2018-09-18T12:41:36Z
0,AGRICULTURE,Others,Others,NA,"dbt error","contact to agriculture coordinator",BIHAR,KHAGARIA,MANSI,2018-09-19T12:51:43Z
0,AGRICULTURE,Others,Others,NA,"dbt error","contact to agriculture coordinator",BIHAR,KHAGARIA,MANSI,2018-09-19T12:51:43Z
0,AGRICULTURE,Others,Others,NA,"GOVT SCHEMES","CONTACT AC",BIHAR,KHAGARIA,ALAULI,2018-09-20T14:57:20Z
0,AGRICULTURE,Others,Others,NA,"GOVT SCHEMES","CONTACT AC",BIHAR,KHAGARIA,ALAULI,2018-09-20T14:57:20Z
0,AGRICULTURE,Others,Others,NA,"Weather information","Cloudy weather  in your area,chance of little rain.",BIHAR,KHAGARIA,CHAUTHAM,2018-09-21T08:44:46Z
0,AGRICULTURE,Others,Others,NA,"Weather information","Cloudy weather  in your area,chance of little rain.",BIHAR,KHAGARIA,CHAUTHAM,2018-09-21T08:44:46Z
0,AGRICULTURE,Others,Others,NA,"Weather information","chance of rain in your area",BIHAR,KHAGARIA,GOGRI,2018-09-21T10:46:39Z
0,AGRICULTURE,Others,Others,NA,"Weather information","chance of rain in your area",BIHAR,KHAGARIA,GOGRI,2018-09-21T10:46:39Z
0,AGRICULTURE,Others,Others,NA,"GOVT SCHEMES","CONTACT DAO",BIHAR,KHAGARIA,KHAGARIA,2018-09-22T19:23:58Z
0,AGRICULTURE,Others,Others,NA,"GOVT SCHEMES","CONTACT DAO",BIHAR,KHAGARIA,KHAGARIA,2018-09-22T19:23:58Z
0,AGRICULTURE,Others,Others,NA,"GOVT SCHEMES","CONTACT DAO",BIHAR,KHAGARIA,KHAGARIA,2018-09-22T19:23:58Z
0,AGRICULTURE,Others,Others,NA,"GOVT SCHEMES","CONTACT DAO",BIHAR,KHAGARIA,KHAGARIA,2018-09-22T19:23:58Z
0,AGRICULTURE,Others,Others,NA,"GOVT SCHEMES","CONTACT DAO",BIHAR,KHAGARIA,KHAGARIA,2018-09-22T19:23:59Z
0,AGRICULTURE,Others,Others,NA,"GOVT SCHEMES","CONTACT DAO",BIHAR,KHAGARIA,KHAGARIA,2018-09-22T19:23:59Z
0,AGRICULTURE,Others,Others,NA,"GOVT SCHEMES","CONTACT DAO",BIHAR,KHAGARIA,KHAGARIA,2018-09-22T19:23:59Z
0,AGRICULTURE,Others,Others,NA,"GOVT SCHEMES","CONTACT DAO",BIHAR,KHAGARIA,KHAGARIA,2018-09-22T19:23:59Z
0,AGRICULTURE,Others,Others,NA,"GOVT SCHEMES","CONTACT DAO",BIHAR,KHAGARIA,KHAGARIA,2018-09-22T19:24:13Z
0,AGRICULTURE,Others,Others,NA,"GOVT SCHEMES","CONTACT DAO",BIHAR,KHAGARIA,KHAGARIA,2018-09-22T19:24:13Z
0,AGRICULTURE,Cereals,"Paddy (Dhan)",NA,"GUNDHY BUG INFESTATION","SPRAY MALATHION @2G/1L OF WATER",BIHAR,KHAGARIA,NA,2018-09-23T08:19:48Z
0,AGRICULTURE,Others,Others,NA,"Weather information","no chance of rain in your area",BIHAR,KHAGARIA,CHAUTHAM,2018-09-23T13:19:07Z
0,AGRICULTURE,Others,Others,NA,"Weather information","no chance of rain in your area",BIHAR,KHAGARIA,CHAUTHAM,2018-09-23T13:19:07Z
0,AGRICULTURE,Others,Others,NA,"Weather information","chance of rain in your area",BIHAR,KHAGARIA,PARBATTA,2018-09-24T11:09:39Z
0,AGRICULTURE,Others,Others,NA,"Weather information","chance of rain in your area",BIHAR,KHAGARIA,PARBATTA,2018-09-24T11:09:39Z
0,AGRICULTURE,Others,Others,NA,"Weather information","Cloudy weather, rain likely.",BIHAR,KHAGARIA,PARBATTA,2018-09-24T11:43:21Z
0,AGRICULTURE,Others,Others,NA,"Weather information","Cloudy weather, rain likely.",BIHAR,KHAGARIA,PARBATTA,2018-09-24T11:43:21Z
0,AGRICULTURE,Others,Others,NA,"WEATHER INFORMATION","TODAY AND TOMARROW CHANCE OF RAIN IN YOUR AREA",BIHAR,KHAGARIA,KHAGARIA,2018-09-24T13:38:48Z
0,AGRICULTURE,Others,Others,NA,"WEATHER INFORMATION","TODAY AND TOMARROW CHANCE OF RAIN IN YOUR AREA",BIHAR,KHAGARIA,KHAGARIA,2018-09-24T13:38:48Z
0,NA,NA,NA,NA,"Kisan registration -","Kisan registration - www.krishimis.in",BIHAR,KHAGARIA,ALAULI,2018-09-24T16:42:43Z
0,NA,NA,NA,NA,"Kisan registration -","Kisan registration - www.krishimis.in",BIHAR,KHAGARIA,ALAULI,2018-09-24T16:42:43Z
0,AGRICULTURE,Others,Others,NA,"dbt problem","contact in your block",BIHAR,KHAGARIA,BELDAUR,2018-09-24T18:09:50Z
0,AGRICULTURE,Others,Others,NA,"dbt problem","contact in your block",BIHAR,KHAGARIA,BELDAUR,2018-09-24T18:09:50Z
0,AGRICULTURE,Others,Others,NA,"WEATHER INFORMATION","NO CHANCE TO RAIN IN YOUR AREA",BIHAR,KHAGARIA,ALAULI,2018-09-26T06:58:26Z
0,AGRICULTURE,Others,Others,NA,"WEATHER INFORMATION","NO CHANCE TO RAIN IN YOUR AREA",BIHAR,KHAGARIA,ALAULI,2018-09-26T06:58:26Z
0,AGRICULTURE,Cereals,"Paddy (Dhan)",NA,"insect problem in paddy","apply malathion 5 %@ 25 kg/hactare",BIHAR,KHAGARIA,ALAULI,2018-09-26T07:28:03Z
0,AGRICULTURE,Cereals,"Paddy (Dhan)",NA,"insect problem in paddy","apply malathion 5 %@ 25 kg/hactare",BIHAR,KHAGARIA,ALAULI,2018-09-26T07:28:03Z
0,AGRICULTURE,Others,Others,NA,"weather information","no chance to rain in your area",BIHAR,KHAGARIA,GOGRI,2018-09-27T08:24:50Z
0,AGRICULTURE,Others,Others,NA,"weather information","no chance to rain in your area",BIHAR,KHAGARIA,GOGRI,2018-09-27T08:24:50Z
0,AGRICULTURE,Others,Others,NA,"WEATHER INFORMATION","CLOUDY WEATHER",BIHAR,KHAGARIA,PARBATTA,2018-09-27T14:56:04Z
0,AGRICULTURE,Others,Others,NA,"WEATHER INFORMATION","CLOUDY WEATHER",BIHAR,KHAGARIA,PARBATTA,2018-09-27T14:56:04Z
0,AGRICULTURE,Others,Others,NA,"Yellowing of leaf","Spray copper oxycloride @ 2 gram in 1 litter of water",BIHAR,KHAGARIA,PARBATTA,2018-09-30T07:25:45Z
0,AGRICULTURE,Others,Others,NA,"Yellowing of leaf","Spray copper oxycloride @ 2 gram in 1 litter of water",BIHAR,KHAGARIA,PARBATTA,2018-09-30T07:25:45Z
0,AGRICULTURE,Others,Others,NA,"multi micro nutrients","Spray multi micro nutrients @ 2 ml in 1 liter of water",BIHAR,KHAGARIA,PARBATTA,2018-09-30T07:26:18Z
0,AGRICULTURE,Others,Others,NA,"multi micro nutrients","Spray multi micro nutrients @ 2 ml in 1 liter of water",BIHAR,KHAGARIA,PARBATTA,2018-09-30T07:26:18Z
