"Country/ State/ UT Name","District Name","Caste Category","Total/ Rural/ Urban","Marital Status","Present Age","Total Ever/Currently Married Women","Ever/Currently Married Women with Number of Surviving Children - 0","Ever/Currently Married Women with Number of Surviving Children - 1","Ever/Currently Married Women with Number of Surviving Children - 2","Ever/Currently Married Women with Number of Surviving Children - 3","Ever/Currently Married Women with Number of Surviving Children - 4","Ever/Currently Married Women with Number of Surviving Children - 5+","Total Surviving Children - Total","Total Surviving Children - Males","Total Surviving Children - Females"
Bihar,Ranchi,"All Scheduled Castes",Rural,"Ever Married","All ages",23619,4490,3946,4199,4472,3133,3334,57180,31145,26035
Bihar,Ranchi,"All Scheduled Castes",Rural,"Ever Married","Less than 15",252,245,6,1,0,0,0,8,4,4
Bihar,Ranchi,"All Scheduled Castes",Rural,"Ever Married",15-19,1753,1061,480,127,51,33,0,1019,516,503
Bihar,Ranchi,"All Scheduled Castes",Rural,"Ever Married",20-24,3462,1104,961,830,422,94,39,4461,2299,2162
Bihar,Ranchi,"All Scheduled Castes",Rural,"Ever Married",25-29,3570,563,678,783,832,554,160,7787,4077,3710
Bihar,Ranchi,"All Scheduled Castes",Rural,"Ever Married",30-34,3346,374,426,611,966,567,399,8981,4887,4094
Bihar,Ranchi,"All Scheduled Castes",Rural,"Ever Married",35-39,2534,210,282,452,497,488,605,7944,4291,3653
Bihar,Ranchi,"All Scheduled Castes",Rural,"Ever Married",40-44,2208,245,176,426,487,420,452,6732,3475,3257
Bihar,Ranchi,"All Scheduled Castes",Rural,"Ever Married",45-49,1888,129,166,328,351,383,517,6412,3574,2838
Bihar,Ranchi,"All Scheduled Castes",Rural,"Ever Married",50-54,1512,128,233,252,318,196,384,4712,2802,1910
Bihar,Ranchi,"All Scheduled Castes",Rural,"Ever Married",55-59,980,125,138,114,202,126,275,3127,1876,1251
Bihar,Ranchi,"All Scheduled Castes",Rural,"Ever Married",60-64,1056,142,174,136,185,153,254,3056,1713,1343
Bihar,Ranchi,"All Scheduled Castes",Rural,"Ever Married",65-69,408,41,97,53,70,45,102,1209,712,497
Bihar,Ranchi,"All Scheduled Castes",Rural,"Ever Married",70-74,323,33,46,56,60,40,88,991,547,444
Bihar,Ranchi,"All Scheduled Castes",Rural,"Ever Married",75-79,134,28,40,5,20,10,31,334,196,138
Bihar,Ranchi,"All Scheduled Castes",Rural,"Ever Married","80 +",172,42,43,25,11,24,27,402,174,228
Bihar,Ranchi,"All Scheduled Castes",Rural,"Currently Married","All ages",20813,4033,3373,3743,3977,2741,2902,50129,27217,22912
Bihar,Ranchi,"All Scheduled Castes",Rural,"Currently Married","Less than 15",251,244,6,1,0,0,0,8,4,4
Bihar,Ranchi,"All Scheduled Castes",Rural,"Currently Married",15-19,1723,1031,480,127,51,33,0,1019,516,503
Bihar,Ranchi,"All Scheduled Castes",Rural,"Currently Married",20-24,3411,1062,953,830,422,93,39,4449,2290,2159
Bihar,Ranchi,"All Scheduled Castes",Rural,"Currently Married",25-29,3483,542,660,758,831,532,160,7628,4025,3603
Bihar,Ranchi,"All Scheduled Castes",Rural,"Currently Married",30-34,3265,354,419,590,938,563,398,8827,4811,4016
Bihar,Ranchi,"All Scheduled Castes",Rural,"Currently Married",35-39,2368,181,250,417,454,485,581,7567,4088,3479
Bihar,Ranchi,"All Scheduled Castes",Rural,"Currently Married",40-44,1977,192,118,387,468,406,404,6218,3214,3004
Bihar,Ranchi,"All Scheduled Castes",Rural,"Currently Married",45-49,1634,109,127,265,307,313,500,5687,3156,2531
Bihar,Ranchi,"All Scheduled Castes",Rural,"Currently Married",50-54,1090,110,101,158,245,135,340,3661,2181,1480
Bihar,Ranchi,"All Scheduled Castes",Rural,"Currently Married",55-59,673,81,98,79,128,75,212,2236,1349,887
Bihar,Ranchi,"All Scheduled Castes",Rural,"Currently Married",60-64,508,76,78,55,64,61,162,1523,861,662
Bihar,Ranchi,"All Scheduled Castes",Rural,"Currently Married",65-69,207,20,49,43,28,19,48,618,356,262
Bihar,Ranchi,"All Scheduled Castes",Rural,"Currently Married",70-74,88,1,12,15,21,13,26,320,172,148
Bihar,Ranchi,"All Scheduled Castes",Rural,"Currently Married",75-79,67,0,20,4,20,10,13,204,103,101
Bihar,Ranchi,"All Scheduled Castes",Rural,"Currently Married","80 +",67,30,2,14,0,3,18,159,89,70
Bihar,Ranchi,"All Scheduled Castes",Urban,"Ever Married","All ages",9700,1604,1249,1675,1636,1481,1977,26942,14011,12931
Bihar,Ranchi,"All Scheduled Castes",Urban,"Ever Married","Less than 15",25,25,0,0,0,0,0,0,0,0
Bihar,Ranchi,"All Scheduled Castes",Urban,"Ever Married",15-19,714,451,149,61,11,18,0,376,176,200
Bihar,Ranchi,"All Scheduled Castes",Urban,"Ever Married",20-24,1428,360,390,447,154,49,4,1971,936,1035
Bihar,Ranchi,"All Scheduled Castes",Urban,"Ever Married",25-29,1891,211,197,408,487,336,245,5103,2717,2386
Bihar,Ranchi,"All Scheduled Castes",Urban,"Ever Married",30-34,1630,161,156,251,347,363,348,5040,2677,2363
Bihar,Ranchi,"All Scheduled Castes",Urban,"Ever Married",35-39,1319,59,112,128,258,285,472,4909,2630,2279
Bihar,Ranchi,"All Scheduled Castes",Urban,"Ever Married",40-44,754,93,35,100,104,168,252,2824,1394,1430
Bihar,Ranchi,"All Scheduled Castes",Urban,"Ever Married",45-49,692,62,73,102,97,122,233,2417,1256,1161
Bihar,Ranchi,"All Scheduled Castes",Urban,"Ever Married",50-54,415,28,37,62,83,29,176,1545,757,788
Bihar,Ranchi,"All Scheduled Castes",Urban,"Ever Married",55-59,324,86,32,54,29,34,89,951,560,391
Bihar,Ranchi,"All Scheduled Castes",Urban,"Ever Married",60-64,234,19,23,23,32,49,79,871,436,435
Bihar,Ranchi,"All Scheduled Castes",Urban,"Ever Married",65-69,106,1,18,21,17,6,43,418,197,221
Bihar,Ranchi,"All Scheduled Castes",Urban,"Ever Married",70-74,64,18,9,9,0,10,18,229,119,110
Bihar,Ranchi,"All Scheduled Castes",Urban,"Ever Married",75-79,22,12,0,9,1,0,0,21,19,2
Bihar,Ranchi,"All Scheduled Castes",Urban,"Ever Married","80 +",75,18,18,0,9,12,18,246,123,123
Bihar,Ranchi,"All Scheduled Castes",Urban,"Currently Married","All ages",8790,1445,1108,1534,1484,1384,1761,24341,12724,11617
Bihar,Ranchi,"All Scheduled Castes",Urban,"Currently Married","Less than 15",25,25,0,0,0,0,0,0,0,0
Bihar,Ranchi,"All Scheduled Castes",Urban,"Currently Married",15-19,700,437,149,61,11,18,0,376,176,200
Bihar,Ranchi,"All Scheduled Castes",Urban,"Currently Married",20-24,1405,357,376,444,151,49,4,1942,926,1016
Bihar,Ranchi,"All Scheduled Castes",Urban,"Currently Married",25-29,1860,199,197,395,481,336,245,5059,2700,2359
Bihar,Ranchi,"All Scheduled Castes",Urban,"Currently Married",30-34,1584,142,140,249,341,363,345,4987,2663,2324
Bihar,Ranchi,"All Scheduled Castes",Urban,"Currently Married",35-39,1256,53,91,116,245,281,466,4773,2556,2217
Bihar,Ranchi,"All Scheduled Castes",Urban,"Currently Married",40-44,703,90,33,95,92,161,230,2637,1341,1296
Bihar,Ranchi,"All Scheduled Castes",Urban,"Currently Married",45-49,566,53,67,67,81,101,194,1993,1044,949
Bihar,Ranchi,"All Scheduled Castes",Urban,"Currently Married",50-54,231,15,6,37,33,15,125,948,426,522
Bihar,Ranchi,"All Scheduled Castes",Urban,"Currently Married",55-59,218,58,25,38,11,19,67,655,409,246
Bihar,Ranchi,"All Scheduled Castes",Urban,"Currently Married",60-64,135,7,6,20,20,22,54,576,297,279
Bihar,Ranchi,"All Scheduled Castes",Urban,"Currently Married",65-69,50,0,9,12,1,6,22,202,82,120
Bihar,Ranchi,"All Scheduled Castes",Urban,"Currently Married",70-74,10,9,0,0,0,1,0,4,2,2
Bihar,Ranchi,"All Scheduled Castes",Urban,"Currently Married",75-79,1,0,0,0,1,0,0,3,1,2
Bihar,Ranchi,"All Scheduled Castes",Urban,"Currently Married","80 +",39,0,9,0,9,12,9,165,87,78
