Season,Sector,Category,Crop,QueryType,QueryText,KCCAns,StateName,DistrictName,BlockName,CreatedOn
RABI,AGRICULTURE,Others,Others,Weather,"WEATHER INFORMATION","no chance of rain in your area",BIHAR,PATNA,MANER,2018-01-01T06:29:01Z
RABI,HORTICULTURE,Vegetables,Bhindi(Okra/Ladysfinger),"Plant Protection","Shoot and fruit borer","Emamectin benzoate 5 % SG 3.0 g/10 lit 
Phosalone 35 % EC 1.5 ml /lit 
Pyridalyl 10 % EC 1.0  ml/lit",BIHAR,PATNA,BARH,2018-01-01T06:36:10Z
RABI,HORTICULTURE,Vegetables,Bhindi(Okra/Ladysfinger),"Plant Protection","Leaf roller","Spray carbaryl 50 WP 2 g/lit or phosalone 35 EC 2 ml/lit",BIHAR,PATNA,BARH,2018-01-01T06:39:34Z
RABI,HORTICULTURE,Vegetables,Bhindi(Okra/Ladysfinger),"Plant Protection","Leaf roller","Spray carbaryl 50 WP 2 g/lit or phosalone 35 EC 2 ml/lit",BIHAR,PATNA,PALIGANJ,2018-01-01T06:41:31Z
RABI,AGRICULTURE,Pulses,"Lentil (Masur)","Plant Protection",insect,"Spray copper oxychloride @ 2 gram/liter of water",BIHAR,PATNA,DHANARUA,2018-01-01T12:25:39Z
RABI,AGRICULTURE,Others,Others,Weather,"WEATHER INFORMATION","no chance of rain in your area",BIHAR,PATNA,DANIYAWAN,2018-01-01T13:08:37Z
RABI,AGRICULTURE,Others,Others,"Plant Protection","Insect infestation IN MASUR","Spray chlorpyriphos @ 2 ml in 1 liter of water",BIHAR,PATNA,BELCHCHI,2018-01-01T16:54:54Z
RABI,HORTICULTURE,Vegetables,Brinjal,"Plant Protection","Brown leaf hopper","STD solution (control insect vectors)
Spray with dimethoate 0.3%",BIHAR,PATNA,BARH,2018-01-02T07:01:00Z
RABI,HORTICULTURE,Vegetables,Brinjal,"Plant Protection","Brown leaf hopper","STD solution (control insect vectors)
Spray with dimethoate 0.3%",BIHAR,PATNA,MANER,2018-01-02T09:14:14Z
RABI,HORTICULTURE,Vegetables,Brinjal,"Plant Protection","Tobacco mosaic virus","Spray insecticides like Dimethoate 2 ml/litre or Metasystox 1 ml/litre of water to control the insect vectors.",BIHAR,PATNA,"DULHIN BAZAR",2018-01-02T09:15:41Z
RABI,HORTICULTURE,Vegetables,Brinjal,"Plant Protection","Cercospora Leaf Spot","Spraying 1 per cent Bordeaux mixture or 2 g Copper oxychloride or 2.5 g Zineb per litre of water effectively controls leaf spots.",BIHAR,PATNA,BARH,2018-01-02T09:17:33Z
RABI,HORTICULTURE,Vegetables,Bhindi(Okra/Ladysfinger),"Plant Protection","Leaf roller","Spray carbaryl 50 WP 2 g/lit or phosalone 35 EC 2 ml/lit",BIHAR,PATNA,BIKRAM,2018-01-02T09:26:55Z
RABI,AGRICULTURE,Cereals,Wheat,Weather,"WEATHER INFORMATION","????? ???? ???? ????? ?????? ??? ???? ????? I",BIHAR,PATNA,MASAURHI,2018-01-02T09:51:28Z
RABI,AGRICULTURE,Others,Others,Weather,"weather information","cloudy weather",BIHAR,PATNA,NAUBATPUR,2018-01-02T10:07:12Z
RABI,AGRICULTURE,Pulses,"Bengal Gram (Gram/Chick Pea/Kabuli/Chana)","Plant Protection","ATTACK OF FUNGUS IN GRAM","SPRAY CARBENDAZIM @ 2 GM / LIT OF WATER",BIHAR,PATNA,NAUBATPUR,2018-01-02T11:05:25Z
RABI,AGRICULTURE,Others,Others,Weather,"WEATHER INFORMATION","CLOUDY WEATHER AND COOL DAY",BIHAR,PATNA,NAUBATPUR,2018-01-02T11:07:28Z
RABI,AGRICULTURE,Others,Others,Weather,"WEATHER INFORMATION","CLOUDY WEATHER AND COOL DAY",BIHAR,PATNA,NAUBATPUR,2018-01-02T11:09:55Z
RABI,AGRICULTURE,Others,Others,Weather,"WEATHER INFORMATION","CLOUDY WEATHER AND COOL DAY",BIHAR,PATNA,PUNPUN,2018-01-02T11:22:06Z
RABI,AGRICULTURE,Others,Others,Weather,"WEATHER INFORMATION","CLOUDY WEATHER AND COOL DAY",BIHAR,PATNA,PUNPUN,2018-01-02T11:24:25Z
RABI,AGRICULTURE,Cereals,Wheat,Weather,"WEATHER INFORMATION","???? ???? ????? ?????? ??? ????? ???? ?????",BIHAR,PATNA,SAMPATCHAK,2018-01-02T12:15:08Z
RABI,AGRICULTURE,Others,Others,Weather,"weather information","cloudy weather",BIHAR,PATNA,FATUHA,2018-01-02T15:15:01Z
RABI,AGRICULTURE,Others,Others,Weather,"weather information","cloudy weather",BIHAR,PATNA,FATUHA,2018-01-02T15:17:44Z
RABI,AGRICULTURE,Others,Others,Weather,"WEATHER INFORMATION","Clear weather,no chance of rain in your area",BIHAR,PATNA,MANER,2018-01-02T16:53:20Z
RABI,AGRICULTURE,Others,Others,"Plant Protection","Growth regulator","multinurient 2 gram/ha",BIHAR,PATNA,NAUBATPUR,2018-01-02T18:38:38Z
RABI,HORTICULTURE,Vegetables,Chillies,"Plant Protection","Leaf curl","Carbofuran 3G @ 4-5 Kg/acre in the mainfield to control sucking complex and insect vectors selectively.


If it is not possible spray the crop with systemic insecticides. Dimethoate 2ml of Acephate 1g per litre of water.",BIHAR,PATNA,BIKRAM,2018-01-03T07:18:31Z
RABI,HORTICULTURE,Vegetables,Chillies,"Plant Protection","Gram caterpillar","Indoxacarb 14.5 % SC 6.5 ml/10 lit. 
Novaluron 10 % EC 7.5 ml/10 lit.",BIHAR,PATNA,BARH,2018-01-03T07:30:39Z
RABI,HORTICULTURE,Vegetables,"Bottle Gourd","Plant Protection","Application of fertilizers","Apply 10 kg of FYM (20 t/ha), 100 g of NPK 6:12:12 mixture/pit as basal and 10 g of N/pit 30 days after sowing.Apply Azospirillum and Phosphobacteria 2 kg/ha and Pseudomonas 2.5 kg/ha along with FYM 50 kg and neem cake @ 100 kg before last ploughing.",BIHAR,PATNA,PALIGANJ,2018-01-03T07:41:13Z
RABI,AGRICULTURE,Others,Others,"Field Preparation","Late blight of potato","Spray mencozeb @ 2gm/lit of water",BIHAR,PATNA,PANDARAK,2018-01-03T10:02:37Z
RABI,AGRICULTURE,Others,Others,"Field Preparation","Late blight of potato","Spray mencozeb @ 2gm/lit of water",BIHAR,PATNA,DANIYAWAN,2018-01-03T10:08:58Z
RABI,AGRICULTURE,Others,Others,"Field Preparation","Varieties of Ridge Gourd","Varieties of Ridge Gourd:-HY Aarti, NS 484, Malika F1, Rama F1",BIHAR,PATNA,NAUBATPUR,2018-01-03T12:10:54Z
RABI,AGRICULTURE,Others,Others,"Plant Protection","Phytophthora
 in potato","spray mancozeb 2 ml 1 liter of water",BIHAR,PATNA,PUNPUN,2018-01-03T19:31:39Z
RABI,AGRICULTURE,Others,Others,Weather,"Nutritional deficiency in lentil","Spray Multi micro nutrient @ 2 gram liter of water",BIHAR,PATNA,PUNPUN,2018-01-03T19:34:23Z
RABI,AGRICULTURE,Others,Others,Weather,"WEATHER INFORMATION","????? ???? ???? ????? I",BIHAR,PATNA,PUNPUN,2018-01-03T19:36:31Z
RABI,AGRICULTURE,Cereals,Wheat,Weather,"WEATHER INFORMATION","???? ??????? ??? ????? ???? ?? ??????? ???? ?? ",BIHAR,PATNA,MANER,2018-01-03T21:14:06Z
RABI,HORTICULTURE,Vegetables,"Pea (Vegetable)","Plant Protection","ATTACK OF FUNGUS IN PEA","SPRAY MANCOZIB @ 2 GM / LIT OF WATER",BIHAR,PATNA,DHANARUA,2018-01-04T07:32:22Z
RABI,AGRICULTURE,Others,Others,"Plant Protection","YELLOWING OF LEAVES","Spray mancozeb @ 2g/lit of water",BIHAR,PATNA,BELCHCHI,2018-01-04T08:05:02Z
RABI,AGRICULTURE,Others,Others,Weather,"WEATHER INFORMATION","Heavy Cloudy weather in your area, No chance of rain in your area",BIHAR,PATNA,BELCHCHI,2018-01-04T08:09:03Z
RABI,HORTICULTURE,Vegetables,Chillies,"Fertilizer Use and Availability","Chilli thrips","Imidacloprid 17.8 % SL 3.0 ml/10 lit. 
Dimethoate 30 % EC 1.0 ml/lit. 
Emamectin benzoate 5 % SG 4 g/10 lit.",BIHAR,PATNA,BIHTA,2018-01-04T10:04:26Z
RABI,HORTICULTURE,Vegetables,Chillies,"Plant Protection","Leaf curl","Apply Carbofuran 3G @ 4-5 Kg/acre in the mainfield to control sucking complex and insect vectors selectively.


If it is not possible spray the crop with systemic insecticides. Dimethoate 2ml of Acephate 1g per litre of water.",BIHAR,PATNA,PUNPUN,2018-01-04T10:38:25Z
RABI,HORTICULTURE,Vegetables,Tomato,"Plant Protection","EARLY BLIGHT IN TOMATO","Spray mancozeb @ 2g/lit of water",BIHAR,PATNA,BIHTA,2018-01-04T12:26:36Z
RABI,AGRICULTURE,Others,Others,Weather,"WEATHER INFORMATION","Very low cloudy area but no chance of rain",BIHAR,PATNA,BIHTA,2018-01-04T12:28:14Z
RABI,HORTICULTURE,Fruits,Aonla,"Plant Protection","flower dropping Aonla","Spray Planofix @ 1 ml./3 lt. of water",BIHAR,PATNA,BARH,2018-01-04T13:28:58Z
RABI,AGRICULTURE,Others,Others,Weather,"WEATHER INFORMATION","NO CHANCE OF RAIN IN YOUR AREA",BIHAR,PATNA,NAUBATPUR,2018-01-04T14:04:41Z
RABI,AGRICULTURE,Cereals,Wheat,Weather,"Weather information","Cloudy weather  today and tomorrow  no chance of rain.",BIHAR,PATNA,MANER,2018-01-04T14:13:43Z
RABI,AGRICULTURE,Cereals,Wheat,"Plant Protection","WEATHER INFORMATION","Cloudy weather in your area and no chance of rain in your area",BIHAR,PATNA,PUNPUN,2018-01-04T14:16:02Z
RABI,AGRICULTURE,Others,Others,"Field Preparation","WEATHER INFORMATION","Cloudy weather in your area, but no chance of rain in your area",BIHAR,PATNA,MANER,2018-01-04T14:19:46Z
RABI,AGRICULTURE,Others,Others,"Plant Protection","YELLOWING OF LEAVES","Spray mancozeb @ 2g/lit of water",BIHAR,PATNA,SAMPATCHAK,2018-01-04T14:50:32Z
RABI,AGRICULTURE,Others,Others,"Plant Protection","YELLOWING OF LEAVES","Spray mancozeb @ 2g/lit of water",BIHAR,PATNA,SAMPATCHAK,2018-01-04T14:51:50Z
RABI,AGRICULTURE,Others,Others,Weather,"WEATHER INFORMATION","NO CHANCE OF RAIN IN YOUR AREA",BIHAR,PATNA,MASAURHI,2018-01-04T15:15:52Z
RABI,AGRICULTURE,Cereals,Wheat,Weather,"insect control","monocrptofos 36 ec 2ml/lea pani",BIHAR,PATNA,PHULWARI,2018-01-04T15:18:31Z
RABI,AGRICULTURE,Others,Others,"Field Preparation","WEATHER INFORMATION","Cloudt weather in your area, but chance of rain in your area",BIHAR,PATNA,FATUHA,2018-01-04T15:23:59Z
RABI,AGRICULTURE,Others,Others,"Field Preparation","WEATHER INFORMATION","Cloudy weather in your area, but chance of rain in your area",BIHAR,PATNA,NAUBATPUR,2018-01-04T16:36:52Z
RABI,AGRICULTURE,Cereals,Wheat,Weather,"Weather information","Cloudy weather today and tomorrow little chance of rain",BIHAR,PATNA,MOKAMA,2018-01-04T17:03:00Z
RABI,AGRICULTURE,Cereals,Wheat,Weather,"Weather information","Cloudy weather  today and tomorrow  no chance of rain",BIHAR,PATNA,BIHTA,2018-01-04T18:19:00Z
RABI,AGRICULTURE,Cereals,Wheat,Weather,"Weather information","Cloudy weather  today and tomorrow  no chance of rain",BIHAR,PATNA,BIHTA,2018-01-04T18:54:00Z
RABI,AGRICULTURE,Cereals,Wheat,Weather,"Weather information","Cloudy weather  today and tomorrow  no chance of rain.",BIHAR,PATNA,BIHTA,2018-01-04T19:08:08Z
RABI,HORTICULTURE,Vegetables,"Bitter Gourd","Plant Protection","INSECT PROBLEM OF BITTER GOURD","Spray malathion @ 2 G/lit of water",BIHAR,PATNA,DANIYAWAN,2018-01-05T08:13:05Z
RABI,HORTICULTURE,Vegetables,"Bitter Gourd","Plant Protection","ROTTING OF BITTER GOURDFLOWER","Spray saaf @2gm /lit of water",BIHAR,PATNA,DANIYAWAN,2018-01-05T08:14:37Z
RABI,HORTICULTURE,Vegetables,"Bitter Gourd","Nutrient Management","INDUCED OF FLOWER","Spray boom flower @ 2 ml in 1 litre of water",BIHAR,PATNA,DANIYAWAN,2018-01-05T08:16:09Z
RABI,HORTICULTURE,Vegetables,Brinjal,"Nutrient Management","FLOWER DROPPING OF BRINJAL","Sprary planofix 1ml in 4 lit of water.",BIHAR,PATNA,DANIYAWAN,2018-01-05T08:17:45Z
RABI,AGRICULTURE,Others,Others,Weather,"WEATHER  INFORMATION","Cloudy weather, rain is not likely.",BIHAR,PATNA,DANIYAWAN,2018-01-05T08:20:50Z
RABI,HORTICULTURE,Vegetables,"Pea (Vegetable)","Plant Protection","Yellowing  leaf of pea","Spray mancozeb @ 2g/lit of water",BIHAR,PATNA,DANIYAWAN,2018-01-05T08:39:58Z
RABI,AGRICULTURE,Pulses,"Lentil (Masur)","Plant Protection","INSECT PROBLEM OF LENTIL","Spray quinqalphos @ 1ml/lit of water",BIHAR,PATNA,MOKAMA,2018-01-05T09:43:22Z
RABI,AGRICULTURE,Pulses,"Lentil (Masur)","Plant Protection","YELLOWING LEAF OF LENTIL","Spray mancozeb @ 2g/lit of water",BIHAR,PATNA,MOKAMA,2018-01-05T09:45:17Z
RABI,AGRICULTURE,Pulses,"Lentil (Masur)","Nutrient Management","NUTRIENT MANAGEMENT OF LENTIL","SPRAY MULTIPLAX @ 2 G / LITRE WATER",BIHAR,PATNA,MOKAMA,2018-01-05T09:47:29Z
RABI,AGRICULTURE,Others,Others,Weather,"WEATHER  INFORMATION","Cloudy weather, rain is not likely.",BIHAR,PATNA,MOKAMA,2018-01-05T09:49:17Z
RABI,AGRICULTURE,Cereals,Wheat,Weather,"insect control","monocrotofos @2ml/lea pani",BIHAR,PATNA,MOKAMA,2018-01-05T10:05:20Z
RABI,AGRICULTURE,Cereals,Wheat,Weather,"WEATHER INFORMATION","????? ???? ???? ????? I",BIHAR,PATNA,DHANARUA,2018-01-05T10:11:32Z
RABI,AGRICULTURE,Cereals,Wheat,Weather,"INFORMATION WEATHER","????? ???? ???? ????? I",BIHAR,PATNA,DHANARUA,2018-01-05T10:24:28Z
RABI,AGRICULTURE,Others,Others,Weather,"WEATHER INFORMATION","No chance of rain in your area",BIHAR,PATNA,NAUBATPUR,2018-01-05T11:42:47Z
RABI,AGRICULTURE,Cereals,Wheat,Weather,"INFORMATION WEATHER","????? ???? ???? ?????",BIHAR,PATNA,DHANARUA,2018-01-05T12:31:42Z
RABI,AGRICULTURE,Cereals,Wheat,Weather,"INFORMATION WEATHER","????? ???? ???? ????? I",BIHAR,PATNA,KHUSRUPUR,2018-01-05T13:32:59Z
RABI,AGRICULTURE,Pulses,"Lentil (Masur)","Plant Protection","YELLOWING OF LEAVES","Spray mancozeb @ 2g/lit of water",BIHAR,PATNA,MASAURHI,2018-01-05T14:08:46Z
RABI,HORTICULTURE,Vegetables,Potato,"Plant Protection","YELLOWING OF LEAVES IN POTATO","Spray mancozeb @ 2g/lit of water",BIHAR,PATNA,BAKHTIARPUR,2018-01-05T14:22:24Z
KHARIF,AGRICULTURE,Pulses,"Lentil (Masur)","Plant Protection","DISEASE PROBLEM IN LENTIL","SPRAY MANCOZEB2.5GM/LIT OF WATER",BIHAR,PATNA,SAMPATCHAK,2018-01-05T16:06:30Z
RABI,AGRICULTURE,Others,Others,"Field Preparation","VARIETY OF COULIFLOWER","kuari, patna aril, pusa katki, pusa dipali ,  hajipur agata .",BIHAR,PATNA,NAUBATPUR,2018-01-05T17:02:43Z
RABI,AGRICULTURE,Others,Others,"Field Preparation","Variety of Tomato-","rupali, pusa gaurav, labonita, punjab keshri",BIHAR,PATNA,NAUBATPUR,2018-01-05T17:19:16Z
RABI,HORTICULTURE,Vegetables,Bhindi(Okra/Ladysfinger),"Plant Protection","Leaf roller","Spray carbaryl 50 WP 2 g/lit or phosalone 35 EC 2 ml/lit",BIHAR,PATNA,BIKRAM,2018-01-05T18:51:03Z
RABI,HORTICULTURE,Vegetables,Bhindi(Okra/Ladysfinger),"Plant Protection",Aphid,"?Imidacloprid 200 SL at 100 ml/ha
?Methyl demeton 25 EC 500 ml/ha",BIHAR,PATNA,DHANARUA,2018-01-05T19:00:59Z
RABI,AGRICULTURE,Others,Others,"Field Preparation","Varities of Onion","Arka niketan, Nasik red, Arka kalyan 76",BIHAR,PATNA,FATUHA,2018-01-05T19:29:54Z
RABI,AGRICULTURE,Others,Others,"Field Preparation","Variety of ginger","Variety of ginger - maran suruchi, suprabha surabhi",BIHAR,PATNA,FATUHA,2018-01-05T19:31:14Z
RABI,AGRICULTURE,Others,Others,"Field Preparation","Variety of ginger","Variety of ginger - maran suruchi, suprabha surabhi





















? , ?????? , ?????????? , ???  1, ??????? , ????????  ???  ?????  ?????? , 




















?????  ????? , ????? ????? , ?????  ??????? , ?????  ?????  and ?????",BIHAR,PATNA,FATUHA,2018-01-05T19:55:17Z
RABI,AGRICULTURE,Others,Others,Weather,"WEATHER INFORMATION","????? ???? ???? ????? ?????? ??? ???? ????? I",BIHAR,PATNA,MASAURHI,2018-01-05T21:49:02Z
RABI,AGRICULTURE,Others,Others,Weather,"WEATHER INFORMATION","CLOUDY WEATHER",BIHAR,PATNA,NAUBATPUR,2018-01-06T10:09:03Z
RABI,AGRICULTURE,Pulses,"Bengal Gram (Gram/Chick Pea/Kabuli/Chana)","Plant Protection","DRYING FLOWER OF GRAM","Spray mancozeb @ 2g/lit of water",BIHAR,PATNA,DHANARUA,2018-01-06T10:19:33Z
RABI,AGRICULTURE,Pulses,"Bengal Gram (Gram/Chick Pea/Kabuli/Chana)","Nutrient Management","NUTRIENT MANAGEMENT OF GRAM","SPRAY MULTIPLAX @ 2G / LITRE PANI",BIHAR,PATNA,DHANARUA,2018-01-06T10:21:56Z
RABI,AGRICULTURE,Others,Others,Weather,"WEATHER INFORMATION","CLOUDY WEATHER",BIHAR,PATNA,NAUBATPUR,2018-01-06T10:22:31Z
RABI,AGRICULTURE,Others,Others,Weather,"WEATHER  INFORMATION","Cloudy weather, rain is not likely.",BIHAR,PATNA,DHANARUA,2018-01-06T10:23:14Z
RABI,HORTICULTURE,Vegetables,Bhindi(Okra/Ladysfinger),"Plant Protection","Bhendi fruit borer","Spray carbaryl 50 WP 2 g/lit or B. thuringiensis 2 g/lit",BIHAR,PATNA,BIHTA,2018-01-06T10:37:28Z
RABI,HORTICULTURE,Vegetables,Bhindi(Okra/Ladysfinger),"Plant Protection","Red cotton bug","Spray phosphamidon 40 SL @ 600 ml/ha",BIHAR,PATNA,"DULHIN BAZAR",2018-01-06T10:53:42Z
RABI,HORTICULTURE,Vegetables,Bhindi(Okra/Ladysfinger),Beekeeping,"Bhendi yellow vein mosaic virus","application of Chlorpyriphos 2.5 ml + neem oil 2 ml lit of water.",BIHAR,PATNA,BARH,2018-01-06T11:02:24Z
RABI,HORTICULTURE,Vegetables,Brinjal,"Plant Protection","Shoot and fruit borer","Phosalone 35 % EC 1.5  ml/lit. 
Quinalphos 25 % EC 1.5 ml/lit.",BIHAR,PATNA,MANER,2018-01-06T11:17:20Z
RABI,AGRICULTURE,Pulses,"Bengal Gram (Gram/Chick Pea/Kabuli/Chana)","Plant Protection","yallow leAf problem in gram","?????????    2 gram ??? 1 liter ????  ???  ??????  ??????  ??? I",BIHAR,PATNA,FATUHA,2018-01-06T12:19:33Z
RABI,AGRICULTURE,Others,Others,"Plant Protection","ATTACK OF INSECT IN WHEAT","SPRAY IMIDACHOLOROPRID @ 1 ML / 3 LIT OF WATER",BIHAR,PATNA,BAKHTIARPUR,2018-01-06T12:22:42Z
RABI,AGRICULTURE,Others,Others,Weather,"WEATHER  INFORMATION","Cloudy weather, rain is not likely.",BIHAR,PATNA,NAUBATPUR,2018-01-06T13:46:29Z
RABI,AGRICULTURE,Others,Others,"Field Preparation","CONTACT TO BLOCK","AGRICULTURAL OFFICER",BIHAR,PATNA,MANER,2018-01-06T14:45:40Z
RABI,AGRICULTURE,Others,Others,Varieties,"VARIETY OF CHILLI","AGNNI REKHA,KALYANPURCHAMAN,B.H.S-267",BIHAR,PATNA,BIHTA,2018-01-06T17:38:31Z
RABI,AGRICULTURE,Others,Others,"Plant Protection","GROWTH DELAY IN WHEAT","Spray Multi micro nutrient @ 2 gram in 1 liter of water",BIHAR,PATNA,PHULWARI,2018-01-06T19:17:24Z
RABI,HORTICULTURE,Vegetables,Bhindi(Okra/Ladysfinger),"Plant Protection","Bhendi fruit borer","Spray carbaryl 50 WP 2 g/lit or B. thuringiensis 2 g/lit",BIHAR,PATNA,DANIYAWAN,2018-01-07T07:57:23Z
RABI,AGRICULTURE,Others,Others,Weather,"WEATHER  INFORMATION","Cloudy weather, rain is not likely.",BIHAR,PATNA,DANIYAWAN,2018-01-07T08:00:48Z
RABI,AGRICULTURE,Others,Others,Weather,weather,"8 C 
RealFeel 9

Dense fog
  


See Hourly

> 




Today

Jan 7



20 Hi 
RealFeel 21

Hazy sun
 More  



Tonight

Jan 7



7 Lo 
RealFeel 8

Hazy and chilly
 More  



Tomorrow

Jan 8



20 Hi 
RealFeel 22

Hazy sunshine",BIHAR,PATNA,PALIGANJ,2018-01-07T08:01:11Z
RABI,AGRICULTURE,Others,Others,Weather,"WEATHER  INFORMATION","Cloudy weather, rain is not likely.",BIHAR,PATNA,DANIYAWAN,2018-01-07T08:01:48Z
RABI,HORTICULTURE,Vegetables,Bhindi(Okra/Ladysfinger),"Plant Protection",Whitefly,"?Phosalone 35 EC @ 2.5 l/ha
?Quinalphos 25 EC @ 2.0 l/ha
?Triazophos 40 EC @ 2.0 l/ha",BIHAR,PATNA,MANER,2018-01-07T08:03:59Z
RABI,HORTICULTURE,Vegetables,Brinjal,"Plant Protection",Aphid,"?Imidacloprid 200 SL at 100 ml/ha
?Methyl demeton 25 EC 500 ml/ha",BIHAR,PATNA,"DULHIN BAZAR",2018-01-07T08:08:22Z
RABI,HORTICULTURE,Vegetables,Brinjal,"Plant Protection","Cercospora Leaf Spot","Spraying 1 per cent Bordeaux mixture or 2 g Copper oxychloride or 2.5 g Zineb per litre of water effectively controls leaf spots.",BIHAR,PATNA,BARH,2018-01-07T08:15:36Z
RABI,HORTICULTURE,Vegetables,Brinjal,"Plant Protection","Shoot and fruit borer","Chlorpyrifos 20 % EC 1.0  ml/lit. 
Dimethoate 30 % EC 7.0  ml/10 lit.",BIHAR,PATNA,PALIGANJ,2018-01-07T08:17:32Z
RABI,AGRICULTURE,Pulses,"Lentil (Masur)",Weather,"WEATHER INFORMATION","COOL AND CLOUDY WEATHER",BIHAR,PATNA,BIKRAM,2018-01-07T09:48:47Z
RABI,AGRICULTURE,Others,Others,"Field Preparation","Yellow leaf problem in lentil","Spray carbendazim @ 2.5 gram in 1 litre of water",BIHAR,PATNA,DANIYAWAN,2018-01-07T10:48:06Z
RABI,AGRICULTURE,Others,Others,"Field Preparation","Variety of Potato","Variety of Potato - KUFRI ASHOKA, KUFRI PUKHRAJ, KUFRI KANCHAN, KUFRI PUSHKAR, KUFRI LALIMA, RAJENDRA AALU-1,2,3, KUFRI SINDURI",BIHAR,PATNA,DANIYAWAN,2018-01-07T10:54:21Z
RABI,AGRICULTURE,Others,Others,"Field Preparation","WEATHER INFORMATION","Very low cloudy area but no chance of rain",BIHAR,PATNA,DANIYAWAN,2018-01-07T10:58:23Z
RABI,AGRICULTURE,Others,Others,"Field Preparation","WEATHER INFORMATION","Very low cloudy area but no chance of rain",BIHAR,PATNA,DANIYAWAN,2018-01-07T11:00:03Z
RABI,AGRICULTURE,Others,Others,"Field Preparation","YELLOWING OF LEAVES","Spray mancozeb @ 2g/lit of water",BIHAR,PATNA,FATUHA,2018-01-07T12:29:57Z
RABI,AGRICULTURE,Pulses,"Lentil (Masur)","Plant Protection","WILT PROBLEM OF LENTIL","Spray copper oxycloride @ 2 gram in 1 litter of water",BIHAR,PATNA,DANIYAWAN,2018-01-07T12:40:20Z
RABI,AGRICULTURE,Pulses,"Lentil (Masur)","Nutrient Management","FLOWER INDUCED IN LENTIL","Spray boom flower @ 2 ml in 1 litre of water",BIHAR,PATNA,DANIYAWAN,2018-01-07T12:42:00Z
RABI,AGRICULTURE,Others,Others,Weather,"WEATHER INFORMATION","COOL AND CLOUDY WEATHER",BIHAR,PATNA,PANDARAK,2018-01-07T13:06:33Z
RABI,AGRICULTURE,Others,Others,Weather,"WEATHER INFORMATION","COOL AND CLOUDY WEATHER",BIHAR,PATNA,PANDARAK,2018-01-07T13:10:15Z
RABI,AGRICULTURE,Cereals,Wheat,Weather,"Weather information","Cloudy weather  today and tomorrow  no chance of rain.",BIHAR,PATNA,"PATNA SADAR",2018-01-07T16:08:29Z
RABI,HORTICULTURE,Vegetables,Chillies,"Plant Protection","Green peach aphid","Imidacloprid 17.8 % SL 3.5 ml/10 lit. 
Oxydemeton Methyl 25% EC 1.6 ml/lit. 
Phosalone 35 % EC 2.0 ml/lit.",BIHAR,PATNA,"DULHIN BAZAR",2018-01-08T07:26:35Z
RABI,HORTICULTURE,Vegetables,Chillies,"Plant Protection","Tobacco cutworm","Indoxacarb 14.5 % SC 6.5 ml/10 lit. 
Novaluron 10 % EC 7.5 ml/10 lit. 
Spinosad 45 % SC 3.2 ml/10 lit.",BIHAR,PATNA,BELCHCHI,2018-01-08T07:31:45Z
RABI,HORTICULTURE,Vegetables,Chillies,"Plant Protection","Tobacco cutworm","Indoxacarb 14.5 % SC 6.5 ml/10 lit. 
Novaluron 10 % EC 7.5 ml/10 lit. 
Spinosad 45 % SC 3.2 ml/10 lit.",BIHAR,PATNA,MANER,2018-01-08T07:31:50Z
RABI,HORTICULTURE,Vegetables,Chillies,"Plant Protection","Yellow mite or muranai mite","Diafenthiuron 50 % WP 8.0 g/10 lit. 
Dimethoate 30 % EC 1.0 ml/lit. 
Ethion 50 % EC 2.0 ml/lit.",BIHAR,PATNA,BARH,2018-01-08T07:46:08Z
RABI,HORTICULTURE,Vegetables,Brinjal,"Plant Protection","Tobacco mosaic virus","Spray insecticides like Dimethoate 2 ml/litre or Metasystox 1 ml/litre of water to control the insect vectors.",BIHAR,PATNA,BELCHCHI,2018-01-08T08:32:26Z
RABI,AGRICULTURE,Cereals,Wheat,Weather,"WE ATHER INFORMATION","????? ???? ???? ?????",BIHAR,PATNA,DHANARUA,2018-01-08T11:14:48Z
RABI,AGRICULTURE,Cereals,Wheat,Weather,"WE ATHER INFORMATION","????? ???? ???? ?????",BIHAR,PATNA,DHANARUA,2018-01-08T11:15:03Z
RABI,"ANIMAL HUSBANDRY",Animal,"Bovine(Cow,Buffalo)","Disease Management","DISEASE MANAGEMENT OF ANIMAL","AAP VETRINARY HOSPITAL ME CONTACT KRE",BIHAR,PATNA,DINAPUR,2018-01-08T13:26:52Z
RABI,AGRICULTURE,Others,Others,Weather,"WEATHER INFORMATION","Very cold and  hazy weather in your area,but no chance of rain",BIHAR,PATNA,SAMPATCHAK,2018-01-08T13:33:21Z
RABI,AGRICULTURE,Others,Others,Weather,"WEATHER INFORMATION","Very cold and  hazy weather in your area,but no chance of rain",BIHAR,PATNA,DINAPUR,2018-01-08T13:36:19Z
RABI,AGRICULTURE,Others,Others,Weather,"WEATHER INFORMATION","Very cold and  hazy weather in your area,but no chance of rain",BIHAR,PATNA,SAMPATCHAK,2018-01-08T13:37:27Z
RABI,AGRICULTURE,Others,Others,Weather,"WEATHER INFORMATION","HAZY SUNSHINE",BIHAR,PATNA,SAMPATCHAK,2018-01-08T14:52:49Z
RABI,AGRICULTURE,Others,Others,"Plant Protection","NUTRIENT deficiency in gram","Spray nutrient Multi micro @ 2 gram in 1 litre of water",BIHAR,PATNA,SAMPATCHAK,2018-01-08T14:56:28Z
RABI,AGRICULTURE,Others,Others,"Field Preparation","Growth Delay","Spray boom flower @ 2 ml in 1 litre of water",BIHAR,PATNA,SAMPATCHAK,2018-01-08T15:09:22Z
RABI,AGRICULTURE,Others,Others,"Field Preparation","Yellowing of leaf / Rotting problem","Spray mancozeb @ 2g/lit of water",BIHAR,PATNA,SAMPATCHAK,2018-01-08T15:17:32Z
RABI,AGRICULTURE,Others,Others,"Field Preparation","Spray multi micro nutrients @ 2 ml in 1 liter of water","Spray multi micro nutrients @ 2 ml in 1 liter of water",BIHAR,PATNA,BIKRAM,2018-01-08T15:55:58Z
RABI,AGRICULTURE,Others,Others,"Field Preparation","Variety of bhindi","Variety of bhindi-arka abhay, arka anamika, bersha uphar, okra-4",BIHAR,PATNA,DANIYAWAN,2018-01-08T16:13:44Z
RABI,AGRICULTURE,Others,Others,Weather,weather,"no rain",BIHAR,PATNA,BARH,2018-01-08T18:33:53Z
RABI,AGRICULTURE,Others,Others,"Plant Protection","NUTRIENT deficiency","Spray nutrient Multi micro @ 2 gram in 1 litre of water",BIHAR,PATNA,NAUBATPUR,2018-01-08T19:12:41Z
RABI,AGRICULTURE,Others,Others,"Field Preparation","- www.krishimis.in","- www.krishimis.in",BIHAR,PATNA,NAUBATPUR,2018-01-08T19:19:02Z
RABI,AGRICULTURE,Cereals,Wheat,Weather,"WEATHER INFORMATION","Sunny weather but no rain in your area.",BIHAR,PATNA,DHANARUA,2018-01-08T19:22:36Z
RABI,AGRICULTURE,Others,Others,"Field Preparation","Yellowing of leaf / Rotting problem","Spray copper oxycloride @ 2 gram in 1 litter of water",BIHAR,PATNA,NAUBATPUR,2018-01-08T19:33:35Z
RABI,AGRICULTURE,Others,Others,"Field Preparation","Insect infestation","Spray  Imidachloprid @ 1ml/3lit of water",BIHAR,PATNA,SAMPATCHAK,2018-01-08T19:51:03Z
RABI,HORTICULTURE,Vegetables,Brinjal,"Plant Protection","Tobacco mosaic virus","Spray insecticides like Dimethoate 2 ml/litre or Metasystox 1 ml/litre of water to control the insect vectors.",BIHAR,PATNA,BIKRAM,2018-01-09T06:57:11Z
RABI,AGRICULTURE,Others,Others,"Field Preparation","WEATHER INFORMATION","Very low cloudy area but no chance of rain",BIHAR,PATNA,BIHTA,2018-01-09T07:08:36Z
RABI,AGRICULTURE,Others,Others,"Field Preparation","WEATHER INFORMATION","Very low cloudy area but no chance of rain",BIHAR,PATNA,DANIYAWAN,2018-01-09T07:13:28Z
RABI,HORTICULTURE,Vegetables,Brinjal,"Plant Protection","Lace wing bug","Spray dimethoate 30 EC @ 1 lit/ha or methyl demeton 25 EC @ 1 lit/ha",BIHAR,PATNA,MANER,2018-01-09T07:14:25Z
RABI,AGRICULTURE,Others,Others,"Soil Testing","Spray Clopyriphos @ 2 ml / lit of water","Spray Clopyriphos @ 2 ml / lit of water",BIHAR,PATNA,DANIYAWAN,2018-01-09T07:21:49Z
RABI,AGRICULTURE,Others,Others,"Soil Testing","Good variety of okra","Good variety of okra- prabhani kranti, arka abhay, arka anamika, bersa uphar,Punjab-7, okra-4",BIHAR,PATNA,BIHTA,2018-01-09T07:31:14Z
RABI,AGRICULTURE,Others,Others,"Field Preparation","Variety of ginger","Variety of ginger- maran suruchi, suprabha surabhi",BIHAR,PATNA,BIHTA,2018-01-09T07:43:25Z
RABI,AGRICULTURE,Pulses,"Bengal Gram (Gram/Chick Pea/Kabuli/Chana)","Plant Protection","flower dropping in gram","Spray Planofix @ 1 ml./3 ml.of water.",BIHAR,PATNA,NAUBATPUR,2018-01-09T08:07:05Z
RABI,AGRICULTURE,Pulses,"Bengal Gram (Gram/Chick Pea/Kabuli/Chana)","Plant Protection","yellowing leaf in gram","Spray Mancozeb @ 2 gm./lt. of water.",BIHAR,PATNA,NAUBATPUR,2018-01-09T08:11:44Z
RABI,AGRICULTURE,Others,Others,"Field Preparation","WEATHER INFORMATION","Very low cloudy area but no chance of rain",BIHAR,PATNA,"DULHIN BAZAR",2018-01-09T08:25:01Z
RABI,AGRICULTURE,Cereals,Wheat,"Weed Management","Weed Management In Wheat","2-4D@500G/A 200 LI WATER",BIHAR,PATNA,SAMPATCHAK,2018-01-09T11:26:18Z
RABI,AGRICULTURE,Cereals,Wheat,Weather,"WEATHER INFORMATION","????? ???? ???? ????? ?????? ??? ???? ????? I",BIHAR,PATNA,MOKAMA,2018-01-09T14:13:58Z
RABI,AGRICULTURE,Cereals,Wheat,Weather,"WEATHER INFORMATION","????? ???? ???? ????? ?????? ??? ???? ?????",BIHAR,PATNA,PHULWARI,2018-01-09T14:38:03Z
RABI,AGRICULTURE,Others,Others,Weather,"WEATHER INFORMATION","Very low cloudy area but no chance of rain",BIHAR,PATNA,PHULWARI,2018-01-09T16:00:59Z
RABI,AGRICULTURE,Cereals,Wheat,Weather,"WEATHER INFORMATION","????? ???? ???? ????? ?????? ??? ???? ?????",BIHAR,PATNA,"PATNA SADAR",2018-01-09T16:08:31Z
RABI,AGRICULTURE,Others,Others,Weather,"WEATHER INFORMATION","Very low cloudy area but no chance of rain",BIHAR,PATNA,DANIYAWAN,2018-01-09T16:57:18Z
RABI,AGRICULTURE,Others,Others,"Plant Protection","Aphids IN GUAVA","Dimethoate 30 EC @ 2 ml/lit to control aphids.",BIHAR,PATNA,DHANARUA,2018-01-09T18:08:46Z
RABI,AGRICULTURE,Others,Others,Weather,"WEATHER INFORMATION","Hazy sun",BIHAR,PATNA,FATUHA,2018-01-09T18:52:57Z
RABI,AGRICULTURE,Others,Others,"Plant Protection","YELLOWING OF LEAVES","spray mancozeb @ 2 gm / lit of water",BIHAR,PATNA,FATUHA,2018-01-09T18:54:17Z
RABI,AGRICULTURE,Others,Others,"Plant Protection","problem fungus","Spray Copper oxy chloride @ 3 gm / lit of water",BIHAR,PATNA,MASAURHI,2018-01-09T19:07:52Z
RABI,AGRICULTURE,Others,Others,Weather,weather,"no rain",BIHAR,PATNA,MASAURHI,2018-01-09T21:30:53Z
RABI,AGRICULTURE,Others,Others,Weather,"WEATHER INFORMATION","CLOUDY WEATHER",BIHAR,PATNA,PHULWARI,2018-01-10T10:38:05Z
RABI,AGRICULTURE,Others,Others,Weather,"WEATHER INFORMATION","Cloudy weather in your area, but no chance of rain in your area.",BIHAR,PATNA,MASAURHI,2018-01-10T11:13:49Z
RABI,HORTICULTURE,Vegetables,Potato,"Plant Protection","Early blight","spraying Mancozeb 2 g/lit or Chlorothalonil 2 g/lit at 45, 60 and 75 days after planting.",BIHAR,PATNA,BARH,2018-01-10T11:14:06Z
RABI,AGRICULTURE,Others,Others,Weather,"WEATHER INFORMATION","Cloudy weather in your area, but no chance of rain in your area.",BIHAR,PATNA,MASAURHI,2018-01-10T11:20:39Z
RABI,AGRICULTURE,Others,Others,"Field Preparation","YELLOWING OF LEAVE Sproblem fungus","Bordeaux mixture (1%) or Copper oxychloride 0.25%",BIHAR,PATNA,MANER,2018-01-10T14:11:16Z
JAYAD,AGRICULTURE,Others,Others,"Sowing Time and Weather","WEATHER INFORMATION","DENSE FOG WITH HAZY SUN",BIHAR,PATNA,PALIGANJ,2018-01-11T07:08:23Z
RABI,HORTICULTURE,Vegetables,Brinjal,"Plant Protection","Brown leaf hopper","Spray with dimethoate 0.3%",BIHAR,PATNA,BARH,2018-01-11T08:48:56Z
RABI,HORTICULTURE,Vegetables,Brinjal,"Plant Protection","spotted beetle","Spray Carbaryl 50 WP @ 3g/lit",BIHAR,PATNA,DANIYAWAN,2018-01-11T08:54:16Z
JAYAD,AGRICULTURE,Others,Others,"Sowing Time and Weather","WEATHER INFORMATION","DENSE FOG WITH HAZY SUN",BIHAR,PATNA,NAUBATPUR,2018-01-11T10:27:45Z
RABI,AGRICULTURE,Pulses,"Lentil (Masur)","Nutrient Management","NUTRIENT MANAGEMENT IN LENTIL","Spray boom flower @ 2 ml in 1 litre of water",BIHAR,PATNA,PUNPUN,2018-01-11T11:42:16Z
RABI,AGRICULTURE,Cereals,Wheat,Weather,"WEATHER INFORMATION","????? ???? ???? ????? ?????? ??? ???? ????? I",BIHAR,PATNA,SAMPATCHAK,2018-01-11T11:46:41Z
JAYAD,AGRICULTURE,Pulses,"Lentil (Masur)","Field Preparation","LENTIL COLD ATTACK","SPRAY MANCOZEB 2 GRAM/LITRE OF WATER",BIHAR,PATNA,MASAURHI,2018-01-11T12:01:54Z
JAYAD,HORTICULTURE,Fruits,Mango,"Field Preparation","MANGO SPRAY","SPRAY MANCOZEB 2 GRAM/LITRE OF WATER
SPRAY METHYL DEMETON 2 GRAM/LITRE OF WATER",BIHAR,PATNA,MASAURHI,2018-01-11T12:05:23Z
RABI,HORTICULTURE,Vegetables,Chillies,"Plant Protection","Chilli thrips","Imidacloprid 17.8 % SL 3.0 ml/10 lit. 
Dimethoate 30 % EC 1.0 ml/lit.",BIHAR,PATNA,BIKRAM,2018-01-12T06:32:05Z
RABI,HORTICULTURE,Vegetables,Chillies,"Plant Protection","Green peach aphid","Imidacloprid 17.8 % SL 3.5 ml/10 lit. 
Oxydemeton Methyl 25% EC 1.6 ml/lit. 
Phosalone 35 % EC 2.0 ml/lit.",BIHAR,PATNA,BARH,2018-01-12T06:34:44Z
RABI,HORTICULTURE,Vegetables,Chillies,"Plant Protection","Tobacco cutworm","Novaluron 10 % EC 7.5 ml/10 lit. 
Spinosad 45 % SC 3.2 ml/10 lit.",BIHAR,PATNA,BARH,2018-01-12T06:40:21Z
RABI,HORTICULTURE,Vegetables,Brinjal,"Plant Protection","INSECT PROBLEM INBRINJAL","Spray malathion @ 2G/lit of water",BIHAR,PATNA,MANER,2018-01-12T08:24:09Z
RABI,HORTICULTURE,Vegetables,Brinjal,"Nutrient Management","NUTRIENT MANAGEMENT IN BRINJAL","Spray boom flower @ 2 ml in 1 litre of water",BIHAR,PATNA,MANER,2018-01-12T08:27:18Z
RABI,AGRICULTURE,Others,Others,"Soil Testing","RELATED TO SOIL TEST","CONTACT TO SOIL DEPARTMENT  IN KVK FOR SOIL TEST",BIHAR,PATNA,"PATNA SADAR",2018-01-12T09:33:37Z
RABI,AGRICULTURE,Others,Others,"Plant Protection","Yellowing leaves in in masur","Spray mencozeb @ 2gm/lit of water",BIHAR,PATNA,DANIYAWAN,2018-01-12T11:03:45Z
RABI,HORTICULTURE,Fruits,Mango,"Cultural Practices","Season of planting OF MANGO","Season of planting OF MANGO
 Planting spreads from July to December.",BIHAR,PATNA,NAUBATPUR,2018-01-12T12:30:18Z
RABI,AGRICULTURE,Pulses,"Lentil (Masur)","Plant Protection","WILT DISEASE PROBLEM OF LENTIL","Spray copper oxycloride @ 2 gram in 1 litter of water",BIHAR,PATNA,NAUBATPUR,2018-01-12T12:38:17Z
RABI,AGRICULTURE,Others,Others,Weather,"WEATHER INFORMATION","No chance of rain in your area",BIHAR,PATNA,MASAURHI,2018-01-12T15:36:52Z
RABI,AGRICULTURE,Others,Others,Weather,"WEATHER  INFORMATION","Cloudy weather ,Hazy sun,but not chance of rain",BIHAR,PATNA,NAUBATPUR,2018-01-12T17:53:16Z
RABI,HORTICULTURE,Vegetables,Brinjal,"Plant Protection","Alternaria leaf Spot","Spraying 1 per cent Bordeaux mixture or 2 g Copper oxychloride or 2.5 g Zineb per litre of water effectively controls leaf spots.",BIHAR,PATNA,BIHTA,2018-01-13T07:14:51Z
JAYAD,AGRICULTURE,Others,Others,"Field Preparation","WHEAT WEED MANAGEMENT","HERBICIDE CAN BE APPLIED  AFTER 1 MONTH",BIHAR,PATNA,"DULHIN BAZAR",2018-01-13T07:30:53Z
RABI,HORTICULTURE,Vegetables,Chillies,"Plant Protection","Chilli thrips","Imidacloprid 17.8 % SL 3.0 ml/10 lit. 
Dimethoate 30 % EC 1.0 ml/lit.",BIHAR,PATNA,BIHTA,2018-01-13T07:30:59Z
RABI,HORTICULTURE,Vegetables,Chillies,"Plant Protection","Chilli thrips","Imidacloprid 17.8 % SL 3.0 ml/10 lit. 
Dimethoate 30 % EC 1.0 ml/lit.",BIHAR,PATNA,PUNPUN,2018-01-13T07:31:04Z
RABI,HORTICULTURE,Vegetables,Chillies,"Plant Protection","Gram caterpillar","Flubendiamide 20 WDG 6.0 g /10 lit. 
Indoxacarb 14.5 % SC 6.5 ml/10 lit. 
Novaluron 10 % EC 7.5 ml/10 lit. 
Spinosad 45 % SC 3.2 ml/10 lit.",BIHAR,PATNA,MANER,2018-01-13T07:37:26Z
RABI,HORTICULTURE,Vegetables,Chillies,"Plant Protection","Yellow mite or muranai mite","Diafenthiuron 50 % WP 8.0 g/10 lit. 
Dimethoate 30 % EC 1.0 ml/lit. 
Ethion 50 % EC 2.0 ml/lit.",BIHAR,PATNA,NAUBATPUR,2018-01-13T07:39:10Z
RABI,AGRICULTURE,Others,Others,"Field Preparation","Nutritional medicine","Spray Multi micro nutrient @ 2 gram in 1 liter",BIHAR,PATNA,BIHTA,2018-01-13T10:29:57Z
RABI,AGRICULTURE,Others,Others,"Field Preparation","Hybrid variety of Bhindi","Hybrid variety of Bhindi - Anokhi, Indranil, bhawani, Krishna",BIHAR,PATNA,DANIYAWAN,2018-01-13T10:36:39Z
JAYAD,AGRICULTURE,Pulses,"Lentil (Masur)","Field Preparation","LENTIL GROWING CONTINOUSLY","SPRAY LEOHOCIN 2 GRAM/LITRE OF WATER
SPRAY PLANOFIX  1 MILI/4-5 LITRE OF WATER",BIHAR,PATNA,KHUSRUPUR,2018-01-13T10:50:31Z
JAYAD,AGRICULTURE,Pulses,"Lentil (Masur)","Field Preparation","LENTIL COLD ATTACK","SPRAY MANCOZEB 2 GRAM/LITRE OF WATER",BIHAR,PATNA,KHUSRUPUR,2018-01-13T10:54:01Z
JAYAD,AGRICULTURE,Others,Others,"Field Preparation","For farmer registration","For farmer registration : www.krishimis.in",BIHAR,PATNA,KHUSRUPUR,2018-01-13T13:04:59Z
JAYAD,AGRICULTURE,Others,Others,"Sowing Time and Weather","TO PROTECT FROM COLD ATTACK","TO PROTECT FROM COLD ATTACK-SPRAY MANCOZEB 2 GRAM/LITRE OF WATER",BIHAR,PATNA,KHUSRUPUR,2018-01-13T13:46:47Z
RABI,AGRICULTURE,Others,Others,"Plant Protection","plant protection","SPRAY INDOFIL M-45 75% WP @ 2GRM/LIT OF WATER",BIHAR,PATNA,KHUSRUPUR,2018-01-13T13:56:42Z
RABI,AGRICULTURE,Others,Others,Weather,"Weather information","Cloudy weather  today and tomorrow  no chance of rain.",BIHAR,PATNA,PHULWARI,2018-01-13T17:51:01Z
RABI,AGRICULTURE,Others,Others,Weather,"Weather information","Cloudy weather  today and tomorrow  no chance of rain.",BIHAR,PATNA,DANIYAWAN,2018-01-13T19:07:19Z
RABI,AGRICULTURE,Others,Others,Weather,"Weather information","Cloudy weather ,Hazy sun,but not chance of rain",BIHAR,PATNA,MASAURHI,2018-01-13T21:35:56Z
RABI,AGRICULTURE,Others,Others,"Plant Protection","YELLOWING OF LEAVES","Spray mancozeb@2mll/liter of water",BIHAR,PATNA,PUNPUN,2018-01-14T09:26:10Z
RABI,AGRICULTURE,Others,Others,"Field Preparation","Variety of bhindi","Variety of bhindi-arka abhay, arka anamika, bersha uphar, okra-4",BIHAR,PATNA,BARH,2018-01-14T14:39:42Z
RABI,AGRICULTURE,Others,Others,"Field Preparation","NENUAA VARIETY","Rajendra nenua-1, pusa chikni ,kalyanpur chikani ,D.L. -1,PUSA SUPRIYA Weedicide in wheat crop against guli-danda crop",BIHAR,PATNA,MASAURHI,2018-01-14T14:49:49Z
RABI,AGRICULTURE,Others,Others,Weather,"WEATHER INFORMATION","HAZY SUNSHINE WITH COLD ENVIRONMENT UPTO 18 JANUARY",BIHAR,PATNA,BELCHCHI,2018-01-14T16:40:55Z
RABI,AGRICULTURE,Others,Others,"Plant Protection","PLANT PROTECTION","SPRAY MANCOZEB @ 2 GRAM/LITRE OF WATER",BIHAR,PATNA,SAMPATCHAK,2018-01-14T19:59:51Z
RABI,AGRICULTURE,Others,Others,Weather,"WEATHER  INFORMATION","Cloudy weather ,Hazy sun,but not chance of rain",BIHAR,PATNA,KHUSRUPUR,2018-01-15T08:42:18Z
RABI,AGRICULTURE,Others,Others,Weather,"WEATHER  INFORMATION","Cloudy weather ,Hazy sun,but not chance of rain",BIHAR,PATNA,DINAPUR,2018-01-15T12:10:27Z
RABI,HORTICULTURE,Vegetables,Mushroom,"Cultural Practices","cultivation of mashoorum","programme coordinator   Dr. Umesh Singh-----------09431226344",BIHAR,PATNA,ATHAMALGOLA,2018-01-15T12:19:13Z
RABI,AGRICULTURE,Others,Others,Weather,"WEATHER INFORMATION","Sunny weather but no rain in your area.",BIHAR,PATNA,BIHTA,2018-01-15T14:43:00Z
RABI,AGRICULTURE,Others,Others,"Field Preparation","WEATHER INFORMATION","Very low cloudy area but no chance of rain",BIHAR,PATNA,BELCHCHI,2018-01-15T16:11:54Z
RABI,AGRICULTURE,Others,Others,"Field Preparation","WEATHER INFORMATION","Very low cloudy area but no chance of rain",BIHAR,PATNA,BELCHCHI,2018-01-15T16:22:31Z
RABI,AGRICULTURE,Others,Others,"Field Preparation","WEATHER INFORMATION","Very low cloudy area but no chance of rain",BIHAR,PATNA,DHANARUA,2018-01-15T16:24:02Z
RABI,AGRICULTURE,Others,Others,Weather,"WEATHER  INFORMATION","Cloudy weather ,Hazy sun,but not chance of rain",BIHAR,PATNA,PANDARAK,2018-01-15T16:26:46Z
RABI,AGRICULTURE,Others,Others,"Field Preparation","WEATHER INFORMATION","Very low cloudy area but no chance of rain",BIHAR,PATNA,DHANARUA,2018-01-15T16:27:22Z
RABI,HORTICULTURE,Vegetables,Onion,"Cultural Practices","Application of fertilizers for onion","Application of fertilizers for onion
Apply FYM 25 t/ha, Azospirillum 2 kg and Phosphobacteria 2 kg/ha, N 50 kg, P 150 kg and K 75 kg/ha as basal dose and N 50 kg/ha as top-dressing is done at 30 days after planting. Apply Zinc sulphate as basal dose @ 50 kg/ha at the time of last ploughing.",BIHAR,PATNA,PANDARAK,2018-01-15T16:34:23Z
RABI,AGRICULTURE,Others,Others,Weather,"WEATHER INFORMATION","Sunny weather but no rain in your area.",BIHAR,PATNA,BIKRAM,2018-01-15T16:37:09Z
RABI,AGRICULTURE,Others,Others,"Plant Protection","TERMIT INFESTATION IN SUGARCANE","Spray chlorpyriphos @ 2 ml in 1 liter of water",BIHAR,PATNA,NAUBATPUR,2018-01-15T17:15:43Z
RABI,AGRICULTURE,Others,Others,"Field Preparation","WEATHER INFORMATION","Cloudy weather in your area and no chance of rain in your area",BIHAR,PATNA,"PATNA SADAR",2018-01-16T07:41:24Z
RABI,AGRICULTURE,Others,Others,"Field Preparation","WEATHER INFORMATION","Cloudy weather in your area and no chance of rain in your area",BIHAR,PATNA,DANIYAWAN,2018-01-16T08:22:10Z
RABI,AGRICULTURE,Others,Others,"Field Preparation","WEATHER INFORMATION","Cloudy weather in your area and no chance of rain in your area",BIHAR,PATNA,PUNPUN,2018-01-16T08:30:32Z
RABI,AGRICULTURE,Others,Others,"Field Preparation","WEATHER INFORMATION","Cloudy weather in your area and no chance of rain in your area",BIHAR,PATNA,SAMPATCHAK,2018-01-16T08:36:36Z
RABI,HORTICULTURE,Vegetables,Brinjal,"Plant Protection","Shoot & fruit borer in brinjal","Spray quinalphos 25 ec in @ 1.5 ml./Lt.of water.",BIHAR,PATNA,"PATNA SADAR",2018-01-16T09:08:37Z
RABI,"ANIMAL HUSBANDRY",Animal,"Bovine(Cow,Buffalo)","Disease Reporting","DISEASE PROBLEM IN COW",NA,BIHAR,PATNA,BARH,2018-01-16T09:14:49Z
RABI,"ANIMAL HUSBANDRY",Animal,"Bovine(Cow,Buffalo)","Disease Management","DISEASES PROBLEM IN BUFFALO",NA,BIHAR,PATNA,"PATNA SADAR",2018-01-16T09:24:03Z
RABI,HORTICULTURE,Vegetables,"Amarphophallus (Surankand/Elephant Foot Yam)","Cultural Practices","Season and planting  of  suran","Season and planting of  suran
It undergoes a dormancy period of 45 to 60 days. Traditionally farmers take advantage of the dormancy period by planting during February-March so that the setts would sprout with the pre-monsoon showers. April  May is the planting season. The tuber is cut into 750-1000g small bits in such a way that each bit has atleast a small portion of the ring around each bud. Whole corms of 500 g size can also be used as a planting material. Use of cormels and minisett transplants of 100 g size as planting material at a closer spacing of 45 x 30 cm is also suggested. There are also projections with tender buds called Arumbu. These are removed before planting as they do not give vigorous growth.  An ordinary sized yam gives about 6 to 8 bits for planting. The cut pieces are dipped in cow dung solution to prevent evaporation of moisture from cut surface. In some places, the small round daughter corms are also planted. The cut pieces are planted in beds at 45 cm x 90 cm spacing or pit of 60 x 60 x 45 cm size is dug and planted. The pit should be filled with top soil and farm yard manure (2kg/pit) prior to planting. The pieces are planted in such a way that the sprouting region (the ring) is kept above the soil. About 3500 kg of corms will be required to plant one hectare. Sprouting takes place in about a month.",BIHAR,PATNA,MOKAMA,2018-01-16T10:02:15Z
RABI,AGRICULTURE,Others,Others,"Field Preparation","YELLOWING OF LEAVES / problem fungus","spray mancozeb @ 2 gm / lit of water",BIHAR,PATNA,"DULHIN BAZAR",2018-01-16T10:06:23Z
RABI,AGRICULTURE,Others,Others,"Field Preparation","WEATHER INFORMATION","Cloudy weather in your area and no chance of rain in your area",BIHAR,PATNA,"DULHIN BAZAR",2018-01-16T10:08:18Z
RABI,AGRICULTURE,Others,Others,"Field Preparation","WEATHER INFORMATION","Cloudy weather in your area and no chance of rain in your area",BIHAR,PATNA,SAMPATCHAK,2018-01-16T10:17:25Z
RABI,"ANIMAL HUSBANDRY",Animal,"Bovine(Cow,Buffalo)","Disease Management","Disease management in cow",NA,BIHAR,PATNA,PHULWARI,2018-01-16T14:05:16Z
RABI,AGRICULTURE,Others,Others,"Plant Protection","plant protection","Spray mancozeb @ 2g/lit of water",BIHAR,PATNA,NAUBATPUR,2018-01-16T14:51:32Z
RABI,AGRICULTURE,Others,Others,"Field Preparation","YELLOWING OF LEAVES / problem fungus","spray mancozeb @ 2 gm / lit of water",BIHAR,PATNA,NAUBATPUR,2018-01-16T16:10:57Z
RABI,AGRICULTURE,Others,Others,"Field Preparation","WEATHER INFORMATION","Cloudy weather in your area and no chance of rain in your area",BIHAR,PATNA,PALIGANJ,2018-01-16T19:57:25Z
RABI,AGRICULTURE,Others,Others,"Field Preparation","YELLOWING OF LEAVES / problem fungus","spray mancozeb @ 2 gm / lit of water",BIHAR,PATNA,PANDARAK,2018-01-16T20:15:25Z
RABI,AGRICULTURE,Others,Others,Weather,"WEATHER INFORMATION","????? ???? ???? ????? ?????? ??? ???? ????? I",BIHAR,PATNA,MASAURHI,2018-01-16T21:18:43Z
RABI,AGRICULTURE,Others,Others,Weather,"WEATHER  INFORMATION","Cloudy weather ,Hazy sun,but not chance of rain",BIHAR,PATNA,BIHTA,2018-01-17T09:38:52Z
RABI,AGRICULTURE,Others,Others,Weather,"WEATHER  INFORMATION","Cloudy weather ,Hazy sun,but not chance of rain",BIHAR,PATNA,BIKRAM,2018-01-17T09:43:07Z
RABI,AGRICULTURE,Pulses,"Lentil (Masur)","Nutrient Management","vitamin management in lentil","spray multiplax @ 2g /litre pani",BIHAR,PATNA,NAUBATPUR,2018-01-17T10:09:53Z
RABI,AGRICULTURE,Others,Others,Weather,"WEATHER  INFORMATION","Cloudy weather ,Hazy sun,but not chance of rain",BIHAR,PATNA,NAUBATPUR,2018-01-17T10:10:58Z
RABI,AGRICULTURE,Others,Others,Weather,"WEATHER  INFORMATION","Cloudy weather ,Hazy sun,but not chance of rain",BIHAR,PATNA,BIHTA,2018-01-17T13:34:07Z
RABI,AGRICULTURE,Others,Others,"Field Preparation","CONTACT TO BLOCK SOIL HEALTH CARD","CONTACT TO BLOCK SOIL HEALTH CARD",BIHAR,PATNA,BIHTA,2018-01-17T14:30:12Z
RABI,AGRICULTURE,Others,Others,"Field Preparation","WEATHER INFORMATION","Cloudy weather in your area, but no chance of rain in your area.",BIHAR,PATNA,DINAPUR,2018-01-17T14:59:38Z
RABI,AGRICULTURE,Others,Others,"Soil Testing","WEATHER INFORMATION","Cloudy weather in your area, but no chance of rain in your area.",BIHAR,PATNA,DINAPUR,2018-01-17T15:06:07Z
RABI,AGRICULTURE,Others,Others,"Field Preparation","VARIETY OF SARSON","VARIETY OF SARSON- RAJENDRA SARSON-1,",BIHAR,PATNA,DHANARUA,2018-01-17T19:33:41Z
RABI,AGRICULTURE,Others,Others,"Field Preparation","Variety of wheat","Variety of wheat- P.B.W-373, 573, 443, 343, 154, HD-2733",BIHAR,PATNA,DINAPUR,2018-01-17T21:07:36Z
RABI,AGRICULTURE,Others,Others,"Field Preparation","Weather information","The sky will remain cloudy",BIHAR,PATNA,PANDARAK,2018-01-18T07:56:00Z
RABI,AGRICULTURE,Cereals,Wheat,"Plant Protection","LEAF BLIGHT PROBLEM OF WHEAT","Spray mancozeb @ 2g/lit of water",BIHAR,PATNA,DHANARUA,2018-01-18T08:18:45Z
RABI,AGRICULTURE,Pulses,"Lentil (Masur)","Plant Protection","LEAF BLIGHT PROBLEM OF lentil","Spray mancozeb @ 2g/lit of water",BIHAR,PATNA,DINAPUR,2018-01-18T10:08:23Z
RABI,HORTICULTURE,Vegetables,Brinjal,"Field Preparation","BRINJAL COLD ATTACK","SPRAY MANCOZEB 2 GRAM/LITRE OF WATER",BIHAR,PATNA,BARH,2018-01-18T11:12:29Z
RABI,AGRICULTURE,Others,Others,"Sowing Time and Weather","WHAT TYPE OF KNOWLEDGE GIVES KCC","ABOUT AGRICULTURAL CROPS",BIHAR,PATNA,DINAPUR,2018-01-18T11:28:51Z
RABI,AGRICULTURE,Cereals,Wheat,"Field Preparation","WHEAT LEAVES YELLOWING","SPRAY MANCOZEB 2 GRAM/LITRE OF WATER",BIHAR,PATNA,DHANARUA,2018-01-18T11:38:17Z
RABI,HORTICULTURE,Vegetables,Brinjal,"Plant Protection","Shoot and fruit borer","Dimethoate 30 % EC 7.0  ml/10 lit. 
Emamectin benzoate 5 % SG 4 g/10 lit.",BIHAR,PATNA,BARH,2018-01-18T11:58:51Z
RABI,AGRICULTURE,Others,Others,"Field Preparation","Weather information","Cloudy weather  today and tomorrow  no chance of rain.",BIHAR,PATNA,DANIYAWAN,2018-01-18T12:40:09Z
RABI,HORTICULTURE,Vegetables,Brinjal,"Plant Protection","Tobacco mosaic virus","Spray insecticides like Dimethoate 2 ml/litre or Metasystox 1 ml/litre of water to control the insect vectors.",BIHAR,PATNA,BARH,2018-01-18T13:10:47Z
RABI,HORTICULTURE,Vegetables,Brinjal,"Plant Protection","Brown leaf hopper","Spray with dimethoate 0.3%",BIHAR,PATNA,PALIGANJ,2018-01-18T13:13:00Z
RABI,AGRICULTURE,Pulses,"Lentil (Masur)","Field Preparation","LENTIL GROWTH","SPRAY BOOMFLOWER 2 MILI/LITRE OF WATER",BIHAR,PATNA,DANIYAWAN,2018-01-18T13:39:32Z
RABI,HORTICULTURE,Vegetables,Onion,"Field Preparation","ONION APHID ATTACK","SPRAY DIMETHOATE 2 GRAM/LITRE OF WATER",BIHAR,PATNA,DANIYAWAN,2018-01-18T13:42:55Z
RABI,AGRICULTURE,Others,Others,"Field Preparation","WEATHER INFORMATION","HAZY WEATHER",BIHAR,PATNA,"DULHIN BAZAR",2018-01-18T14:37:24Z
RABI,AGRICULTURE,Others,Others,Weather,"WEATHER INFORMATION","Hazy sunshine",BIHAR,PATNA,DHANARUA,2018-01-18T14:47:13Z
RABI,AGRICULTURE,Others,Others,"Plant Protection","plant protection","SPRAY INDOFIL M-45 75% WP @ 2GRM/LIT OF WATER",BIHAR,PATNA,FATUHA,2018-01-18T15:11:41Z
RABI,AGRICULTURE,Others,Others,"Field Preparation","Weather information","Cloudy weather  today and tomorrow  no chance of rain.",BIHAR,PATNA,DHANARUA,2018-01-18T15:27:20Z
RABI,AGRICULTURE,Others,Others,Weather,"WEATHER INFORMATION","Hazy sunshine",BIHAR,PATNA,SAMPATCHAK,2018-01-18T17:16:57Z
RABI,AGRICULTURE,Others,Others,"Field Preparation","Kisan registration","Kisan registration - www.krishimis.in",BIHAR,PATNA,MOKAMA,2018-01-18T18:01:22Z
RABI,AGRICULTURE,Cereals,Wheat,"Plant Protection","plant protection","Spray Mancozeb @ 2 GM in 1 liter of water",BIHAR,PATNA,BIKRAM,2018-01-19T15:39:49Z
RABI,AGRICULTURE,Others,Others,Weather,"WEATHER INFORMATION","Hazy sunshine",BIHAR,PATNA,SAMPATCHAK,2018-01-19T19:37:29Z
RABI,AGRICULTURE,Others,Others,Weather,"WEATHER  INFORMATION","Cloudy weather ,Hazy sun,but not chance of rain",BIHAR,PATNA,"PATNA SADAR",2018-01-20T09:29:03Z
RABI,HORTICULTURE,Vegetables,Chillies,"Plant Protection","Gram caterpillar","Flubendiamide 20 WDG 6.0 g /10 lit. 
Indoxacarb 14.5 % SC 6.5 ml/10 lit. 
Novaluron 10 % EC 7.5 ml/10 lit.",BIHAR,PATNA,PALIGANJ,2018-01-20T11:03:03Z
RABI,AGRICULTURE,Others,Others,"Nutrient Management","Growth regulators IN MANGO","During February 0.5% Urea (5 g/lit.)",BIHAR,PATNA,FATUHA,2018-01-20T11:05:57Z
RABI,AGRICULTURE,Others,Others,"Sowing Time and Weather","WEATHER INFORMATION","HAZY SUNSHINE WITH COLD",BIHAR,PATNA,MASAURHI,2018-01-20T13:53:23Z
RABI,AGRICULTURE,Pulses,"Lentil (Masur)","Plant Protection","LEAF BLIGHT PROBLEM OF LETIL","Spray mancozeb @ 2g/lit of water",BIHAR,PATNA,NAUBATPUR,2018-01-21T08:53:24Z
RABI,"ANIMAL HUSBANDRY",Animal,"Bovine(Cow,Buffalo)","Animal Breeding","KNOWLEDGE ABOUT HEAT PERIOD OD COW",NA,BIHAR,PATNA,NAUBATPUR,2018-01-21T09:12:05Z
RABI,AGRICULTURE,Pulses,"Lentil (Masur)","Nutrient Management","NUTRIENT MANAGEMENT IN LENTILCROP","SPRAY MULTIPLAX @ 2 G / LITRE PANI",BIHAR,PATNA,NAUBATPUR,2018-01-21T09:14:31Z
RABI,HORTICULTURE,Vegetables,Potato,"Plant Protection","LEAF BLIGHT PROBLEM OF POTATO","Spray mancozeb @ 2g/lit of water",BIHAR,PATNA,NAUBATPUR,2018-01-21T09:18:06Z
RABI,HORTICULTURE,Vegetables,"Cowpea (Vegetable)","Plant Protection","PLANT ROTTING OF COWPEA","Spray copper oxycloride @ 2 gram in 1 litter of water",BIHAR,PATNA,PUNPUN,2018-01-21T09:48:24Z
RABI,AGRICULTURE,Pulses,"Bengal Gram (Gram/Chick Pea/Kabuli/Chana)","Nutrient Management","NUTRIENT MANAGEMENT IN LENTIL","Spray multi micro nutrients @ 2 ml in 1 liter of water",BIHAR,PATNA,PUNPUN,2018-01-21T09:53:24Z
RABI,AGRICULTURE,Others,Others,Varieties,"variety okra","ankurn 1,prabani kranti",BIHAR,PATNA,MOKAMA,2018-01-21T12:04:34Z
RABI,AGRICULTURE,Others,Others,"Field Preparation","WEATHER  INFORMATION","Cloudy weather, rain is not likely.",BIHAR,PATNA,MASAURHI,2018-01-21T16:14:31Z
RABI,AGRICULTURE,Cereals,Wheat,Weather,"WEATHER INFORMATION","????? ???? ???? ????? ?????? ??? ???? ????? I",BIHAR,PATNA,NAUBATPUR,2018-01-21T16:18:46Z
RABI,AGRICULTURE,Others,Others,"Field Preparation","WEATHER  INFORMATION","Cloudy weather, rain is not likely.",BIHAR,PATNA,BIHTA,2018-01-21T17:11:03Z
RABI,AGRICULTURE,Others,Others,"Field Preparation","Frost in potato-Spray","Frost in potato-Spray mancozeb @ 2 gram/liter of water",BIHAR,PATNA,FATUHA,2018-01-21T19:09:27Z
RABI,AGRICULTURE,Cereals,Wheat,Weather,"Weather information","Cloudy weather  today and tomorrow  no chance of rain.",BIHAR,PATNA,BIHTA,2018-01-22T10:15:14Z
RABI,AGRICULTURE,Cereals,Wheat,Weather,"Weather information","Cloudy weather  today and tomorrow  no chance of rain.",BIHAR,PATNA,NAUBATPUR,2018-01-22T10:41:16Z
RABI,AGRICULTURE,Cereals,Wheat,Weather,"Weather information","Cloudy weather  today and tomorrow  no chance of rain",BIHAR,PATNA,FATUHA,2018-01-22T10:42:57Z
RABI,AGRICULTURE,Cereals,Wheat,Weather,"Weather information","Cloudy weather  today and tomorrow  no chance of rain.",BIHAR,PATNA,"PATNA SADAR",2018-01-22T11:24:56Z
RABI,AGRICULTURE,Others,Others,Weather,"Weather information","Hazy sun,NO RAINING",BIHAR,PATNA,BIKRAM,2018-01-22T12:19:38Z
RABI,AGRICULTURE,Oilseeds,Mustard,"Cultural Practices","IRRIGATION MANAGEMENT IN MUSTARD","JAB FUL SE  FALI BANE US TIME SICHAI KARE",BIHAR,PATNA,DANIYAWAN,2018-01-22T12:41:35Z
RABI,AGRICULTURE,Cereals,Wheat,Weather,"WEATHER INFORMATION","????? ???? ???? ????? ?????? ??? ???? ????? I",BIHAR,PATNA,PUNPUN,2018-01-23T09:34:34Z
RABI,AGRICULTURE,Cereals,Wheat,Weather,"WEATHER INFORMATION","????? ???? ???? ????? ?????? ??? ???? ????? I",BIHAR,PATNA,PUNPUN,2018-01-23T13:25:35Z
KHARIF,AGRICULTURE,Others,Others,"Training and Exposure Visits","POULTRY FARMING TRAINING","CONTACT TO RAU OR SABUR UNIVERSITY FOR POULTRY FARMING",BIHAR,PATNA,"PATNA SADAR",2018-01-23T15:39:10Z
RABI,AGRICULTURE,Cereals,Wheat,Weather,"insect control","monocrotofos 36ec 2ml/lea pani",BIHAR,PATNA,NAUBATPUR,2018-01-23T18:06:35Z
RABI,AGRICULTURE,Others,Others,"Field Preparation","WEATHER INFORMATION","Heavy Cloudy weather in your area, no chance of rain in your area",BIHAR,PATNA,GHOSWARI,2018-01-23T18:45:01Z
RABI,AGRICULTURE,Cereals,Wheat,Weather,"WEATHER INFORMATION","???? ???  ?????  ????? ???? ???? ????? ?????? ??? ???? ????? I",BIHAR,PATNA,FATUHA,2018-01-23T19:22:38Z
RABI,AGRICULTURE,Others,Others,Weather,"Weather information","Hazy sun",BIHAR,PATNA,BIKRAM,2018-01-23T19:31:08Z
RABI,AGRICULTURE,Others,Others,"Field Preparation","WEATHER INFORMATION","Very low cloudy area but no chance of rain",BIHAR,PATNA,"DULHIN BAZAR",2018-01-23T19:34:45Z
RABI,AGRICULTURE,Others,Others,"Field Preparation","WEATHER INFORMATION","Very low cloudy area but no chance of rain",BIHAR,PATNA,"DULHIN BAZAR",2018-01-23T19:41:27Z
RABI,AGRICULTURE,Others,Others,"Plant Protection","Plant protection","Spray multi micro nutrients @ 2 ml in 1 liter of water",BIHAR,PATNA,PALIGANJ,2018-01-23T20:20:16Z
RABI,AGRICULTURE,Cereals,Wheat,Weather,"WEATHER INFORMATION","???? ???  ?????  ????? ???? ???? ????? ?????? ??? ???? ????? I",BIHAR,PATNA,MASAURHI,2018-01-23T21:39:12Z
RABI,HORTICULTURE,Vegetables,Onion,"Nutrient Management","NO GROWTH IN ONION PLANT","SPRAY MULTIMICRONTUTRIENT 3ML/LIT OF WATER FOR PLANT",BIHAR,PATNA,DANIYAWAN,2018-01-24T07:44:39Z
RABI,AGRICULTURE,Cereals,Wheat,Weather,"Weather information","Cloudy weather  today and tomorrow  no chance of rain.",BIHAR,PATNA,DHANARUA,2018-01-24T08:36:49Z
RABI,AGRICULTURE,Others,Others,Weather,"WEATHER  INFORMATION","Cloudy weather, rain is not likely.",BIHAR,PATNA,BIKRAM,2018-01-24T10:02:21Z
RABI,AGRICULTURE,Others,Others,Weather,"WEATHER INFORMATION","No chance of rain in your area",BIHAR,PATNA,FATUHA,2018-01-24T11:46:23Z
RABI,AGRICULTURE,Others,Others,Varieties,"Hybrid variety of Bhindi -","Hybrid variety of Bhindi - Anokhi, Indranil, bhawani, Krishna",BIHAR,PATNA,NAUBATPUR,2018-01-24T17:57:10Z
RABI,AGRICULTURE,Others,Others,Varieties,"Hybrid variety of Bhindi -","Hybrid variety of Bhindi - Anokhi, Indranil, bhawani, Krishna",BIHAR,PATNA,NAUBATPUR,2018-01-24T17:57:21Z
RABI,AGRICULTURE,Cereals,Wheat,Weather,"WEATHER INFORMATION","???? ??????? ??? ???? ??? ????? ????? ????? ?? ??? ??????? ???? ?? ",BIHAR,PATNA,MASAURHI,2018-01-24T18:24:18Z
RABI,AGRICULTURE,Others,Others,"Field Preparation","WEATHER INFORMATION","Heavy Cloudy weather in your area, no chance of rain in your area",BIHAR,PATNA,BIHTA,2018-01-24T20:14:44Z
RABI,AGRICULTURE,Cereals,Wheat,Weather,"Weather information","Cloudy weather  today and tomorrow  no chance of rain.",BIHAR,PATNA,BIHTA,2018-01-25T16:36:06Z
RABI,AGRICULTURE,Others,Others,Weather,WEATHER,"26



22 /9C 

Hazy sun
  
 


Sat

Jan 27



22 /9 

Hazy sunshine
 More  
 


Sun

Jan 28



22 /9 

Hazy sunshine
 More  
 


Mon

Jan 29



23 /9 

Hazy sunshine
 More  
 


Tue

Jan 30



23 /10 

Hazy sunshine",BIHAR,PATNA,BARH,2018-01-26T06:48:08Z
RABI,AGRICULTURE,Others,Others,Weather,"WEATHER INFORMATION","Very low cloudy area but no chance of rain",BIHAR,PATNA,DHANARUA,2018-01-26T09:49:19Z
RABI,AGRICULTURE,Others,Others,"Sowing Time and Weather","WEATHER INFORMATION","Sunny weather in your area ,Condition of cold is normal,no chance of rain.",BIHAR,PATNA,FATUHA,2018-01-26T09:52:24Z
RABI,AGRICULTURE,Others,Others,Weather,weather,"14 C 
RealFeel 17

Hazy sunshine
  


See Hourly

> 




Today

Jan 26



24 Hi 
RealFeel 25

Hazy sun
 More  



Tonight

Jan 26



8 Lo 
RealFeel 8

Hazy and cool
 More  



Tomorrow

Jan 27



24 Hi 
RealFeel 25

Hazy sun",BIHAR,PATNA,BARH,2018-01-26T09:54:26Z
RABI,AGRICULTURE,Pulses,"Bengal Gram (Gram/Chick Pea/Kabuli/Chana)","Field Preparation","GRAM POD BORER","SPRAY CHLORPYRIPHOS 2 MILI/LITRE OF WATER",BIHAR,PATNA,BIHTA,2018-01-26T10:41:15Z
RABI,AGRICULTURE,Oilseeds,Mustard,"Field Preparation","MUSTARD APHID ATTACK","SPRAY DIMETHOATE 2 GM/LITRE OF WATER",BIHAR,PATNA,BIHTA,2018-01-26T10:43:44Z
RABI,AGRICULTURE,Pulses,"Bengal Gram (Gram/Chick Pea/Kabuli/Chana)","Field Preparation","GRAM FLOWER DRYING","SPRAY MANCOZEB 2 GRAM/LITRE OF WATER",BIHAR,PATNA,DANIYAWAN,2018-01-26T13:44:06Z
RABI,AGRICULTURE,Pulses,"Lentil (Masur)","Field Preparation","LENTIL CONTINUES GROWING","SPRAY LEOHOCIN 2 GM/LITRE OF WATER",BIHAR,PATNA,DANIYAWAN,2018-01-26T13:45:23Z
RABI,AGRICULTURE,Pulses,"Lentil (Masur)","Field Preparation","LENTIL GROWTH","SPRAY BOOMFLOWER 2 ML/LITRE OF WATER",BIHAR,PATNA,DANIYAWAN,2018-01-26T13:47:01Z
RABI,AGRICULTURE,Cereals,Wheat,Weather,"Weather information","Cloudy weather  today and tomorrow  no chance of rain.
Weather information",BIHAR,PATNA,PALIGANJ,2018-01-26T14:33:20Z
RABI,AGRICULTURE,Others,Others,"Field Preparation","WEATHER INFORMATION","Cloudy weather in your area and no chance of rain in your area",BIHAR,PATNA,FATUHA,2018-01-26T14:35:06Z
RABI,AGRICULTURE,Others,Others,"Field Preparation","WEATHER INFORMATION","Cloudy weather in your area and no chance of rain in your area",BIHAR,PATNA,FATUHA,2018-01-26T14:42:43Z
RABI,AGRICULTURE,Others,Others,"Field Preparation","WEATHER INFORMATION","Cloudy weather in your area and no chance of rain in your area",BIHAR,PATNA,FATUHA,2018-01-26T16:34:03Z
RABI,AGRICULTURE,Others,Others,Weather,"WEATHER INFORMATION","Very low cloudy area but no chance of rain",BIHAR,PATNA,DHANARUA,2018-01-26T16:53:30Z
RABI,AGRICULTURE,Others,Others,Weather,"WEATHER INFORMATION","Very low cloudy area but no chance of rain",BIHAR,PATNA,"DULHIN BAZAR",2018-01-26T17:07:28Z
RABI,AGRICULTURE,Cereals,Wheat,Weather,"Weather information","Cloudy weather  today and tomorrow  no chance of rain.",BIHAR,PATNA,MASAURHI,2018-01-26T21:18:49Z
RABI,AGRICULTURE,Others,Others,Weather,"WEATHER  INFORMATION","no chance of rain",BIHAR,PATNA,NAUBATPUR,2018-01-27T09:07:50Z
RABI,HORTICULTURE,"Medicinal and Aromatic Plants",Tulsi,"Field Preparation","TULSI CULTIVATION","SEEDR RATE OF TULSI - 300GM/HA",BIHAR,PATNA,DANIYAWAN,2018-01-27T10:55:43Z
RABI,HORTICULTURE,"Medicinal and Aromatic Plants",Tulsi,"Field Preparation","fertilizers application IN TULSI","fertilizers application of 120:60:60 kg/ha of NPK",BIHAR,PATNA,DANIYAWAN,2018-01-27T10:58:56Z
RABI,AGRICULTURE,Others,Others,"Field Preparation","WEATHER INFORMATION","HAZY SUNSHINE",BIHAR,PATNA,DANIYAWAN,2018-01-27T12:55:16Z
RABI,AGRICULTURE,Cereals,Wheat,Weather,"Weather information","Cloudy weather  today and tomorrow  no chance of rain.",BIHAR,PATNA,BIKRAM,2018-01-27T13:39:39Z
RABI,AGRICULTURE,Others,Others,"Field Preparation","There is no possibility of rain in your area. Will the sun rise in the middle of the middle.","There is no possibility of rain in your area. Will the sun rise in the middle of the middle.",BIHAR,PATNA,NAUBATPUR,2018-01-27T15:30:38Z
RABI,AGRICULTURE,Others,Others,"Field Preparation","WEATHER INFORMATION","CHANCE OF RAIN IN YOUR AREA",BIHAR,PATNA,PUNPUN,2018-01-27T15:37:56Z
RABI,AGRICULTURE,Cereals,Wheat,"Field Preparation","WEATHER INFORMATION","CHANCE OF RAIN IN YOUR AREA",BIHAR,PATNA,BIKRAM,2018-01-27T15:58:28Z
RABI,HORTICULTURE,Vegetables,Bhindi(Okra/Ladysfinger),"Plant Protection","Leaf roller","Spray carbaryl 50 WP 2 g/lit or phosalone 35 EC 2 ml/lit",BIHAR,PATNA,BARH,2018-01-27T16:29:24Z
RABI,AGRICULTURE,Others,Others,"Plant Protection","WEATHER INFORMATION","CHANCE OF RAIN IN YOUR AREA",BIHAR,PATNA,BIKRAM,2018-01-27T17:02:06Z
RABI,HORTICULTURE,Vegetables,Chillies,"Plant Protection","Gram caterpillar","Emamectin benzoate 5 % SG 4 g/10 lit. 
Flubendiamide 20 WDG 6.0 g /10 lit. 
Indoxacarb 14.5 % SC 6.5 ml/10 lit.",BIHAR,PATNA,PALIGANJ,2018-01-28T07:08:54Z
RABI,HORTICULTURE,Vegetables,Chillies,"Plant Protection","Leaf curl in chilli","Apply Carbofuran 3G @ 4-5 Kg/acre in the mainfield to control sucking complex and insect vectors selectively.",BIHAR,PATNA,PALIGANJ,2018-01-28T07:15:21Z
RABI,HORTICULTURE,Fruits,Papaya,"Cultural Practices","CULTIVATION OF PAPAYA","CULTIVATION OF PAPAYA--BIEEZ-AUGUST ME BOYE NURSERY ME,15TO 15 CM KI DURI PAR,SEPTEMBER -OCTOBER ME TRANSPLANTING KARE",BIHAR,PATNA,KHUSRUPUR,2018-01-28T08:43:51Z
RABI,HORTICULTURE,Fruits,Papaya,"Cultural Practices","CULTIVATION OF PAPAYA","CULTIVATION OF PAPAYA--BIEEZ-AUGUST ME BOYE NURSERY ME,15TO 15 CM KI DURI PAR,SEPTEMBER -OCTOBER ME TRANSPLANTING KARE
7488341539",BIHAR,PATNA,KHUSRUPUR,2018-01-28T09:03:53Z
RABI,AGRICULTURE,Cereals,Wheat,Weather,"WEATHER INFORMATION","????? ???  ???? ??????? ??? ?? ?? ?? ????? ???? ?? ???????  ??",BIHAR,PATNA,PALIGANJ,2018-01-28T19:55:58Z
RABI,HORTICULTURE,Vegetables,Bhindi(Okra/Ladysfinger),"Plant Protection","Bhendi fruit borer","Spray carbaryl 50 WP 2 g/lit or B. thuringiensis 2 g/lit",BIHAR,PATNA,NAUBATPUR,2018-01-29T08:31:52Z
RABI,HORTICULTURE,Vegetables,Bhindi(Okra/Ladysfinger),"Plant Protection",Whitefly,"?Phosalone 35 EC @ 2.5 l/ha
?Quinalphos 25 EC @ 2.0 l/ha
?Triazophos 40 EC @ 2.0 l/ha",BIHAR,PATNA,PALIGANJ,2018-01-29T08:36:13Z
RABI,AGRICULTURE,Cereals,Wheat,Weather,"WEATHER INFORMATION","????? ???? ???? ????? ?????? ??? ???? ????? I",BIHAR,PATNA,DANIYAWAN,2018-01-29T10:37:11Z
RABI,AGRICULTURE,Others,Others,Weather,"WEATHER INFORMATION","Clear weather in your area,no chance of rain",BIHAR,PATNA,PANDARAK,2018-01-29T14:24:43Z
RABI,AGRICULTURE,Others,Others,"Plant Protection","plant protection","Spray mancozeb @ 2g/lit of water",BIHAR,PATNA,PANDARAK,2018-01-29T14:27:10Z
RABI,AGRICULTURE,Others,Others,"Field Preparation","WEATHER INFORMATION","Cloudy weather in your area, but no chance of rain in your area",BIHAR,PATNA,BIKRAM,2018-01-29T14:29:07Z
RABI,AGRICULTURE,Others,Others,"Field Preparation","WEATHER INFORMATION","Cloudy in your area, but no  chance of rain in your area",BIHAR,PATNA,SAMPATCHAK,2018-01-29T16:32:38Z
RABI,AGRICULTURE,Others,Others,Weather,"WEATHER INFORMATION","Clear weather in your area,no chance of rain",BIHAR,PATNA,FATUHA,2018-01-29T16:41:17Z
RABI,AGRICULTURE,Others,Others,"Field Preparation","Cloudy in your area, but chance of rain in your area","Cloudy in your area, but chance of rain in your area",BIHAR,PATNA,PUNPUN,2018-01-29T17:44:27Z
RABI,AGRICULTURE,Cereals,Wheat,Weather,"WEATHER INFORMATION","????? ???? ???? ????? ?????? ??? ???? ????? I",BIHAR,PATNA,PANDARAK,2018-01-30T09:00:41Z
RABI,AGRICULTURE,Cereals,Wheat,Weather,"WEATHER INFORMATION","Sunny weather but no rain in your area.",BIHAR,PATNA,BIHTA,2018-01-30T14:06:29Z
JAYAD,AGRICULTURE,Others,Others,"Training and Exposure Visits","TRAINING FOR KVK","Dr. Umesh Singh
Programme Coordinator
Krishi Vigyan Kendra (RAU)
Agwanpur
Distt Barh. (Patna)  803214
Email: drumeshsingh@yahoo.dot.com.in 09431226344",BIHAR,PATNA,NAUBATPUR,2018-01-31T08:07:41Z
RABI,HORTICULTURE,Vegetables,Brinjal,"Plant Protection","Shoot and fruit borer","Azadirachtin 0.03 % WSP (300 ppm)	5.0  g/lit.
Chlorpyrifos 20 % EC	1.0  ml/lit.
Dimethoate 30 % EC	7.0  ml/10 lit.",BIHAR,PATNA,BIHTA,2018-01-31T10:23:55Z
RABI,AGRICULTURE,Pulses,"Lentil (Masur)","Field Preparation","lentil plant leaves yellowing drying","SPRAY MANCOZEB @ 2 GRAM/LITRE OF WATER",BIHAR,PATNA,NAUBATPUR,2018-01-31T10:56:15Z
RABI,AGRICULTURE,Cereals,Wheat,"Plant Protection","leaf blight problem in  wheat","Spray mancozeb @ 2g/lit of water",BIHAR,PATNA,GHOSWARI,2018-01-31T11:34:00Z
RABI,AGRICULTURE,Cereals,Wheat,Weather,"WEATHER INFORMATION","????? ???? ???? ????? ?????? ??? ???? ????? I",BIHAR,PATNA,PUNPUN,2018-01-31T11:39:29Z
RABI,AGRICULTURE,Cereals,Wheat,Weather,"WEATHER INFORMATION","????? ???? ???? ????? ?????? ??? ???? ????? I",BIHAR,PATNA,PALIGANJ,2018-01-31T12:32:01Z
RABI,AGRICULTURE,Cereals,Wheat,Weather,"WEATHER INFORMATION","????? ???? ???? ????? ?????? ??? ???? ????? I",BIHAR,PATNA,PUNPUN,2018-01-31T13:12:55Z
RABI,AGRICULTURE,Pulses,"Lentil (Masur)","Field Preparation","LENTIL GROWING CONTINOUS","SPRAY LEHOCIN 2 GRAM/LITRE OF WATER",BIHAR,PATNA,BARH,2018-01-31T13:38:39Z
RABI,AGRICULTURE,Pulses,"Lentil (Masur)","Field Preparation","LENTIL PLANT DRYING","SPRAY MANCOZEB 2 GRAM/LITRE OF WATER",BIHAR,PATNA,"PATNA SADAR",2018-01-31T13:52:00Z
RABI,AGRICULTURE,Others,Others,"Field Preparation",". Variety of radish-","pusa chetki, pusa desi, pusa himani, pusa rashmi, japani safed",BIHAR,PATNA,BIHTA,2018-01-31T15:56:51Z
RABI,AGRICULTURE,Others,Others,"Field Preparation",". yallow leef problem in dhan","Spray carbendazym @ 2.5 gram in 1 litre of water",BIHAR,PATNA,KHUSRUPUR,2018-01-31T16:10:10Z
RABI,AGRICULTURE,Others,Others,"Field Preparation","Variety of mustard ","rajendra sarson -1, swarna, 66-197-3",BIHAR,PATNA,BARH,2018-01-31T16:19:11Z
JAYAD,AGRICULTURE,Others,Others,Weather,"WEATHER INFORMATION","The sun is going out will not be possible rainweather",BIHAR,PATNA,DINAPUR,2018-01-31T16:51:27Z
RABI,AGRICULTURE,Others,Others,"Field Preparation","Yellowing of leaves /Rotting problem","MANCOZEB-2 ML/LIT WATER",BIHAR,PATNA,PUNPUN,2018-01-31T17:12:09Z
RABI,AGRICULTURE,Others,Others,Weather,"WEATHER INFORMATION","Very low cloudy area but no chance of rain",BIHAR,PATNA,MASAURHI,2018-01-31T17:14:54Z
RABI,AGRICULTURE,Others,Others,Weather,"Asking for weather report.","Have told him according to the IMD data analysis.",BIHAR,PATNA,BELCHCHI,2018-01-31T19:31:35Z
