Season,Sector,Category,Crop,QueryType,QueryText,KCCAns,StateName,DistrictName,BlockName,CreatedOn
RABI,HORTICULTURE,Vegetables,Tomato,"Plant Protection","Fruit Borer","Novaluron 10 % EC 7.5 ml/10 lit 
Phosalone 35 % EC 13 ml/10 lit 
Quinalphos 25 % EC 1.0 ml/",BIHAR,BEGUSARAI,"SAMHO AKHA KURHA",2018-04-01T10:11:21Z
JAYAD,AGRICULTURE,Others,Others,"Plant Protection","plant protection","Spray planofix @ 1 ml in 4.5- 5 liter of water",BIHAR,BEGUSARAI,DANDARI,2018-04-01T12:19:58Z
JAYAD,AGRICULTURE,Others,Others,Weather,"WEATHER INFORMATION","Cloudy weather in your area but no chance of rain in your area",BIHAR,BEGUSARAI,NAWKOTHI,2018-04-01T12:22:00Z
JAYAD,AGRICULTURE,Others,Others,Weather,"Weather information","CHANCE OF RAIN IN YOUR AREA",BIHAR,BEGUSARAI,BEGUSARAI,2018-04-01T13:47:36Z
JAYAD,AGRICULTURE,Others,Others,Weather,"WEATHER INFORMATION","Cloudy weather in your area but no chance of rain in your area",BIHAR,BEGUSARAI,MATIHANI,2018-04-01T17:55:51Z
JAYAD,AGRICULTURE,Others,Others,Weather,"WEATHER INFORMATION","CHANCE OF RAIN IN YOUR AREA",BIHAR,BEGUSARAI,"CHERIA BARIARPUR",2018-04-02T06:18:35Z
JAYAD,AGRICULTURE,Millets,"Maize (Makka)",Varieties,"Good variety of maize-","Good variety of maize- saktiman 1-4, ganga-11, suan, devki",BIHAR,BEGUSARAI,"CHERIA BARIARPUR",2018-04-02T06:22:18Z
RABI,HORTICULTURE,Vegetables,Bhindi(Okra/Ladysfinger),"Plant Protection","Bhendi fruit borer","Spray carbaryl 50 WP 2 g/lit or B. thuringiensis 2 g/lit",BIHAR,BEGUSARAI,"SAMHO AKHA KURHA",2018-04-02T10:15:23Z
RABI,HORTICULTURE,Vegetables,Bhindi(Okra/Ladysfinger),"Plant Protection","Bhendi yellow vein mosaic virus","Spraying monocrotophos 1.5 ml/litre of water can restrict the disease spread.",BIHAR,BEGUSARAI,"SAMHO AKHA KURHA",2018-04-02T10:37:55Z
JAYAD,AGRICULTURE,Others,Others,"Plant Protection",Insecticide,"Spray malathion @ 2 gm in 1 litre of water (FOR APHID",BIHAR,BEGUSARAI,BAKHRI,2018-04-02T14:10:54Z
JAYAD,AGRICULTURE,Others,Others,Weather,"Weather information","Cloudy weather in your area and no chance of rain in your area",BIHAR,BEGUSARAI,DANDARI,2018-04-02T16:06:21Z
JAYAD,AGRICULTURE,Others,Others,Weather,"Weather information","Cloudy weather in your area and no chance of rain in your area",BIHAR,BEGUSARAI,BIRPUR,2018-04-02T18:47:01Z
JAYAD,HORTICULTURE,Vegetables,Bhindi(Okra/Ladysfinger),"Plant Protection","TERMITE INSECT PROBLEM IN BHINDI","Spray chlorpyriphos @ 2 ml in 1 litre of water",BIHAR,BEGUSARAI,BEGUSARAI,2018-04-03T10:36:23Z
JAYAD,AGRICULTURE,Others,Others,Weather,"WEATHER INFORMATION","NO CHANCE OF RAIN IN YOUR AREA",BIHAR,BEGUSARAI,BEGUSARAI,2018-04-03T10:37:43Z
RABI,AGRICULTURE,Others,Others,Weather,"WEATHER INFORMATION","Cloudy weather, but chance of rain in your area",BIHAR,BEGUSARAI,CHHAURAHI,2018-04-05T07:23:46Z
RABI,AGRICULTURE,Others,Others,Weather,"WEATHER INFORMATION","Cloudy weather, but chance of rain in your area",BIHAR,BEGUSARAI,DANDARI,2018-04-05T08:58:34Z
RABI,AGRICULTURE,Others,Others,Weather,"WEATHER INFORMATION","Cloudy weather, but chance of rain in your area",BIHAR,BEGUSARAI,MATIHANI,2018-04-05T09:05:44Z
RABI,AGRICULTURE,Others,Others,Weather,"WEATHER INFORMATION","Cloudy weather, but chance of rain in your area",BIHAR,BEGUSARAI,MATIHANI,2018-04-05T09:44:45Z
JAYAD,AGRICULTURE,Others,Others,Weather,"Weather information","chance of rain in your area",BIHAR,BEGUSARAI,BHAGWANPUR,2018-04-05T12:58:08Z
JAYAD,AGRICULTURE,Others,Others,Weather,"Weather information","chance of rain in your area",BIHAR,BEGUSARAI,BHAGWANPUR,2018-04-05T12:59:47Z
JAYAD,AGRICULTURE,Others,Others,Weather,"Weather information","chance of rain in your area",BIHAR,BEGUSARAI,BAKHRI,2018-04-05T13:34:19Z
JAYAD,HORTICULTURE,Fruits,Mango,"Plant Protection","FRUIT DROPPING IN MANGO PLANT","Spray mancozeb @ 2g/lit of water,Spray Planofix @ 1 ml in 4 liter of water",BIHAR,BEGUSARAI,BAKHRI,2018-04-05T13:37:15Z
JAYAD,HORTICULTURE,"Medicinal and Aromatic Plants",Mentha,"Cultural Practices","weed management in mentha","aap nikai karwaye",BIHAR,BEGUSARAI,CHHAURAHI,2018-04-05T15:31:34Z
JAYAD,AGRICULTURE,Others,Others,Weather,"Weather information","Cloudy weather Today and tomorrow little chance of rain in your area",BIHAR,BEGUSARAI,CHHAURAHI,2018-04-05T15:37:17Z
JAYAD,AGRICULTURE,Others,Others,Weather,"WEATHER INFORMATION","????? ???  ???? ??????? ??? ?? ?? ?? ????? ???? ?? ???????  ??",BIHAR,BEGUSARAI,BHAGWANPUR,2018-04-06T09:14:51Z
JAYAD,AGRICULTURE,Others,Others,Weather,"WEATHER INFORMATION","TODAY AND TOMARROW CHANCE OF RAIN IN YOUR AREA",BIHAR,BEGUSARAI,BHAGWANPUR,2018-04-06T11:42:23Z
RABI,AGRICULTURE,Others,Others,"Field Preparation","Weather information","Cloudy weather in your area but no chance of rain in your area",BIHAR,BEGUSARAI,BEGUSARAI,2018-04-06T13:45:25Z
RABI,AGRICULTURE,Others,Others,"Plant Protection","YELLOWING OF LEAVES IN ONION","YELLOWING OF LEAVES IN ONION",BIHAR,BEGUSARAI,BHAGWANPUR,2018-04-06T14:15:53Z
RABI,AGRICULTURE,Cereals,Wheat,Weather,"WEATHER INFORMATION","?? ?? ?? ???? ??????? ??? ???? ??? ????? ?? ????? ?? ??????? ??",BIHAR,BEGUSARAI,BACHHWARA,2018-04-07T07:22:19Z
RABI,AGRICULTURE,Cereals,Wheat,Weather,"WEATHER INFORMATION","?? ?? ?? ???? ??????? ??? ???? ??? ????? ?? ????? ?? ??????? ??",BIHAR,BEGUSARAI,BACHHWARA,2018-04-07T07:22:19Z
JAYAD,AGRICULTURE,Others,Others,"Plant Protection","plant protection","Spray mancozeb @ 2g/lit of water",BIHAR,BEGUSARAI,GADHPURA,2018-04-07T08:24:51Z
JAYAD,AGRICULTURE,Others,Others,"Plant Protection","plant protection","Spray Planofix @ 1 ml in 5 liter of water",BIHAR,BEGUSARAI,GADHPURA,2018-04-07T08:25:08Z
JAYAD,AGRICULTURE,Others,Others,Weather,"WEATHER INFORMATION","Heavy Cloudy weather in your area, chance of rain in your area",BIHAR,BEGUSARAI,BEGUSARAI,2018-04-07T10:39:44Z
JAYAD,AGRICULTURE,Others,Others,Weather,"WEATHER INFORMATION","CHANCE OF RAIN IN YOUR AREA",BIHAR,BEGUSARAI,BACHHWARA,2018-04-07T11:35:59Z
JAYAD,AGRICULTURE,Others,Others,Weather,"WEATHER INFORMATION","Cloudy weather in your area,  chance of rain in your area",BIHAR,BEGUSARAI,"SAHEBPUR KAMAL",2018-04-07T11:36:41Z
JAYAD,AGRICULTURE,Others,Others,Weather,"weather information","Cloudy weather,rain is likely in your area.",BIHAR,BEGUSARAI,GADHPURA,2018-04-08T07:16:25Z
JAYAD,AGRICULTURE,Others,Others,Weather,"weather information","Cloudy weather,rain is likely in your area.",BIHAR,BEGUSARAI,BACHHWARA,2018-04-08T07:37:58Z
RABI,HORTICULTURE,Vegetables,Bhindi(Okra/Ladysfinger),"Plant Protection","Red cotton bug","Spray phosphamidon 40 SL @ 600 ml/ha",BIHAR,BEGUSARAI,"SAMHO AKHA KURHA",2018-04-08T10:04:30Z
JAYAD,AGRICULTURE,Others,Others,Weather,"WEATHER INFORMATION","Cloudy weather in your area,  chance of rain in your area",BIHAR,BEGUSARAI,BHAGWANPUR,2018-04-08T10:18:47Z
RABI,AGRICULTURE,Cereals,Wheat,Weather,"Weather Informesion","????? ??? ???? ???? ??? ?????",BIHAR,BEGUSARAI,BEGUSARAI,2018-04-08T10:56:27Z
RABI,AGRICULTURE,Cereals,Wheat,Weather,"Weather Informesion","????  ??? ????? ??? ???? ??? ?????",BIHAR,BEGUSARAI,TEGHRA,2018-04-08T12:33:43Z
JAYAD,AGRICULTURE,Others,Others,Weather,"WEATHER INFORMATION","Heavy Cloudy weather in your area, chance of rain in your area",BIHAR,BEGUSARAI,NAWKOTHI,2018-04-08T13:11:17Z
JAYAD,AGRICULTURE,Others,Others,Weather,"WEATHER INFORMATION","Cloudy weather in your area,  chance of rain in your area",BIHAR,BEGUSARAI,KHODAWANDPUR,2018-04-09T06:37:34Z
RABI,AGRICULTURE,Cereals,Wheat,Weather,"Weather information","Heavy Cloudy weather in your area, no chance of rain in your area",BIHAR,BEGUSARAI,BEGUSARAI,2018-04-10T06:54:28Z
JAYAD,AGRICULTURE,Others,Others,Weather,"WEATHER INFORMATION","Cloudy weather in your area,  chance of rain in your area",BIHAR,BEGUSARAI,BACHHWARA,2018-04-10T09:22:30Z
RABI,AGRICULTURE,Cereals,Wheat,Weather,"Weather information","Heavy Cloudy weather in your area, no chance of rain in your area",BIHAR,BEGUSARAI,BACHHWARA,2018-04-10T09:40:42Z
RABI,HORTICULTURE,Vegetables,Bhindi(Okra/Ladysfinger),"Plant Protection",Whitefly,"?Phosalone 35 EC @ 2.5 l/ha
?Quinalphos 25 EC @ 2.0 l/ha
?Triazophos 40 EC @ 2.0 l/ha",BIHAR,BEGUSARAI,"SAMHO AKHA KURHA",2018-04-10T10:56:13Z
JAYAD,AGRICULTURE,Others,Others,Weather,"WEATHER INFORMATION","Cloudy weather in your area,  chance of rain in your area",BIHAR,BEGUSARAI,BHAGWANPUR,2018-04-10T13:55:58Z
RABI,AGRICULTURE,Others,Others,Weather,"weather information","Cloudy weather,rain is likely.",BIHAR,BEGUSARAI,"CHERIA BARIARPUR",2018-04-10T15:25:22Z
JAYAD,AGRICULTURE,Others,Others,Weather,WEATHER,"NO RAIN BUT SURROUNDING CLOUD",BIHAR,BEGUSARAI,MATIHANI,2018-04-10T15:31:20Z
RABI,AGRICULTURE,Others,Others,Weather,"weather information","Cloudy weather,rain is likely.",BIHAR,BEGUSARAI,GADHPURA,2018-04-10T15:58:23Z
RABI,AGRICULTURE,Others,Others,Weather,"weather information","33 C 
RealFeel 37

Clouds and sun
  


See Hourly

> 




Today

Apr 10



33 Hi 
RealFeel 40

Times of clouds and sun
 More  



Tonight

Apr 10



22 Lo 
RealFeel 25

Hazy
 More  



Tomorrow

Apr 11



38 Hi 
RealFeel 40

Partly sunny and very",BIHAR,BEGUSARAI,BAKHRI,2018-04-10T16:04:18Z
JAYAD,AGRICULTURE,Others,Others,Weather,"WEATHER INFORMATION","Cloudy weather today and  tomorrow little chance of rain in your area.",BIHAR,BEGUSARAI,MATIHANI,2018-04-10T16:20:46Z
RABI,AGRICULTURE,Others,Others,Weather,weather,"33 C 
RealFeel 37

Clouds and sun
  


See Hourly

> 




Today

Apr 10



33 Hi 
RealFeel 40

Times of clouds and sun
 More  



Tonight

Apr 10



22 Lo 
RealFeel 25

Hazy
 More  



Tomorrow

Apr 11



38 Hi 
RealFeel 40

Partly sunny and very",BIHAR,BEGUSARAI,BEGUSARAI,2018-04-10T16:30:08Z
JAYAD,AGRICULTURE,Others,Others,Weather,WEATHER,"NO RAIN",BIHAR,BEGUSARAI,MATIHANI,2018-04-10T20:28:56Z
JAYAD,AGRICULTURE,Others,Others,Weather,"WEATHER INFORMATION","Cloudy weather in your area,  chance of rain in your area",BIHAR,BEGUSARAI,BARAUNI,2018-04-11T07:06:06Z
JAYAD,AGRICULTURE,Others,Others,Weather,"Weather information","Cloudy weather Today and tomorrow little chance of rain in your area",BIHAR,BEGUSARAI,CHHAURAHI,2018-04-11T13:23:05Z
JAYAD,AGRICULTURE,Others,Others,Weather,"weather information","Cloudy weather,rain is likely.",BIHAR,BEGUSARAI,BHAGWANPUR,2018-04-11T13:32:02Z
JAYAD,AGRICULTURE,Others,Others,Weather,"WEATHER INFORMATION","Cloudy weather in your area,  chance of rain in your area",BIHAR,BEGUSARAI,MANSURCHAK,2018-04-11T13:37:08Z
JAYAD,AGRICULTURE,Millets,"Maize (Makka)","Plant Protection","FUNGAL INFECTION OF MAIZE","Spray mancozeb @ 2g/lit of water",BIHAR,BEGUSARAI,BALLIA,2018-04-11T13:39:32Z
JAYAD,AGRICULTURE,Millets,"Maize (Makka)","Plant Protection","SEED TREATMENT FOR MAIZE","TREAT THE SEED OF MAIZE WITH CARBENDAZIM @ 2 GRAM PER KG OF SEED",BIHAR,BEGUSARAI,BALLIA,2018-04-11T13:42:51Z
RABI,AGRICULTURE,Cereals,Wheat,Weather,"weather information","?? ?? ?? ????? ?? ??????? ?? ",BIHAR,BEGUSARAI,MATIHANI,2018-04-11T18:39:47Z
JAYAD,AGRICULTURE,Others,Others,Weather,"WEATHER INFORMATION","today and tomarrow chance of rain in your area",BIHAR,BEGUSARAI,MATIHANI,2018-04-11T18:54:49Z
JAYAD,AGRICULTURE,Others,Others,Weather,"Weather information","Today and tomorrow little chance of rain",BIHAR,BEGUSARAI,BEGUSARAI,2018-04-12T13:34:34Z
RABI,AGRICULTURE,Others,Others,Varieties,"Weather information","There will be light clouds in the sky chance of rain in your area.",BIHAR,BEGUSARAI,"SAMHO AKHA KURHA",2018-04-12T13:38:33Z
RABI,AGRICULTURE,Cereals,Wheat,Weather,"weather information","?? ?? ?? ????? ?? ??????? ?? ",BIHAR,BEGUSARAI,NAWKOTHI,2018-04-12T14:05:50Z
RABI,AGRICULTURE,Cereals,Wheat,Weather,"weather information","?? ?? ?? ????? ?? ??????? ?? ",BIHAR,BEGUSARAI,"SAHEBPUR KAMAL",2018-04-12T15:14:56Z
RABI,AGRICULTURE,Cereals,Wheat,Weather,"weather information","?? ?? ?? ????? ?? ??????? ?? ",BIHAR,BEGUSARAI,"SAHEBPUR KAMAL",2018-04-12T15:40:47Z
RABI,AGRICULTURE,Others,Others,"Field Preparation","WEATHER INFORMATION","Cloudy weather today and tomorrow  but no chance of rain in your area.",BIHAR,BEGUSARAI,DANDARI,2018-04-12T18:52:48Z
RABI,AGRICULTURE,Others,Others,"Field Preparation","WEATHER INFORMATION","Cloudy weather today and tomorrow  but no chance of rain in your area.",BIHAR,BEGUSARAI,MATIHANI,2018-04-12T19:26:42Z
JAYAD,AGRICULTURE,Others,Others,Weather,"Weather information","There will be light clouds in the sky chance of rain in your area.",BIHAR,BEGUSARAI,DANDARI,2018-04-12T20:56:20Z
JAYAD,AGRICULTURE,Others,Others,Weather,"WEATHER INFORMATION","chance of rain in your area",BIHAR,BEGUSARAI,CHHAURAHI,2018-04-13T07:43:37Z
JAYAD,AGRICULTURE,Others,Others,Weather,"Weather information","There will be light clouds in the sky chance of rain in your area.",BIHAR,BEGUSARAI,GADHPURA,2018-04-13T09:24:00Z
JAYAD,AGRICULTURE,Others,Others,Weather,"weather information","Cloudy weather Today chance of rain",BIHAR,BEGUSARAI,BHAGWANPUR,2018-04-13T09:41:56Z
JAYAD,AGRICULTURE,Others,Others,"Soil Health Card","SOIL HEALTH CARD","Meet your BAO OR BTM, KISAN MITRA",BIHAR,BEGUSARAI,BHAGWANPUR,2018-04-13T09:45:18Z
JAYAD,AGRICULTURE,Others,Others,Weather,"WEATHER INFORMATION","Chance of rain in your area",BIHAR,BEGUSARAI,BAKHRI,2018-04-13T10:50:29Z
JAYAD,AGRICULTURE,Pulses,"Green Gram (Moong Bean/ Moong)",Varieties,"Varieties of Moong","Varieties of Moong - H.U.M-16, pusa vishal, smart, sona, P.S-16, S.M.L-668",BIHAR,BEGUSARAI,BAKHRI,2018-04-13T10:52:18Z
JAYAD,HORTICULTURE,Vegetables,Onion,"Plant Protection","YELLOWING LEAVES  OF ONION","spray mancozeb @ 2 gm / lit of water",BIHAR,BEGUSARAI,BEGUSARAI,2018-04-13T11:27:10Z
JAYAD,HORTICULTURE,Fruits,Mango,"Plant Protection","Fruit dropping problem in mango","SPRAY PLANOFIX 1 ML/5LITRE OF WATER",BIHAR,BEGUSARAI,BEGUSARAI,2018-04-13T11:28:45Z
JAYAD,AGRICULTURE,Others,Others,Weather,"Weather information","There will be light clouds in the sky chance of rain in your area.",BIHAR,BEGUSARAI,BEGUSARAI,2018-04-13T11:31:06Z
JAYAD,HORTICULTURE,Fruits,Mango,"Plant Protection","INFESTATION OF MANGO HOPPER","SPRAY OXYDEMETAN METHYL @ 1 ML PER LITRE WATER",BIHAR,BEGUSARAI,"SAHEBPUR KAMAL",2018-04-13T12:33:54Z
JAYAD,HORTICULTURE,Fruits,Litchi,"Plant Protection","FRUIT AND STONE BORER OF LITCHI","SPRAY ACITAMIPRID @ 1 GRAM PER LITRE WATER",BIHAR,BEGUSARAI,"SAHEBPUR KAMAL",2018-04-13T12:36:10Z
RABI,HORTICULTURE,Vegetables,Chillies,"Plant Protection","Gram caterpillar","Indoxacarb 14.5 % SC 6.5 ml/10 lit. 
Novaluron 10 % EC 7.5 ml/10 lit. 
Spinosad 45 % SC 3.2 ml/10 lit.",BIHAR,BEGUSARAI,"SAMHO AKHA KURHA",2018-04-13T13:15:23Z
RABI,AGRICULTURE,Others,Others,Weather,"Weather information","Cloudy weather Today and tomorrow little chance of rain in your area",BIHAR,BEGUSARAI,BACHHWARA,2018-04-13T14:02:22Z
RABI,AGRICULTURE,Others,Others,"Field Preparation","weather information","The sky will remain cloudy",BIHAR,BEGUSARAI,BHAGWANPUR,2018-04-13T14:42:28Z
JAYAD,AGRICULTURE,Others,Others,Weather,"WEATHER INFORMATION","no chance of rain in your area.",BIHAR,BEGUSARAI,BIRPUR,2018-04-13T14:57:10Z
JAYAD,AGRICULTURE,Others,Others,"Plant Protection",Insecticide,"Spray chlorpyriphos @ 2 ml in 1 litre of water",BIHAR,BEGUSARAI,BEGUSARAI,2018-04-13T15:53:41Z
JAYAD,AGRICULTURE,Others,Others,"Plant Protection",Insecticide,"Spray Malathion @ 2 MLin 1 litre of water",BIHAR,BEGUSARAI,BEGUSARAI,2018-04-13T15:55:54Z
JAYAD,AGRICULTURE,Others,Others,"Plant Protection","YELLOWING OF LEAVES","Spray Copper oxychloride @2 gm per lit of water",BIHAR,BEGUSARAI,BEGUSARAI,2018-04-13T15:57:36Z
JAYAD,AGRICULTURE,Others,Others,"Plant Protection","WEATHER INFORMATION","Partly cloudy in your area,no chance of rain.",BIHAR,BEGUSARAI,BEGUSARAI,2018-04-13T15:59:14Z
JAYAD,AGRICULTURE,Others,Others,Weather,"WEATHER INFORMATION","no chance of rain in your area.",BIHAR,BEGUSARAI,BEGUSARAI,2018-04-13T17:32:50Z
JAYAD,AGRICULTURE,Others,Others,Weather,"WEATHER INFORMATION","NO CHANCE OF RAIN IN YOUR AREA",BIHAR,BEGUSARAI,BEGUSARAI,2018-04-14T09:59:57Z
RABI,AGRICULTURE,Others,Others,Weather,"Weather information","Cloudy weather in your area but no chance of rain in your area",BIHAR,BEGUSARAI,TEGHRA,2018-04-14T10:55:43Z
JAYAD,AGRICULTURE,Others,Others,Weather,"WEATHER INFORMATION","NO CHANCE OF RAIN IN YOUR AREA",BIHAR,BEGUSARAI,MATIHANI,2018-04-14T11:04:24Z
RABI,AGRICULTURE,Cereals,Wheat,"Government Schemes","MSP of wheat, maize, lentil and mustard","MSP for wheat-1735, maize-1425, lentil-4250 and mustard-4000",BIHAR,BEGUSARAI,GADHPURA,2018-04-14T11:32:02Z
JAYAD,AGRICULTURE,Others,Others,Weather,"WEATHER INFORMATION","NO CHANCE OF RAIN IN YOUR AREA",BIHAR,BEGUSARAI,BEGUSARAI,2018-04-14T12:06:44Z
JAYAD,HORTICULTURE,Vegetables,Onion,"Plant Protection","insect infestation","Spray imidachloprid @ 2 ml in 1 litre of water",BIHAR,BEGUSARAI,BEGUSARAI,2018-04-14T12:08:07Z
KHARIF,HORTICULTURE,Fruits,Mango,"Plant Protection","insect infestation","Spray imidachloprid @ 1ml in 3 litre of water",BIHAR,BEGUSARAI,BALLIA,2018-04-14T12:32:06Z
RABI,AGRICULTURE,Cereals,Wheat,Weather,"WEATHER INFORMATION","?? ?? ??????? ??? ???? ???  ????? ??  ????? ???? ?? ??????? ??",BIHAR,BEGUSARAI,KHODAWANDPUR,2018-04-14T13:45:17Z
JAYAD,AGRICULTURE,Others,Others,Weather,"WEATHER INFORMATION","Cloudy weather in your area, no  chance of rain in your area",BIHAR,BEGUSARAI,BARAUNI,2018-04-14T15:14:34Z
JAYAD,AGRICULTURE,Others,Others,Weather,"WEATHER INFORMATION","Partly cloudy in your area,no chance of rain.",BIHAR,BEGUSARAI,BEGUSARAI,2018-04-14T17:04:07Z
JAYAD,AGRICULTURE,Others,Others,Weather,"WEATHER INFORMATION","Partly cloudy in your area,no chance of rain.",BIHAR,BEGUSARAI,BEGUSARAI,2018-04-14T17:04:23Z
JAYAD,AGRICULTURE,Others,Others,Weather,"WEATHER INFORMATION","Partly cloudy in your area,no chance of rain.",BIHAR,BEGUSARAI,BACHHWARA,2018-04-14T19:51:10Z
JAYAD,AGRICULTURE,Others,Others,Weather,"WEATHER INFORMATION","Partly cloudy in your area,no chance of rain.",BIHAR,BEGUSARAI,BACHHWARA,2018-04-14T19:56:02Z
RABI,AGRICULTURE,Cereals,Wheat,Weather,"Weather Information","?? ?? ??????? ??? ???? ??? ????? ?????  ????? ???? ?? ??? ???????? ???? ??",BIHAR,BEGUSARAI,GADHPURA,2018-04-15T07:44:13Z
JAYAD,AGRICULTURE,Others,Others,Weather,"Weather information","Cloudy weather in your area but no chance of rain in your area",BIHAR,BEGUSARAI,BHAGWANPUR,2018-04-15T09:44:31Z
RABI,AGRICULTURE,Cereals,Wheat,Weather,"Weather Information","?? ?? ??????? ??? ???? ??? ????? ?????  ????? ???? ?? ??? ???????? ???? ??",BIHAR,BEGUSARAI,BHAGWANPUR,2018-04-15T13:26:07Z
JAYAD,HORTICULTURE,Vegetables,Brinjal,"Seeds and Planting Material","VARIETY OF GREEN BRINJAL","VARIETY OF GREEN BRINJAL- LONG GREEN, MHB-4, MEBH-9",BIHAR,BEGUSARAI,BEGUSARAI,2018-04-16T07:08:33Z
RABI,HORTICULTURE,Vegetables,Onion,"Plant Protection","Thrips and onion fly","spraying Methyl demeton 25 EC 1 ml/lit or Dimethoate 30 EC 1 ml/lit with Teepol 0.5 ml/lit.",BIHAR,BEGUSARAI,BHAGWANPUR,2018-04-16T10:39:19Z
RABI,AGRICULTURE,Others,Others,"Field Preparation","Weather information","Cloudy weather in your area but no chance of rain in your area",BIHAR,BEGUSARAI,BHAGWANPUR,2018-04-17T11:47:43Z
RABI,AGRICULTURE,Others,Others,"Field Preparation","Weather information","Cloudy weather in your area but no chance of rain in your area",BIHAR,BEGUSARAI,BHAGWANPUR,2018-04-17T11:47:43Z
RABI,AGRICULTURE,Others,Others,"Field Preparation","Weather information","Cloudy weather in your area but no chance of rain in your area",BIHAR,BEGUSARAI,BHAGWANPUR,2018-04-17T11:47:43Z
RABI,AGRICULTURE,Others,Others,"Field Preparation","Weather information","Cloudy weather in your area but no chance of rain in your area",BIHAR,BEGUSARAI,BHAGWANPUR,2018-04-17T11:47:44Z
RABI,AGRICULTURE,Others,Others,"Field Preparation","Weather information","Cloudy weather in your area but no chance of rain in your area",BIHAR,BEGUSARAI,BHAGWANPUR,2018-04-17T11:47:44Z
RABI,AGRICULTURE,Others,Others,"Field Preparation","Weather information","Cloudy weather in your area but no chance of rain in your area",BIHAR,BEGUSARAI,BHAGWANPUR,2018-04-17T11:47:44Z
JAYAD,HORTICULTURE,Vegetables,"Beet Root (Garden Beet/Stock Beet)","Nutrient Management","fruit cracking of beet root","Spray borax @ 2 gram in 1 litre of water",BIHAR,BEGUSARAI,BACHHWARA,2018-04-17T12:47:09Z
JAYAD,AGRICULTURE,Others,Others,Weather,"WEATHER INFORMATION","no chance of rain in your area.",BIHAR,BEGUSARAI,BAKHRI,2018-04-18T06:17:39Z
RABI,AGRICULTURE,Others,Others,"Field Preparation","Weather information","Sunny weather but no rain in your area.",BIHAR,BEGUSARAI,DANDARI,2018-04-18T08:41:05Z
KHARIF,AGRICULTURE,Others,Others,"Field Preparation","Weather information","Sunny weather but no rain in your area.",BIHAR,BEGUSARAI,MATIHANI,2018-04-18T13:37:30Z
KHARIF,HORTICULTURE,Vegetables,"Sponge Gourd","Plant Protection","Insect infestation","Spray saaf @2gm /lit of water
Spray Imidacloprid @ 1 ml 3 liter of water",BIHAR,BEGUSARAI,MANSURCHAK,2018-04-18T20:15:40Z
JAYAD,AGRICULTURE,Others,Others,Weather,"weather information","Hazy weather in your area ,no chance of rain",BIHAR,BEGUSARAI,"CHERIA BARIARPUR",2018-04-19T11:54:39Z
JAYAD,HORTICULTURE,Fruits,Mango,"Plant Protection","FRUIT DROPPING OF MANGO","Spray planofix @ 1ml in 4- 5 lit of water.",BIHAR,BEGUSARAI,"CHERIA BARIARPUR",2018-04-19T11:58:18Z
RABI,HORTICULTURE,Vegetables,Chillies,"Plant Protection","Bacterial leaf spot","Seed treatment with 0.1% mercuric chloride solution for 2 to 5 minutes is effective.


Seedlings may be sprayed with Bordeaux mixture 1. Per cent or copper oxychloride 0.25%.",BIHAR,BEGUSARAI,BEGUSARAI,2018-04-19T12:24:04Z
JAYAD,AGRICULTURE,Others,Others,Weather,"WEATHER INFORMATION","Cloudy weather in your area,no chance of rain in your area",BIHAR,BEGUSARAI,BIRPUR,2018-04-19T13:03:38Z
JAYAD,AGRICULTURE,Others,Others,Weather,"WEATHER INFORMATION","Cloudy weather in your area,no chance of rain in your area",BIHAR,BEGUSARAI,GADHPURA,2018-04-19T13:53:01Z
RABI,AGRICULTURE,Cereals,Wheat,Weather,"Weather information","???? ???  ?????, ????? ????? ???? ?? ??????? ??",BIHAR,BEGUSARAI,"SAMHO AKHA KURHA",2018-04-20T08:09:20Z
RABI,AGRICULTURE,Cereals,Wheat,Weather,"Weather information","???? ???  ?????, ????? ????? ???? ?? ??????? ??",BIHAR,BEGUSARAI,BACHHWARA,2018-04-20T10:43:39Z
JAYAD,AGRICULTURE,Others,Others,Weather,"Weather information","TODAY AND TOMORROW NO CHANCE OF RAIN",BIHAR,BEGUSARAI,KHODAWANDPUR,2018-04-20T10:51:35Z
JAYAD,AGRICULTURE,Others,Others,Weather,"Weather information","TODAY AND TOMORROW NO CHANCE OF RAIN",BIHAR,BEGUSARAI,KHODAWANDPUR,2018-04-20T10:53:37Z
KHARIF,HORTICULTURE,Vegetables,Onion,"Plant Protection","insect infestation","spray imidachloprid 1 ml/3 liter water",BIHAR,BEGUSARAI,BHAGWANPUR,2018-04-20T11:11:00Z
KHARIF,HORTICULTURE,Vegetables,Onion,"Nutrient Management","yellow tip of onion","Spray Copper oxychloride @2 gm per lit of water",BIHAR,BEGUSARAI,BHAGWANPUR,2018-04-20T11:14:44Z
KHARIF,HORTICULTURE,Vegetables,Onion,"Nutrient Management","poor growth of plant","Spray Multi micro nutrient @ 2 gram in 1 litre of water",BIHAR,BEGUSARAI,BHAGWANPUR,2018-04-20T11:15:54Z
RABI,AGRICULTURE,Others,Others,Weather,"weather information","40 /24C 

Hazy sun, hot and less humid
  
 


Sun

Apr 22



40 /20 

Very warm with hazy sun
 More  
 


Mon

Apr 23



40 /20 

Very warm with hazy sun
 More  
 


Tue

Apr 24



40 /20 

Hot with hazy sunshine
 More  
 


Wed

Apr 25



40 /24 

Hazy sunshine and hot
 More",BIHAR,BEGUSARAI,DANDARI,2018-04-21T06:22:05Z
JAYAD,AGRICULTURE,Others,Others,Weather,"Weather information","Cloudy weather in your area but no chance of rain in your area",BIHAR,BEGUSARAI,GADHPURA,2018-04-21T06:25:31Z
JAYAD,AGRICULTURE,Others,Others,Weather,"Weather information","Cloudy weather in your area but no chance of rain in your area",BIHAR,BEGUSARAI,MATIHANI,2018-04-21T06:35:55Z
JAYAD,AGRICULTURE,Others,Others,Weather,"WEATHER INFORMATION","CHANCE OF RAIN IN YOUR AREA",BIHAR,BEGUSARAI,CHHAURAHI,2018-04-21T07:08:51Z
RABI,AGRICULTURE,Cereals,Wheat,Weather,"Weather Information","?? ?? ??????? ??? ???? ??? ????? ?????  ????? ???? ?? ??? ???????? ???? ??",BIHAR,BEGUSARAI,BHAGWANPUR,2018-04-21T08:34:22Z
JAYAD,AGRICULTURE,Others,Others,Weather,"weather information","TODAY chance of rain IN YOUR AREA",BIHAR,BEGUSARAI,BHAGWANPUR,2018-04-21T12:37:59Z
JAYAD,HORTICULTURE,Vegetables,Chillies,"Cultural Practices","COMPOST USE DURING SOWING TIME","APPLY COMPOST-200 Q/HA, UREA-100 KG/HACTARE, D.A.P-60 KG/HA, POTASH-60 KG/HAC",BIHAR,BEGUSARAI,BIRPUR,2018-04-21T13:36:44Z
RABI,AGRICULTURE,Cereals,Wheat,Weather,"Weather Information","???? ??? ????? ?? ?? ?? ????? ?? ??? ??????? ???? ??",BIHAR,BEGUSARAI,"CHERIA BARIARPUR",2018-04-21T13:40:06Z
RABI,AGRICULTURE,Cereals,Wheat,Weather,"Weather Information","???? ??? ????? ?? ?? ?? ????? ?? ??? ??????? ???? ??",BIHAR,BEGUSARAI,"CHERIA BARIARPUR",2018-04-21T13:40:07Z
JAYAD,AGRICULTURE,Others,Others,Weather,"Weather information","Sunny weather but no rain in your area.",BIHAR,BEGUSARAI,BAKHRI,2018-04-21T14:51:43Z
JAYAD,AGRICULTURE,Others,Others,Weather,"Weather information","Sunny weather but no rain in your area.",BIHAR,BEGUSARAI,BAKHRI,2018-04-21T15:52:11Z
JAYAD,AGRICULTURE,Others,Others,"Plant Protection","Nutritional medicine","Spray Multi micro nutrient @ 2 gram in 1 liter of water",BIHAR,BEGUSARAI,BALLIA,2018-04-21T16:04:57Z
JAYAD,AGRICULTURE,Others,Others,Weather,"Weather information","Sunny weather but no rain in your area.",BIHAR,BEGUSARAI,BAKHRI,2018-04-21T17:04:45Z
JAYAD,AGRICULTURE,Others,Others,Weather,"Weather information","Sunny weather but no rain in your area.",BIHAR,BEGUSARAI,BHAGWANPUR,2018-04-21T20:16:26Z
JAYAD,AGRICULTURE,Others,Others,Weather,"Weather information","Sunny weather but no rain in your area.",BIHAR,BEGUSARAI,BALLIA,2018-04-21T21:50:24Z
JAYAD,AGRICULTURE,Others,Others,Weather,"WEATHER INFORMATION","?? ?? ?? ???? ??????? ??? ????? ?? ???????  ??? ??",BIHAR,BEGUSARAI,BARAUNI,2018-04-22T07:06:04Z
RABI,HORTICULTURE,Vegetables,Bhindi(Okra/Ladysfinger),"Plant Protection",Aphid,"?Imidacloprid 200 SL at 100 ml/ha
?Methyl demeton 25 EC 500 ml/ha
?Dimethoate 30 EC 500 ml/ha",BIHAR,BEGUSARAI,"SAMHO AKHA KURHA",2018-04-22T10:27:59Z
JAYAD,AGRICULTURE,Others,Others,Weather,"Weather information","Cloudy weather in your area but no chance of rain in your area",BIHAR,BEGUSARAI,"SAHEBPUR KAMAL",2018-04-23T07:44:26Z
JAYAD,"ANIMAL HUSBANDRY",Animal,"white rats","Animal Breeding","What is way of management of rat?","Use ammonium phosphate +wheat flour with jaggary
Or use rat killer medicine",BIHAR,BEGUSARAI,BHAGWANPUR,2018-04-23T08:25:07Z
RABI,AGRICULTURE,Cereals,Wheat,Weather,"Weather Information","????  ??? ????? ??? ???? ??? ?????",BIHAR,BEGUSARAI,"CHERIA BARIARPUR",2018-04-23T09:15:02Z
RABI,AGRICULTURE,Others,Others,"Field Preparation","Insect infestation","Spray  Imidachloprid @ 1ml/3lit of water",BIHAR,BEGUSARAI,MATIHANI,2018-04-23T18:52:14Z
KHARIF,AGRICULTURE,Others,Others,"Field Preparation","Insect infestation","Spray  Imidachloprid @ 1ml/3lit of water",BIHAR,BEGUSARAI,MATIHANI,2018-04-23T20:05:26Z
JAYAD,HORTICULTURE,Fruits,Litchi,"Nutrient Management","GROWTH OF LITCHI FRUIT","Spray Multi micro nutrient @ 2 gram in 1 litre of water",BIHAR,BEGUSARAI,MANSURCHAK,2018-04-24T08:24:57Z
JAYAD,AGRICULTURE,Others,Others,"Nutrient Management","DOSE OF BORON","Spray borax @ 2 gram in 1 litre of water",BIHAR,BEGUSARAI,MANSURCHAK,2018-04-24T08:28:44Z
RABI,HORTICULTURE,Vegetables,Bhindi(Okra/Ladysfinger),"Plant Protection","Bhendi fruit borer","Spray carbaryl 50 WP 2 g/lit or B. thuringiensis 2 g/lit",BIHAR,BEGUSARAI,BEGUSARAI,2018-04-24T11:16:46Z
JAYAD,AGRICULTURE,Others,Others,"Government Schemes","Farmer Reg. & Anudan",dbtagriculture.bihar.gov.in,BIHAR,BEGUSARAI,KHODAWANDPUR,2018-04-24T12:47:55Z
KHARIF,AGRICULTURE,Others,Others,"Field Preparation","Yellow leaf of onion","SPRAY COPPER OXY CHLORIDE 2 GRAM/LITRE OF WATER",BIHAR,BEGUSARAI,BHAGWANPUR,2018-04-24T16:31:35Z
RABI,HORTICULTURE,Vegetables,Bhindi(Okra/Ladysfinger),"Plant Protection","Bhendi fruit borer","Spray carbaryl 50 WP 2 g/lit or B. thuringiensis 2 g/lit",BIHAR,BEGUSARAI,"SAMHO AKHA KURHA",2018-04-25T10:59:01Z
KHARIF,AGRICULTURE,Others,Others,"Field Preparation",nutrient,"Spray boom flower @ 2 ml / lit of water",BIHAR,BEGUSARAI,BACHHWARA,2018-04-25T16:17:48Z
RABI,AGRICULTURE,Cereals,Wheat,Weather,"Weather Information","?? ?? ??????? ??? ?? ?? ?? ???? ??? ????? ?? ????? ???? ?? ???????? ??",BIHAR,BEGUSARAI,"SAHEBPUR KAMAL",2018-04-25T16:31:42Z
RABI,AGRICULTURE,Others,Others,Weather,"Weather information","Cloudy weather in your area but no chance of rain in your area",BIHAR,BEGUSARAI,GADHPURA,2018-04-25T17:15:25Z
JAYAD,AGRICULTURE,Others,Others,Weather,"weather information","Cloudy weather Today & tomorrow   chance of rain",BIHAR,BEGUSARAI,GADHPURA,2018-04-25T17:17:39Z
RABI,AGRICULTURE,Others,Others,Weather,"Weather information","Hazy sunshine and very warm",BIHAR,BEGUSARAI,GADHPURA,2018-04-25T17:25:16Z
JAYAD,AGRICULTURE,Others,Others,Weather,"weather information","Cloudy weather Today & tomorrow   chance of rain",BIHAR,BEGUSARAI,BALLIA,2018-04-25T17:41:33Z
KHARIF,AGRICULTURE,Others,Others,"Field Preparation","WEATHER INFORMATION","Cloudy weather today and tomorrow  but no chance of rain in your area.",BIHAR,BEGUSARAI,GADHPURA,2018-04-25T17:42:32Z
JAYAD,AGRICULTURE,Others,Others,Weather,"weather information","Cloudy weather Today & tomorrow   chance of rain",BIHAR,BEGUSARAI,BEGUSARAI,2018-04-25T18:53:46Z
KHARIF,AGRICULTURE,Others,Others,"Field Preparation","WEATHER INFORMATION","Cloudy weather today and tomorrow  but no chance of rain in your area.",BIHAR,BEGUSARAI,BEGUSARAI,2018-04-25T18:54:22Z
KHARIF,AGRICULTURE,Others,Others,"Field Preparation","WEATHER INFORMATION","Cloudy weather today and tomorrow  but no chance of rain in your area.",BIHAR,BEGUSARAI,BEGUSARAI,2018-04-25T18:57:16Z
JAYAD,AGRICULTURE,Others,Others,Weather,"Weather Information","Cloudy weather today and tomorrow little chance of rain.",BIHAR,BEGUSARAI,BHAGWANPUR,2018-04-26T18:00:31Z
RABI,AGRICULTURE,Cereals,Wheat,Weather,"WEATHER INFORMATION","???? ???  ?????  ????? ????? ???? ??  ???  ???????  ??? ??",BIHAR,BEGUSARAI,BHAGWANPUR,2018-04-27T11:52:31Z
JAYAD,AGRICULTURE,Others,Others,Weather,"WEATHER INFORMATION","TODAY AND TOMARROW CHANCE OF RAIN IN YOUR AREA",BIHAR,BEGUSARAI,BARAUNI,2018-04-27T13:45:52Z
RABI,HORTICULTURE,Vegetables,Brinjal,"Plant Protection","Red cotton bug","Spray phosphamidon 40 SL @ 600 ml/ha",BIHAR,BEGUSARAI,"SAMHO AKHA KURHA",2018-04-28T09:32:53Z
JAYAD,AGRICULTURE,Others,Others,"Government Schemes","Government Scheme Website -",www.krishi.bih.nic.in.,BIHAR,BEGUSARAI,BHAGWANPUR,2018-04-28T13:55:35Z
RABI,HORTICULTURE,Vegetables,Chillies,"Plant Protection","Chilli thrips","Imidacloprid 17.8 % SL 3.0 ml/10 lit. 
Dimethoate 30 % EC 1.0 ml/lit.",BIHAR,BEGUSARAI,"SAMHO AKHA KURHA",2018-04-29T06:06:33Z
JAYAD,AGRICULTURE,Millets,"FingerMillet  (Ragi/Mandika)",Varieties,"varieties of fingermillet","varieties are v.r-708,352,r.a.u-3 for minger milet",BIHAR,BEGUSARAI,BHAGWANPUR,2018-04-29T19:26:04Z
KHARIF,AGRICULTURE,Others,Others,"Field Preparation","WEATHER INFORMATION","chance of rain in your area",BIHAR,BEGUSARAI,GADHPURA,2018-04-30T13:22:11Z
JAYAD,AGRICULTURE,Others,Others,"Plant Protection","Insect infestation","Spray Neem Oil 1500 ppm @ 2ml/ liter of water",BIHAR,BEGUSARAI,BAKHRI,2018-04-30T15:36:23Z
JAYAD,AGRICULTURE,Others,Others,"Nutrient Management","Nutritional medicine","Spray Multi micro nutrient @ 2 gram in 1 liter of water",BIHAR,BEGUSARAI,BAKHRI,2018-04-30T20:11:13Z
