Season,Sector,Category,Crop,QueryType,QueryText,KCCAns,StateName,DistrictName,BlockName,CreatedOn
0,HORTICULTURE,Fruits,Lemon,NA,"insect problem","spray quinalphos 2 ml/liter water",BIHAR,MUNGER,TARAPUR,2018-10-02T09:26:10Z
0,HORTICULTURE,Fruits,Lemon,NA,"insect problem","spray quinalphos 2 ml/liter water",BIHAR,MUNGER,TARAPUR,2018-10-02T09:26:10Z
0,AGRICULTURE,Others,Others,NA,"dbt problem","aap block me contact kare",BIHAR,MUNGER,DHARHARA,2018-10-05T13:15:56Z
0,AGRICULTURE,Others,Others,NA,"dbt problem","aap block me contact kare",BIHAR,MUNGER,DHARHARA,2018-10-05T13:15:56Z
0,AGRICULTURE,Others,Others,NA,"Weather information","No chance of rain in your area",BIHAR,MUNGER,BARIYARPUR,2018-10-08T11:23:23Z
0,AGRICULTURE,Others,Others,NA,"Weather information","No chance of rain in your area",BIHAR,MUNGER,BARIYARPUR,2018-10-08T11:23:23Z
0,AGRICULTURE,Cereals,"Paddy (Dhan)",NA,"INSECT INFESTATION","chlorpyriphos 20 EC  2 ML / LITRE PANI ME",BIHAR,MUNGER,KHARAGPUR,2018-10-17T13:11:50Z
0,AGRICULTURE,Cereals,"Paddy (Dhan)",NA,"INSECT INFESTATION","chlorpyriphos 20 EC  2 ML / LITRE PANI ME",BIHAR,MUNGER,KHARAGPUR,2018-10-17T13:11:50Z
0,AGRICULTURE,Others,Others,NA,"Weather information","NO CHANCE OF RAIN IN YOUR AREA",BIHAR,MUNGER,ASARGANJ,2018-10-17T16:32:16Z
0,AGRICULTURE,Others,Others,NA,"Weather information","NO CHANCE OF RAIN IN YOUR AREA",BIHAR,MUNGER,ASARGANJ,2018-10-17T16:32:16Z
0,AGRICULTURE,Others,Others,NA,"Weather information","Partly cloudy  in your area,but no chance of rain.",BIHAR,MUNGER,KHARAGPUR,2018-10-17T17:33:33Z
0,AGRICULTURE,Others,Others,NA,"Weather information","Partly cloudy  in your area,but no chance of rain.",BIHAR,MUNGER,KHARAGPUR,2018-10-17T17:33:33Z
0,AGRICULTURE,Others,Others,NA,"Weather information","Clear weather in your area,no chance of rain.",BIHAR,MUNGER,BARIYARPUR,2018-10-18T07:26:08Z
0,AGRICULTURE,Others,Others,NA,"Weather information","Clear weather in your area,no chance of rain.",BIHAR,MUNGER,BARIYARPUR,2018-10-18T07:26:08Z
0,AGRICULTURE,Others,Others,NA,WEATHER,"NO CHANCE OF RAIN",BIHAR,MUNGER,KHARAGPUR,2018-10-18T08:55:38Z
0,AGRICULTURE,Others,Others,NA,WEATHER,"NO CHANCE OF RAIN",BIHAR,MUNGER,KHARAGPUR,2018-10-18T08:55:38Z
0,AGRICULTURE,Others,Others,NA,"WEATHER INFORMATION","no rain",BIHAR,MUNGER,BARIYARPUR,2018-10-18T12:49:53Z
0,AGRICULTURE,Others,Others,NA,"WEATHER INFORMATION","no rain",BIHAR,MUNGER,BARIYARPUR,2018-10-18T12:49:53Z
0,AGRICULTURE,Others,Others,NA,"Weather information","Cloudy weather in your area, but no chance of rain.",BIHAR,MUNGER,BARIYARPUR,2018-10-19T10:59:07Z
0,AGRICULTURE,Others,Others,NA,"Weather information","Cloudy weather in your area, but no chance of rain.",BIHAR,MUNGER,BARIYARPUR,2018-10-19T10:59:07Z
0,AGRICULTURE,Others,NA,NA,"Weather information","Cloudy weather in your area, but no chance of rain.",BIHAR,MUNGER,KHARAGPUR,2018-10-19T11:11:53Z
0,AGRICULTURE,Others,NA,NA,"Weather information","Cloudy weather in your area, but no chance of rain.",BIHAR,MUNGER,KHARAGPUR,2018-10-19T11:11:53Z
0,AGRICULTURE,Others,Others,NA,WEATHER,"NO RAIN",BIHAR,MUNGER,ASARGANJ,2018-10-19T11:34:23Z
0,AGRICULTURE,Others,Others,NA,WEATHER,"NO RAIN",BIHAR,MUNGER,ASARGANJ,2018-10-19T11:34:23Z
0,AGRICULTURE,Others,Others,NA,"WEATHER INFORMATIN","Cloudy weather in your area, but no chance of rain.",BIHAR,MUNGER,ASARGANJ,2018-10-19T14:10:48Z
0,AGRICULTURE,Others,Others,NA,"WEATHER INFORMATIN","Cloudy weather in your area, but no chance of rain.",BIHAR,MUNGER,ASARGANJ,2018-10-19T14:10:48Z
0,AGRICULTURE,Others,Others,NA,"Weather information","Clear weather in your area,no chance of rain",BIHAR,MUNGER,TARAPUR,2018-10-20T08:20:57Z
0,AGRICULTURE,Others,Others,NA,"Weather information","Clear weather in your area,no chance of rain",BIHAR,MUNGER,TARAPUR,2018-10-20T08:20:57Z
0,NA,NA,NA,NA,"Weather information","Cloudy weather in your area, but no chance of rain",BIHAR,MUNGER,ASARGANJ,2018-10-20T08:28:17Z
0,NA,NA,NA,NA,"Weather information","Cloudy weather in your area, but no chance of rain",BIHAR,MUNGER,ASARGANJ,2018-10-20T08:28:17Z
0,AGRICULTURE,Others,Others,NA,"Weather information","SPRAY ACEPHATE 1 GRAM /* LITRE PANI ME",BIHAR,MUNGER,KHARAGPUR,2018-10-20T11:00:24Z
0,AGRICULTURE,Others,Others,NA,"Weather information","SPRAY ACEPHATE 1 GRAM /* LITRE PANI ME",BIHAR,MUNGER,KHARAGPUR,2018-10-20T11:00:24Z
0,NA,NA,NA,NA,masroom,9472311711,BIHAR,MUNGER,KHARAGPUR,2018-10-20T12:53:05Z
0,NA,NA,NA,NA,masroom,9472311711,BIHAR,MUNGER,KHARAGPUR,2018-10-20T12:53:05Z
0,AGRICULTURE,Others,Others,NA,"TELL ME ABOUT WEATHER INFORMATION ?","NO RAIN POSSIBILITY IN NEXT 3-4 DAYS BUT CLOUDY SKY",BIHAR,MUNGER,JAMALPUR,2018-10-20T14:28:20Z
0,AGRICULTURE,Others,Others,NA,"TELL ME ABOUT WEATHER INFORMATION ?","NO RAIN POSSIBILITY IN NEXT 3-4 DAYS BUT CLOUDY SKY",BIHAR,MUNGER,JAMALPUR,2018-10-20T14:28:20Z
0,HORTICULTURE,Fruits,Mango,NA,"PLANT PROTECTION",DIMETHOATE,BIHAR,MUNGER,KHARAGPUR,2018-10-20T16:11:46Z
0,HORTICULTURE,Fruits,Mango,NA,"PLANT PROTECTION",DIMETHOATE,BIHAR,MUNGER,KHARAGPUR,2018-10-20T16:11:46Z
0,HORTICULTURE,Vegetables,Tomato,NA,"Plant protection","Phosphomidon 40 SL 2ml/lit
Imidacloprid 80.5 SC 0.6 ml/lit
Chlorpriphos 20 EC 2ml/lit
Thiamethoxam 25 WSG 0.6 mg/lit
Profenophos 2ml/lit",BIHAR,MUNGER,JAMALPUR,2018-10-20T17:09:43Z
0,HORTICULTURE,Vegetables,Tomato,NA,"Plant protection","Phosphomidon 40 SL 2ml/lit
Imidacloprid 80.5 SC 0.6 ml/lit
Chlorpriphos 20 EC 2ml/lit
Thiamethoxam 25 WSG 0.6 mg/lit
Profenophos 2ml/lit",BIHAR,MUNGER,JAMALPUR,2018-10-20T17:09:43Z
0,NA,NA,NA,NA,"Weather information","Cloudy weather in your area, but no chance of rain.",BIHAR,MUNGER,JAMALPUR,2018-10-20T21:09:40Z
0,NA,NA,NA,NA,"Weather information","Cloudy weather in your area, but no chance of rain.",BIHAR,MUNGER,JAMALPUR,2018-10-20T21:09:40Z
0,NA,NA,NA,NA,"Weather information","Cloudy weather in your area, but no chance of rain.",BIHAR,MUNGER,JAMALPUR,2018-10-20T21:09:40Z
0,NA,NA,NA,NA,"Weather information","Cloudy weather in your area, but no chance of rain.",BIHAR,MUNGER,JAMALPUR,2018-10-20T21:09:40Z
0,NA,NA,NA,NA,"Weather information","Cloudy weather in your area, but no chance of rain.",BIHAR,MUNGER,JAMALPUR,2018-10-20T21:09:40Z
0,NA,NA,NA,NA,"Weather information","Cloudy weather in your area, but no chance of rain.",BIHAR,MUNGER,JAMALPUR,2018-10-20T21:09:40Z
0,AGRICULTURE,Others,Others,NA,"WEATHER INFORMATION","THERE IS NO CHANCE OF RAIN",BIHAR,MUNGER,ASARGANJ,2018-10-21T09:01:57Z
0,AGRICULTURE,Others,Others,NA,"WEATHER INFORMATION","THERE IS NO CHANCE OF RAIN",BIHAR,MUNGER,ASARGANJ,2018-10-21T09:01:57Z
0,AGRICULTURE,Others,Others,NA,"`Weather information","No chance of rain in your area",BIHAR,MUNGER,SANGRAMPUR,2018-10-21T09:13:34Z
0,AGRICULTURE,Others,Others,NA,"`Weather information","No chance of rain in your area",BIHAR,MUNGER,SANGRAMPUR,2018-10-21T09:13:34Z
0,AGRICULTURE,Others,NA,NA,"Weather information","Weather will be clear and glowing sun",BIHAR,MUNGER,KHARAGPUR,2018-10-21T13:51:23Z
0,AGRICULTURE,Others,NA,NA,"Weather information","Weather will be clear and glowing sun",BIHAR,MUNGER,KHARAGPUR,2018-10-21T13:51:23Z
0,AGRICULTURE,Others,Others,NA,"WEATHER INFORMATION","Cloudy weather in your area,but no chance of rain up to 2-3 days.",BIHAR,MUNGER,BARIYARPUR,2018-10-21T14:32:04Z
0,AGRICULTURE,Others,Others,NA,"WEATHER INFORMATION","Cloudy weather in your area,but no chance of rain up to 2-3 days.",BIHAR,MUNGER,BARIYARPUR,2018-10-21T14:32:04Z
0,AGRICULTURE,Others,Others,NA,WEATHER,"NO RAIN",BIHAR,MUNGER,ASARGANJ,2018-10-21T16:30:45Z
0,AGRICULTURE,Others,Others,NA,WEATHER,"NO RAIN",BIHAR,MUNGER,ASARGANJ,2018-10-21T16:30:45Z
0,AGRICULTURE,Others,Others,NA,"Weather information","Weather will be clear and glowing sun",BIHAR,MUNGER,TARAPUR,2018-10-22T08:44:00Z
0,AGRICULTURE,Others,Others,NA,"DBT PROBLEM","AAP BLOCK ME CONTACT  KARE",BIHAR,MUNGER,TARAPUR,2018-10-22T11:05:49Z
0,AGRICULTURE,Others,Others,NA,WEATHER,"NO RAIN",BIHAR,MUNGER,KHARAGPUR,2018-10-22T11:56:22Z
0,AGRICULTURE,Others,Others,NA,"Weather information","Cloudy weather in your area, but no chance of rain.",BIHAR,MUNGER,SANGRAMPUR,2018-10-22T15:04:20Z
0,AGRICULTURE,Others,Others,NA,"Weather information","Cloudy weather in your area, but no chance of rain",BIHAR,MUNGER,SANGRAMPUR,2018-10-22T16:34:50Z
0,AGRICULTURE,Others,Others,NA,weather,NA,BIHAR,MUNGER,SANGRAMPUR,2018-10-22T18:48:35Z
0,AGRICULTURE,Others,Others,NA,"Weather information","Cloudy weather in your area, but no chance of rain.",BIHAR,MUNGER,SANGRAMPUR,2018-10-22T18:53:34Z
0,AGRICULTURE,Others,Others,NA,"Rotting problem","Spray copper oxychloride @ 2 gram in 1 litter of water",BIHAR,MUNGER,SANGRAMPUR,2018-10-22T18:54:58Z
0,AGRICULTURE,Others,Others,NA,"WEATHER INFORMATIN","Weather will be clear and glowing sun",BIHAR,MUNGER,ASARGANJ,2018-10-23T07:18:33Z
0,AGRICULTURE,Others,Others,NA,"WEATHER INFORMATIN","Weather will be clear and glowing sun",BIHAR,MUNGER,DHARHARA,2018-10-23T12:24:30Z
0,AGRICULTURE,Others,Others,NA,"Weather information","Cloudy weather in your area, but no chance of rain",BIHAR,MUNGER,KHARAGPUR,2018-10-23T17:18:09Z
0,AGRICULTURE,Others,Others,NA,"WEATHER INFORMATION","Cloudy weather in your area,but no chance of rain up to 2-3 days.",BIHAR,MUNGER,"MUNGER SADAR",2018-10-23T21:25:22Z
0,AGRICULTURE,Others,Others,NA,"WEATHER INFORMATIN","Weather will be clear and glowing sun",BIHAR,MUNGER,ASARGANJ,2018-10-24T07:22:37Z
0,AGRICULTURE,Others,Others,NA,WEATHER,"NO CHANCE OF RAIN",BIHAR,MUNGER,ASARGANJ,2018-10-24T15:35:43Z
0,AGRICULTURE,Others,Others,NA,WEATHER,"NO RAIN",BIHAR,MUNGER,KHARAGPUR,2018-10-24T20:05:41Z
0,HORTICULTURE,Fruits,Papaya,NA,"FLOWER DROPPING PROBLEM","SPRAY PLANOFIX@1 ML/ 4 LITRE WATER",BIHAR,MUNGER,JAMALPUR,2018-10-25T07:26:29Z
0,AGRICULTURE,Others,Others,NA,"Weather information","Weather will be clear and glowing sun",BIHAR,MUNGER,DHARHARA,2018-10-25T11:21:50Z
0,AGRICULTURE,"Sugar and Starch Crops","Sugarcane (Noble Cane)",NA,"TERMITE INFESTATION","SPRAY CHLORPYRIPHOS @2ML/1L OF WATER OR IMIDACLOPRID @1.5ML/1L OF WATER",BIHAR,MUNGER,SANGRAMPUR,2018-10-25T11:36:23Z
0,AGRICULTURE,Others,Others,NA,"Weather information","Weather will be clear and glowing sun",BIHAR,MUNGER,SANGRAMPUR,2018-10-25T13:57:40Z
0,AGRICULTURE,Others,Others,NA,"Weather information","no chance of rain in your area",BIHAR,MUNGER,ASARGANJ,2018-10-25T17:27:17Z
0,AGRICULTURE,Others,Others,NA,"dbt problem","Contact to block agriculture officer",BIHAR,MUNGER,KHARAGPUR,2018-10-26T13:03:23Z
0,AGRICULTURE,Others,Others,NA,"Weather information","Clear  weather in your area, no chance of  rain.",BIHAR,MUNGER,KHARAGPUR,2018-10-26T13:21:40Z
0,AGRICULTURE,Others,Others,NA,WEATHER,"NO CHANCE OF RAIN",BIHAR,MUNGER,KHARAGPUR,2018-10-26T14:54:28Z
0,AGRICULTURE,Others,Others,NA,"Weather information","Cloudy weather, no rain likely.",BIHAR,MUNGER,KHARAGPUR,2018-10-26T15:07:34Z
0,AGRICULTURE,Others,Others,NA,MUSHROOM,"CONSULT K.V,K MUNGER",BIHAR,MUNGER,"MUNGER SADAR",2018-10-26T15:09:28Z
0,AGRICULTURE,Others,Others,NA,"WEATHER INFORMATION","Cloudy weather in your area, but no chance of rain.",BIHAR,MUNGER,"MUNGER SADAR",2018-10-26T15:51:00Z
0,AGRICULTURE,Others,Others,NA,"GOVT SCHEMES","CONTACT AC",BIHAR,MUNGER,JAMALPUR,2018-10-26T16:53:27Z
0,AGRICULTURE,Others,Others,NA,"WEATHER INFORMATION","Cloudy weather in your area, but no chance of rain.",BIHAR,MUNGER,JAMALPUR,2018-10-26T18:11:15Z
0,AGRICULTURE,Others,Others,NA,"Weather information","Cloudy weather, no rain likely.",BIHAR,MUNGER,SANGRAMPUR,2018-10-26T20:46:58Z
0,AGRICULTURE,Others,Others,NA,"DBT  related problem",wwwkrishimis.in,BIHAR,MUNGER,SANGRAMPUR,2018-10-27T09:59:25Z
0,AGRICULTURE,Others,Others,NA,"Clear  weather in your area, no chance of  rain.","Clear  weather in your area, no chance of  rain.",BIHAR,MUNGER,DHARHARA,2018-10-27T10:32:23Z
0,AGRICULTURE,Cereals,Wheat,NA,"seed rate of wheat","75-80 kg/ha",BIHAR,MUNGER,DHARHARA,2018-10-27T10:56:13Z
0,AGRICULTURE,Others,Others,NA,"weather information","there is no chance of rain in your area",BIHAR,MUNGER,TETIABAMBAR,2018-10-27T18:48:19Z
0,AGRICULTURE,Others,Others,NA,"GOVT SCHEMES",KRISHI.BIH.NIH.IN,BIHAR,MUNGER,BARIYARPUR,2018-10-27T21:16:14Z
0,AGRICULTURE,Others,Others,NA,"WEATHER INFORMATION","Cloudy weather in your area, but no chance of rain.",BIHAR,MUNGER,KHARAGPUR,2018-10-27T21:52:11Z
0,AGRICULTURE,Others,Others,NA,"DBT  problem","contact to your agriculture coordinator",BIHAR,MUNGER,KHARAGPUR,2018-10-27T21:59:01Z
0,AGRICULTURE,Others,Others,NA,"Weather information","Weather will be clear and glowing sun",BIHAR,MUNGER,ASARGANJ,2018-10-28T07:36:21Z
0,HORTICULTURE,Fruits,Papaya,NA,"Flower dropping in papaya","Sprary planofix 1ml in 4- 5 lit of water.  (NAA @ 20 ppm)",BIHAR,MUNGER,ASARGANJ,2018-10-28T07:50:48Z
0,AGRICULTURE,Pulses,"Bengal Gram (Gram/Chick Pea/Kabuli/Chana)",NA,"seed rate","70-80 kg of seeds / ha",BIHAR,MUNGER,BARIYARPUR,2018-10-28T08:02:21Z
0,AGRICULTURE,Others,Others,NA,"DBT PROBLEM","Contact to block agriculture officer",BIHAR,MUNGER,KHARAGPUR,2018-10-28T10:40:25Z
0,AGRICULTURE,Others,Others,NA,"Weather information","Cloudy weather in your area, but no chance of rain.",BIHAR,MUNGER,JAMALPUR,2018-10-28T12:01:28Z
0,AGRICULTURE,Others,Others,NA,"WEATHER INFORMATION","Cloudy weather in your area,but no chance of rain up to 2-3 days.",BIHAR,MUNGER,BARIYARPUR,2018-10-28T18:17:40Z
0,AGRICULTURE,Others,Others,NA,"DBT  problem","contact to your agriculture coordinator",BIHAR,MUNGER,DHARHARA,2018-10-28T19:01:04Z
0,AGRICULTURE,Others,Others,NA,"weather information","there is no chance of rain in your area",BIHAR,MUNGER,BARIYARPUR,2018-10-28T21:45:19Z
0,AGRICULTURE,Others,Others,NA,"Kisan registration - www.krishimis.in","Kisan registration - www.krishimis.in",BIHAR,MUNGER,"MUNGER SADAR",2018-10-29T08:38:29Z
0,AGRICULTURE,Others,Others,NA,"DBT PROBLEM","aap block me contact kare",BIHAR,MUNGER,SANGRAMPUR,2018-10-29T09:45:14Z
0,AGRICULTURE,Others,Others,NA,"DBT PROBLEM","aap block me contact kare",BIHAR,MUNGER,SANGRAMPUR,2018-10-29T11:19:34Z
0,AGRICULTURE,Others,Others,NA,"WEATHER INFORMATION","TODAY CHANCE OF RAIN IN  YOUR AREA",BIHAR,MUNGER,KHARAGPUR,2018-10-29T13:33:06Z
0,NA,NA,NA,NA,"Weather information","The sky will remain cloudy",BIHAR,MUNGER,BARIYARPUR,2018-10-29T15:53:31Z
0,AGRICULTURE,Others,Others,NA,"Weather information","Cloudy weather in your area,chance of little rain.",BIHAR,MUNGER,BARIYARPUR,2018-10-29T16:23:25Z
0,AGRICULTURE,Others,Others,NA,"GOVT SCHEMES",KRISHI.BIH.NIC.IN,BIHAR,MUNGER,BARIYARPUR,2018-10-29T16:45:26Z
0,AGRICULTURE,Others,Others,NA,"Cooperative dept of Bihar helpline no.","Cooperative dept of Bihar helpline no.",BIHAR,MUNGER,BARIYARPUR,2018-10-29T17:10:26Z
0,AGRICULTURE,Others,Others,NA,"WEATHER INFORMATION","Cloudy weather in your area, but no chance of rain.",BIHAR,MUNGER,BARIYARPUR,2018-10-29T17:45:52Z
0,AGRICULTURE,Others,Others,NA,"WEATHER INFORMATION","Cloudy weather in your area, but no chance of rain.",BIHAR,MUNGER,BARIYARPUR,2018-10-29T17:45:58Z
0,AGRICULTURE,Others,Others,NA,"WEATHER INFORMATION","Cloudy weather in your area, but no chance of rain.",BIHAR,MUNGER,BARIYARPUR,2018-10-29T17:46:53Z
0,AGRICULTURE,Others,Others,NA,"weather condition","Cloudy weather in your area,but no chance of rain up to 2-3 days.",BIHAR,MUNGER,ASARGANJ,2018-10-29T18:04:51Z
0,AGRICULTURE,Others,Others,NA,"Weather information","Cloudy weather in your area,chance of little rain.",BIHAR,MUNGER,BARIYARPUR,2018-10-29T18:07:10Z
0,AGRICULTURE,Others,Others,NA,WEATHER,"NO RAIN",BIHAR,MUNGER,ASARGANJ,2018-10-29T19:24:00Z
0,AGRICULTURE,Others,Others,NA,WEATHER,"NO RAIN",BIHAR,MUNGER,KHARAGPUR,2018-10-29T20:24:43Z
0,AGRICULTURE,Others,Others,NA,"weather condition","Cloudy weather in your area,but no chance of rain up to 2-3 days.",BIHAR,MUNGER,BARIYARPUR,2018-10-29T20:38:48Z
0,AGRICULTURE,Others,Others,NA,WEATHER,"CHANCE OF RAIN",BIHAR,MUNGER,BARIYARPUR,2018-10-29T20:47:39Z
0,NA,NA,NA,NA,"Weather information","Cloudy weather in your area,   no chance of rain",BIHAR,MUNGER,BARIYARPUR,2018-10-29T20:51:00Z
0,AGRICULTURE,Others,Others,NA,"Weather information","Clear weather in your area,no chance of rain",BIHAR,MUNGER,KHARAGPUR,2018-10-30T10:32:13Z
0,AGRICULTURE,Others,Others,NA,"Weather information","Cloudy weather in your area, but no chance of rain",BIHAR,MUNGER,TETIABAMBAR,2018-10-30T12:17:17Z
0,AGRICULTURE,Others,Others,NA,"Weather information","Clear weather in your area,no chance of rain",BIHAR,MUNGER,BARIYARPUR,2018-10-30T12:48:26Z
0,AGRICULTURE,Others,Others,NA,"weather condition","????? ??? ???? ??????? ??? ???? 2 -3 ?? ????? ??? ?? ???? ???? ?????? ,????? ????? ???? ?? ??????? ???? ?? |",BIHAR,MUNGER,BARIYARPUR,2018-10-30T12:50:33Z
0,AGRICULTURE,Others,Others,NA,"Weather information","Clear weather in your area,no chance of rain",BIHAR,MUNGER,BARIYARPUR,2018-10-30T12:55:56Z
0,AGRICULTURE,Others,Others,NA,"Weather information","Cloudy weather in your area, but no chance of rain",BIHAR,MUNGER,"MUNGER SADAR",2018-10-30T13:32:02Z
0,AGRICULTURE,Others,Others,NA,"DBT  problem","contact to your agriculture coordinator",BIHAR,MUNGER,BARIYARPUR,2018-10-30T14:07:30Z
0,AGRICULTURE,Others,Others,NA,"DBT  problem","contact to your agriculture coordinator",BIHAR,MUNGER,BARIYARPUR,2018-10-30T14:07:58Z
0,AGRICULTURE,Others,Others,NA,"WEATHER INFORMATION","THERE IS NO CHANCE OF RAIN IN YOUR AREA",BIHAR,MUNGER,KHARAGPUR,2018-10-30T14:27:48Z
0,AGRICULTURE,Others,Others,NA,"Farmer registration",www.dbtagriculture.bihar.gov.in,BIHAR,MUNGER,ASARGANJ,2018-10-30T14:56:32Z
0,AGRICULTURE,Others,Others,NA,"Weather information","Cloudy weather in your area, but no chance of rain.",BIHAR,MUNGER,ASARGANJ,2018-10-30T14:58:55Z
0,AGRICULTURE,Others,Others,NA,"Weather information","Cloudy weather in your area, but no chance of rain.",BIHAR,MUNGER,ASARGANJ,2018-10-30T14:58:56Z
0,AGRICULTURE,Others,Others,NA,"Weather information","Cloudy weather in your area, but no chance of rain.",BIHAR,MUNGER,ASARGANJ,2018-10-30T14:59:34Z
0,AGRICULTURE,Others,Others,NA,"Weather information","Cloudy weather in your area, but no chance of rain.",BIHAR,MUNGER,ASARGANJ,2018-10-30T14:59:34Z
0,AGRICULTURE,Others,Others,NA,"Weather information","Cloudy weather in your area, but no chance of rain.",BIHAR,MUNGER,ASARGANJ,2018-10-30T14:59:58Z
0,AGRICULTURE,Others,Others,NA,"weather condition","Cloudy weather in your area,but no chance of rain up to 2-3 days.",BIHAR,MUNGER,KHARAGPUR,2018-10-30T17:46:46Z
0,NA,NA,NA,NA,"Weather information","Clear weather in your area,no chance of rain",BIHAR,MUNGER,SANGRAMPUR,2018-10-30T18:52:15Z
0,AGRICULTURE,Others,Others,NA,"weather condition","Cloudy weather in your area,but no chance of rain up to 2-3 days.",BIHAR,MUNGER,SANGRAMPUR,2018-10-30T18:54:02Z
0,AGRICULTURE,Others,Others,NA,"WEATHER INFORMATION","NO CHANCE OF RAIN",BIHAR,MUNGER,BARIYARPUR,2018-10-31T13:31:42Z
0,AGRICULTURE,Others,Others,NA,"insect problem","spray imidachloprid 17.8 sl @ 1 ml/2 liter of water",BIHAR,MUNGER,BARIYARPUR,2018-10-31T16:44:23Z
0,AGRICULTURE,Others,Others,NA,"Weather information","Cloudy weather in your area,but no chance of  rain.",BIHAR,MUNGER,ASARGANJ,2018-10-31T17:02:18Z
0,AGRICULTURE,Others,Others,NA,"Weather information","Cloudy weather in your area,but no chance of  rain.",BIHAR,MUNGER,BARIYARPUR,2018-10-31T17:05:49Z
0,AGRICULTURE,Others,Others,NA,"weather information","Cloudy weather in your area,but no chance of rain up to 2-3 days.",BIHAR,MUNGER,BARIYARPUR,2018-10-31T17:27:27Z
0,AGRICULTURE,Cereals,"Paddy (Dhan)",NA,"PLANT PROTECTION",MANCOZEB,BIHAR,MUNGER,ASARGANJ,2018-10-31T19:37:49Z
