Season,Sector,Category,Crop,QueryType,QueryText,KCCAns,StateName,DistrictName,BlockName,CreatedOn
KHARIF,AGRICULTURE,Others,Others,"Field Preparation","Weather information","Cloudy weather in your area, chance of rain in your area",BIHAR,SARAN,SONEPUR,2018-06-01T07:27:21Z
KHARIF,AGRICULTURE,Others,Others,"Field Preparation","Weather information","Cloudy weather in your area, chance of rain in your area",BIHAR,SARAN,SONEPUR,2018-06-01T07:27:21Z
JAYAD,AGRICULTURE,Others,Others,Weather,"WEATHER INFORMATION","today and tomarrow chance of rain in your area",BIHAR,SARAN,LAHLADPUR,2018-06-01T08:02:50Z
JAYAD,AGRICULTURE,Others,Others,Weather,"WEATHER INFORMATION","today and tomarrow chance of rain in your area",BIHAR,SARAN,LAHLADPUR,2018-06-01T08:02:50Z
JAYAD,AGRICULTURE,Others,Others,Weather,"Weather information","Cloudy weather today and tomorrow  but no chance of rain in your area.",BIHAR,SARAN,DARIAPUR,2018-06-01T13:53:10Z
JAYAD,AGRICULTURE,Others,Others,Weather,"Weather information","Cloudy weather today and tomorrow  but no chance of rain in your area.",BIHAR,SARAN,DARIAPUR,2018-06-01T13:53:10Z
KHARIF,AGRICULTURE,Others,Others,Varieties,"VARIETY OF PADDY","RAJENDRA MANSURI1-YIELD 50-55 KG/HA",BIHAR,SARAN,AMNOUR,2018-06-01T15:51:40Z
KHARIF,AGRICULTURE,Others,Others,Varieties,"VARIETY OF PADDY","RAJENDRA MANSURI1-YIELD 50-55 KG/HA",BIHAR,SARAN,AMNOUR,2018-06-01T15:51:40Z
RABI,HORTICULTURE,Vegetables,Chillies,"Plant Protection","Yellow mite or muranai mite","Diafenthiuron 50 % WP 8.0 g/10 lit. 
Dimethoate 30 % EC 1.0 ml/lit.",BIHAR,SARAN,PARSA,2018-06-01T16:46:21Z
RABI,HORTICULTURE,Vegetables,Chillies,"Plant Protection","Yellow mite or muranai mite","Diafenthiuron 50 % WP 8.0 g/10 lit. 
Dimethoate 30 % EC 1.0 ml/lit.",BIHAR,SARAN,PARSA,2018-06-01T16:46:21Z
KHARIF,AGRICULTURE,Others,Others,Weather,"weather information","Hazy weather in your area ,no chance of rain",BIHAR,SARAN,LAHLADPUR,2018-06-01T21:31:33Z
KHARIF,AGRICULTURE,Others,Others,Weather,"weather information","Hazy weather in your area ,no chance of rain",BIHAR,SARAN,LAHLADPUR,2018-06-01T21:31:33Z
RABI,AGRICULTURE,Cereals,Wheat,Weather,"Weather information","?? ???? ??????? ??? ???? ??? ????? ?????  ????? ?? ???  ???????  ??? ??",BIHAR,SARAN,MANJHI,2018-06-03T09:39:35Z
RABI,AGRICULTURE,Cereals,Wheat,Weather,"Weather information","?? ???? ??????? ??? ???? ??? ????? ?????  ????? ?? ???  ???????  ??? ??",BIHAR,SARAN,MANJHI,2018-06-03T09:39:35Z
KHARIF,AGRICULTURE,Others,Others,"Field Preparation","Mushroom cultivation","Mushroom cultivation -Dr. Dayaram - 9430464088",BIHAR,SARAN,SONEPUR,2018-06-03T14:31:08Z
KHARIF,AGRICULTURE,Others,Others,"Field Preparation","Mushroom cultivation","Mushroom cultivation -Dr. Dayaram - 9430464088",BIHAR,SARAN,SONEPUR,2018-06-03T14:31:08Z
KHARIF,AGRICULTURE,Others,Others,Varieties,"VARIETY OF PADDY","PRABHAT B.P.T5204",BIHAR,SARAN,BANIAPUR,2018-06-03T21:08:16Z
KHARIF,AGRICULTURE,Others,Others,Varieties,"VARIETY OF PADDY","PRABHAT B.P.T5204",BIHAR,SARAN,BANIAPUR,2018-06-03T21:08:16Z
KHARIF,AGRICULTURE,Others,Others,"Field Preparation","Weather information","Cloudy weather in your area  no chance of rain in your area",BIHAR,SARAN,REVELGANJ,2018-06-04T15:38:41Z
KHARIF,AGRICULTURE,Others,Others,"Field Preparation","Weather information","Cloudy weather in your area  no chance of rain in your area",BIHAR,SARAN,REVELGANJ,2018-06-04T15:38:41Z
JAYAD,AGRICULTURE,Others,Others,Weather,"weather information","Cloudy weather Today & tomorrow   chance of rain",BIHAR,SARAN,AMNOUR,2018-06-05T13:24:47Z
JAYAD,AGRICULTURE,Others,Others,Weather,"weather information","Cloudy weather Today & tomorrow   chance of rain",BIHAR,SARAN,AMNOUR,2018-06-05T13:24:47Z
JAYAD,AGRICULTURE,Others,Others,Weather,"weather information","Cloudy weather in your area, chance of rain in your area.",BIHAR,SARAN,REVELGANJ,2018-06-05T13:32:39Z
JAYAD,AGRICULTURE,Others,Others,Weather,"weather information","Cloudy weather in your area, chance of rain in your area.",BIHAR,SARAN,REVELGANJ,2018-06-05T13:32:39Z
JAYAD,AGRICULTURE,Others,Others,Weather,"weather information","Cloudy weather in your area, chance of rain in your area.",BIHAR,SARAN,REVELGANJ,2018-06-05T13:38:33Z
JAYAD,AGRICULTURE,Others,Others,Weather,"weather information","Cloudy weather in your area, chance of rain in your area.",BIHAR,SARAN,REVELGANJ,2018-06-05T13:38:33Z
JAYAD,AGRICULTURE,Others,Others,Weather,"Weather information","Cloudy weather in your area chance of rain in your area",BIHAR,SARAN,NAGRA,2018-06-05T15:07:00Z
JAYAD,AGRICULTURE,Others,Others,Weather,"Weather information","Cloudy weather in your area chance of rain in your area",BIHAR,SARAN,NAGRA,2018-06-05T15:07:00Z
KHARIF,AGRICULTURE,Others,Others,Weather,"weather information","Hazy weather in your area ,no chance of rain",BIHAR,SARAN,AMNOUR,2018-06-05T18:06:13Z
KHARIF,AGRICULTURE,Others,Others,Weather,"weather information","Hazy weather in your area ,no chance of rain",BIHAR,SARAN,AMNOUR,2018-06-05T18:06:13Z
JAYAD,AGRICULTURE,Others,Others,Weather,"Weather information","Cloudy weather in your area chance of rain in your area",BIHAR,SARAN,SONEPUR,2018-06-07T13:00:52Z
JAYAD,AGRICULTURE,Others,Others,Weather,"Weather information","Cloudy weather in your area chance of rain in your area",BIHAR,SARAN,SONEPUR,2018-06-07T13:00:52Z
JAYAD,AGRICULTURE,Others,Others,"Plant Protection","Freckle leaf spot of banana","Spray 1 % Bordeaux mixture or Copper oxychloride 2.5 g/lit. Three sprays must be given at 15 days interval.",BIHAR,SARAN,SONEPUR,2018-06-07T13:07:46Z
JAYAD,AGRICULTURE,Others,Others,"Plant Protection","Freckle leaf spot of banana","Spray 1 % Bordeaux mixture or Copper oxychloride 2.5 g/lit. Three sprays must be given at 15 days interval.",BIHAR,SARAN,SONEPUR,2018-06-07T13:07:46Z
JAYAD,AGRICULTURE,Others,Others,Varieties,"Weather information","There will be weather like change, and there is a possibility of drowsiness.",BIHAR,SARAN,BANIAPUR,2018-06-07T13:34:09Z
JAYAD,AGRICULTURE,Others,Others,Varieties,"Weather information","There will be weather like change, and there is a possibility of drowsiness.",BIHAR,SARAN,BANIAPUR,2018-06-07T13:34:09Z
JAYAD,AGRICULTURE,Others,Others,"Training and Exposure Visits","FROM WHERE I COULD GET MUSHROOM TRAINING","YOU SHOULD CONSULT TO YOUR NEAREST KVK FOR MUSHROOM TRAINING",BIHAR,SARAN,GARKHA,2018-06-08T08:26:15Z
JAYAD,AGRICULTURE,Others,Others,"Training and Exposure Visits","FROM WHERE I COULD GET MUSHROOM TRAINING","YOU SHOULD CONSULT TO YOUR NEAREST KVK FOR MUSHROOM TRAINING",BIHAR,SARAN,GARKHA,2018-06-08T08:26:15Z
JAYAD,AGRICULTURE,Others,Others,Weather,"Weather information","Today & tomorrow little chance of rain",BIHAR,SARAN,GARKHA,2018-06-08T17:36:15Z
JAYAD,AGRICULTURE,Others,Others,Weather,"Weather information","Today & tomorrow little chance of rain",BIHAR,SARAN,GARKHA,2018-06-08T17:36:15Z
JAYAD,AGRICULTURE,Others,Others,Weather,"Weather information","Today & tomorrow little chance of rain",BIHAR,SARAN,GARKHA,2018-06-08T17:38:31Z
JAYAD,AGRICULTURE,Others,Others,Weather,"Weather information","Today & tomorrow little chance of rain",BIHAR,SARAN,GARKHA,2018-06-08T17:38:31Z
KHARIF,AGRICULTURE,Cereals,"Paddy (Dhan)",Varieties,"VARIETIES OF AROMATIC RICE","VARIETIES OF AROMATIC RICE-RAJENDRA SUWASINI,RAJENDRA KASTURI,RAJENDRA BHAGAWATI,TYPE- 3,B R -9,KAMINI",BIHAR,SARAN,MANJHI,2018-06-09T08:13:28Z
KHARIF,AGRICULTURE,Cereals,"Paddy (Dhan)",Varieties,"VARIETIES OF AROMATIC RICE","VARIETIES OF AROMATIC RICE-RAJENDRA SUWASINI,RAJENDRA KASTURI,RAJENDRA BHAGAWATI,TYPE- 3,B R -9,KAMINI",BIHAR,SARAN,MANJHI,2018-06-09T08:13:28Z
KHARIF,AGRICULTURE,Others,Others,"Plant Protection","Nurient deficiency in banana","Spray multi micro nutrients @ 2 GRAM in 1 liter of water",BIHAR,SARAN,CHHAPRA,2018-06-09T16:38:10Z
KHARIF,AGRICULTURE,Others,Others,"Plant Protection","Nurient deficiency in banana","Spray multi micro nutrients @ 2 GRAM in 1 liter of water",BIHAR,SARAN,CHHAPRA,2018-06-09T16:38:10Z
JAYAD,AGRICULTURE,Others,Others,Weather,"Weather information","Cloudy weather in your area chance of rain in your area",BIHAR,SARAN,GARKHA,2018-06-09T17:25:57Z
JAYAD,AGRICULTURE,Others,Others,Weather,"Weather information","Cloudy weather in your area chance of rain in your area",BIHAR,SARAN,GARKHA,2018-06-09T17:25:57Z
KHARIF,AGRICULTURE,Others,Others,"Sowing Time and Weather","VARIETY OF PADDY",9973481310,BIHAR,SARAN,MANJHI,2018-06-09T19:59:03Z
KHARIF,AGRICULTURE,Others,Others,"Sowing Time and Weather","VARIETY OF PADDY",9973481310,BIHAR,SARAN,MANJHI,2018-06-09T19:59:03Z
RABI,AGRICULTURE,Cereals,Wheat,Weather,"weather information","???? ??? ?????? ,???? ?????????? ???? ?? ???????  ????",BIHAR,SARAN,MANJHI,2018-06-11T12:23:21Z
RABI,AGRICULTURE,Cereals,Wheat,Weather,"weather information","???? ??? ?????? ,???? ?????????? ???? ?? ???????  ????",BIHAR,SARAN,MANJHI,2018-06-11T12:23:21Z
KHARIF,AGRICULTURE,Cereals,"Paddy (Dhan)",Weather,"weather information","???? ??? ?????? ,???? ?????????? ???? ?? ???????  ????",BIHAR,SARAN,AMNOUR,2018-06-11T12:47:51Z
KHARIF,AGRICULTURE,Cereals,"Paddy (Dhan)",Weather,"weather information","???? ??? ?????? ,???? ?????????? ???? ?? ???????  ????",BIHAR,SARAN,AMNOUR,2018-06-11T12:47:51Z
JAYAD,HORTICULTURE,Fruits,Mango,"Vegetative Propagation and Tissue Culture","VARIETIES OF MANGO","VARIETIES ARE AMRAPALI,NEELAM,FOR MANGO",BIHAR,SARAN,SONEPUR,2018-06-11T19:42:55Z
JAYAD,HORTICULTURE,Fruits,Mango,"Vegetative Propagation and Tissue Culture","VARIETIES OF MANGO","VARIETIES ARE AMRAPALI,NEELAM,FOR MANGO",BIHAR,SARAN,SONEPUR,2018-06-11T19:42:55Z
KHARIF,AGRICULTURE,Others,Others,Weather,"Weather Information","Cloudy weather in your area, chance of  rain in your area",BIHAR,SARAN,MASHRAKH,2018-06-12T06:34:31Z
KHARIF,AGRICULTURE,Others,Others,Weather,"Weather Information","Cloudy weather in your area, chance of  rain in your area",BIHAR,SARAN,MASHRAKH,2018-06-12T06:34:31Z
KHARIF,AGRICULTURE,Cereals,"Paddy (Dhan)","Plant Protection","seed treatment of rice","seed treatment with carbendazim @ 2.5 gram per litre water",BIHAR,SARAN,MANJHI,2018-06-12T09:06:45Z
KHARIF,AGRICULTURE,Cereals,"Paddy (Dhan)","Plant Protection","seed treatment of rice","seed treatment with carbendazim @ 2.5 gram per litre water",BIHAR,SARAN,MANJHI,2018-06-12T09:06:45Z
RABI,HORTICULTURE,Vegetables,Chillies,"Plant Protection","Tobacco cutworm","Novaluron 10 % EC 7.5 ml/10 lit. 
Spinosad 45 % SC 3.2 ml/10 lit. 
Thiodicarb 75 % WP 2.0 g/lit.",BIHAR,SARAN,DARIAPUR,2018-06-12T11:11:52Z
RABI,HORTICULTURE,Vegetables,Chillies,"Plant Protection","Tobacco cutworm","Novaluron 10 % EC 7.5 ml/10 lit. 
Spinosad 45 % SC 3.2 ml/10 lit. 
Thiodicarb 75 % WP 2.0 g/lit.",BIHAR,SARAN,DARIAPUR,2018-06-12T11:11:52Z
JAYAD,HORTICULTURE,Vegetables,Brinjal,"Plant Protection","fruit borer in brinjal","spray rogor 2ml/lit of water in brinjal",BIHAR,SARAN,DARIAPUR,2018-06-12T13:10:32Z
JAYAD,HORTICULTURE,Vegetables,Brinjal,"Plant Protection","fruit borer in brinjal","spray rogor 2ml/lit of water in brinjal",BIHAR,SARAN,DARIAPUR,2018-06-12T13:10:32Z
KHARIF,AGRICULTURE,Cereals,"Paddy (Dhan)",Weather,"Weather information","???? ??????? ??? ???? ??? ????? ?? ????? ????  ?? ??????? ??",BIHAR,SARAN,MANJHI,2018-06-12T19:08:19Z
KHARIF,AGRICULTURE,Cereals,"Paddy (Dhan)",Weather,"Weather information","???? ??????? ??? ???? ??? ????? ?? ????? ????  ?? ??????? ??",BIHAR,SARAN,MANJHI,2018-06-12T19:08:19Z
KHARIF,AGRICULTURE,Others,Others,Weather,"Weather information","Cloudy weather in your area, chance of rain in your area.",BIHAR,SARAN,BANIAPUR,2018-06-13T11:24:13Z
KHARIF,AGRICULTURE,Others,Others,Weather,"Weather information","Cloudy weather in your area, chance of rain in your area.",BIHAR,SARAN,BANIAPUR,2018-06-13T11:24:13Z
KHARIF,AGRICULTURE,Cereals,"Paddy (Dhan)",Varieties,"Good variety of paddy   for upper land","Good variety of paddy   for upper land-
turanta, prabhat,richariya, and saroj",BIHAR,SARAN,BANIAPUR,2018-06-13T11:30:12Z
KHARIF,AGRICULTURE,Cereals,"Paddy (Dhan)",Varieties,"Good variety of paddy   for upper land","Good variety of paddy   for upper land-
turanta, prabhat,richariya, and saroj",BIHAR,SARAN,BANIAPUR,2018-06-13T11:30:12Z
RABI,HORTICULTURE,Vegetables,Bhindi(Okra/Ladysfinger),"Plant Protection","Bhendi fruit borer","•Spray carbaryl 50 WP 2 g/lit or B. thuringiensis 2 g/lit",BIHAR,SARAN,DARIAPUR,2018-06-15T11:03:54Z
RABI,HORTICULTURE,Vegetables,Bhindi(Okra/Ladysfinger),"Plant Protection","Bhendi fruit borer","•Spray carbaryl 50 WP 2 g/lit or B. thuringiensis 2 g/lit",BIHAR,SARAN,DARIAPUR,2018-06-15T11:03:54Z
KHARIF,HORTICULTURE,Vegetables,Chillies,"Plant Protection","INSECT INFESTATION IN CHILLI","SPRAY PROFENOPHOS @ 1 ML PER LITRE OF WATER",BIHAR,SARAN,BANIAPUR,2018-06-15T11:21:20Z
KHARIF,HORTICULTURE,Vegetables,Chillies,"Plant Protection","INSECT INFESTATION IN CHILLI","SPRAY PROFENOPHOS @ 1 ML PER LITRE OF WATER",BIHAR,SARAN,BANIAPUR,2018-06-15T11:21:20Z
KHARIF,AGRICULTURE,Others,Others,Weather,"WEATHER INFORMATION","Very low cloudy area but no chance of rain",BIHAR,SARAN,AMNOUR,2018-06-15T11:42:57Z
KHARIF,AGRICULTURE,Others,Others,Weather,"WEATHER INFORMATION","Very low cloudy area but no chance of rain",BIHAR,SARAN,AMNOUR,2018-06-15T11:42:57Z
RABI,HORTICULTURE,Vegetables,Chillies,"Plant Protection","Tobacco cutworm","Novaluron 10 % EC 7.5 ml/10 lit. 
Spinosad 45 % SC 3.2 ml/10 lit.",BIHAR,SARAN,DARIAPUR,2018-06-16T10:20:22Z
RABI,HORTICULTURE,Vegetables,Chillies,"Plant Protection","Tobacco cutworm","Novaluron 10 % EC 7.5 ml/10 lit. 
Spinosad 45 % SC 3.2 ml/10 lit.",BIHAR,SARAN,DARIAPUR,2018-06-16T10:20:22Z
KHARIF,AGRICULTURE,Others,Others,Weather,"Weather information","There will be light clouds in the sky no chance of rain in your area.",BIHAR,SARAN,BANIAPUR,2018-06-16T13:29:12Z
KHARIF,AGRICULTURE,Others,Others,Weather,"Weather information","There will be light clouds in the sky no chance of rain in your area.",BIHAR,SARAN,BANIAPUR,2018-06-16T13:29:12Z
KHARIF,AGRICULTURE,Others,Others,Weather,"Weather information","There will be light clouds in the sky no chance of rain in your area.",BIHAR,SARAN,NAGRA,2018-06-16T14:45:05Z
KHARIF,AGRICULTURE,Others,Others,Weather,"Weather information","There will be light clouds in the sky no chance of rain in your area.",BIHAR,SARAN,NAGRA,2018-06-16T14:45:05Z
KHARIF,AGRICULTURE,Cereals,Wheat,Weather,"weather information","???? ??? ?????? ,????? ???? ?? ???????  ????",BIHAR,SARAN,MANJHI,2018-06-16T17:33:03Z
KHARIF,AGRICULTURE,Cereals,Wheat,Weather,"weather information","???? ??? ?????? ,????? ???? ?? ???????  ????",BIHAR,SARAN,MANJHI,2018-06-16T17:33:03Z
KHARIF,HORTICULTURE,Fruits,Mango,"Plant Protection","fruit fly in mango","spray malathion 2 lit and 1kg chhoa in 1000lit of water /hectar in mango tree",BIHAR,SARAN,CHHAPRA,2018-06-17T16:40:19Z
KHARIF,HORTICULTURE,Fruits,Mango,"Plant Protection","fruit fly in mango","spray malathion 2 lit and 1kg chhoa in 1000lit of water /hectar in mango tree",BIHAR,SARAN,CHHAPRA,2018-06-17T16:40:19Z
KHARIF,AGRICULTURE,Others,Others,Weather,"WEATHER INFORMATION","Cloudy weather in your area, but no chance of rain in your area .",BIHAR,SARAN,REVELGANJ,2018-06-18T12:22:17Z
KHARIF,AGRICULTURE,Others,Others,Weather,"WEATHER INFORMATION","Cloudy weather in your area, but no chance of rain in your area .",BIHAR,SARAN,REVELGANJ,2018-06-18T12:22:17Z
KHARIF,AGRICULTURE,Others,Others,Weather,"weather information","Hazy weather in your area ,no chance of rain",BIHAR,SARAN,DARIAPUR,2018-06-18T14:14:04Z
KHARIF,AGRICULTURE,Others,Others,Weather,"weather information","Hazy weather in your area ,no chance of rain",BIHAR,SARAN,DARIAPUR,2018-06-18T14:14:04Z
RABI,AGRICULTURE,Others,Others,Weather,"WEATHER INFORMATION","35° C 
RealFeel® 42°

Partly sunny
  


See Hourly

> 




Today

Jun 19



40° Hi 
RealFeel® 46°

Periods of sun; hot
 More  



Tonight

Jun 19



28° Lo 
RealFeel® 34°

Partly cloudy; very warm
 More  



Tomorrow

Jun 20



40° Hi 
RealFeel® 45°

Turning cloudy; very hot
 More",BIHAR,SARAN,DARIAPUR,2018-06-19T09:57:06Z
RABI,AGRICULTURE,Others,Others,Weather,"WEATHER INFORMATION","35° C 
RealFeel® 42°

Partly sunny
  


See Hourly

> 




Today

Jun 19



40° Hi 
RealFeel® 46°

Periods of sun; hot
 More  



Tonight

Jun 19



28° Lo 
RealFeel® 34°

Partly cloudy; very warm
 More  



Tomorrow

Jun 20



40° Hi 
RealFeel® 45°

Turning cloudy; very hot
 More",BIHAR,SARAN,DARIAPUR,2018-06-19T09:57:06Z
KHARIF,AGRICULTURE,Others,Others,Weather,"WEATHER INFORMATION","Cloudy weather in your area, but no chance of rain in your area .",BIHAR,SARAN,DARIAPUR,2018-06-19T13:48:57Z
KHARIF,AGRICULTURE,Others,Others,Weather,"WEATHER INFORMATION","Cloudy weather in your area, but no chance of rain in your area .",BIHAR,SARAN,DARIAPUR,2018-06-19T13:48:57Z
KHARIF,AGRICULTURE,Others,Others,"Sowing Time and Weather","seed treatment of paddy",".2gram sterptocycline+2 gram vebestien",BIHAR,SARAN,BANIAPUR,2018-06-19T16:15:51Z
KHARIF,AGRICULTURE,Others,Others,"Sowing Time and Weather","seed treatment of paddy",".2gram sterptocycline+2 gram vebestien",BIHAR,SARAN,BANIAPUR,2018-06-19T16:15:51Z
KHARIF,AGRICULTURE,Cereals,"Paddy (Dhan)",Varieties,"Good variety of paddy   for upper land","turanta, prabhat,richariya,saket 4, dhanlaxmi and saroj",BIHAR,SARAN,BANIAPUR,2018-06-20T12:55:59Z
KHARIF,AGRICULTURE,Cereals,"Paddy (Dhan)",Varieties,"Good variety of paddy   for upper land","turanta, prabhat,richariya,saket 4, dhanlaxmi and saroj",BIHAR,SARAN,BANIAPUR,2018-06-20T12:55:59Z
KHARIF,AGRICULTURE,Others,Others,Weather,"Weather information","Cloudy weather, no chance of rain",BIHAR,SARAN,MANJHI,2018-06-20T13:53:53Z
KHARIF,AGRICULTURE,Others,Others,Weather,"Weather information","Cloudy weather, no chance of rain",BIHAR,SARAN,MANJHI,2018-06-20T13:53:53Z
KHARIF,AGRICULTURE,Cereals,"Paddy (Dhan)",Weather,"Weather information","???? ??? ?????? ,????? ???? ?? ???????  ????",BIHAR,SARAN,MAKER,2018-06-21T15:46:00Z
KHARIF,AGRICULTURE,Cereals,"Paddy (Dhan)",Weather,"Weather information","???? ??? ?????? ,????? ???? ?? ???????  ????",BIHAR,SARAN,MAKER,2018-06-21T15:46:00Z
KHARIF,AGRICULTURE,Others,Others,Weather,"Weather Information","Cloudy weather in your area, but no chance of  rain in your area.",BIHAR,SARAN,SONEPUR,2018-06-21T16:49:52Z
KHARIF,AGRICULTURE,Others,Others,Weather,"Weather Information","Cloudy weather in your area, but no chance of  rain in your area.",BIHAR,SARAN,SONEPUR,2018-06-21T16:49:52Z
KHARIF,FISHERIES,Inland,Others,"Fish  Marketing","information about fish","fishry toll free no.----18003456185",BIHAR,SARAN,PANAPUR,2018-06-21T17:08:14Z
KHARIF,FISHERIES,Inland,Others,"Fish  Marketing","information about fish","fishry toll free no.----18003456185",BIHAR,SARAN,PANAPUR,2018-06-21T17:08:14Z
KHARIF,AGRICULTURE,Others,Others,Varieties,"Varity of rice for low land area","Varity of rice for low land area
Rajshree, satyam, sakuntla, rajendra mansuri, swarna sab 1",BIHAR,SARAN,MAKER,2018-06-22T09:50:17Z
KHARIF,AGRICULTURE,Others,Others,Varieties,"Varity of rice for low land area","Varity of rice for low land area
Rajshree, satyam, sakuntla, rajendra mansuri, swarna sab 1",BIHAR,SARAN,MAKER,2018-06-22T09:50:17Z
KHARIF,AGRICULTURE,Others,Others,Varieties,"Varity of rice for low land area","Varity of rice for low land area
Rajshree, satyam, sakuntla, rajendra mansuri, swarna sab 1",BIHAR,SARAN,MAKER,2018-06-22T09:50:34Z
KHARIF,AGRICULTURE,Others,Others,Varieties,"Varity of rice for low land area","Varity of rice for low land area
Rajshree, satyam, sakuntla, rajendra mansuri, swarna sab 1",BIHAR,SARAN,MAKER,2018-06-22T09:50:34Z
KHARIF,AGRICULTURE,Others,Others,Varieties,"Varity of rice for low land area","Varity of rice for low land area
Rajshree, satyam, sakuntla, rajendra mansuri, swarna sab 1",BIHAR,SARAN,MAKER,2018-06-22T09:50:55Z
KHARIF,AGRICULTURE,Others,Others,Varieties,"Varity of rice for low land area","Varity of rice for low land area
Rajshree, satyam, sakuntla, rajendra mansuri, swarna sab 1",BIHAR,SARAN,MAKER,2018-06-22T09:50:55Z
RABI,HORTICULTURE,Vegetables,Chillies,"Plant Protection","Chilli thrips","Imidacloprid 17.8 % SL 3.0 ml/10 lit. 
Dimethoate 30 % EC 1.0 ml/lit.",BIHAR,SARAN,DARIAPUR,2018-06-22T11:05:35Z
RABI,HORTICULTURE,Vegetables,Chillies,"Plant Protection","Chilli thrips","Imidacloprid 17.8 % SL 3.0 ml/10 lit. 
Dimethoate 30 % EC 1.0 ml/lit.",BIHAR,SARAN,DARIAPUR,2018-06-22T11:05:35Z
KHARIF,AGRICULTURE,Cereals,"Paddy (Dhan)",Weather,"WEATHER INFORMATION","Cloudy weather in your area but no chance of rain in your area",BIHAR,SARAN,CHHAPRA,2018-06-22T17:17:23Z
KHARIF,AGRICULTURE,Cereals,"Paddy (Dhan)",Weather,"WEATHER INFORMATION","Cloudy weather in your area but no chance of rain in your area",BIHAR,SARAN,CHHAPRA,2018-06-22T17:17:23Z
KHARIF,HORTICULTURE,Fruits,Banana,"Plant Protection","INSECT CONTROL","CIOROPIRYFOS@2ML/LEA OF WATHER",BIHAR,SARAN,MANJHI,2018-06-22T20:11:00Z
KHARIF,HORTICULTURE,Fruits,Banana,"Plant Protection","INSECT CONTROL","CIOROPIRYFOS@2ML/LEA OF WATHER",BIHAR,SARAN,MANJHI,2018-06-22T20:11:00Z
KHARIF,AGRICULTURE,Others,Others,"Government Schemes","information  related to subsidy for seed","kisan bhai aap jo registration kiye hai usko lekar block me jaye",BIHAR,SARAN,MARHAURAH,2018-06-24T09:13:28Z
KHARIF,AGRICULTURE,Others,Others,"Government Schemes","information  related to subsidy for seed","kisan bhai aap jo registration kiye hai usko lekar block me jaye",BIHAR,SARAN,MARHAURAH,2018-06-24T09:13:28Z
KHARIF,AGRICULTURE,Others,Others,Weather,"WEATHER INFORMATION","Cloudy weather in your area, chance of rain in your area",BIHAR,SARAN,AMNOUR,2018-06-24T12:52:40Z
KHARIF,AGRICULTURE,Others,Others,Weather,"WEATHER INFORMATION","Cloudy weather in your area, chance of rain in your area",BIHAR,SARAN,AMNOUR,2018-06-24T12:52:40Z
KHARIF,AGRICULTURE,Others,Others,"Field Preparation","CONTACT BAO","CONTACT BAO",BIHAR,SARAN,DARIAPUR,2018-06-25T12:33:58Z
KHARIF,AGRICULTURE,Others,Others,"Field Preparation","CONTACT BAO","CONTACT BAO",BIHAR,SARAN,DARIAPUR,2018-06-25T12:33:58Z
KHARIF,AGRICULTURE,Others,Others,Weather,"Weather Information","Cloudy weather  today and tomorrow  no chance of  rain",BIHAR,SARAN,DARIAPUR,2018-06-25T12:49:35Z
KHARIF,AGRICULTURE,Others,Others,Weather,"Weather Information","Cloudy weather  today and tomorrow  no chance of  rain",BIHAR,SARAN,DARIAPUR,2018-06-25T12:49:35Z
KHARIF,AGRICULTURE,Others,Others,Weather,"Weather information","Today & tomorrow little chance of rain",BIHAR,SARAN,MAKER,2018-06-26T09:59:15Z
KHARIF,AGRICULTURE,Others,Others,Weather,"Weather information","Today & tomorrow little chance of rain",BIHAR,SARAN,MAKER,2018-06-26T09:59:15Z
JAYAD,AGRICULTURE,Others,Others,Weather,"Weather information","Cloudy weather today and  tomorrow little chance of rain in your area.",BIHAR,SARAN,BANIAPUR,2018-06-26T20:37:36Z
JAYAD,AGRICULTURE,Others,Others,Weather,"Weather information","Cloudy weather today and  tomorrow little chance of rain in your area.",BIHAR,SARAN,BANIAPUR,2018-06-26T20:37:36Z
RABI,HORTICULTURE,Vegetables,Chillies,"Plant Protection","Chilli thrips","Imidacloprid 17.8 % SL 3.0 ml/10 lit. 
Dimethoate 30 % EC 1.0 ml/lit. 
Emamectin benzoate 5 % SG 4 g/10 lit.",BIHAR,SARAN,DARIAPUR,2018-06-27T06:57:16Z
RABI,HORTICULTURE,Vegetables,Chillies,"Plant Protection","Chilli thrips","Imidacloprid 17.8 % SL 3.0 ml/10 lit. 
Dimethoate 30 % EC 1.0 ml/lit. 
Emamectin benzoate 5 % SG 4 g/10 lit.",BIHAR,SARAN,DARIAPUR,2018-06-27T06:57:16Z
KHARIF,AGRICULTURE,Cereals,"Paddy (Dhan)",Weather,"WEATHER INFORMATION","?? ?? ??????? ??? ???? ???  ????? ?? ????? ????  ?? ???????? ?? I",BIHAR,SARAN,DARIAPUR,2018-06-30T11:30:04Z
KHARIF,AGRICULTURE,Cereals,"Paddy (Dhan)",Weather,"WEATHER INFORMATION","?? ?? ??????? ??? ???? ???  ????? ?? ????? ????  ?? ???????? ?? I",BIHAR,SARAN,DARIAPUR,2018-06-30T11:30:04Z
RABI,HORTICULTURE,Vegetables,Chillies,"Plant Protection","Chilli thrips","Imidacloprid 17.8 % SL 3.0 ml/10 lit. 
Dimethoate 30 % EC 1.0 ml/lit.",BIHAR,SARAN,MARHAURAH,2018-06-30T11:47:02Z
RABI,HORTICULTURE,Vegetables,Chillies,"Plant Protection","Chilli thrips","Imidacloprid 17.8 % SL 3.0 ml/10 lit. 
Dimethoate 30 % EC 1.0 ml/lit.",BIHAR,SARAN,MARHAURAH,2018-06-30T11:47:02Z
KHARIF,AGRICULTURE,Others,Others,Weather,"WEATHER INFORMATION","Heavy Cloudy weather in your area,chance of rain in your area",BIHAR,SARAN,MASHRAKH,2018-06-30T14:48:17Z
KHARIF,AGRICULTURE,Others,Others,Weather,"WEATHER INFORMATION","Heavy Cloudy weather in your area,chance of rain in your area",BIHAR,SARAN,MASHRAKH,2018-06-30T14:48:17Z
KHARIF,AGRICULTURE,Others,Others,Weather,"WEATHER INFORMATION","Heavy Cloudy weather in your area,chance of rain in your area",BIHAR,SARAN,MASHRAKH,2018-06-30T14:48:46Z
KHARIF,AGRICULTURE,Others,Others,Weather,"WEATHER INFORMATION","Heavy Cloudy weather in your area,chance of rain in your area",BIHAR,SARAN,MASHRAKH,2018-06-30T14:48:46Z
RABI,HORTICULTURE,Vegetables,Chillies,"Plant Protection","Gram caterpillar","Indoxacarb 14.5 % SC 6.5 ml/10 lit. 
Novaluron 10 % EC 7.5 ml/10 lit.",BIHAR,SARAN,DARIAPUR,2018-06-30T17:27:12Z
RABI,HORTICULTURE,Vegetables,Chillies,"Plant Protection","Gram caterpillar","Indoxacarb 14.5 % SC 6.5 ml/10 lit. 
Novaluron 10 % EC 7.5 ml/10 lit.",BIHAR,SARAN,DARIAPUR,2018-06-30T17:27:12Z
RABI,HORTICULTURE,Vegetables,Chillies,"Plant Protection","Yellow mite or muranai mite","Chlorfenapyr 10 % SC 1.5 ml/lit. 
Diafenthiuron 50 % WP 8.0 g/10 lit. 
Dimethoate 30 % EC 1.0 ml/lit. 
Ethion 50 % EC 2.0 ml/lit.",BIHAR,SARAN,DARIAPUR,2018-06-30T17:30:37Z
RABI,HORTICULTURE,Vegetables,Chillies,"Plant Protection","Yellow mite or muranai mite","Chlorfenapyr 10 % SC 1.5 ml/lit. 
Diafenthiuron 50 % WP 8.0 g/10 lit. 
Dimethoate 30 % EC 1.0 ml/lit. 
Ethion 50 % EC 2.0 ml/lit.",BIHAR,SARAN,DARIAPUR,2018-06-30T17:30:37Z
KHARIF,AGRICULTURE,Others,Others,Weather,"WEATHER INFORMATION","Heavy Cloudy weather in your area,chance of rain in your area",BIHAR,SARAN,AMNOUR,2018-06-30T19:47:36Z
KHARIF,AGRICULTURE,Others,Others,Weather,"WEATHER INFORMATION","Heavy Cloudy weather in your area,chance of rain in your area",BIHAR,SARAN,AMNOUR,2018-06-30T19:47:36Z
