Season,Sector,Category,Crop,QueryType,QueryText,KCCAns,StateName,DistrictName,BlockName,CreatedOn
RABI,AGRICULTURE,Others,Others,Weather,"WEATHER INFORMATION","No chance of rain in your area",BIHAR,KHAGARIA,ALAULI,2018-01-01T15:43:44Z
RABI,HORTICULTURE,Vegetables,Potato,"Plant Protection","Blight in potato","Spray mencozeb @ 2gm/lit of water",BIHAR,KHAGARIA,ALAULI,2018-01-01T16:09:56Z
RABI,AGRICULTURE,Cereals,Wheat,Weather,"WEATHER INFORMATION","????? ???? ???? ????? ?????? ??? ???? ????? I",BIHAR,KHAGARIA,ALAULI,2018-01-02T09:26:18Z
RABI,AGRICULTURE,Others,Others,Weather,"WEATHER INFORMATION","????? ???? ???? ????? ?????? ??? ???? ????? I",BIHAR,KHAGARIA,PARBATTA,2018-01-02T14:49:39Z
RABI,AGRICULTURE,Others,Others,"Plant Protection","YELLOWING OF LEAVES","Spray mancozeb @ 2g/lit of water",BIHAR,KHAGARIA,CHAUTHAM,2018-01-02T20:32:07Z
RABI,AGRICULTURE,Others,Others,Weather,"weather information","?????? ???? ???? ????? ,????? ????? ?? ???????? ???? ?? !",BIHAR,KHAGARIA,BELDAUR,2018-01-03T11:39:55Z
RABI,AGRICULTURE,Others,Others,"Plant Protection","Insect problem in mango","Spray carbaril @ 2 gram in 1 litter of water",BIHAR,KHAGARIA,BELDAUR,2018-01-03T12:21:31Z
RABI,AGRICULTURE,Cereals,Wheat,Weather,"WEATHER INFORMATION","COOL AND CLOUDY WEATHER",BIHAR,KHAGARIA,BELDAUR,2018-01-03T12:44:31Z
RABI,AGRICULTURE,Others,Others,Weather,"WEATHER INFORMATION","CLOUDY WEATHER",BIHAR,KHAGARIA,BELDAUR,2018-01-03T12:45:46Z
RABI,AGRICULTURE,Others,Others,Weather,"WEATHER INFORMATION","CLOUDY WEATHER",BIHAR,KHAGARIA,BELDAUR,2018-01-03T12:50:28Z
RABI,AGRICULTURE,Others,Others,"Plant Protection","ATTACK OF FUNGUS IN WHEAT","SPRAY COPPEROXYCHOLORIDE @ 2 GM / LIT OF WATER",BIHAR,KHAGARIA,CHAUTHAM,2018-01-04T06:41:53Z
RABI,AGRICULTURE,Others,Others,Weather,"WEATHER INFORMATION","CLOUDY WEATHER",BIHAR,KHAGARIA,CHAUTHAM,2018-01-04T06:43:08Z
RABI,AGRICULTURE,Others,Others,"Plant Protection","YELLOWING OF LEAVES","SPRAY COPPER OXY CHLORIDE 2 GRAM/LITRE OF WATER",BIHAR,KHAGARIA,BELDAUR,2018-01-04T13:28:12Z
RABI,AGRICULTURE,Others,Others,"Plant Protection","YELLOWING OF LEAVES","SPRAY COPPER OXY CHLORIDE 2 GRAM/LITRE OF WATER",BIHAR,KHAGARIA,BELDAUR,2018-01-04T13:39:21Z
RABI,AGRICULTURE,Cereals,Wheat,Weather,"Weather information","Cloudy weather  today and tomorrow  no chance of rain.",BIHAR,KHAGARIA,CHAUTHAM,2018-01-04T21:06:54Z
RABI,AGRICULTURE,Cereals,Wheat,"Plant Protection","attack of fungus in wheat","spray mancozib @ 2 gm / lit of water",BIHAR,KHAGARIA,CHAUTHAM,2018-01-05T06:47:19Z
RABI,AGRICULTURE,Others,Others,Weather,"weather information","cloudy weather",BIHAR,KHAGARIA,CHAUTHAM,2018-01-05T06:48:19Z
RABI,AGRICULTURE,Others,Others,Weather,"WEATHER  INFORMATION","Cloudy weather, rain is not likely.",BIHAR,KHAGARIA,PARBATTA,2018-01-05T10:36:56Z
RABI,HORTICULTURE,Vegetables,Chillies,"Cultural Practices","Season of sowing of Chilli","Season of sowing of Chilli

1. January - February
2. June - July
3. September- October",BIHAR,KHAGARIA,PARBATTA,2018-01-05T10:41:03Z
RABI,HORTICULTURE,Vegetables,Tomato,"Cultural Practices","Season of sowing OF Tomato","Season of sowing OF Tomato 

May - June and November  December",BIHAR,KHAGARIA,PARBATTA,2018-01-05T10:43:22Z
RABI,HORTICULTURE,Vegetables,Brinjal,"Cultural Practices","Season of Sowing  of Brinjal","Season of Sowing of Brinjal


December  January and May  June.",BIHAR,KHAGARIA,PARBATTA,2018-01-05T10:45:06Z
RABI,HORTICULTURE,Vegetables,"Bottle Gourd","Cultural Practices","Season OF Bottle gourd","Season OF Bottle gourd 
July and January are suitable for sowing",BIHAR,KHAGARIA,PARBATTA,2018-01-05T10:46:52Z
RABI,AGRICULTURE,Others,Others,Weather,"WEATHER  INFORMATION","Cloudy weather, rain is not likely.",BIHAR,KHAGARIA,ALAULI,2018-01-05T13:11:03Z
RABI,AGRICULTURE,Others,Others,"Plant Protection","EARLY BLIGHT IN POTATO","SPRAY INDOFIL M-45 75% WP @ 2GRM/LIT OF WATER",BIHAR,KHAGARIA,BELDAUR,2018-01-05T16:59:41Z
RABI,AGRICULTURE,Others,Others,"Plant Protection","Insect problem","?????????????? 2ml ????? ???? ???? ?? ?????? ?????? ???",BIHAR,KHAGARIA,BELDAUR,2018-01-05T17:15:01Z
RABI,AGRICULTURE,Others,Others,Weather,"WEATHER INFORMATION","?????? ???? ???? ?????",BIHAR,KHAGARIA,BELDAUR,2018-01-05T17:27:22Z
RABI,AGRICULTURE,Millets,"Maize (Makka)","Plant Protection","STEM BORER OF MAIZE","Spray  Imidachloprid @ 1ml/3lit of water",BIHAR,KHAGARIA,ALAULI,2018-01-06T11:05:14Z
RABI,AGRICULTURE,Others,Others,Weather,"WEATHER  INFORMATION","Cloudy weather, rain is not likely.",BIHAR,KHAGARIA,ALAULI,2018-01-06T11:14:20Z
RABI,AGRICULTURE,Millets,"Maize (Makka)","Plant Protection","Insect infestation IN MAIZE","Spray  Imidachloprid @ 1ml/3lit of water",BIHAR,KHAGARIA,ALAULI,2018-01-06T11:15:44Z
RABI,AGRICULTURE,Millets,"Maize (Makka)","Plant Protection","attack of stem borer in maize","spray monochorotophos @ 1.5 ml / lit of water",BIHAR,KHAGARIA,ALAULI,2018-01-06T19:13:20Z
RABI,AGRICULTURE,Others,Others,Weather,"weather information","cloudy weather",BIHAR,KHAGARIA,ALAULI,2018-01-06T19:15:33Z
RABI,HORTICULTURE,Vegetables,Potato,"Plant Protection","Early blight","spraying Mancozeb 2 g/lit or Chlorothalonil 2 g/lit at 45, 60 and 75 days after planting.",BIHAR,KHAGARIA,ALAULI,2018-01-07T08:23:38Z
RABI,AGRICULTURE,Pulses,"Pigeon pea (red gram/arhar/tur)","Plant Protection","Growth Delay  In Arhar","Spray boomflower @ 2 ml in 1 litre of water",BIHAR,KHAGARIA,KHAGARIA,2018-01-07T08:27:54Z
RABI,AGRICULTURE,Pulses,"Pigeon pea (red gram/arhar/tur)","Bio-Pesticides and Bio-Fertilizers","Growth Delay  In Arhar","Spray boomflower @ 2 ml in 1 litre of water",BIHAR,KHAGARIA,KHAGARIA,2018-01-07T08:31:47Z
RABI,AGRICULTURE,Others,Others,Weather,"WEATHER INFORMATION","Sunny weather but no rain in your area.",BIHAR,KHAGARIA,BELDAUR,2018-01-07T13:11:41Z
RABI,AGRICULTURE,Others,Others,"Plant Protection","EARLY BLIGHT IN POTATO","spray mancozeb 2 ml 1 liter of water",BIHAR,KHAGARIA,BELDAUR,2018-01-07T13:21:34Z
RABI,AGRICULTURE,Others,Others,"Plant Protection","YELLOWING OF LEAVES","SPRAY COPPER OXY CHLORIDE 2 GRAM/LITRE OF WATER",BIHAR,KHAGARIA,BELDAUR,2018-01-07T13:27:32Z
RABI,AGRICULTURE,Others,Others,"Field Preparation","YELLOWING OF LEAVES","Spray mancozeb @ 2g/lit of water",BIHAR,KHAGARIA,ALAULI,2018-01-07T14:42:26Z
RABI,AGRICULTURE,Cereals,Wheat,Weather,"WEATHER INFORMATION","Sunny weather but no rain in your area.",BIHAR,KHAGARIA,MANSI,2018-01-08T16:57:18Z
RABI,AGRICULTURE,Others,Others,Weather,"Weather information","Cloudy weather  today and tomorrow  no chance of rain.",BIHAR,KHAGARIA,PARBATTA,2018-01-09T07:37:03Z
RABI,HORTICULTURE,Fruits,Pomegranate,"Plant Protection","FLOWER DROPPING OF POMEGRANATE","Sprary planofix 1ml in 4 lit of water.",BIHAR,KHAGARIA,KHAGARIA,2018-01-09T09:16:30Z
RABI,AGRICULTURE,Others,Others,"Plant Protection","query for inducing of drumstick flower","Boomflower-2 ml/liter of water",BIHAR,KHAGARIA,CHAUTHAM,2018-01-12T11:14:13Z
RABI,AGRICULTURE,Others,Others,"Plant Protection","PLANT PROTECTION","Spray saaf @ 2 ml / lit of water",BIHAR,KHAGARIA,ALAULI,2018-01-13T10:55:47Z
RABI,AGRICULTURE,Others,Others,"Field Preparation","Variety of Potato","Variety of Potato - KUFRI ASHOKA, KUFRI PUKHRAJ, KUFRI KANCHAN, KUFRI PUSHKAR, KUFRI LALIMA, RAJENDRA AALU-1,2,3, KUFRI SINDURI",BIHAR,KHAGARIA,KHAGARIA,2018-01-13T17:15:43Z
RABI,AGRICULTURE,Others,Others,Weather,"WEATHER  INFORMATION","Cloudy weather ,Hazy sun,but not chance of rain",BIHAR,KHAGARIA,ALAULI,2018-01-15T07:55:01Z
RABI,AGRICULTURE,Others,Others,"Plant Protection","QUARY FOR FRUIT SETTING IN MANGO","Cultar Paclobutrazol 35% SC-2-3 GRAM/LITER OF WATER",BIHAR,KHAGARIA,PARBATTA,2018-01-15T16:45:37Z
RABI,AGRICULTURE,Others,Others,"Field Preparation","WEATHER INFORMATION","Cloudy weather in your area and no chance of rain in your area",BIHAR,KHAGARIA,GOGRI,2018-01-16T06:56:49Z
KHARIF,AGRICULTURE,Others,Others,Weather,WEATHER,"NO RAIN",BIHAR,KHAGARIA,GOGRI,2018-01-16T08:38:35Z
RABI,AGRICULTURE,Others,Others,Weather,"WEATHER INFORMATION","Hazy sunshine",BIHAR,KHAGARIA,CHAUTHAM,2018-01-16T16:25:26Z
RABI,AGRICULTURE,Millets,"Maize (Makka)","Plant Protection","stem borer insect problem in maize","Spray  Imidachloprid @ 1ml/3lit of water",BIHAR,KHAGARIA,ALAULI,2018-01-17T10:03:27Z
RABI,AGRICULTURE,Others,Others,Weather,"WEATHER  INFORMATION","Cloudy weather ,Hazy sun,but not chance of rain",BIHAR,KHAGARIA,ALAULI,2018-01-17T10:04:37Z
JAYAD,AGRICULTURE,Others,Others,"Sowing Time and Weather","MAIZE SHOOT BORER","SPRAY CHLORPYRIPHOS 2 ML/LITRE OF WATER",BIHAR,KHAGARIA,ALAULI,2018-01-17T10:18:47Z
RABI,HORTICULTURE,Vegetables,"Bottle Gourd","Field Preparation","BOTTLE GUORD VARIETY","Pusa Summer Prolific long, Pusa, Summer Prolific Round, Pusa Manjari, Pusa Megdoot and Arka Bahar",BIHAR,KHAGARIA,ALAULI,2018-01-17T10:28:39Z
RABI,AGRICULTURE,Others,Others,"Field Preparation","CROP LOAN","For crop insurance consult to bank or agriculture insurance agency",BIHAR,KHAGARIA,ALAULI,2018-01-17T12:52:04Z
RABI,AGRICULTURE,Others,Others,"Plant Protection","Puccinia sp in maize","Spray mancozeb@2g/liter of water",BIHAR,KHAGARIA,CHAUTHAM,2018-01-17T17:39:01Z
RABI,AGRICULTURE,Others,Others,"Plant Protection","YELLOW LEAF ON MAIZE","MANCOZEB-2 G/LIT WATEER SPRAY",BIHAR,KHAGARIA,BELDAUR,2018-01-17T17:49:44Z
RABI,AGRICULTURE,Others,Others,"Field Preparation","21. Rotting of stem","SPRAY COPPEROXYCLORIDE @ 2ML IN 1 LITRE + STEPTOCYCLENE @1 ML IN 15 LITRE OF LITRE OF WATER",BIHAR,KHAGARIA,BELDAUR,2018-01-17T17:55:52Z
RABI,AGRICULTURE,Cereals,Triticale,"Field Preparation","Yellowing of leaf /Rotting problem","Spray mancozeb @ 2g/lit of water",BIHAR,KHAGARIA,CHAUTHAM,2018-01-18T07:27:45Z
RABI,AGRICULTURE,Millets,"Maize (Makka)","Plant Protection","STEM BORER INSECT  PROBLEM  OF MAIZE","Spray  Imidachloprid @ 1ml/3lit of water",BIHAR,KHAGARIA,ALAULI,2018-01-18T09:01:07Z
RABI,AGRICULTURE,Millets,"Maize (Makka)","Plant Protection","STEM BORER INSECT  PROBLEM  OF MAIZE","Spray  Imidachloprid @ 1ml/3lit of water",BIHAR,KHAGARIA,ALAULI,2018-01-18T09:15:57Z
RABI,AGRICULTURE,Millets,"Maize (Makka)","Plant Protection","whitness leaf  of maize","Spray mancozeb @ 2g/lit of water",BIHAR,KHAGARIA,ALAULI,2018-01-18T09:19:40Z
RABI,AGRICULTURE,Others,Others,Weather,"WEATHER  INFORMATION","Cloudy weather ,Hazy sun,but not chance of rain",BIHAR,KHAGARIA,ALAULI,2018-01-18T09:27:03Z
RABI,AGRICULTURE,Others,Others,Weather,"WEATHER INFORMATION","HAZY WEATHER WITH SUNSHINE",BIHAR,KHAGARIA,KHAGARIA,2018-01-18T20:58:43Z
RABI,AGRICULTURE,Others,Others,Weather,"WEATHER  INFORMATION","Cloudy weather ,Hazy sun,but not chance of rain",BIHAR,KHAGARIA,KHAGARIA,2018-01-19T10:00:18Z
RABI,AGRICULTURE,Cereals,Wheat,"Weed Management","WEED MANAGEMENT IN WHEAT","AAP KHAR PATWARNASHI KA USE NAHI KAR SATE GEHU ME 50-55 DIN KE BAD",BIHAR,KHAGARIA,KHAGARIA,2018-01-19T12:13:52Z
RABI,AGRICULTURE,Cereals,Wheat,"Weed Management","WEED MANAGEMENT IN WHEAT","AAP KHAR PATWARNASHI KA USE NAHI KAR SATE GEHU ME 50-55 DIN KE BAD",BIHAR,KHAGARIA,KHAGARIA,2018-01-19T12:27:41Z
RABI,AGRICULTURE,Others,Others,"Field Preparation","CROP LOAN","CONTACT TO BLOCK AGRICULTURAL OFFICER",BIHAR,KHAGARIA,PARBATTA,2018-01-19T15:29:11Z
RABI,HORTICULTURE,Vegetables,Chillies,"Plant Protection","Chilli thrips","Imidacloprid 17.8 % SL 3.0 ml/10 lit. 
Dimethoate 30 % EC 1.0 ml/lit. 
Emamectin benzoate 5 % SG 4 g/10 lit.",BIHAR,KHAGARIA,CHAUTHAM,2018-01-20T11:00:52Z
RABI,AGRICULTURE,Others,Others,"Field Preparation","WEATHER  INFORMATION","Cloudy weather, rain is not likely.",BIHAR,KHAGARIA,KHAGARIA,2018-01-21T18:38:54Z
RABI,AGRICULTURE,Cereals,Wheat,Weather,"Weather information","Cloudy weather  today and tomorrow  no chance of rain.",BIHAR,KHAGARIA,KHAGARIA,2018-01-22T11:17:59Z
RABI,AGRICULTURE,Millets,"Maize (Makka)","Plant Protection","ALTERNARIA LEAF BLIGHT PROBLEM OF MAIZE PLANT","Spray mancozeb @ 2g/lit of water",BIHAR,KHAGARIA,ALAULI,2018-01-22T12:52:39Z
RABI,AGRICULTURE,Others,Others,"Field Preparation","irrigation problem in wheat","3-4irrigation in wheat",BIHAR,KHAGARIA,KHAGARIA,2018-01-23T12:58:55Z
RABI,AGRICULTURE,Others,Others,Weather,"WEATHER INFORMATION","No chance of rain in your area",BIHAR,KHAGARIA,KHAGARIA,2018-01-24T13:17:19Z
RABI,AGRICULTURE,Others,Others,Weather,"WEATHER INFORMATION","No chance of rain in your area",BIHAR,KHAGARIA,KHAGARIA,2018-01-24T13:20:04Z
RABI,AGRICULTURE,Cereals,Wheat,"Field Preparation","WHEAT WEED MANAGEMENT","HAND WEEDING",BIHAR,KHAGARIA,ALAULI,2018-01-25T13:50:54Z
RABI,AGRICULTURE,Others,Others,Weather,"WEATHER INFORMATION","????? ???? ???? ????? ?????? ??? ???? ????? I",BIHAR,KHAGARIA,MANSI,2018-01-25T16:55:36Z
RABI,AGRICULTURE,Cereals,Wheat,Weather,"Weather information","Cloudy weather  today and tomorrow  no chance of rain.",BIHAR,KHAGARIA,PARBATTA,2018-01-26T15:34:21Z
RABI,AGRICULTURE,Cereals,Wheat,Weather,"Weather information","Cloudy weather  today and tomorrow  no chance of rain.",BIHAR,KHAGARIA,KHAGARIA,2018-01-27T10:17:29Z
RABI,HORTICULTURE,Vegetables,Bhindi(Okra/Ladysfinger),"Plant Protection","Bhendi fruit borer","Spray carbaryl 50 WP 2 g/lit or B. thuringiensis 2 g/lit",BIHAR,KHAGARIA,PARBATTA,2018-01-27T16:26:49Z
RABI,HORTICULTURE,Fruits,Mango,"Field Preparation","INSECT ATTACK ON SOIL","APPLY THIMET 10 GRAM",BIHAR,KHAGARIA,ALAULI,2018-01-28T07:27:22Z
RABI,AGRICULTURE,Oilseeds,Mustard,"Field Preparation","MUSTARD COLD ATTACK","Spray mancozeb @ 2 gm / lit of water",BIHAR,KHAGARIA,ALAULI,2018-01-28T07:42:23Z
RABI,HORTICULTURE,Vegetables,Bhindi(Okra/Ladysfinger),"Seeds and Planting Material","seed teritment","Spray carbendazim @ 2.5 gram in 1 litre of water",BIHAR,KHAGARIA,KHAGARIA,2018-01-28T09:02:44Z
RABI,AGRICULTURE,Others,Others,Weather,"WEATHER INFORMATION","Cloudy weather in your area, but no chance of rain in your area.",BIHAR,KHAGARIA,BELDAUR,2018-01-28T12:58:23Z
RABI,AGRICULTURE,Millets,"Maize (Makka)","Plant Protection","stem borer insect problem in maize","spray imidacoloroprid 1 ml / 3litre of water",BIHAR,KHAGARIA,KHAGARIA,2018-01-30T16:53:36Z
RABI,AGRICULTURE,Others,Others,"Field Preparation","Insect infestation","Spray imidachloprid @1ml/3lit of water",BIHAR,KHAGARIA,ALAULI,2018-01-30T20:09:13Z
RABI,AGRICULTURE,Others,Others,"Field Preparation",". Fertilizer application in cauliflower-","Compost200 kg, potash 80 kg, 10-15 kg boron and molybdenum, 1 kg",BIHAR,KHAGARIA,ALAULI,2018-01-31T16:16:45Z
JAYAD,AGRICULTURE,Others,Others,"Training and Exposure Visits","WEATHER INFORMATION","The sun is going out will not be possible rainweather",BIHAR,KHAGARIA,KHAGARIA,2018-01-31T21:37:17Z
