Season,Sector,Category,Crop,QueryType,QueryText,KCCAns,StateName,DistrictName,BlockName,CreatedOn
JAYAD,HORTICULTURE,Vegetables,Onion,"Plant Protection","rotting and purple colour of leaves","Spray copper oxychloride @ 2 ml in 1 litre of water",BIHAR,JAMUI,"ISLAMNAGAR ALIGANJ",2018-03-01T06:40:56Z
JAYAD,AGRICULTURE,Others,Others,"Plant Protection","Insect problem in mango","??????  ??????????????  @ ? ???? ????? ? ???? ???? ??? ?????? ?????? ???                                                         Spray  Imidachloprid @ 1ml/3lit of water",BIHAR,JAMUI,KHAIRA,2018-03-01T09:14:03Z
RABI,AGRICULTURE,Others,Others,Weather,"WEATHER INFORMATION","NO CHANCE OF RAIN IN YOUR AREA",BIHAR,JAMUI,JHAJHA,2018-03-04T11:49:07Z
RABI,AGRICULTURE,Others,Others,Weather,"WEATHER INFORMATION","NO CHANCE OF RAIN",BIHAR,JAMUI,JAMUI,2018-03-06T06:28:45Z
RABI,AGRICULTURE,Others,Others,Weather,"WEATHER INFORMATION","NO CHANCE OF RAIN",BIHAR,JAMUI,JAMUI,2018-03-06T06:28:45Z
RABI,AGRICULTURE,Cereals,Wheat,Varieties,"WEATHER INFORMATION","????? ???? ???? ????? I",BIHAR,JAMUI,JAMUI,2018-03-06T19:46:21Z
JAYAD,HORTICULTURE,Vegetables,"Pointed Gourd","Plant Protection","PONTED GOURD","Spray multi micro nutrients @ 2 ml in 1 liter of water",BIHAR,JAMUI,KHAIRA,2018-03-07T12:53:41Z
RABI,HORTICULTURE,Fruits,Mango,"Plant Protection",mango,"spray Imidacloprid @ 1 ml./3 lt. of water & copper ox chloride @ 2 ml./3 lt. of water.",BIHAR,JAMUI,LAXMIPUR,2018-03-07T13:05:35Z
RABI,AGRICULTURE,Cereals,Wheat,Weather,"WEATHER INFORMATION","?????  ????  ??  ????????  ????  ??",BIHAR,JAMUI,JAMUI,2018-03-09T15:37:58Z
RABI,AGRICULTURE,Cereals,Wheat,Weather,"WEATHER INFORMATION","?????  ????  ??  ????????  ????  ??",BIHAR,JAMUI,"ISLAMNAGAR ALIGANJ",2018-03-09T16:36:33Z
RABI,HORTICULTURE,Vegetables,"Bitter Gourd","Field Preparation","Preparation of field","Plough the field to fine tilth and dig pits of 30 cm x 30 cm x 30 cm size at 2 x 1.5 m spacing and form basins.",BIHAR,JAMUI,JHAJHA,2018-03-12T10:15:05Z
RABI,AGRICULTURE,Others,Others,Weather,"WEATHER INFORMATION","Today and tomorrow no chance of rain in your area.",BIHAR,JAMUI,GIDHOR,2018-03-13T09:12:05Z
RABI,AGRICULTURE,Others,Others,"Plant Protection","Whitefly: Bemisia tabaci","Spray quinolphos @ 2 ml in 1 liter of water",BIHAR,JAMUI,JAMUI,2018-03-13T10:05:15Z
JAYAD,HORTICULTURE,Fruits,Mango,"Plant Protection","INSECT INFESTATION IN MANGO","Spray dimethoate @ 1 ml in 1 litre of water",BIHAR,JAMUI,"ISLAMNAGAR ALIGANJ",2018-03-14T10:06:55Z
JAYAD,AGRICULTURE,Others,Others,"Plant Protection","plant protection","Spray  Imidachloprid @ 1ml/3lit of water",BIHAR,JAMUI,SIKANDRA,2018-03-14T15:52:58Z
JAYAD,AGRICULTURE,Others,Others,"Plant Protection","plant protection","Spray mancozeb @ 2g/lit of water",BIHAR,JAMUI,SIKANDRA,2018-03-14T15:53:24Z
JAYAD,AGRICULTURE,Others,Others,"Plant Protection","plant protection","Sprary planofix 1ml in 4- 5 lit of water.  (NAA @ 20 ppm)",BIHAR,JAMUI,SIKANDRA,2018-03-14T15:53:42Z
JAYAD,HORTICULTURE,Vegetables,Bhindi(Okra/Ladysfinger),"Plant Protection","whitefly infestation","Spray imidachloprid @ 1ml/3 lit of water",BIHAR,JAMUI,JAMUI,2018-03-15T11:18:44Z
RABI,AGRICULTURE,Others,Others,"Field Preparation","WEATHER INFORMATION","Today and tomorrow no chance of rain in your area.",BIHAR,JAMUI,KHAIRA,2018-03-15T15:00:22Z
JAYAD,AGRICULTURE,Others,Others,Weather,"WETHER INFORMATIOM","Cloudy weather today and tomorrow little chance of rain.",BIHAR,JAMUI,GIDHOR,2018-03-15T15:04:45Z
RABI,AGRICULTURE,Others,Others,Weather,"WEATHER  INFORMATION","Clear weather in your area,but no chance of rain",BIHAR,JAMUI,"ISLAMNAGAR ALIGANJ",2018-03-16T19:56:38Z
RABI,AGRICULTURE,Others,Others,Weather,"WEATHER  INFORMATION","Clear weather in your area,but no chance of rain",BIHAR,JAMUI,"ISLAMNAGAR ALIGANJ",2018-03-16T20:32:35Z
JAYAD,AGRICULTURE,Others,Others,"Plant Protection","plant protection","Spray Imidacloroprid @ 1 ml / 3 lit of water",BIHAR,JAMUI,JAMUI,2018-03-17T18:08:00Z
JAYAD,AGRICULTURE,Others,Others,Weather,"WEATHER INFORMATION","Cloudy weather in your area, but no chance of rain in your area",BIHAR,JAMUI,JAMUI,2018-03-18T08:17:13Z
JAYAD,HORTICULTURE,Fruits,Mango,"Nutrient Management","FRUIT CRACKING IN MANGO","APPLY BORON IN ROOT @ 2 GM PER LITRE OF WATER",BIHAR,JAMUI,JHAJHA,2018-03-19T13:04:35Z
RABI,AGRICULTURE,Cereals,Wheat,Weather,"weather informesion","????  ??? ????? ??? ???? ??? ?????",BIHAR,JAMUI,JHAJHA,2018-03-20T13:18:58Z
RABI,AGRICULTURE,Others,Others,"Field Preparation","Fruit dropping problem in mango","SPRAY PLANOFIX 1 ML/5LITRE OF WATER",BIHAR,JAMUI,SIKANDRA,2018-03-20T14:20:23Z
RABI,AGRICULTURE,Others,Others,"Field Preparation",NUTRIENT,"Spray Multi micro nutrient @ 2 gram in 1 litre of water",BIHAR,JAMUI,SIKANDRA,2018-03-20T14:27:46Z
RABI,AGRICULTURE,Others,Others,Weather,"WEATHER INFORMATION","Cloudy weather, but chance of rain in your area",BIHAR,JAMUI,"ISLAMNAGAR ALIGANJ",2018-03-20T15:56:27Z
RABI,AGRICULTURE,Others,Others,Weather,"WEATHER INFORMATION","Cloudy weather, but chance of rain in your area",BIHAR,JAMUI,"ISLAMNAGAR ALIGANJ",2018-03-20T15:56:37Z
RABI,"ANIMAL HUSBANDRY",Animal,"Bovine(Cow,Buffalo)","Animal Breeding","related  to breeding of cow",NA,BIHAR,JAMUI,SIKANDRA,2018-03-21T10:39:03Z
RABI,AGRICULTURE,Others,Others,Weather,"WEATHER INFORMATION","Cloudy weather in your area,no  chance of rain in your area",BIHAR,JAMUI,SIKANDRA,2018-03-21T10:43:49Z
RABI,HORTICULTURE,Fruits,Mango,"Plant Protection","GUMMING  PROBLEM IN MANGO","BRODEUX MIXTURE KA LEP LAGAYE",BIHAR,JAMUI,JHAJHA,2018-03-23T10:58:29Z
RABI,AGRICULTURE,Cereals,Wheat,Weather,"WEATHER INFORMATION","???? ???  ?????  ,?????  ?? ???  ,?????  ?? ???  ,?????  ?? ???  ???????  ??? ??",BIHAR,JAMUI,SIKANDRA,2018-03-23T13:44:36Z
JAYAD,HORTICULTURE,Fruits,Mango,"Plant Protection","fruit dropping in mango","Spray planofix 1ml in 4- 5 lit of water.",BIHAR,JAMUI,SIKANDRA,2018-03-23T13:49:12Z
KHARIF,HORTICULTURE,Fruits,Mango,"Plant Protection","insect control in mango","cloropiryfos @2ml/lea of wather",BIHAR,JAMUI,JHAJHA,2018-03-24T09:53:50Z
RABI,AGRICULTURE,Others,Others,"Plant Protection","Insect infestation","Spray malathion @ 2ml/lit of water",BIHAR,JAMUI,GIDHOR,2018-03-24T18:01:54Z
RABI,HORTICULTURE,Vegetables,Chillies,"Plant Protection","Fusarium wilt","Drenching with 1% Bordeaux mixture or Blue copper or Fytolan 0.25% may give protection. Seed treatment with 4g Trichoderma viride formulation or 2g Carbendazim per kg seed is effective. Mix 2kg T.viride formulation mixed with 50kg FYM, sprinkle water and cover with a thin polythene sheet. When mycelia growth is visible on the heap after 15 days, apply the mixture in rows of chilli in an area of one acre.",BIHAR,JAMUI,JHAJHA,2018-03-26T10:40:03Z
RABI,HORTICULTURE,Vegetables,"Bottle Gourd","Plant Protection","YELLOWING LEAF OF BOTTEL GOURD","Spray mancozeb 2 gram/liter WATER",BIHAR,JAMUI,JAMUI,2018-03-26T11:22:59Z
RABI,AGRICULTURE,Others,Others,Weather,"Weather information","No chance of rain in your area",BIHAR,JAMUI,JAMUI,2018-03-26T11:26:05Z
RABI,HORTICULTURE,Vegetables,Chillies,"Plant Protection","Chilli thrips","Spray Imidacloprid 17.8 % SL 3.0 ml/10 lit.",BIHAR,JAMUI,CHAKAI,2018-03-27T09:59:20Z
JAYAD,HORTICULTURE,Vegetables,Chillies,"Plant Protection","leaf curl infestation in chilli","Spray Imidacloroprid @ 1 ml / 3 lit of water",BIHAR,JAMUI,CHAKAI,2018-03-27T12:28:59Z
JAYAD,HORTICULTURE,Vegetables,Tomato,Floriculture,"flower initiation in tomato","Spray boom flower @ 2 ml / lit of water",BIHAR,JAMUI,CHAKAI,2018-03-27T12:30:40Z
JAYAD,HORTICULTURE,Vegetables,"Cowpea (Vegetable)","Plant Protection","beetle infestation in cowpea","Spray malathion @ 2 gram in 1 liter of water",BIHAR,JAMUI,CHAKAI,2018-03-27T12:32:01Z
JAYAD,AGRICULTURE,Others,Others,Weather,"Weather Information","????  ??? ????? ??? ???? ??? ?????",BIHAR,JAMUI,JAMUI,2018-03-27T18:05:24Z
JAYAD,AGRICULTURE,Others,Others,Weather,"Weather information","chance of rain in your area",BIHAR,JAMUI,SONO,2018-03-31T09:07:35Z
JAYAD,AGRICULTURE,Others,Others,Weather,"Weather information","chance of rain in your area",BIHAR,JAMUI,SONO,2018-03-31T09:07:59Z
