Season,Sector,Category,Crop,QueryType,QueryText,KCCAns,StateName,DistrictName,BlockName,CreatedOn
RABI,AGRICULTURE,Cereals,Wheat,Weather,"WEATHER INFORMATION","????? ????  ??  ????????  ????  ??",BIHAR,CHAMPARAN(EAST),KOTWA,2018-05-01T14:58:06Z
JAYAD,AGRICULTURE,Others,Others,"Field Preparation","WEATHER INFORMATION","Cloudy weather today and  tomorrow little chance of rain in your area.",BIHAR,CHAMPARAN(EAST),PATAHI,2018-05-02T12:25:35Z
JAYAD,AGRICULTURE,Others,Others,Weather,"Weather Information","Cloudy weather today and tomorrow little chance of rain.",BIHAR,CHAMPARAN(EAST),MEHSI,2018-05-02T13:22:49Z
JAYAD,HORTICULTURE,Vegetables,"Bottle Gourd","Nutrient Management","poor plant growth of bottle gourd","Spray Multi micro nutrient @ 2 gram in 1 litre of water",BIHAR,CHAMPARAN(EAST),PAHARPUR,2018-05-04T08:32:47Z
RABI,AGRICULTURE,Others,Others,"Plant Protection","fungus problem in bottele gourd","Spray saaf @ 2 gm in 1 litre of  water",BIHAR,CHAMPARAN(EAST),DHAKA,2018-05-04T14:39:30Z
JAYAD,AGRICULTURE,Others,Others,Weather,"WEATHER INFORMATION","Cloudy weather in your area, chance of rain in your area",BIHAR,CHAMPARAN(EAST),SANGRAMPUR,2018-05-04T18:59:48Z
JAYAD,AGRICULTURE,Others,Others,Weather,"WEATHER INFORMATION","Cloudy weather in your area, chance of rain in your area",BIHAR,CHAMPARAN(EAST),SANGRAMPUR,2018-05-04T19:00:59Z
JAYAD,AGRICULTURE,Others,Others,"Field Preparation","WEATHER INFORMATION","Cloudy weather in your area, but no chance of rain in your area .",BIHAR,CHAMPARAN(EAST),KALYANPUR,2018-05-05T11:10:16Z
RABI,AGRICULTURE,Cereals,Wheat,Weather,"WEATHER INFORMATION","Cloudy weather in your area but no chance of rain in your area",BIHAR,CHAMPARAN(EAST),SANGRAMPUR,2018-05-06T15:51:07Z
RABI,AGRICULTURE,Others,Others,Weather,"Weather information","TODAY AND TOMORROW NO CHANCE OF RAIN",BIHAR,CHAMPARAN(EAST),DHAKA,2018-05-07T10:37:56Z
RABI,AGRICULTURE,Cereals,Wheat,Weather,"WEATHER INFORMATION","????? ????  ??  ????????  ????  ??",BIHAR,CHAMPARAN(EAST),HARSIDHI,2018-05-07T10:52:56Z
JAYAD,AGRICULTURE,Others,Others,"Field Preparation","Weather information","Cloudy weather, rain is not likely in your area.",BIHAR,CHAMPARAN(EAST),DHAKA,2018-05-07T14:49:01Z
JAYAD,AGRICULTURE,Others,Others,"Field Preparation","Weather information","Cloudy weather, rain is not likely in your area.",BIHAR,CHAMPARAN(EAST),ADAPUR,2018-05-07T21:08:51Z
JAYAD,AGRICULTURE,Others,Others,Weather,"weather information","Cloudy weather tomorrow chance of rain",BIHAR,CHAMPARAN(EAST),SANGRAMPUR,2018-05-08T06:12:51Z
RABI,AGRICULTURE,Others,Others,Weather,"Weather information","Cloudy weather in your area but no chance of rain in your area",BIHAR,CHAMPARAN(EAST),KESARIA,2018-05-08T09:58:34Z
RABI,AGRICULTURE,Cereals,Wheat,Weather,"WEATHER INFORMATION","???? ???  ?????  ????? ????? ???? ??  ???  ???????  ??? ??",BIHAR,CHAMPARAN(EAST),KALYANPUR,2018-05-08T11:21:07Z
RABI,AGRICULTURE,Cereals,Wheat,Weather,"WEATHER INFORMATION","?? ?? ?? ???? ??????? ??? ???? ??? ????? ?? ????? ?? ??????? ??",BIHAR,CHAMPARAN(EAST),TURKAULIA,2018-05-08T14:11:35Z
RABI,AGRICULTURE,Cereals,Wheat,Weather,"WEATHER INFORMATION","?? ?? ?? ???? ??????? ??? ???? ??? ????? ?? ????? ?? ??????? ??",BIHAR,CHAMPARAN(EAST),PATAHI,2018-05-08T15:20:46Z
RABI,AGRICULTURE,Cereals,Wheat,Weather,"WEATHER INFORMATION","?? ?? ?? ???? ??????? ??? ???? ??? ????? ?? ????? ?? ??????? ??",BIHAR,CHAMPARAN(EAST),PATAHI,2018-05-08T15:21:01Z
RABI,AGRICULTURE,Cereals,Wheat,Weather,"WEATHER INFORMATION","?? ?? ?? ???? ??????? ??? ???? ??? ????? ?? ????? ?? ??????? ??",BIHAR,CHAMPARAN(EAST),PATAHI,2018-05-08T15:21:15Z
RABI,AGRICULTURE,Cereals,Wheat,Weather,"WEATHER INFORMATION","?? ?? ?? ???? ??????? ??? ???? ??? ????? ?? ????? ?? ??????? ??",BIHAR,CHAMPARAN(EAST),PATAHI,2018-05-08T15:21:29Z
RABI,AGRICULTURE,Cereals,Wheat,Weather,"WEATHER INFORMATION","?? ?? ?? ???? ??????? ??? ???? ??? ????? ?? ????? ?? ??????? ??",BIHAR,CHAMPARAN(EAST),PATAHI,2018-05-08T15:21:55Z
JAYAD,AGRICULTURE,Others,Others,Weather,"WEATHER INFORMATION","Cloudy weather in your area, chance of rain in your area",BIHAR,CHAMPARAN(EAST),RAMGARHWA,2018-05-08T15:50:32Z
JAYAD,AGRICULTURE,Others,Others,"Field Preparation","Weather information","CLOUDY WEATHER CHANCE OF RAIN",BIHAR,CHAMPARAN(EAST),SANGRAMPUR,2018-05-09T07:29:18Z
JAYAD,AGRICULTURE,"Sugar and Starch Crops","Sugarcane (Noble Cane)","Plant Protection","TOP BORER INFESTATION OF SUGARCANE","SPRAY corazane @ 1 ml per 2 litre of water",BIHAR,CHAMPARAN(EAST),SUGAULI,2018-05-09T08:36:19Z
RABI,AGRICULTURE,Cereals,Wheat,Weather,"Weather information","TODAY AND TOMORROW NO CHANCE OF RAIN",BIHAR,CHAMPARAN(EAST),SANGRAMPUR,2018-05-09T10:53:16Z
RABI,HORTICULTURE,Vegetables,Chillies,"Plant Protection","Tobacco cutworm","Indoxacarb 14.5 % SC 6.5 ml/10 lit. 
Novaluron 10 % EC 7.5 ml/10 lit. 
Spinosad 45 % SC 3.2 ml/10 lit.",BIHAR,CHAMPARAN(EAST),"CHAKIA (PIPRA)",2018-05-09T18:16:21Z
RABI,HORTICULTURE,Vegetables,Chillies,"Plant Protection","Gram caterpillar","Indoxacarb 14.5 % SC 6.5 ml/10 lit. 
Novaluron 10 % EC 7.5 ml/10 lit. 
Spinosad 45 % SC 3.2 ml/10 lit.",BIHAR,CHAMPARAN(EAST),BANKATWA,2018-05-09T18:27:35Z
JAYAD,AGRICULTURE,Others,Others,"Field Preparation","WEATHER INFORMATION","Cloudy weather in your area, chance of rain in your area",BIHAR,CHAMPARAN(EAST),MADHUBAN,2018-05-10T06:43:06Z
RABI,AGRICULTURE,Cereals,Wheat,Weather,"Weather information","?? ?? ??????? ??? ???? ???  ????? ??  ????? ???? ?? ??????? ??",BIHAR,CHAMPARAN(EAST),RAXAUL,2018-05-11T06:19:58Z
JAYAD,AGRICULTURE,Others,Others,"Field Preparation","Weather information","Cloudy weather in your area but no chance of rain in your area",BIHAR,CHAMPARAN(EAST),SANGRAMPUR,2018-05-11T08:04:16Z
RABI,AGRICULTURE,Cereals,Wheat,Weather,"Weather information","?? ?? ??????? ??? ???? ???  ????? ??  ????? ???? ?? ??????? ??",BIHAR,CHAMPARAN(EAST),KESARIA,2018-05-11T09:13:06Z
JAYAD,AGRICULTURE,Others,Others,"Field Preparation","Weather information","Cloudy weather in your area, chance of rain in your area",BIHAR,CHAMPARAN(EAST),MOTIHARI,2018-05-11T10:47:22Z
JAYAD,AGRICULTURE,Cereals,"Paddy (Dhan)",Varieties,"Varity of rice for low land area","Rajshree, satyam, sakuntla, rajendra mansuri, swarna sab 1",BIHAR,CHAMPARAN(EAST),DHAKA,2018-05-11T12:26:20Z
JAYAD,AGRICULTURE,Cereals,"Paddy (Dhan)",Varieties,"Varity of rice for low land area","Rajshree, satyam, sakuntla, rajendra mansuri, swarna sab 1",BIHAR,CHAMPARAN(EAST),KOTWA,2018-05-11T12:26:35Z
JAYAD,AGRICULTURE,Others,Others,"Field Preparation","Pest problem","Spray Imidacloroprid 17.8 SL @ 1 ml /3 lit of water",BIHAR,CHAMPARAN(EAST),ARERAJ,2018-05-11T12:35:34Z
RABI,AGRICULTURE,Others,Others,Varieties,"VARIETY  OF PADDY UPPER LAND","SATYM ,RAJENDRA MASURI1 M.T.U7029",BIHAR,CHAMPARAN(EAST),KOTWA,2018-05-11T15:37:39Z
JAYAD,HORTICULTURE,Fruits,Mango,"Plant Protection","INFESTATION OF FRUITFLY OF MANGO","USE FRUITFLY TRAP AS IT IS ECOFRIENDLY AND VERY EFFECTIVE",BIHAR,CHAMPARAN(EAST),BANJARIYA,2018-05-11T16:47:05Z
JAYAD,AGRICULTURE,Others,Others,"Field Preparation","WEATHER INFORMATION","NO CHANCE OF RAIN IN YOUR AREA",BIHAR,CHAMPARAN(EAST),KOTWA,2018-05-12T12:24:10Z
JAYAD,AGRICULTURE,Others,Others,"Field Preparation","WEATHER INFORMATION","NO CHANCE OF RAIN IN YOUR AREA",BIHAR,CHAMPARAN(EAST),KOTWA,2018-05-12T12:32:02Z
JAYAD,AGRICULTURE,Others,Others,"Field Preparation","Variety of bhindi","Variety of bhindi - arka uphar, varsha uphar, okra 4, prabhani krant",BIHAR,CHAMPARAN(EAST),KOTWA,2018-05-12T13:24:57Z
JAYAD,AGRICULTURE,Others,Others,"Field Preparation","Spray cow urine @ 1liter in 10 liter of water","Spray cow urine @ 1liter in 10 liter of water",BIHAR,CHAMPARAN(EAST),KOTWA,2018-05-12T13:28:38Z
JAYAD,AGRICULTURE,Others,Others,"Field Preparation","Agriculture minister","Agriculture minister 09430440336 Radha mohan singh",BIHAR,CHAMPARAN(EAST),KOTWA,2018-05-12T13:31:14Z
JAYAD,AGRICULTURE,Others,Others,Weather,"Weather Information","Cloudy weather today and tomorrow little chance of rain.",BIHAR,CHAMPARAN(EAST),GHORASAHAN,2018-05-12T15:49:51Z
RABI,AGRICULTURE,Cereals,Wheat,Weather,"WEATHER INFORMATION","?? ?? ?? ???? ??????? ??? ???? ??? ????? ?? ????? ?? ??????? ??",BIHAR,CHAMPARAN(EAST),CHAWRADANO,2018-05-12T18:58:12Z
JAYAD,AGRICULTURE,Others,Others,Weather,"WEATHER INFORMATION","Cloudy weather today and  tomorrow little chance of rain in your area.",BIHAR,CHAMPARAN(EAST),KESARIA,2018-05-13T15:01:03Z
JAYAD,AGRICULTURE,Others,Others,"Field Preparation","Weather information","Cloudy weather in your area but no chance of rain in your area",BIHAR,CHAMPARAN(EAST),DHAKA,2018-05-14T07:06:59Z
JAYAD,AGRICULTURE,Others,Others,"Field Preparation","Weather information","Cloudy weather in your area but no chance of rain in your area",BIHAR,CHAMPARAN(EAST),DHAKA,2018-05-14T07:09:30Z
RABI,AGRICULTURE,Others,Others,Storage,"STORAGE OF BHUSA","TO PROTECT THE MOISTURE",BIHAR,CHAMPARAN(EAST),PATAHI,2018-05-14T10:46:19Z
JAYAD,AGRICULTURE,Others,Others,Weather,"weather information","Cloudy weather in your area, chance of rain in your area.",BIHAR,CHAMPARAN(EAST),PAHARPUR,2018-05-14T12:08:36Z
RABI,AGRICULTURE,Others,Others,Weather,"WEATHER INFORMATION","There will be weather like change, and there is a possibility of drowsiness.",BIHAR,CHAMPARAN(EAST),TURKAULIA,2018-05-14T12:10:45Z
RABI,AGRICULTURE,Cereals,Wheat,Weather,"WEATHER INFORMATION","???? ??????? ??? ???? ??? ????? ?? ????? ????  ?? ??????? ??",BIHAR,CHAMPARAN(EAST),RAMGARHWA,2018-05-14T16:15:30Z
JAYAD,AGRICULTURE,Others,Others,Weather,"Weather information","????? ?? ????? ???? ??? ?????? ? ???? ?????????? ?? ??????? ??",BIHAR,CHAMPARAN(EAST),"PIPRA KOTHI",2018-05-15T10:23:40Z
JAYAD,AGRICULTURE,Others,Others,"Field Preparation","Weather information","Cloudy weather today and  tomorrow little chance of rain in your area.",BIHAR,CHAMPARAN(EAST),KOTWA,2018-05-15T10:27:07Z
JAYAD,AGRICULTURE,Others,Others,"Field Preparation","Weather information","Cloudy weather today and  tomorrow little chance of rain in your area.",BIHAR,CHAMPARAN(EAST),RAMGARHWA,2018-05-15T10:32:39Z
JAYAD,HORTICULTURE,Fruits,Mango,"Plant Protection","INSECT PROBLEM IN MANGO FRUIT","Spray chlorpyriphos20EC @ 2 ml in 1 liter of water",BIHAR,CHAMPARAN(EAST),KOTWA,2018-05-15T14:08:57Z
JAYAD,AGRICULTURE,Others,Others,Weather,"Weather information","Cloudy weather in your area chance of rain in your area",BIHAR,CHAMPARAN(EAST),KALYANPUR,2018-05-16T11:24:40Z
