"Country/ State/ UT Name","District Name","Caste Category","Total/ Rural/ Urban","Marital Status","Present Age","Total Ever/Currently Married Women","Ever/Currently Married Women with Number of Surviving Children - 0","Ever/Currently Married Women with Number of Surviving Children - 1","Ever/Currently Married Women with Number of Surviving Children - 2","Ever/Currently Married Women with Number of Surviving Children - 3","Ever/Currently Married Women with Number of Surviving Children - 4","Ever/Currently Married Women with Number of Surviving Children - 5+","Total Surviving Children - Total","Total Surviving Children - Males","Total Surviving Children - Females"
Bihar,Madhepura,"All Scheduled Castes",Rural,"Ever Married","All ages",52701,18521,7307,7590,7519,6426,5327,101506,56516,44990
Bihar,Madhepura,"All Scheduled Castes",Rural,"Ever Married","Less than 15",1149,1127,22,0,0,0,0,22,22,0
Bihar,Madhepura,"All Scheduled Castes",Rural,"Ever Married",15-19,5555,4381,922,122,98,32,0,1588,861,727
Bihar,Madhepura,"All Scheduled Castes",Rural,"Ever Married",20-24,8435,4600,1912,1233,431,201,58,6795,3782,3013
Bihar,Madhepura,"All Scheduled Castes",Rural,"Ever Married",25-29,8056,2322,1425,1951,1429,676,242,13706,7530,6176
Bihar,Madhepura,"All Scheduled Castes",Rural,"Ever Married",30-34,7442,1547,780,1353,1459,1513,790,18537,10006,8531
Bihar,Madhepura,"All Scheduled Castes",Rural,"Ever Married",35-39,5946,1233,406,822,1173,1121,1191,16801,9151,7650
Bihar,Madhepura,"All Scheduled Castes",Rural,"Ever Married",40-44,4648,812,447,605,876,995,913,13345,7454,5891
Bihar,Madhepura,"All Scheduled Castes",Rural,"Ever Married",45-49,3113,527,233,397,559,677,720,9531,5355,4176
Bihar,Madhepura,"All Scheduled Castes",Rural,"Ever Married",50-54,2115,426,206,322,438,268,455,5945,3412,2533
Bihar,Madhepura,"All Scheduled Castes",Rural,"Ever Married",55-59,1863,378,241,258,386,265,335,4876,2890,1986
Bihar,Madhepura,"All Scheduled Castes",Rural,"Ever Married",60-64,1805,455,331,213,247,315,244,4213,2418,1795
Bihar,Madhepura,"All Scheduled Castes",Rural,"Ever Married",65-69,1056,326,127,126,139,136,202,2557,1503,1054
Bihar,Madhepura,"All Scheduled Castes",Rural,"Ever Married",70-74,740,136,144,114,159,115,72,1811,1147,664
Bihar,Madhepura,"All Scheduled Castes",Rural,"Ever Married",75-79,234,105,21,10,28,49,21,435,234,201
Bihar,Madhepura,"All Scheduled Castes",Rural,"Ever Married","80 +",286,73,58,32,40,12,71,795,415,380
Bihar,Madhepura,"All Scheduled Castes",Rural,"Currently Married","All ages",49008,17505,6741,7041,6907,5869,4934,93427,51909,41518
Bihar,Madhepura,"All Scheduled Castes",Rural,"Currently Married","Less than 15",1117,1106,11,0,0,0,0,11,11,0
Bihar,Madhepura,"All Scheduled Castes",Rural,"Currently Married",15-19,5545,4371,922,122,98,32,0,1588,861,727
Bihar,Madhepura,"All Scheduled Castes",Rural,"Currently Married",20-24,8416,4591,1912,1233,421,201,58,6765,3772,2993
Bihar,Madhepura,"All Scheduled Castes",Rural,"Currently Married",25-29,8015,2321,1411,1938,1416,676,242,13627,7455,6172
Bihar,Madhepura,"All Scheduled Castes",Rural,"Currently Married",30-34,7312,1502,755,1320,1435,1510,790,18362,9917,8445
Bihar,Madhepura,"All Scheduled Castes",Rural,"Currently Married",35-39,5743,1199,341,775,1143,1103,1182,16408,8914,7494
Bihar,Madhepura,"All Scheduled Castes",Rural,"Currently Married",40-44,4353,743,400,527,862,939,882,12699,7104,5595
Bihar,Madhepura,"All Scheduled Castes",Rural,"Currently Married",45-49,2848,445,181,375,503,644,700,9017,5049,3968
Bihar,Madhepura,"All Scheduled Castes",Rural,"Currently Married",50-54,1605,256,157,242,356,211,383,4808,2722,2086
Bihar,Madhepura,"All Scheduled Castes",Rural,"Currently Married",55-59,1686,334,219,236,333,243,321,4481,2672,1809
Bihar,Madhepura,"All Scheduled Castes",Rural,"Currently Married",60-64,967,225,174,139,135,153,141,2331,1434,897
Bihar,Madhepura,"All Scheduled Castes",Rural,"Currently Married",65-69,585,186,86,49,80,53,131,1418,825,593
Bihar,Madhepura,"All Scheduled Castes",Rural,"Currently Married",70-74,282,68,72,41,31,39,31,690,506,184
Bihar,Madhepura,"All Scheduled Castes",Rural,"Currently Married",75-79,133,42,21,10,28,11,21,283,178,105
Bihar,Madhepura,"All Scheduled Castes",Rural,"Currently Married","80 +",176,44,47,13,20,12,40,487,239,248
Bihar,Madhepura,"All Scheduled Castes",Urban,"Ever Married","All ages",2305,807,236,412,334,188,328,4905,2855,2050
Bihar,Madhepura,"All Scheduled Castes",Urban,"Ever Married","Less than 15",32,32,0,0,0,0,0,0,0,0
Bihar,Madhepura,"All Scheduled Castes",Urban,"Ever Married",15-19,267,231,16,10,0,10,0,76,44,32
Bihar,Madhepura,"All Scheduled Castes",Urban,"Ever Married",20-24,224,127,49,25,11,10,2,182,97,85
Bihar,Madhepura,"All Scheduled Castes",Urban,"Ever Married",25-29,323,89,27,72,44,25,66,797,361,436
Bihar,Madhepura,"All Scheduled Castes",Urban,"Ever Married",30-34,439,74,57,123,59,50,76,1200,750,450
Bihar,Madhepura,"All Scheduled Castes",Urban,"Ever Married",35-39,314,51,10,60,85,30,78,992,571,421
Bihar,Madhepura,"All Scheduled Castes",Urban,"Ever Married",40-44,199,44,30,60,41,2,22,421,272,149
Bihar,Madhepura,"All Scheduled Castes",Urban,"Ever Married",45-49,144,34,13,20,34,20,23,380,229,151
Bihar,Madhepura,"All Scheduled Castes",Urban,"Ever Married",50-54,92,41,10,20,11,10,0,123,63,60
Bihar,Madhepura,"All Scheduled Castes",Urban,"Ever Married",55-59,69,20,14,0,14,21,0,140,93,47
Bihar,Madhepura,"All Scheduled Castes",Urban,"Ever Married",60-64,93,32,0,10,0,10,41,335,212,123
Bihar,Madhepura,"All Scheduled Castes",Urban,"Ever Married",65-69,54,20,10,2,12,0,10,110,57,53
Bihar,Madhepura,"All Scheduled Castes",Urban,"Ever Married",70-74,10,0,0,0,0,0,10,60,30,30
Bihar,Madhepura,"All Scheduled Castes",Urban,"Ever Married","80 +",20,0,0,10,10,0,0,50,50,0
Bihar,Madhepura,"All Scheduled Castes",Urban,"Currently Married","All ages",2063,735,196,370,288,166,308,4435,2547,1888
Bihar,Madhepura,"All Scheduled Castes",Urban,"Currently Married","Less than 15",32,32,0,0,0,0,0,0,0,0
Bihar,Madhepura,"All Scheduled Castes",Urban,"Currently Married",15-19,267,231,16,10,0,10,0,76,44,32
Bihar,Madhepura,"All Scheduled Castes",Urban,"Currently Married",20-24,224,127,49,25,11,10,2,182,97,85
Bihar,Madhepura,"All Scheduled Castes",Urban,"Currently Married",25-29,323,89,27,72,44,25,66,797,361,436
Bihar,Madhepura,"All Scheduled Castes",Urban,"Currently Married",30-34,429,74,57,113,59,50,76,1180,730,450
Bihar,Madhepura,"All Scheduled Castes",Urban,"Currently Married",35-39,310,51,10,60,81,30,78,980,563,417
Bihar,Madhepura,"All Scheduled Castes",Urban,"Currently Married",40-44,169,44,20,40,41,2,22,371,232,139
Bihar,Madhepura,"All Scheduled Castes",Urban,"Currently Married",45-49,120,22,13,20,24,18,23,342,195,147
Bihar,Madhepura,"All Scheduled Castes",Urban,"Currently Married",50-54,62,31,0,20,11,0,0,73,43,30
Bihar,Madhepura,"All Scheduled Castes",Urban,"Currently Married",55-59,37,20,4,0,2,11,0,54,41,13
Bihar,Madhepura,"All Scheduled Castes",Urban,"Currently Married",60-64,53,2,0,0,0,10,41,315,192,123
Bihar,Madhepura,"All Scheduled Castes",Urban,"Currently Married",65-69,2,0,0,0,2,0,0,6,3,3
Bihar,Madhepura,"All Scheduled Castes",Urban,"Currently Married","80 +",10,0,0,10,0,0,0,20,20,0
