"Country/ State/ UT Name","District Name","Tribe Category","Total/ Rural/ Urban","Marital Status","Present Age","Total Ever/ Currently Married Women","Ever/ Currently Married Women of Parity - 0","Ever/ Currently Married Women of Parity - 1","Ever/ Currently Married Women of Parity - 2","Ever/ Currently Married Women of Parity - 3","Ever/ Currently Married Women of Parity - 4","Ever/ Currently Married Women of Parity - 5+","Total Children Ever Born - Persons","Total Children Ever Born - Males","Total Children Ever Born - Females"
Bihar,Gumla,"All Scheduled Tribes",Rural,"Ever Married","All Ages",203770,37552,24202,30725,31240,28766,50162,609129,314386,294743
Bihar,Gumla,"All Scheduled Tribes",Rural,"Ever Married","Less than 15",1261,1109,39,81,0,0,0,201,124,77
Bihar,Gumla,"All Scheduled Tribes",Rural,"Ever Married",15-19,7635,5054,1598,472,147,119,0,3459,1803,1656
Bihar,Gumla,"All Scheduled Tribes",Rural,"Ever Married",20-24,23261,8249,6337,5243,2110,792,377,28525,14448,14077
Bihar,Gumla,"All Scheduled Tribes",Rural,"Ever Married",25-29,26459,5319,4768,6014,5244,2937,2005,57047,28273,28774
Bihar,Gumla,"All Scheduled Tribes",Rural,"Ever Married",30-34,26516,3796,2553,4725,5344,4942,5077,77916,39679,38237
Bihar,Gumla,"All Scheduled Tribes",Rural,"Ever Married",35-39,24019,2904,1680,3494,4593,4256,7023,81409,41230,40179
Bihar,Gumla,"All Scheduled Tribes",Rural,"Ever Married",40-44,21667,2474,1551,2409,3379,4028,7761,81860,42061,39799
Bihar,Gumla,"All Scheduled Tribes",Rural,"Ever Married",45-49,19899,2008,1339,2064,2989,3458,8013,78999,41527,37472
Bihar,Gumla,"All Scheduled Tribes",Rural,"Ever Married",50-54,15948,1859,904,1893,2387,2687,6132,61562,32417,29145
Bihar,Gumla,"All Scheduled Tribes",Rural,"Ever Married",55-59,12488,1324,1182,1485,1664,1945,4864,48375,25669,22706
Bihar,Gumla,"All Scheduled Tribes",Rural,"Ever Married",60-64,10789,1425,892,1367,1413,1739,3879,39902,20491,19411
Bihar,Gumla,"All Scheduled Tribes",Rural,"Ever Married",65-69,6068,863,608,593,876,736,2341,22057,12002,10055
Bihar,Gumla,"All Scheduled Tribes",Rural,"Ever Married",70-74,3965,520,360,400,578,477,1608,15138,8042,7096
Bihar,Gumla,"All Scheduled Tribes",Rural,"Ever Married",75-79,1339,162,149,149,180,268,431,5107,2670,2437
Bihar,Gumla,"All Scheduled Tribes",Rural,"Ever Married","80 +",1834,323,175,247,210,299,568,6087,3211,2876
Bihar,Gumla,"All Scheduled Tribes",Rural,"Currently Married","All Ages",179092,33346,21312,27403,27568,25315,43172,530767,273333,257434
Bihar,Gumla,"All Scheduled Tribes",Rural,"Currently Married","Less than 15",1230,1092,38,68,0,0,0,174,98,76
Bihar,Gumla,"All Scheduled Tribes",Rural,"Currently Married",15-19,7362,4827,1586,472,147,108,0,3403,1775,1628
Bihar,Gumla,"All Scheduled Tribes",Rural,"Currently Married",20-24,22835,8044,6234,5200,2097,777,342,27962,14256,13706
Bihar,Gumla,"All Scheduled Tribes",Rural,"Currently Married",25-29,25907,5101,4619,5936,5187,2927,1999,56487,27946,28541
Bihar,Gumla,"All Scheduled Tribes",Rural,"Currently Married",30-34,25628,3543,2391,4534,5176,4887,5029,76338,38828,37510
Bihar,Gumla,"All Scheduled Tribes",Rural,"Currently Married",35-39,22797,2693,1490,3277,4352,4109,6817,78186,39570,38616
Bihar,Gumla,"All Scheduled Tribes",Rural,"Currently Married",40-44,19906,2171,1285,2127,3107,3787,7364,76674,39290,37384
Bihar,Gumla,"All Scheduled Tribes",Rural,"Currently Married",45-49,17767,1741,1006,1781,2618,3119,7474,72450,38064,34386
Bihar,Gumla,"All Scheduled Tribes",Rural,"Currently Married",50-54,12784,1443,670,1416,1900,2149,5130,50449,26635,23814
Bihar,Gumla,"All Scheduled Tribes",Rural,"Currently Married",55-59,9900,1013,784,1040,1312,1626,4113,40113,21258,18855
Bihar,Gumla,"All Scheduled Tribes",Rural,"Currently Married",60-64,5884,745,450,745,683,935,2263,22438,11480,10958
Bihar,Gumla,"All Scheduled Tribes",Rural,"Currently Married",65-69,3617,468,382,342,518,455,1412,13540,7226,6314
Bihar,Gumla,"All Scheduled Tribes",Rural,"Currently Married",70-74,1572,162,170,142,214,158,715,6360,3470,2890
Bihar,Gumla,"All Scheduled Tribes",Rural,"Currently Married",75-79,626,80,69,103,58,107,209,2428,1376,1052
Bihar,Gumla,"All Scheduled Tribes",Rural,"Currently Married","80 +",725,94,73,132,88,100,227,2407,1388,1019
Bihar,Gumla,"All Scheduled Tribes",Urban,"Ever Married","All Ages",3824,920,479,586,391,509,909,10422,5464,4958
Bihar,Gumla,"All Scheduled Tribes",Urban,"Ever Married","Less than 15",37,37,0,0,0,0,0,0,0,0
Bihar,Gumla,"All Scheduled Tribes",Urban,"Ever Married",15-19,81,60,21,0,0,0,0,21,11,10
Bihar,Gumla,"All Scheduled Tribes",Urban,"Ever Married",20-24,454,190,129,70,34,0,21,509,227,282
Bihar,Gumla,"All Scheduled Tribes",Urban,"Ever Married",25-29,476,87,125,114,79,39,32,906,456,450
Bihar,Gumla,"All Scheduled Tribes",Urban,"Ever Married",30-34,588,146,36,125,98,54,127,1604,863,741
Bihar,Gumla,"All Scheduled Tribes",Urban,"Ever Married",35-39,522,108,46,70,61,135,102,1511,803,708
Bihar,Gumla,"All Scheduled Tribes",Urban,"Ever Married",40-44,452,92,12,41,44,85,178,1652,878,774
Bihar,Gumla,"All Scheduled Tribes",Urban,"Ever Married",45-49,270,36,28,48,10,58,90,933,506,427
Bihar,Gumla,"All Scheduled Tribes",Urban,"Ever Married",50-54,301,45,22,18,13,69,123,1108,650,458
Bihar,Gumla,"All Scheduled Tribes",Urban,"Ever Married",55-59,190,30,15,30,11,10,87,733,331,402
Bihar,Gumla,"All Scheduled Tribes",Urban,"Ever Married",60-64,192,47,12,17,17,48,51,579,321,258
Bihar,Gumla,"All Scheduled Tribes",Urban,"Ever Married",65-69,119,33,22,20,1,0,43,302,153,149
Bihar,Gumla,"All Scheduled Tribes",Urban,"Ever Married",70-74,55,0,0,11,0,11,33,253,110,143
Bihar,Gumla,"All Scheduled Tribes",Urban,"Ever Married",75-79,46,1,11,0,23,0,11,212,122,90
Bihar,Gumla,"All Scheduled Tribes",Urban,"Ever Married","80 +",29,7,0,11,0,0,11,77,22,55
Bihar,Gumla,"All Scheduled Tribes",Urban,"Currently Married","All Ages",3317,804,433,510,349,449,760,9001,4726,4275
Bihar,Gumla,"All Scheduled Tribes",Urban,"Currently Married","Less than 15",37,37,0,0,0,0,0,0,0,0
Bihar,Gumla,"All Scheduled Tribes",Urban,"Currently Married",15-19,75,54,21,0,0,0,0,21,11,10
Bihar,Gumla,"All Scheduled Tribes",Urban,"Currently Married",20-24,432,185,112,70,34,0,21,492,210,282
Bihar,Gumla,"All Scheduled Tribes",Urban,"Currently Married",25-29,476,87,125,114,79,39,32,906,456,450
Bihar,Gumla,"All Scheduled Tribes",Urban,"Currently Married",30-34,565,133,36,125,98,54,117,1554,833,721
Bihar,Gumla,"All Scheduled Tribes",Urban,"Currently Married",35-39,474,104,36,70,47,133,84,1337,701,636
Bihar,Gumla,"All Scheduled Tribes",Urban,"Currently Married",40-44,428,79,12,30,44,85,178,1630,856,774
Bihar,Gumla,"All Scheduled Tribes",Urban,"Currently Married",45-49,232,22,22,45,8,56,79,819,450,369
Bihar,Gumla,"All Scheduled Tribes",Urban,"Currently Married",50-54,241,44,21,18,11,35,112,899,532,367
Bihar,Gumla,"All Scheduled Tribes",Urban,"Currently Married",55-59,139,24,15,7,11,10,72,612,264,348
Bihar,Gumla,"All Scheduled Tribes",Urban,"Currently Married",60-64,88,12,0,0,17,26,33,355,206,149
Bihar,Gumla,"All Scheduled Tribes",Urban,"Currently Married",65-69,85,22,22,20,0,0,21,167,75,92
Bihar,Gumla,"All Scheduled Tribes",Urban,"Currently Married",70-74,11,0,0,0,0,11,0,44,22,22
Bihar,Gumla,"All Scheduled Tribes",Urban,"Currently Married",75-79,22,0,11,0,0,0,11,143,99,44
