Season,Sector,Category,Crop,QueryType,QueryText,KCCAns,StateName,DistrictName,BlockName,CreatedOn
RABI,AGRICULTURE,Cereals,Wheat,Weather,"Weather information","????  ??? ????? ??? ???? ??? ?????",BIHAR,SHEOHAR,PIPRAHI,2018-03-01T10:33:06Z
RABI,AGRICULTURE,Others,Others,Weather,"WEATHER INFORMATION","Very low cloudy area but no chance of rain",BIHAR,SHEOHAR,TARIYANI,2018-03-01T14:00:12Z
RABI,AGRICULTURE,Cereals,Wheat,Weather,"WEATHER INFORMATION","?????  ????  ??  ????????  ????  ??",BIHAR,SHEOHAR,"DUMARI KATSARI",2018-03-01T16:41:07Z
JAYAD,AGRICULTURE,Others,Others,"Plant Protection","Insect infestation in wheat","spray imidacoloroprid 1 ml / 3litre of water",BIHAR,SHEOHAR,"DUMARI KATSARI",2018-03-03T14:27:53Z
RABI,AGRICULTURE,Others,Others,Weather,"WEATHER INFORMATION","NO CHANCE OF RAIN IN YOUR AREA",BIHAR,SHEOHAR,TARIYANI,2018-03-04T07:56:44Z
JAYAD,AGRICULTURE,Others,Others,Weather,"WEATHER INFORMATION","?????  ????  ??  ????????  ????  ??",BIHAR,SHEOHAR,"DUMARI KATSARI",2018-03-06T14:26:17Z
JAYAD,AGRICULTURE,Others,Others,Weather,"WEATHER  INFORMATION","?? ?? ?? ???? ??????? ??? ????? ?? ???????  ??? ??",BIHAR,SHEOHAR,SHEOHAR,2018-03-07T07:50:52Z
JAYAD,AGRICULTURE,Others,Others,Weather,"Weather information","Cloudy weather, rain is not likely.",BIHAR,SHEOHAR,TARIYANI,2018-03-07T13:23:57Z
KHARIF,HORTICULTURE,Fruits,Mango,"Plant Protection","STEM BORER","APPLY DICHLOROVOS WITH COTTON ON AFFECTED AREA",BIHAR,SHEOHAR,TARIYANI,2018-03-08T07:49:38Z
JAYAD,AGRICULTURE,Others,Others,"Plant Protection","Growth regulator in mango","Spray Planofix @ 1 ml in 5 liter of water",BIHAR,SHEOHAR,PURNAHIYA,2018-03-10T15:52:41Z
JAYAD,AGRICULTURE,Others,Others,Weather,"WEATHER INFORMATION","No chance of rain in your area.",BIHAR,SHEOHAR,SHEOHAR,2018-03-12T17:23:25Z
JAYAD,AGRICULTURE,Others,Others,Seeds,Nursery,"Treat the seeds with Captan @ 2 g/kg of seeds. Dibble four seeds in polythene bags in depth not exceeding one cm.  Keep the polythene bags in partial shade. Watering can be done with the help of rose can. Seedlings will be ready in about 60 days.",BIHAR,SHEOHAR,SHEOHAR,2018-03-12T17:55:22Z
JAYAD,AGRICULTURE,Others,Others,Weather,"weather information","Sunny weather but no rain in your area.",BIHAR,SHEOHAR,TARIYANI,2018-03-13T15:43:33Z
JAYAD,AGRICULTURE,Others,Others,Weather,"weather information","Sunny weather but no rain in your area.",BIHAR,SHEOHAR,TARIYANI,2018-03-13T15:43:46Z
JAYAD,AGRICULTURE,Others,Others,Weather,"weather information","Sunny weather but no rain in your area.",BIHAR,SHEOHAR,TARIYANI,2018-03-13T15:43:58Z
JAYAD,AGRICULTURE,Others,Others,Weather,"WEATHER INFORMATION","There will be light clouds in the sky but no chance of rain in your area",BIHAR,SHEOHAR,PURNAHIYA,2018-03-14T09:48:10Z
RABI,AGRICULTURE,Cereals,Wheat,Weather,"Weather  information","????  ??? ????? ??? ???? ??? ?????",BIHAR,SHEOHAR,SHEOHAR,2018-03-14T17:59:41Z
JAYAD,AGRICULTURE,Others,Others,"Plant Protection","plant protection","Spray quinalphos @ 1.5ml/lit of water",BIHAR,SHEOHAR,TARIYANI,2018-03-14T18:04:09Z
RABI,AGRICULTURE,Others,Others,Weather,"WEATHER INFORMESION","???? ???? ???? ??? ????? ???? ??????? ??? ????? ?? ???????  ??? ??",BIHAR,SHEOHAR,PIPRAHI,2018-03-15T11:32:08Z
RABI,HORTICULTURE,Fruits,Mango,"Plant Protection","drying tips of mango","SPRAY MANCOZEB @ 2 GRAM/LITRE OF WATER",BIHAR,SHEOHAR,TARIYANI,2018-03-16T09:18:37Z
RABI,AGRICULTURE,Others,Others,Weather,"WEATHER INFORMATION","no chance of rain in your area.",BIHAR,SHEOHAR,TARIYANI,2018-03-16T09:24:00Z
JAYAD,AGRICULTURE,Others,Others,"Weed Management","WEED IN ONION","OCYFLOROFAN 2 ML/5 L OF WATER",BIHAR,SHEOHAR,TARIYANI,2018-03-16T15:38:05Z
RABI,AGRICULTURE,Others,Others,Weather,"weather information","Cloudy weather Today & tomorrow no  chance of rain",BIHAR,SHEOHAR,"DUMARI KATSARI",2018-03-19T12:39:06Z
RABI,AGRICULTURE,Others,Others,Weather,"weather information","Cloudy weather today and tomorrow but no chance of rain.",BIHAR,SHEOHAR,PIPRAHI,2018-03-19T15:25:18Z
JAYAD,HORTICULTURE,Vegetables,Radish,"Plant Protection","INSECT INFESTATION IN RADISH","Spray malathion @ 2ml/lit of water",BIHAR,SHEOHAR,SHEOHAR,2018-03-20T09:03:07Z
KHARIF,AGRICULTURE,Others,Others,Weather,weather,"no rai",BIHAR,SHEOHAR,TARIYANI,2018-03-22T11:26:10Z
RABI,AGRICULTURE,Others,Others,Weather,"WEATHER INFORMATION","Partly cloudy in your area,but no chance of rain",BIHAR,SHEOHAR,SHEOHAR,2018-03-22T14:25:57Z
RABI,AGRICULTURE,Others,Others,"Field Preparation","Weather Information","Cloudy weather  today and tomorrow  no chance of  rain",BIHAR,SHEOHAR,PIPRAHI,2018-03-22T14:58:14Z
RABI,AGRICULTURE,Others,Others,"Field Preparation","YELLOWING OF LEAVES","SPRAY COPPER OXY CHLORIDE 2 GRAM/LITRE OF WATER",BIHAR,SHEOHAR,PIPRAHI,2018-03-25T09:21:30Z
RABI,AGRICULTURE,Others,Others,"Field Preparation","YELLOWING OF LEAVES","SPRAY COPPER OXY CHLORIDE 2 GRAM/LITRE OF WATER",BIHAR,SHEOHAR,PIPRAHI,2018-03-25T09:30:59Z
RABI,AGRICULTURE,Others,Others,"Field Preparation","Pest attack","spray imidacoloroprid 1 ml / 3litre of water",BIHAR,SHEOHAR,PIPRAHI,2018-03-25T09:37:30Z
JAYAD,AGRICULTURE,Others,Others,"Plant Protection","plant protection","spray mancozeb @ 2 gm / lit of water",BIHAR,SHEOHAR,PURNAHIYA,2018-03-26T15:27:11Z
JAYAD,AGRICULTURE,Others,Others,"Plant Protection","plant protection","Spray Multi micro nutrient @ 2 gram in 1 litre of water",BIHAR,SHEOHAR,PURNAHIYA,2018-03-26T15:28:14Z
JAYAD,AGRICULTURE,Others,Others,"Plant Protection","plant protection","Spray imidachloprid @ 1ml/3 lit of water",BIHAR,SHEOHAR,SHEOHAR,2018-03-26T17:59:23Z
JAYAD,AGRICULTURE,Others,Others,"Plant Protection","plant protection","spray mancozeb @ 2 gm / lit of water",BIHAR,SHEOHAR,SHEOHAR,2018-03-26T17:59:37Z
JAYAD,AGRICULTURE,Others,Others,"Plant Protection","plant protection","Spray planofix @ 1 ml in 4.5- 5 liter of water",BIHAR,SHEOHAR,SHEOHAR,2018-03-26T17:59:56Z
JAYAD,AGRICULTURE,Others,Others,Weather,"WEATHER INFORMATION","Today and tomorrow no chance of rain in your area.",BIHAR,SHEOHAR,PIPRAHI,2018-03-27T12:22:45Z
RABI,HORTICULTURE,Vegetables,"Pointed Gourd","Plant Protection","fruit rot of pointedgourd","Spray Copper oxychloride 2gm per lit of water",BIHAR,SHEOHAR,PIPRAHI,2018-03-28T08:10:14Z
RABI,HORTICULTURE,Vegetables,"Pointed Gourd","Nutrient Management","nUTRIENT  MANAGEMENT IN  POINTED GOURD","SPRAY MULTIMICRO NUTRIENT @ 2 G /LITRE  WATER",BIHAR,SHEOHAR,PIPRAHI,2018-03-28T08:17:11Z
RABI,AGRICULTURE,Others,Others,Weather,"WEATHER INFORMATION","Cloudy weather, but no chance of rain in your area",BIHAR,SHEOHAR,PIPRAHI,2018-03-28T08:18:42Z
RABI,AGRICULTURE,Others,Others,"Plant Protection","Flower dropping problem in mango","Spray Planofix 1 ml/4-5 Litre of Water",BIHAR,SHEOHAR,TARIYANI,2018-03-28T14:20:03Z
JAYAD,HORTICULTURE,Fruits,Mango,"Plant Protection","washing of mango plant","Spray planofix 1ml in 4 lit of water.  spraying of Carbendazim @ 2g/lit of water,Spray  Imidachloprid @ 1ml/3lit of water  mix all medicine together then spray",BIHAR,SHEOHAR,"DUMARI KATSARI",2018-03-28T18:51:16Z
JAYAD,AGRICULTURE,Others,Others,Weather,"Weather information","Cloudy weather in your area and no chance of rain in your area",BIHAR,SHEOHAR,SHEOHAR,2018-03-29T13:51:38Z
RABI,AGRICULTURE,Cereals,Wheat,Weather,"Weather Information","????  ??? ????? ??? ???? ??? ?????",BIHAR,SHEOHAR,TARIYANI,2018-03-29T20:32:52Z
RABI,HORTICULTURE,Fruits,Mango,"Cultural Practices","WASHING OF MANGO PLANT","Spray carbendazym @ 2 gram in 1 litre of water,SPRAY  PLANOFIX @ 1 ML / 4 LITRE WATER",BIHAR,SHEOHAR,SHEOHAR,2018-03-30T08:17:46Z
JAYAD,AGRICULTURE,Millets,"Maize (Makka)",Varieties,"Good variety of maize","Good variety of maize - Shaktiman 1,2,Ganga-11, Suan, Devki, D.H.M.-117",BIHAR,SHEOHAR,SHEOHAR,2018-03-30T08:20:39Z
RABI,AGRICULTURE,Others,Others,Weather,"WEATHER INFORMATION","TODAY AND TOMARROW CHANCE OF RAIN IN YOUR AREA",BIHAR,SHEOHAR,SHEOHAR,2018-03-30T08:21:18Z
JAYAD,AGRICULTURE,Others,Others,Weather,"Weather information","Cloudy weather Today and tomorrow little chance of rain in your area",BIHAR,SHEOHAR,PIPRAHI,2018-03-30T10:55:39Z
JAYAD,HORTICULTURE,Vegetables,Onion,"Plant Protection","THRIPS INFESTATION IN ONION","Spray Imidacloroprid 17.8 SL @ 1 ml /3 lit of water with suitable sticker",BIHAR,SHEOHAR,PIPRAHI,2018-03-30T13:19:20Z
RABI,AGRICULTURE,Others,Others,"Field Preparation","Fruit dropping problem in mango","SPRAY PLANOFIX 1 ML/5LITRE OF WATER",BIHAR,SHEOHAR,PURNAHIYA,2018-03-30T17:58:32Z
RABI,AGRICULTURE,Others,Others,"Plant Protection","nurient deficiency in okra","Spray multi micro nutrients @ 2 ml in 1 liter of water",BIHAR,SHEOHAR,PURNAHIYA,2018-03-30T19:38:37Z
JAYAD,AGRICULTURE,Others,Others,Weather,"Weather information","CHANCE OF RAIN IN YOUR AREA",BIHAR,SHEOHAR,PIPRAHI,2018-03-31T06:54:54Z
JAYAD,HORTICULTURE,Fruits,"Jack Fruit","Plant Protection","RHOZOPUS ROT OF JACK FRUIT","Spray 1 % Bordeaux mixture or Copper oxychloride 2.5 g/lit. Three sprays must be given at 15 days interval.",BIHAR,SHEOHAR,TARIYANI,2018-03-31T08:16:37Z
JAYAD,HORTICULTURE,Fruits,Mango,"Plant Protection","INFESTATION OF MANGO HOPPER","Syray Dimethoate 30% EC @ 2 ml / 3 lit of water",BIHAR,SHEOHAR,TARIYANI,2018-03-31T08:18:02Z
JAYAD,HORTICULTURE,Vegetables,Chillies,"Nutrient Management","GROWTH OF CHILLI","Spray multi micro nutrients @ 2 ml in 1 liter of water",BIHAR,SHEOHAR,TARIYANI,2018-03-31T08:18:54Z
JAYAD,AGRICULTURE,Others,Others,Weather,"WEATHER INFORMATION","???? ???  ????? ????? ?? ??????? ??",BIHAR,SHEOHAR,PIPRAHI,2018-03-31T08:21:30Z
JAYAD,AGRICULTURE,Millets,"Maize (Makka)","Plant Protection","INSECT PROBLEM IN  MAIZE","Spray chlorpyriphos @ 2 ml in 1 liter of water",BIHAR,SHEOHAR,TARIYANI,2018-03-31T11:17:28Z
JAYAD,HORTICULTURE,Vegetables,Radish,"Plant Protection","INSECT INFESTATION IN RADISH","Syray Dimethoate 30% EC @ 2 ml / 3 lit of water OR Spray neem oil, mix 2 grams in 1 liter of water and sprinkle it",BIHAR,SHEOHAR,SHEOHAR,2018-03-31T12:04:09Z
