Season,Sector,Category,Crop,QueryType,QueryText,KCCAns,StateName,DistrictName,BlockName,CreatedOn
RABI,AGRICULTURE,Cereals,Wheat,Weather,"WEATHER INFORMATION","?????  ????  ??  ????????  ????  ??",BIHAR,BUXAR,RAJPUR,2018-03-01T16:37:20Z
RABI,AGRICULTURE,Others,Others,Weather,"Weather  information","Weather will be clear and glowing sun",BIHAR,BUXAR,RAJPUR,2018-03-01T16:47:32Z
RABI,AGRICULTURE,Others,Others,"Plant Protection","white fly in onion","Spray imidachloprid @ 1ml/3 lit of water",BIHAR,BUXAR,CHAUSA,2018-03-03T14:11:33Z
JAYAD,AGRICULTURE,Others,Others,"Plant Protection","Insect infestation in gram","Spray chlorpyriphos @ 2 ml in 1 liter of water",BIHAR,BUXAR,NAWANAGAR,2018-03-03T15:05:22Z
RABI,AGRICULTURE,Others,Others,Weather,"WEATHER INFORMATION","The sun is going out will not be possible rainweather",BIHAR,BUXAR,DUMRAON,2018-03-03T15:13:12Z
JAYAD,AGRICULTURE,Others,Others,Weather,"Weather information","Hazy weather in your area ,no chance of rain",BIHAR,BUXAR,CHAUSA,2018-03-04T09:57:08Z
JAYAD,AGRICULTURE,Others,Others,"Plant Protection","Insect infestation in mango","Spray Imidacloroprid @ 1 Spray Multi micro nutrient @ 2 gram liter of waterml /3 lit of water",BIHAR,BUXAR,CHOUGAIN,2018-03-04T17:06:33Z
RABI,AGRICULTURE,Others,Others,Weather,"WEATHER INFORMATION","no chance of rain in your area.",BIHAR,BUXAR,RAJPUR,2018-03-06T08:30:26Z
JAYAD,AGRICULTURE,Pulses,"Bengal Gram (Gram/Chick Pea/Kabuli/Chana)","Plant Protection","INFESTATION OF GRAM POD BORER","Spray monocrotophos @ 1 ml in 1 litre of water",BIHAR,BUXAR,CHAUSA,2018-03-06T09:37:20Z
JAYAD,AGRICULTURE,Pulses,"Bengal Gram (Gram/Chick Pea/Kabuli/Chana)","Plant Protection","INFESTATION OF GRAM POD BORER","Spray monocrotophos @ 1 ml in 1 litre of water",BIHAR,BUXAR,CHAUSA,2018-03-06T09:44:56Z
JAYAD,AGRICULTURE,Others,Others,Weather,"Weather information","Cloudy weather, rain is not likely.",BIHAR,BUXAR,RAJPUR,2018-03-07T06:36:54Z
JAYAD,HORTICULTURE,"Medicinal and Aromatic Plants",Mentha,"Medicinal and Aromatic Plants","WEEDS IFESTATION IN FIELD","pendimethalin @ 2 ml in 1 litter of water",BIHAR,BUXAR,ITARHI,2018-03-07T12:27:56Z
JAYAD,AGRICULTURE,Others,Others,Weather,"Weather information","Cloudy weather, no rain likely.",BIHAR,BUXAR,RAJPUR,2018-03-08T14:10:29Z
RABI,AGRICULTURE,Cereals,Wheat,Weather,"Weather information","???? ??????? ??? ???? ??? ?????  ,????? ???? ?? ??? ??????? ???? ??",BIHAR,BUXAR,BRAHMPUR,2018-03-08T14:31:35Z
RABI,AGRICULTURE,Others,Others,Weather,"WEATHER INFORMATION","Cloudy weather in your area, but Hazy sunshine no chance of rain in your area.",BIHAR,BUXAR,NAWANAGAR,2018-03-08T17:34:33Z
RABI,AGRICULTURE,Cereals,Wheat,Weather,"WEATHER INFORMATION","???? ??? ?????? ? ?????  ????  ??  ????????  ??",BIHAR,BUXAR,CHAUSA,2018-03-09T16:42:09Z
RABI,AGRICULTURE,Cereals,Wheat,"Water Management","IRRIGATION MANAGEMENT IN WHEAT","BALI NIKALNE  KE TIME SICHAI KARE",BIHAR,BUXAR,CHOUGAIN,2018-03-10T11:50:54Z
RABI,AGRICULTURE,Others,Others,Weather,"WEATHER INFORMATION","no chance of rain in your area.",BIHAR,BUXAR,CHOUGAIN,2018-03-10T11:52:04Z
JAYAD,AGRICULTURE,Others,Others,"Plant Protection","plant protection","Spray Planofix @ 1 ml in 5 liter of water",BIHAR,BUXAR,NAWANAGAR,2018-03-10T15:00:27Z
JAYAD,AGRICULTURE,Others,Others,"Plant Protection","plant protection","spray imidacoloroprid 1 ml / 3litre of water",BIHAR,BUXAR,NAWANAGAR,2018-03-10T15:00:46Z
RABI,AGRICULTURE,Cereals,Wheat,Weather,"WEATHER INFORMATION","???? ???  ?????  ,?????  ?? ???  ???????  ??? ??",BIHAR,BUXAR,BUXAR,2018-03-12T20:58:19Z
RABI,AGRICULTURE,Others,Others,Weather,"WEATHER INFORMATION","no chance of rain in your area",BIHAR,BUXAR,CHAKKI,2018-03-13T08:46:18Z
RABI,AGRICULTURE,Cereals,Wheat,Weather,"WEATHER INFORMESION","Today and tomorrow little chance of rain",BIHAR,BUXAR,CHOUGAIN,2018-03-13T16:10:43Z
JAYAD,AGRICULTURE,Others,Others,Weather,"WEATHER INFORMESION","Cloudy weather but no rain in your area",BIHAR,BUXAR,KESATH,2018-03-14T08:39:53Z
JAYAD,AGRICULTURE,Others,Others,Weather,"WEATHER INFORMATION","There will be light clouds in the sky but no chance of rain in your area",BIHAR,BUXAR,DUMRAON,2018-03-14T09:46:57Z
JAYAD,AGRICULTURE,Pulses,"Black Gram (urd bean)",Varieties,"Variety of Moong","???? ?????, ???? ,??.??.?? -16, ?????? ,???? , ?? .??-16, ?? .?? .??.-668",BIHAR,BUXAR,ITARHI,2018-03-14T16:12:29Z
JAYAD,AGRICULTURE,Pulses,"Green Gram (Moong Bean/ Moong)",Varieties,"Variety of Moong","- pusa vishal, smart, sona , H.U.M.-16, P.S.-16,S.M.L.668",BIHAR,BUXAR,ITARHI,2018-03-14T16:19:05Z
JAYAD,AGRICULTURE,Others,Others,"Nutrient Management","Horticulture :: Aromatic Crops :: Mint","Apply NPK 50:75:50 kg/ha as basal. At four months after planting, N 25 kg/ha is applied.",BIHAR,BUXAR,RAJPUR,2018-03-15T15:28:21Z
RABI,AGRICULTURE,Others,Others,"Field Preparation","Weather information","Very low cloudy area but no chance of rain",BIHAR,BUXAR,KESATH,2018-03-16T10:59:49Z
RABI,AGRICULTURE,Others,Others,"Field Preparation","pest attack on mango","Spray Imidacloroprid @ 1 ml / 3 lit of water",BIHAR,BUXAR,KESATH,2018-03-16T11:17:12Z
RABI,AGRICULTURE,Others,Others,"Plant Protection","dropping problem in mango","SPRAY PLANOFIX 1 ML/5LITRE OF WATER",BIHAR,BUXAR,CHOUGAIN,2018-03-16T15:58:48Z
RABI,AGRICULTURE,Others,Others,Weather,"weather information","chance of rain IN YOUR AREA",BIHAR,BUXAR,NAWANAGAR,2018-03-17T07:29:32Z
RABI,AGRICULTURE,Others,Others,"Field Preparation","WEATHER INFORMATION","Today and tomorrow no chance of rain in your area.",BIHAR,BUXAR,SIMRI,2018-03-18T06:23:56Z
RABI,AGRICULTURE,Others,Others,"Field Preparation","WEATHER INFORMATION","Today and tomorrow no chance of rain in your area.",BIHAR,BUXAR,NAWANAGAR,2018-03-18T06:51:56Z
JAYAD,HORTICULTURE,"Medicinal and Aromatic Plants",Mint,"Plant Protection","weed infestation in mint","only hand weeding should be done",BIHAR,BUXAR,NAWANAGAR,2018-03-18T07:20:08Z
JAYAD,AGRICULTURE,Others,Others,Weather,"WEATHER INFORMATION","Cloudy weather in your area, but no chance of rain in your area",BIHAR,BUXAR,CHOUGAIN,2018-03-18T08:30:27Z
RABI,AGRICULTURE,Others,Others,Weather,"weather information","Cloudy weather Today & tomorrow no  chance of rain",BIHAR,BUXAR,BRAHMPUR,2018-03-19T13:01:50Z
JAYAD,AGRICULTURE,Oilseeds,"Sesame (Gingelly/Til)/Sesamum","Cultural Practices","varieties of sesame","kalika,krishna,pragati",BIHAR,BUXAR,CHOUGAIN,2018-03-19T13:47:58Z
JAYAD,AGRICULTURE,Others,Others,"Plant Protection","growth regulator in mango","??????????? 1 ???? ????? 4.5 - 5 ???? ???? ??? ?????? ?????? ????",BIHAR,BUXAR,BUXAR,2018-03-19T14:57:53Z
JAYAD,AGRICULTURE,Others,Others,"Nutrient Management","Weather information","????? ?? ????? ???? ??? ?????? ? ????? ?? ??????? ???? ??",BIHAR,BUXAR,ITARHI,2018-03-19T15:42:50Z
JAYAD,AGRICULTURE,Others,Others,"Fertilizer Use and Availability","FERTILIZER USE","5kg varmicompost, 500g DAP, 500g uria,10 g thimat",BIHAR,BUXAR,ITARHI,2018-03-19T18:39:20Z
JAYAD,AGRICULTURE,Others,Others,Weather,"Weather information","????? ?? ????? ???? ??? ?????? ? ????? ?? ??????? ???? ??",BIHAR,BUXAR,BRAHMPUR,2018-03-19T19:24:52Z
RABI,AGRICULTURE,Cereals,Wheat,Weather,"weather informesion","Cloudy weather today and tomorrow little chance of rain.",BIHAR,BUXAR,ITARHI,2018-03-20T11:03:52Z
RABI,AGRICULTURE,Cereals,Wheat,Weather,"weather informesion","Cloudy weather today and tomorrow little chance of rain.",BIHAR,BUXAR,ITARHI,2018-03-20T11:04:13Z
RABI,AGRICULTURE,Cereals,Wheat,Weather,"weather informesion","Cloudy weather today and tomorrow little chance of rain.",BIHAR,BUXAR,ITARHI,2018-03-20T11:04:36Z
RABI,AGRICULTURE,Cereals,Wheat,Weather,"weather informesion","Cloudy weather today and tomorrow little chance of rain.",BIHAR,BUXAR,ITARHI,2018-03-20T11:05:11Z
RABI,AGRICULTURE,Cereals,Wheat,Weather,"weather informesion","Cloudy weather today and tomorrow little chance of rain.",BIHAR,BUXAR,ITARHI,2018-03-20T11:05:28Z
RABI,AGRICULTURE,Cereals,Wheat,Weather,"weather informesion","Cloudy weather today and tomorrow little chance of rain.",BIHAR,BUXAR,ITARHI,2018-03-20T11:05:48Z
RABI,AGRICULTURE,Cereals,Wheat,Weather,"weather informesion","Cloudy weather today and tomorrow little chance of rain.",BIHAR,BUXAR,ITARHI,2018-03-20T11:06:07Z
RABI,AGRICULTURE,Cereals,Wheat,Weather,"weather informesion","Cloudy weather today and tomorrow little chance of rain.",BIHAR,BUXAR,RAJPUR,2018-03-20T11:28:15Z
RABI,AGRICULTURE,Others,Others,Weather,"WEATHER INFORMATION","Cloudy weather, but no chance of rain in your area",BIHAR,BUXAR,NAWANAGAR,2018-03-20T11:30:00Z
RABI,AGRICULTURE,Others,Others,Weather,"WEATHER INFORMATION","Cloudy weather, but  no chance of rain in your area",BIHAR,BUXAR,NAWANAGAR,2018-03-20T11:37:04Z
RABI,AGRICULTURE,Pulses,"Green Gram (Moong Bean/ Moong)",Varieties,"Variety of moong","Variety of moong- pusa vishal, smart, sona",BIHAR,BUXAR,CHOUGAIN,2018-03-22T07:17:04Z
RABI,AGRICULTURE,Others,Others,"Weed Management","WEED MANAGEMENT IN ONION","TARGA SUPER-2ML/LITER OF WATER",BIHAR,BUXAR,SIMRI,2018-03-22T18:26:43Z
RABI,AGRICULTURE,Others,Others,Weather,"WEATHER INFORMATION","	Cloudy weather in your area, but no chance of rain in your area.",BIHAR,BUXAR,RAJPUR,2018-03-23T11:50:55Z
JAYAD,HORTICULTURE,Vegetables,"Bottle Gourd","Plant Protection","NO FLOWER IN CUCUMBER","SPRAY MULTIMICRONUTRIENT 3ML/LIT OF WATER FOR PUMPKIN",BIHAR,BUXAR,SIMRI,2018-03-24T21:30:45Z
KHARIF,HORTICULTURE,Fruits,Mango,"Nutrient Management","FRUIT DROPPING IN MANGO","Spray Planofix 1 ml/4-5 Litre of Water",BIHAR,BUXAR,CHAUSA,2018-03-26T08:40:16Z
RABI,AGRICULTURE,Cereals,Wheat,Weather,"WEATHER INFORMATION","???? ???  ?????  ,?????  ?? ???  ,?????  ?? ???  ,?????  ?? ???  ???????  ??? ??",BIHAR,BUXAR,SIMRI,2018-03-26T11:09:34Z
RABI,AGRICULTURE,Others,Others,Weather,"WEATHER INFORMATION","Cloudy weather, but no chance of rain in your area",BIHAR,BUXAR,DUMRAON,2018-03-27T11:43:27Z
JAYAD,AGRICULTURE,Others,Others,"Nutrient Management","Growth Delay","Spray multi micro nutrients @ 2 ml in 1 liter of water",BIHAR,BUXAR,RAJPUR,2018-03-27T17:43:33Z
RABI,AGRICULTURE,Others,Others,Weather,"WEATHER INFORMATION","Cloudy weather, but chance of rain in your area",BIHAR,BUXAR,ITARHI,2018-03-28T18:12:47Z
JAYAD,HORTICULTURE,Vegetables,"Bottle Gourd","Plant Protection","powdery mildew in bottle gourd","Spray dainocap @ 1 ml in 1 litre of water",BIHAR,BUXAR,NAWANAGAR,2018-03-29T10:27:35Z
JAYAD,HORTICULTURE,Vegetables,"Bottle Gourd","Plant Protection","fungal infection in bottle gourd","spray mancozeb @ 2 gm / lit of water",BIHAR,BUXAR,NAWANAGAR,2018-03-29T10:28:43Z
RABI,AGRICULTURE,Others,Others,"Field Preparation","Spray after fruit emergence in mango","Spray mancozeb 2 gram/liter, rogor 2 ml/3 liter and planofix 1 ml/4 liter water",BIHAR,BUXAR,ITARHI,2018-03-29T14:41:17Z
RABI,AGRICULTURE,Others,Others,"Field Preparation","Spray after fruit emergence in mango","Spray mancozeb 2 gram/liter, rogor 2 ml/3 liter and planofix 1 ml/4 liter water",BIHAR,BUXAR,ITARHI,2018-03-29T14:52:11Z
JAYAD,AGRICULTURE,Others,Others,"Plant Protection","YELLOWING OF LEAVES","??????????????????? 2????? ????? ???? ???? ??? ?????? ?????? ????",BIHAR,BUXAR,SIMRI,2018-03-31T07:38:47Z
JAYAD,AGRICULTURE,Others,Others,Weather,"WEATHER INFORMATION","Today and tomorrow no chance of rain in your area.",BIHAR,BUXAR,SIMRI,2018-03-31T09:34:27Z
JAYAD,AGRICULTURE,Others,Others,Weather,"Weather information","chance of rain in your area",BIHAR,BUXAR,NAWANAGAR,2018-03-31T10:34:36Z
JAYAD,AGRICULTURE,Others,Others,Weather,"Weather information","chance of rain in your area",BIHAR,BUXAR,NAWANAGAR,2018-03-31T10:34:50Z
JAYAD,AGRICULTURE,Others,Others,Weather,"Weather information","chance of rain in your area",BIHAR,BUXAR,NAWANAGAR,2018-03-31T12:01:47Z
JAYAD,AGRICULTURE,Others,Others,Weather,"Weather information","chance of rain in your area",BIHAR,BUXAR,NAWANAGAR,2018-03-31T12:05:23Z
JAYAD,AGRICULTURE,Others,Others,Weather,"weather information","Cloudy weather,rain is likely.",BIHAR,BUXAR,NAWANAGAR,2018-03-31T12:11:01Z
RABI,AGRICULTURE,Cereals,Wheat,Weather,"weather informesion","Cloudy weather  today and tomorrow  no chance of  rain",BIHAR,BUXAR,NAWANAGAR,2018-03-31T12:11:24Z
