Season,Sector,Category,Crop,QueryType,QueryText,KCCAns,StateName,DistrictName,BlockName,CreatedOn
KHARIF,AGRICULTURE,Others,Others,"Government Schemes","DBT PROBLEM","AAP CSC ME CONTACT KARE",BIHAR,SIWAN,BARHARIA,2018-09-02T10:32:57Z
KHARIF,AGRICULTURE,Others,Others,"Government Schemes","DBT PROBLEM","AAP CSC ME CONTACT KARE",BIHAR,SIWAN,BARHARIA,2018-09-02T10:32:57Z
KHARIF,HORTICULTURE,Vegetables,Brinjal,"Cultural Practices","Shoot and fruit borer control in brinjal crops ?","Flubendiamide 39.35% 60 ml/acre ki dar se ghol kar spray kare",BIHAR,SIWAN,DARAUNDHA,2018-09-06T11:37:17Z
KHARIF,HORTICULTURE,Vegetables,Brinjal,"Cultural Practices","Shoot and fruit borer control in brinjal crops ?","Flubendiamide 39.35% 60 ml/acre ki dar se ghol kar spray kare",BIHAR,SIWAN,DARAUNDHA,2018-09-06T11:37:17Z
KHARIF,AGRICULTURE,Cereals,"Paddy (Dhan)","Plant Protection","rice blast disease problem in rice crop","spray carbendazim @ 1 gram / litre water",BIHAR,SIWAN,RAGHUNATHPUR,2018-09-07T08:33:11Z
KHARIF,AGRICULTURE,Cereals,"Paddy (Dhan)","Plant Protection","rice blast disease problem in rice crop","spray carbendazim @ 1 gram / litre water",BIHAR,SIWAN,RAGHUNATHPUR,2018-09-07T08:33:11Z
KHARIF,AGRICULTURE,Others,Others,Weather,"WEATHER INFORMATION","Kisan Bhai, there will be chance of rain in your area",BIHAR,SIWAN,ANDAR,2018-09-08T21:36:11Z
KHARIF,AGRICULTURE,Others,Others,Weather,"WEATHER INFORMATION","Kisan Bhai, there will be chance of rain in your area",BIHAR,SIWAN,ANDAR,2018-09-08T21:36:11Z
KHARIF,HORTICULTURE,Vegetables,Brinjal,"Plant Protection","WHITE FLY INSECT PROBLEM IN BRINJAL CROP","spray imidachloprid 1 ml/3 liter water",BIHAR,SIWAN,BASANTPUR,2018-09-10T15:21:12Z
KHARIF,HORTICULTURE,Vegetables,Brinjal,"Plant Protection","WHITE FLY INSECT PROBLEM IN BRINJAL CROP","spray imidachloprid 1 ml/3 liter water",BIHAR,SIWAN,BASANTPUR,2018-09-10T15:21:12Z
KHARIF,AGRICULTURE,Others,Others,"Crop Insurance","ASKING ABOUT GOVERNMENT SCHEME ?","FOR DETAIL INFORMATION ABOUT GOVERNMENT SCHEME  PLEASE VISIT YOUR TALUKA AGRICULTURE OFFICER",BIHAR,SIWAN,MAHARAJGANJ,2018-09-13T09:52:27Z
KHARIF,AGRICULTURE,Others,Others,"Crop Insurance","ASKING ABOUT GOVERNMENT SCHEME ?","FOR DETAIL INFORMATION ABOUT GOVERNMENT SCHEME  PLEASE VISIT YOUR TALUKA AGRICULTURE OFFICER",BIHAR,SIWAN,MAHARAJGANJ,2018-09-13T09:52:27Z
KHARIF,AGRICULTURE,Others,Others,"Crop Insurance","ASKING ABOUT GOVERNMENT SCHEME ?","FOR DETAIL INFORMATION ABOUT GOVERNMENT SCHEME  PLEASE VISIT YOUR TALUKA AGRICULTURE OFFICER",BIHAR,SIWAN,MAHARAJGANJ,2018-09-13T09:52:27Z
KHARIF,AGRICULTURE,Others,Others,"Crop Insurance","ASKING ABOUT GOVERNMENT SCHEME ?","FOR DETAIL INFORMATION ABOUT GOVERNMENT SCHEME  PLEASE VISIT YOUR TALUKA AGRICULTURE OFFICER",BIHAR,SIWAN,MAHARAJGANJ,2018-09-13T09:52:27Z
0,AGRICULTURE,Others,Others,NA,"DBT Related problem","Please contact to block",BIHAR,SIWAN,MAIRWA,2018-09-13T15:28:17Z
0,AGRICULTURE,Others,Others,NA,"DBT Related problem","Please contact to block",BIHAR,SIWAN,MAIRWA,2018-09-13T15:28:17Z
0,AGRICULTURE,Others,Others,NA,"Diesel subsidy","Consult to Agriculture coordinator",BIHAR,SIWAN,GORIAKOTHI,2018-09-13T15:31:48Z
0,AGRICULTURE,Others,Others,NA,"Diesel subsidy","Consult to Agriculture coordinator",BIHAR,SIWAN,GORIAKOTHI,2018-09-13T15:31:48Z
0,AGRICULTURE,Others,Others,NA,"GOVT SCHEMES",KRISHI.BIH.NIC.IN,BIHAR,SIWAN,NAUTAN,2018-09-14T15:28:44Z
0,AGRICULTURE,Others,Others,NA,"GOVT SCHEMES",KRISHI.BIH.NIC.IN,BIHAR,SIWAN,NAUTAN,2018-09-14T15:28:44Z
0,AGRICULTURE,Others,Others,NA,"Weather information","Cloudy weather, Today & tomorrow little chance of rain",BIHAR,SIWAN,DARAULI,2018-09-14T17:28:03Z
0,AGRICULTURE,Others,Others,NA,"Weather information","Cloudy weather, Today & tomorrow little chance of rain",BIHAR,SIWAN,DARAULI,2018-09-14T17:28:03Z
0,HORTICULTURE,Fruits,Papaya,NA,"AAP PAPITA LAGA SAKTE HAI","AAP PAPITA LAGA SAKTE HAI",BIHAR,SIWAN,ZIRADEI,2018-09-15T10:55:16Z
0,HORTICULTURE,Fruits,Papaya,NA,"AAP PAPITA LAGA SAKTE HAI","AAP PAPITA LAGA SAKTE HAI",BIHAR,SIWAN,ZIRADEI,2018-09-15T10:55:16Z
0,AGRICULTURE,Others,Others,NA,"DBT PROBLEM","AAP SAHAJ KENDRA ME CONTACT KARE",BIHAR,SIWAN,GORIAKOTHI,2018-09-15T12:43:07Z
0,AGRICULTURE,Others,Others,NA,"DBT PROBLEM","AAP SAHAJ KENDRA ME CONTACT KARE",BIHAR,SIWAN,GORIAKOTHI,2018-09-15T12:43:07Z
0,AGRICULTURE,Others,Others,NA,"weather information","no chance to rain in your area",BIHAR,SIWAN,"BHAGWANPUR HAT",2018-09-15T12:54:10Z
0,AGRICULTURE,Others,Others,NA,"weather information","no chance to rain in your area",BIHAR,SIWAN,"BHAGWANPUR HAT",2018-09-15T12:54:10Z
0,AGRICULTURE,Others,Others,NA,"QUART FOR DBT","TO MEET BLOCK OFFICER",BIHAR,SIWAN,MAIRWA,2018-09-15T15:55:06Z
0,AGRICULTURE,Others,Others,NA,"QUART FOR DBT","TO MEET BLOCK OFFICER",BIHAR,SIWAN,MAIRWA,2018-09-15T15:55:06Z
0,AGRICULTURE,Others,Others,NA,"TERMITE INSECT PROBLEM IN EUCALYPTUS","SPRAY QUINALPHOS @ 2 ML/ LITRE WATER",BIHAR,SIWAN,ZIRADEI,2018-09-17T13:26:59Z
0,AGRICULTURE,Others,Others,NA,"TERMITE INSECT PROBLEM IN EUCALYPTUS","SPRAY QUINALPHOS @ 2 ML/ LITRE WATER",BIHAR,SIWAN,ZIRADEI,2018-09-17T13:26:59Z
0,AGRICULTURE,Others,Others,NA,"Weather information","no chance of rain in your area",BIHAR,SIWAN,BARHARIA,2018-09-17T19:12:57Z
0,AGRICULTURE,Others,Others,NA,"Weather information","no chance of rain in your area",BIHAR,SIWAN,BARHARIA,2018-09-17T19:12:57Z
0,AGRICULTURE,Others,Others,NA,"Weather information","no chance of rain in your area",BIHAR,SIWAN,DARAULI,2018-09-18T11:00:46Z
0,AGRICULTURE,Others,Others,NA,"Weather information","no chance of rain in your area",BIHAR,SIWAN,DARAULI,2018-09-18T11:00:46Z
0,AGRICULTURE,Others,Others,NA,"dbt reltated","meet agriculture coordinator of your block",BIHAR,SIWAN,ZIRADEI,2018-09-19T10:35:37Z
0,AGRICULTURE,Others,Others,NA,"dbt reltated","meet agriculture coordinator of your block",BIHAR,SIWAN,ZIRADEI,2018-09-19T10:35:37Z
0,NA,NA,NA,NA,"Weather information",", no chance of rain in your area",BIHAR,SIWAN,RAGHUNATHPUR,2018-09-19T14:08:53Z
0,NA,NA,NA,NA,"Weather information",", no chance of rain in your area",BIHAR,SIWAN,RAGHUNATHPUR,2018-09-19T14:08:53Z
0,AGRICULTURE,Others,Others,NA,"Weather information","Cloudy weather in your area but no chance of rain in your area",BIHAR,SIWAN,"LAKRI NABIGANJ",2018-09-19T15:24:38Z
0,AGRICULTURE,Others,Others,NA,"Weather information","Cloudy weather in your area but no chance of rain in your area",BIHAR,SIWAN,"LAKRI NABIGANJ",2018-09-19T15:24:38Z
0,AGRICULTURE,Others,Others,NA,"Weather information","Cloudy weather, Today & tomorrow little chance of rain",BIHAR,SIWAN,"HASAN PURA",2018-09-20T19:39:46Z
0,AGRICULTURE,Others,Others,NA,"Weather information","Cloudy weather, Today & tomorrow little chance of rain",BIHAR,SIWAN,"HASAN PURA",2018-09-20T19:39:46Z
0,AGRICULTURE,Others,Others,NA,"Weather information","Cloudy weather, Today & tomorrow little chance of rain",BIHAR,SIWAN,"HASAN PURA",2018-09-20T19:47:52Z
0,AGRICULTURE,Others,Others,NA,"Weather information","Cloudy weather, Today & tomorrow little chance of rain",BIHAR,SIWAN,"HASAN PURA",2018-09-20T19:47:52Z
0,AGRICULTURE,Others,Others,NA,"Weather information","chance of rain in your area",BIHAR,SIWAN,DARAULI,2018-09-21T09:59:52Z
0,AGRICULTURE,Others,Others,NA,"Weather information","chance of rain in your area",BIHAR,SIWAN,DARAULI,2018-09-21T09:59:52Z
0,HORTICULTURE,Fruits,Mango,NA,"gumming disease problem in mango plant","brodeux mixture  ka lep  lagwaye",BIHAR,SIWAN,GORIAKOTHI,2018-09-24T10:35:48Z
0,HORTICULTURE,Fruits,Mango,NA,"gumming disease problem in mango plant","brodeux mixture  ka lep  lagwaye",BIHAR,SIWAN,GORIAKOTHI,2018-09-24T10:35:48Z
0,AGRICULTURE,Others,Others,NA,"Weather information","no chance of rain in your area",BIHAR,SIWAN,MAHARAJGANJ,2018-09-24T11:02:21Z
0,AGRICULTURE,Others,Others,NA,"Weather information","no chance of rain in your area",BIHAR,SIWAN,MAHARAJGANJ,2018-09-24T11:02:21Z
0,HORTICULTURE,Fruits,Mango,NA,"drying in mango","spray carbendazim @ 2 gram/liter water",BIHAR,SIWAN,BARHARIA,2018-09-26T09:43:33Z
0,HORTICULTURE,Fruits,Mango,NA,"drying in mango","spray carbendazim @ 2 gram/liter water",BIHAR,SIWAN,BARHARIA,2018-09-26T09:43:33Z
0,HORTICULTURE,"Plantation Crops",Teak,NA,"FERTILIZER DOSE IN TEAK","Apply DAP,Urea,Potash and furadon-10-12 gram/tree",BIHAR,SIWAN,GORIAKOTHI,2018-09-26T14:09:51Z
0,HORTICULTURE,"Plantation Crops",Teak,NA,"FERTILIZER DOSE IN TEAK","Apply DAP,Urea,Potash and furadon-10-12 gram/tree",BIHAR,SIWAN,GORIAKOTHI,2018-09-26T14:09:51Z
0,AGRICULTURE,Cereals,"Paddy (Dhan)",NA,"PROTECTION IN PADDY","Spray neem  oil @ 2 ml/liter of water",BIHAR,SIWAN,GORIAKOTHI,2018-09-27T08:09:09Z
0,AGRICULTURE,Cereals,"Paddy (Dhan)",NA,"PROTECTION IN PADDY","Spray neem  oil @ 2 ml/liter of water",BIHAR,SIWAN,GORIAKOTHI,2018-09-27T08:09:09Z
0,AGRICULTURE,Others,Others,NA,"Weather information","No chance of rain in your area",BIHAR,SIWAN,ZIRADEI,2018-09-28T06:42:08Z
0,AGRICULTURE,Others,Others,NA,"Weather information","No chance of rain in your area",BIHAR,SIWAN,ZIRADEI,2018-09-28T06:42:08Z
0,AGRICULTURE,Others,Others,NA,"dbt problem","aap csc me contact kare",BIHAR,SIWAN,HUSSAINGANJ,2018-09-28T08:54:22Z
0,AGRICULTURE,Others,Others,NA,"dbt problem","aap csc me contact kare",BIHAR,SIWAN,HUSSAINGANJ,2018-09-28T08:54:22Z
0,AGRICULTURE,Others,Others,NA,"Weather information","No chance of rain in your area",BIHAR,SIWAN,MAHARAJGANJ,2018-09-28T09:12:15Z
0,AGRICULTURE,Others,Others,NA,"Weather information","No chance of rain in your area",BIHAR,SIWAN,MAHARAJGANJ,2018-09-28T09:12:15Z
0,AGRICULTURE,Others,Others,NA,"Weather information","No chance of rain in your area",BIHAR,SIWAN,DARAULI,2018-09-28T09:52:49Z
0,AGRICULTURE,Others,Others,NA,"Weather information","No chance of rain in your area",BIHAR,SIWAN,DARAULI,2018-09-28T09:52:49Z
0,AGRICULTURE,Others,Others,NA,"dbt related","u can edit in dbtinagriculture site",BIHAR,SIWAN,BASANTPUR,2018-09-28T11:54:37Z
0,AGRICULTURE,Others,Others,NA,"dbt related","u can edit in dbtinagriculture site",BIHAR,SIWAN,BASANTPUR,2018-09-28T11:54:37Z
0,AGRICULTURE,Cereals,"Paddy (Dhan)",NA,"PLANT PROTECTION","SPRAY MALATHION 5%@ 25 KG PER HECTARE",BIHAR,SIWAN,DARAUNDHA,2018-09-29T15:07:37Z
0,AGRICULTURE,Cereals,"Paddy (Dhan)",NA,"PLANT PROTECTION","SPRAY MALATHION 5%@ 25 KG PER HECTARE",BIHAR,SIWAN,DARAUNDHA,2018-09-29T15:07:37Z
0,AGRICULTURE,Cereals,"Paddy (Dhan)",NA,"Gundhi bug infestation in paddy","Dusting of malathion @ 10 kilogram per acre of area in morning time",BIHAR,SIWAN,NA,2018-09-30T14:34:38Z
0,AGRICULTURE,Others,Others,NA,"Weather information","Cloudy weather, no chance of rain in your area",BIHAR,SIWAN,GORIAKOTHI,2018-09-30T14:44:33Z
0,AGRICULTURE,Others,Others,NA,"Weather information","Cloudy weather, no chance of rain in your area",BIHAR,SIWAN,GORIAKOTHI,2018-09-30T14:44:33Z
