"Country/ State/ UT Name","District Name","Caste Category","Total/ Rural/ Urban","Marital Status","Present Age","Total Ever/Currently Married Women","Ever/Currently Married Women with Number of Surviving Children - 0","Ever/Currently Married Women with Number of Surviving Children - 1","Ever/Currently Married Women with Number of Surviving Children - 2","Ever/Currently Married Women with Number of Surviving Children - 3","Ever/Currently Married Women with Number of Surviving Children - 4","Ever/Currently Married Women with Number of Surviving Children - 5+","Total Surviving Children - Total","Total Surviving Children - Males","Total Surviving Children - Females"
Bihar,Giridih,"All Scheduled Castes",Rural,"Ever Married","All ages",73203,14023,11584,12156,11479,10001,13304,187650,101579,86071
Bihar,Giridih,"All Scheduled Castes",Rural,"Ever Married","Less than 15",1289,1028,35,31,0,0,0,97,65,32
Bihar,Giridih,"All Scheduled Castes",Rural,"Ever Married",15-19,7720,5268,1763,394,73,7,0,2798,1429,1369
Bihar,Giridih,"All Scheduled Castes",Rural,"Ever Married",20-24,10999,2957,3361,2804,1182,462,175,15309,8026,7283
Bihar,Giridih,"All Scheduled Castes",Rural,"Ever Married",25-29,10760,1326,1977,2647,2376,1517,898,25380,13560,11820
Bihar,Giridih,"All Scheduled Castes",Rural,"Ever Married",30-34,9540,818,1022,1671,2199,1979,1804,28922,15227,13695
Bihar,Giridih,"All Scheduled Castes",Rural,"Ever Married",35-39,7922,526,673,1103,1529,1738,2321,27784,14917,12867
Bihar,Giridih,"All Scheduled Castes",Rural,"Ever Married",40-44,6699,528,570,949,986,1338,2298,24316,12958,11358
Bihar,Giridih,"All Scheduled Castes",Rural,"Ever Married",45-49,5379,415,435,703,976,915,1935,19769,10876,8893
Bihar,Giridih,"All Scheduled Castes",Rural,"Ever Married",50-54,4131,275,478,714,642,771,1211,13974,8104,5870
Bihar,Giridih,"All Scheduled Castes",Rural,"Ever Married",55-59,2636,222,351,356,452,393,862,9086,5235,3851
Bihar,Giridih,"All Scheduled Castes",Rural,"Ever Married",60-64,2939,265,452,420,493,442,857,9844,5395,4449
Bihar,Giridih,"All Scheduled Castes",Rural,"Ever Married",65-69,1277,140,154,143,295,167,368,4231,2277,1954
Bihar,Giridih,"All Scheduled Castes",Rural,"Ever Married",70-74,1155,125,195,145,163,152,375,3822,2231,1591
Bihar,Giridih,"All Scheduled Castes",Rural,"Ever Married",75-79,286,30,52,42,51,30,81,884,536,348
Bihar,Giridih,"All Scheduled Castes",Rural,"Ever Married","80 +",400,81,62,20,50,80,107,1225,620,605
Bihar,Giridih,"All Scheduled Castes",Rural,"Currently Married","All ages",65270,12914,10173,10830,10034,8935,11788,166081,89589,76492
Bihar,Giridih,"All Scheduled Castes",Rural,"Currently Married","Less than 15",1279,1018,35,31,0,0,0,97,65,32
Bihar,Giridih,"All Scheduled Castes",Rural,"Currently Married",15-19,7614,5206,1740,393,73,7,0,2773,1428,1345
Bihar,Giridih,"All Scheduled Castes",Rural,"Currently Married",20-24,10841,2854,3324,2788,1182,460,175,15232,7993,7239
Bihar,Giridih,"All Scheduled Castes",Rural,"Currently Married",25-29,10548,1235,1945,2598,2357,1506,888,25069,13390,11679
Bihar,Giridih,"All Scheduled Castes",Rural,"Currently Married",30-34,9256,763,990,1607,2121,1955,1782,28322,14870,13452
Bihar,Giridih,"All Scheduled Castes",Rural,"Currently Married",35-39,7566,463,612,982,1487,1707,2284,27022,14457,12565
Bihar,Giridih,"All Scheduled Castes",Rural,"Currently Married",40-44,6261,421,500,897,893,1279,2261,23410,12461,10949
Bihar,Giridih,"All Scheduled Castes",Rural,"Currently Married",45-49,4774,381,368,567,823,839,1796,17833,9825,8008
Bihar,Giridih,"All Scheduled Castes",Rural,"Currently Married",50-54,3001,176,257,487,444,549,1048,10883,6377,4506
Bihar,Giridih,"All Scheduled Castes",Rural,"Currently Married",55-59,1944,131,158,257,336,343,719,7349,4217,3132
Bihar,Giridih,"All Scheduled Castes",Rural,"Currently Married",60-64,1243,134,163,79,180,178,499,4714,2545,2169
Bihar,Giridih,"All Scheduled Castes",Rural,"Currently Married",65-69,472,68,35,65,103,51,150,1643,981,662
Bihar,Giridih,"All Scheduled Castes",Rural,"Currently Married",70-74,220,23,12,34,12,31,108,902,490,412
Bihar,Giridih,"All Scheduled Castes",Rural,"Currently Married",75-79,92,0,20,31,1,10,30,315,203,112
Bihar,Giridih,"All Scheduled Castes",Rural,"Currently Married","80 +",96,29,11,0,10,10,36,309,165,144
Bihar,Giridih,"All Scheduled Castes",Urban,"Ever Married","All ages",10910,1973,1849,1449,1588,1687,2198,29241,15916,13325
Bihar,Giridih,"All Scheduled Castes",Urban,"Ever Married","Less than 15",277,222,9,3,0,0,0,15,13,2
Bihar,Giridih,"All Scheduled Castes",Urban,"Ever Married",15-19,1156,678,327,96,33,0,0,618,364,254
Bihar,Giridih,"All Scheduled Castes",Urban,"Ever Married",20-24,1814,405,525,350,289,160,52,2995,1534,1461
Bihar,Giridih,"All Scheduled Castes",Urban,"Ever Married",25-29,1741,211,221,349,382,339,229,4649,2364,2285
Bihar,Giridih,"All Scheduled Castes",Urban,"Ever Married",30-34,1463,110,190,145,211,424,382,5018,2824,2194
Bihar,Giridih,"All Scheduled Castes",Urban,"Ever Married",35-39,1263,44,129,109,201,296,463,4815,2620,2195
Bihar,Giridih,"All Scheduled Castes",Urban,"Ever Married",40-44,1009,111,76,149,122,169,381,3681,2010,1671
Bihar,Giridih,"All Scheduled Castes",Urban,"Ever Married",45-49,761,53,113,69,188,116,222,2654,1408,1246
Bihar,Giridih,"All Scheduled Castes",Urban,"Ever Married",50-54,496,52,116,30,43,17,213,1701,933,768
Bihar,Giridih,"All Scheduled Castes",Urban,"Ever Married",55-59,465,42,83,77,85,39,139,1517,819,698
Bihar,Giridih,"All Scheduled Castes",Urban,"Ever Married",60-64,242,29,38,46,23,32,74,821,484,337
Bihar,Giridih,"All Scheduled Castes",Urban,"Ever Married",65-69,84,6,11,3,11,42,11,284,197,87
Bihar,Giridih,"All Scheduled Castes",Urban,"Ever Married",70-74,69,5,1,21,0,32,10,221,149,72
Bihar,Giridih,"All Scheduled Castes",Urban,"Ever Married",75-79,31,0,10,0,0,21,0,94,84,10
Bihar,Giridih,"All Scheduled Castes",Urban,"Ever Married","80 +",14,3,0,0,0,0,11,99,66,33
Bihar,Giridih,"All Scheduled Castes",Urban,"Currently Married","All ages",9990,1801,1628,1345,1469,1546,2040,26973,14552,12421
Bihar,Giridih,"All Scheduled Castes",Urban,"Currently Married","Less than 15",276,222,9,2,0,0,0,13,11,2
Bihar,Giridih,"All Scheduled Castes",Urban,"Currently Married",15-19,1125,647,327,96,33,0,0,618,364,254
Bihar,Giridih,"All Scheduled Castes",Urban,"Currently Married",20-24,1803,405,514,350,289,160,52,2984,1524,1460
Bihar,Giridih,"All Scheduled Castes",Urban,"Currently Married",25-29,1714,198,216,347,379,339,225,4605,2333,2272
Bihar,Giridih,"All Scheduled Castes",Urban,"Currently Married",30-34,1419,99,186,133,204,418,378,4924,2771,2153
Bihar,Giridih,"All Scheduled Castes",Urban,"Currently Married",35-39,1208,37,123,103,169,293,462,4683,2558,2125
Bihar,Giridih,"All Scheduled Castes",Urban,"Currently Married",40-44,956,104,67,144,116,157,367,3515,1925,1590
Bihar,Giridih,"All Scheduled Castes",Urban,"Currently Married",45-49,629,29,66,57,182,96,199,2355,1208,1147
Bihar,Giridih,"All Scheduled Castes",Urban,"Currently Married",50-54,371,19,71,19,28,15,199,1507,847,660
Bihar,Giridih,"All Scheduled Castes",Urban,"Currently Married",55-59,285,22,26,61,46,25,105,1059,560,499
Bihar,Giridih,"All Scheduled Castes",Urban,"Currently Married",60-64,134,13,23,33,23,11,31,417,244,173
Bihar,Giridih,"All Scheduled Castes",Urban,"Currently Married",65-69,32,0,0,0,0,21,11,150,108,42
Bihar,Giridih,"All Scheduled Castes",Urban,"Currently Married",70-74,12,1,0,0,0,11,0,44,33,11
Bihar,Giridih,"All Scheduled Castes",Urban,"Currently Married","80 +",14,3,0,0,0,0,11,99,66,33
