"Country/ State/ UT Name","District Name","Caste Category","Total/ Rural/ Urban","Marital Status","Present Age","Total Ever/Currently Married Women","Ever/Currently Married Women with Number of Surviving Children - 0","Ever/Currently Married Women with Number of Surviving Children - 1","Ever/Currently Married Women with Number of Surviving Children - 2","Ever/Currently Married Women with Number of Surviving Children - 3","Ever/Currently Married Women with Number of Surviving Children - 4","Ever/Currently Married Women with Number of Surviving Children - 5+","Total Surviving Children - Total","Total Surviving Children - Males","Total Surviving Children - Females"
Bihar,Sitamarhi,"All Scheduled Castes",Rural,"Ever Married","All ages",80196,18929,14111,15180,13719,9759,8340,172523,98436,74087
Bihar,Sitamarhi,"All Scheduled Castes",Rural,"Ever Married","Less than 15",921,809,54,58,0,0,0,170,78,92
Bihar,Sitamarhi,"All Scheduled Castes",Rural,"Ever Married",15-19,6129,4546,1176,301,52,38,0,2086,1133,953
Bihar,Sitamarhi,"All Scheduled Castes",Rural,"Ever Married",20-24,11709,4510,3850,2030,845,385,61,12293,6835,5458
Bihar,Sitamarhi,"All Scheduled Castes",Rural,"Ever Married",25-29,12409,2596,2572,3418,2342,995,454,23238,12806,10432
Bihar,Sitamarhi,"All Scheduled Castes",Rural,"Ever Married",30-34,12734,1683,1783,2978,3223,1898,1153,31348,17435,13913
Bihar,Sitamarhi,"All Scheduled Castes",Rural,"Ever Married",35-39,9958,1247,1011,1964,2467,1712,1541,27983,15901,12082
Bihar,Sitamarhi,"All Scheduled Castes",Rural,"Ever Married",40-44,6825,676,769,1119,1476,1351,1426,20863,11444,9419
Bihar,Sitamarhi,"All Scheduled Castes",Rural,"Ever Married",45-49,5335,539,616,880,1096,1062,1134,16369,9636,6733
Bihar,Sitamarhi,"All Scheduled Castes",Rural,"Ever Married",50-54,3970,608,603,706,628,629,796,10934,6631,4303
Bihar,Sitamarhi,"All Scheduled Castes",Rural,"Ever Married",55-59,2874,344,418,441,511,474,678,8796,5319,3477
Bihar,Sitamarhi,"All Scheduled Castes",Rural,"Ever Married",60-64,3314,700,505,619,424,516,533,8180,4914,3266
Bihar,Sitamarhi,"All Scheduled Castes",Rural,"Ever Married",65-69,1815,268,263,336,284,305,350,5063,3022,2041
Bihar,Sitamarhi,"All Scheduled Castes",Rural,"Ever Married",70-74,948,182,190,168,123,180,105,2226,1379,847
Bihar,Sitamarhi,"All Scheduled Castes",Rural,"Ever Married",75-79,323,74,65,34,49,51,50,832,545,287
Bihar,Sitamarhi,"All Scheduled Castes",Rural,"Ever Married","80 +",615,79,153,92,138,120,33,1493,1001,492
Bihar,Sitamarhi,"All Scheduled Castes",Rural,"Currently Married","All ages",73993,17567,12834,13883,12835,9044,7690,159413,90522,68891
Bihar,Sitamarhi,"All Scheduled Castes",Rural,"Currently Married","Less than 15",913,801,54,58,0,0,0,170,78,92
Bihar,Sitamarhi,"All Scheduled Castes",Rural,"Currently Married",15-19,6112,4529,1176,301,52,38,0,2086,1133,953
Bihar,Sitamarhi,"All Scheduled Castes",Rural,"Currently Married",20-24,11629,4483,3830,1997,845,385,61,12207,6784,5423
Bihar,Sitamarhi,"All Scheduled Castes",Rural,"Currently Married",25-29,12336,2561,2555,3410,2341,993,444,23138,12757,10381
Bihar,Sitamarhi,"All Scheduled Castes",Rural,"Currently Married",30-34,12517,1633,1735,2914,3176,1898,1145,30983,17221,13762
Bihar,Sitamarhi,"All Scheduled Castes",Rural,"Currently Married",35-39,9698,1172,978,1877,2430,1693,1540,27584,15631,11953
Bihar,Sitamarhi,"All Scheduled Castes",Rural,"Currently Married",40-44,6486,601,688,1026,1435,1333,1395,20205,11065,9140
Bihar,Sitamarhi,"All Scheduled Castes",Rural,"Currently Married",45-49,4886,473,555,739,1000,1011,1100,15335,9024,6311
Bihar,Sitamarhi,"All Scheduled Castes",Rural,"Currently Married",50-54,3107,407,459,533,476,530,702,9113,5545,3568
Bihar,Sitamarhi,"All Scheduled Castes",Rural,"Currently Married",55-59,2446,272,286,378,440,440,622,7885,4710,3175
Bihar,Sitamarhi,"All Scheduled Castes",Rural,"Currently Married",60-64,1801,311,224,357,268,306,327,4904,3005,1899
Bihar,Sitamarhi,"All Scheduled Castes",Rural,"Currently Married",65-69,954,109,112,170,148,167,240,2971,1754,1217
Bihar,Sitamarhi,"All Scheduled Castes",Rural,"Currently Married",70-74,415,67,41,50,88,132,37,1164,777,387
Bihar,Sitamarhi,"All Scheduled Castes",Rural,"Currently Married",75-79,177,42,16,17,41,35,26,453,271,182
Bihar,Sitamarhi,"All Scheduled Castes",Rural,"Currently Married","80 +",266,47,52,28,50,56,33,744,500,244
Bihar,Sitamarhi,"All Scheduled Castes",Urban,"Ever Married","All ages",3534,695,684,617,567,436,535,8405,4564,3841
Bihar,Sitamarhi,"All Scheduled Castes",Urban,"Ever Married","Less than 15",56,56,0,0,0,0,0,0,0,0
Bihar,Sitamarhi,"All Scheduled Castes",Urban,"Ever Married",15-19,341,196,126,19,0,0,0,164,101,63
Bihar,Sitamarhi,"All Scheduled Castes",Urban,"Ever Married",20-24,388,110,102,83,72,20,1,569,309,260
Bihar,Sitamarhi,"All Scheduled Castes",Urban,"Ever Married",25-29,543,87,144,143,104,43,22,1044,594,450
Bihar,Sitamarhi,"All Scheduled Castes",Urban,"Ever Married",30-34,499,43,119,113,95,100,29,1177,567,610
Bihar,Sitamarhi,"All Scheduled Castes",Urban,"Ever Married",35-39,440,45,51,44,96,47,157,1565,824,741
Bihar,Sitamarhi,"All Scheduled Castes",Urban,"Ever Married",40-44,380,44,51,32,52,71,130,1295,736,559
Bihar,Sitamarhi,"All Scheduled Castes",Urban,"Ever Married",45-49,249,21,11,46,57,53,61,821,457,364
Bihar,Sitamarhi,"All Scheduled Castes",Urban,"Ever Married",50-54,209,49,0,44,31,50,35,587,355,232
Bihar,Sitamarhi,"All Scheduled Castes",Urban,"Ever Married",55-59,180,2,10,41,40,30,57,643,321,322
Bihar,Sitamarhi,"All Scheduled Castes",Urban,"Ever Married",60-64,145,32,40,22,0,12,39,327,173,154
Bihar,Sitamarhi,"All Scheduled Castes",Urban,"Ever Married",65-69,4,0,0,0,0,0,4,23,17,6
Bihar,Sitamarhi,"All Scheduled Castes",Urban,"Ever Married",70-74,50,10,20,20,0,0,0,60,40,20
Bihar,Sitamarhi,"All Scheduled Castes",Urban,"Ever Married",75-79,20,0,10,0,10,0,0,40,30,10
Bihar,Sitamarhi,"All Scheduled Castes",Urban,"Ever Married","80 +",30,0,0,10,10,10,0,90,40,50
Bihar,Sitamarhi,"All Scheduled Castes",Urban,"Currently Married","All ages",3248,663,610,552,517,384,522,7776,4229,3547
Bihar,Sitamarhi,"All Scheduled Castes",Urban,"Currently Married","Less than 15",56,56,0,0,0,0,0,0,0,0
Bihar,Sitamarhi,"All Scheduled Castes",Urban,"Currently Married",15-19,341,196,126,19,0,0,0,164,101,63
Bihar,Sitamarhi,"All Scheduled Castes",Urban,"Currently Married",20-24,388,110,102,83,72,20,1,569,309,260
Bihar,Sitamarhi,"All Scheduled Castes",Urban,"Currently Married",25-29,533,87,144,133,104,43,22,1024,584,440
Bihar,Sitamarhi,"All Scheduled Castes",Urban,"Currently Married",30-34,487,34,116,113,95,100,29,1174,564,610
Bihar,Sitamarhi,"All Scheduled Castes",Urban,"Currently Married",35-39,429,45,51,33,96,47,157,1543,815,728
Bihar,Sitamarhi,"All Scheduled Castes",Urban,"Currently Married",40-44,347,43,41,30,32,71,130,1221,712,509
Bihar,Sitamarhi,"All Scheduled Castes",Urban,"Currently Married",45-49,235,21,10,45,57,41,61,770,430,340
Bihar,Sitamarhi,"All Scheduled Castes",Urban,"Currently Married",50-54,178,49,0,34,31,30,34,482,283,199
Bihar,Sitamarhi,"All Scheduled Castes",Urban,"Currently Married",55-59,145,1,10,30,30,20,54,534,278,256
Bihar,Sitamarhi,"All Scheduled Castes",Urban,"Currently Married",60-64,85,21,10,12,0,12,30,232,106,126
Bihar,Sitamarhi,"All Scheduled Castes",Urban,"Currently Married",65-69,4,0,0,0,0,0,4,23,17,6
Bihar,Sitamarhi,"All Scheduled Castes",Urban,"Currently Married",70-74,20,0,0,20,0,0,0,40,30,10
