"Country/ State/ UT Name","District Name","Caste Category","Total/ Rural/ Urban","Marital Status","Present Age","Total Ever/Currently Married Women","Ever/Currently Married Women with Number of Surviving Children - 0","Ever/Currently Married Women with Number of Surviving Children - 1","Ever/Currently Married Women with Number of Surviving Children - 2","Ever/Currently Married Women with Number of Surviving Children - 3","Ever/Currently Married Women with Number of Surviving Children - 4","Ever/Currently Married Women with Number of Surviving Children - 5+","Total Surviving Children - Total","Total Surviving Children - Males","Total Surviving Children - Females"
Bihar,Nawada,"All Scheduled Castes",Rural,"Ever Married","All ages",94070,32858,12086,12364,12916,10623,13223,194553,104969,89584
Bihar,Nawada,"All Scheduled Castes",Rural,"Ever Married","Less than 15",5261,5151,55,55,0,0,0,165,119,46
Bihar,Nawada,"All Scheduled Castes",Rural,"Ever Married",15-19,11048,8882,1569,402,94,101,0,3059,1730,1329
Bihar,Nawada,"All Scheduled Castes",Rural,"Ever Married",20-24,13418,5367,3579,2618,1122,454,278,15475,7852,7623
Bihar,Nawada,"All Scheduled Castes",Rural,"Ever Married",25-29,12637,3172,2080,2707,2433,1396,849,25313,13383,11930
Bihar,Nawada,"All Scheduled Castes",Rural,"Ever Married",30-34,10552,2009,1007,1687,2288,1925,1636,28112,14604,13508
Bihar,Nawada,"All Scheduled Castes",Rural,"Ever Married",35-39,9006,1530,648,1203,1720,1569,2336,27739,14700,13039
Bihar,Nawada,"All Scheduled Castes",Rural,"Ever Married",40-44,7658,1395,610,825,1274,1551,2003,23913,12689,11224
Bihar,Nawada,"All Scheduled Castes",Rural,"Ever Married",45-49,6365,1101,524,787,1157,1053,1743,19972,11563,8409
Bihar,Nawada,"All Scheduled Castes",Rural,"Ever Married",50-54,4914,933,577,552,849,781,1222,14511,8068,6443
Bihar,Nawada,"All Scheduled Castes",Rural,"Ever Married",55-59,4530,837,494,540,758,613,1288,13951,7632,6319
Bihar,Nawada,"All Scheduled Castes",Rural,"Ever Married",60-64,3449,858,377,447,530,459,778,9236,5279,3957
Bihar,Nawada,"All Scheduled Castes",Rural,"Ever Married",65-69,1923,578,166,190,242,301,446,5052,2837,2215
Bihar,Nawada,"All Scheduled Castes",Rural,"Ever Married",70-74,1464,438,171,182,209,181,283,3548,2023,1525
Bihar,Nawada,"All Scheduled Castes",Rural,"Ever Married",75-79,480,152,52,50,61,53,112,1282,654,628
Bihar,Nawada,"All Scheduled Castes",Rural,"Ever Married","80 +",862,314,112,43,130,70,193,2035,1148,887
Bihar,Nawada,"All Scheduled Castes",Rural,"Currently Married","All ages",87723,30715,11215,11644,11949,9941,12259,180954,97377,83577
Bihar,Nawada,"All Scheduled Castes",Rural,"Currently Married","Less than 15",5251,5141,55,55,0,0,0,165,119,46
Bihar,Nawada,"All Scheduled Castes",Rural,"Currently Married",15-19,11005,8839,1569,402,94,101,0,3059,1730,1329
Bihar,Nawada,"All Scheduled Castes",Rural,"Currently Married",20-24,13354,5323,3568,2610,1121,454,278,15445,7824,7621
Bihar,Nawada,"All Scheduled Castes",Rural,"Currently Married",25-29,12519,3118,2047,2677,2432,1396,849,25217,13330,11887
Bihar,Nawada,"All Scheduled Castes",Rural,"Currently Married",30-34,10436,1974,996,1663,2253,1924,1626,27894,14487,13407
Bihar,Nawada,"All Scheduled Castes",Rural,"Currently Married",35-39,8808,1509,616,1192,1647,1548,2296,27162,14364,12798
Bihar,Nawada,"All Scheduled Castes",Rural,"Currently Married",40-44,7315,1280,544,791,1222,1506,1972,23267,12256,11011
Bihar,Nawada,"All Scheduled Castes",Rural,"Currently Married",45-49,5982,994,471,760,1084,987,1686,19000,11068,7932
Bihar,Nawada,"All Scheduled Castes",Rural,"Currently Married",50-54,4119,694,399,487,710,723,1106,12926,7208,5718
Bihar,Nawada,"All Scheduled Castes",Rural,"Currently Married",55-59,3994,715,433,427,689,549,1181,12561,6794,5767
Bihar,Nawada,"All Scheduled Castes",Rural,"Currently Married",60-64,2102,433,185,260,294,315,615,6480,3705,2775
Bihar,Nawada,"All Scheduled Castes",Rural,"Currently Married",65-69,1263,305,124,119,159,199,357,3689,2114,1575
Bihar,Nawada,"All Scheduled Castes",Rural,"Currently Married",70-74,601,152,60,82,104,60,143,1618,932,686
Bihar,Nawada,"All Scheduled Castes",Rural,"Currently Married",75-79,259,32,42,30,40,53,62,789,463,326
Bihar,Nawada,"All Scheduled Castes",Rural,"Currently Married","80 +",284,85,42,13,52,30,62,746,417,329
Bihar,Nawada,"All Scheduled Castes",Urban,"Ever Married","All ages",2885,1134,469,293,307,259,423,5569,2922,2647
Bihar,Nawada,"All Scheduled Castes",Urban,"Ever Married","Less than 15",104,94,10,0,0,0,0,10,10,0
Bihar,Nawada,"All Scheduled Castes",Urban,"Ever Married",15-19,321,212,85,17,7,0,0,140,99,41
Bihar,Nawada,"All Scheduled Castes",Urban,"Ever Married",20-24,394,92,142,97,43,20,0,545,269,276
Bihar,Nawada,"All Scheduled Castes",Urban,"Ever Married",25-29,346,123,60,34,82,2,45,627,222,405
Bihar,Nawada,"All Scheduled Castes",Urban,"Ever Married",30-34,359,142,37,41,34,54,51,743,412,331
Bihar,Nawada,"All Scheduled Castes",Urban,"Ever Married",35-39,342,77,22,14,55,62,112,1146,573,573
Bihar,Nawada,"All Scheduled Castes",Urban,"Ever Married",40-44,264,81,20,24,10,52,77,775,433,342
Bihar,Nawada,"All Scheduled Castes",Urban,"Ever Married",45-49,186,96,10,1,12,25,42,406,219,187
Bihar,Nawada,"All Scheduled Castes",Urban,"Ever Married",50-54,141,45,21,33,0,21,21,298,172,126
Bihar,Nawada,"All Scheduled Castes",Urban,"Ever Married",55-59,172,77,30,1,41,11,12,263,173,90
Bihar,Nawada,"All Scheduled Castes",Urban,"Ever Married",60-64,85,52,0,11,0,0,22,142,105,37
Bihar,Nawada,"All Scheduled Castes",Urban,"Ever Married",65-69,76,12,10,10,13,0,31,284,152,132
Bihar,Nawada,"All Scheduled Castes",Urban,"Ever Married",70-74,45,1,22,0,0,12,10,140,73,67
Bihar,Nawada,"All Scheduled Castes",Urban,"Ever Married",75-79,20,10,0,10,0,0,0,20,10,10
Bihar,Nawada,"All Scheduled Castes",Urban,"Ever Married","80 +",20,20,0,0,0,0,0,0,0,0
Bihar,Nawada,"All Scheduled Castes",Urban,"Currently Married","All ages",2637,1004,437,250,297,238,411,5277,2784,2493
Bihar,Nawada,"All Scheduled Castes",Urban,"Currently Married","Less than 15",104,94,10,0,0,0,0,10,10,0
Bihar,Nawada,"All Scheduled Castes",Urban,"Currently Married",15-19,320,211,85,17,7,0,0,140,99,41
Bihar,Nawada,"All Scheduled Castes",Urban,"Currently Married",20-24,384,82,142,97,43,20,0,545,269,276
Bihar,Nawada,"All Scheduled Castes",Urban,"Currently Married",25-29,336,123,50,34,82,2,45,617,222,395
Bihar,Nawada,"All Scheduled Castes",Urban,"Currently Married",30-34,359,142,37,41,34,54,51,743,412,331
Bihar,Nawada,"All Scheduled Castes",Urban,"Currently Married",35-39,330,77,22,2,55,62,112,1122,561,561
Bihar,Nawada,"All Scheduled Castes",Urban,"Currently Married",40-44,241,58,20,24,10,52,77,775,433,342
Bihar,Nawada,"All Scheduled Castes",Urban,"Currently Married",45-49,174,84,10,1,12,25,42,406,219,187
Bihar,Nawada,"All Scheduled Castes",Urban,"Currently Married",50-54,110,35,21,22,0,11,21,236,162,74
Bihar,Nawada,"All Scheduled Castes",Urban,"Currently Married",55-59,142,57,30,1,31,11,12,233,153,80
Bihar,Nawada,"All Scheduled Castes",Urban,"Currently Married",60-64,51,30,0,11,0,0,10,82,61,21
Bihar,Nawada,"All Scheduled Castes",Urban,"Currently Married",65-69,45,1,0,0,13,0,31,254,132,122
Bihar,Nawada,"All Scheduled Castes",Urban,"Currently Married",70-74,21,0,10,0,0,1,10,84,51,33
Bihar,Nawada,"All Scheduled Castes",Urban,"Currently Married","80 +",10,10,0,0,0,0,0,0,0,0
