Season,Sector,Category,Crop,QueryType,QueryText,KCCAns,StateName,DistrictName,BlockName,CreatedOn
RABI,AGRICULTURE,Millets,"Maize (Makka)","Field Preparation","MAIZE DRYING","Spray mancozeb @ 2 gm / lit of water",BIHAR,SARAN,DARIAPUR,2018-02-01T08:45:12Z
RABI,AGRICULTURE,Others,Others,"Government Schemes","INFORMATION ABOUT KCC","AAP BANK ME CONTACT KARE",BIHAR,SARAN,CHHAPRA,2018-02-01T08:52:33Z
JAYAD,AGRICULTURE,Others,Others,"Plant Protection","Weather information","Weather will be clear and glowing sun",BIHAR,SARAN,MAKER,2018-02-01T10:08:44Z
JAYAD,AGRICULTURE,Others,Others,"Training and Exposure Visits","Weather information","Weather will be clear and glowing sun",BIHAR,SARAN,MARHAURAH,2018-02-01T11:12:52Z
RABI,AGRICULTURE,Cereals,Wheat,Weather,"WEATHER INFORMATION","????? ???? ???? ????? ?????? ??? ???? ????? I",BIHAR,SARAN,GARKHA,2018-02-01T12:05:06Z
RABI,AGRICULTURE,Cereals,Wheat,Weather,"WEATHER INFORMATION","????? ???? ???? ????? ?????? ??? ???? ????? I",BIHAR,SARAN,GARKHA,2018-02-01T13:07:17Z
RABI,AGRICULTURE,Others,Others,Weather,"WEATHER INFORMATION","Hazy sun",BIHAR,SARAN,TARAIYA,2018-02-01T14:24:26Z
KHARIF,AGRICULTURE,Others,Others,"Government Schemes","WHEAT KIT","CONTACT TO BLOCK AGRICULTURE OFFICER IN YOUR BLOCK",BIHAR,SARAN,BANIAPUR,2018-02-01T17:25:11Z
RABI,AGRICULTURE,Others,Others,"Field Preparation","Yellowing of leaf / Rotting problem","Spray mancozeb @ 2g/lit of water",BIHAR,SARAN,DARIAPUR,2018-02-01T17:25:23Z
RABI,AGRICULTURE,Others,Others,"Field Preparation","Yellowing of leaf / Rotting problem","Spray mancozeb @ 2g/lit of water",BIHAR,SARAN,DARIAPUR,2018-02-01T17:26:25Z
RABI,AGRICULTURE,Others,Others,"Field Preparation","Weather information","Hazy weather in your area ,no chance of rain",BIHAR,SARAN,DARIAPUR,2018-02-01T17:43:51Z
JAYAD,AGRICULTURE,Others,Others,"Plant Protection","NUTRIENT defficiency in pea","Spray Multi micro nutrient @ 2 gram in 1 litre of water",BIHAR,SARAN,NAGRA,2018-02-02T14:35:48Z
RABI,AGRICULTURE,Others,Others,Weather,"Weather information","Hazy sun",BIHAR,SARAN,GARKHA,2018-02-03T09:45:16Z
RABI,AGRICULTURE,Cereals,Wheat,Weather,"WEATHER INFORMATION","????? ???? ???? ????? ?????? ??? ???? ????? I",BIHAR,SARAN,GARKHA,2018-02-03T09:45:36Z
RABI,AGRICULTURE,Cereals,Wheat,Weather,"WEATHER INFORMATION","????? ???? ???? ????? ?????? ??? ???? ????? I",BIHAR,SARAN,PARSA,2018-02-03T11:15:43Z
RABI,AGRICULTURE,Cereals,Wheat,Weather,"WEATHER INFORMATION","????? ???? ???? ????? ?????? ??? ???? ????? I",BIHAR,SARAN,NAGRA,2018-02-03T11:41:14Z
RABI,HORTICULTURE,Fruits,Banana,"Plant Protection","weed problem in banana which intercropped with maize","removal of weed by hand",BIHAR,SARAN,CHHAPRA,2018-02-03T12:57:06Z
JAYAD,AGRICULTURE,Others,Others,Weather,"WEATHER INFORMATION","Cloudy weather in your area and no chance of rain in your area",BIHAR,SARAN,JALALPUR,2018-02-03T13:49:40Z
RABI,AGRICULTURE,Others,Others,"Training and Exposure Visits","Masroom traing","kvk join",BIHAR,SARAN,PARSA,2018-02-03T14:32:18Z
RABI,AGRICULTURE,Others,Others,"Government Schemes","to know mushroom cultivation","to consult to kvk",BIHAR,SARAN,PARSA,2018-02-03T14:55:50Z
RABI,AGRICULTURE,Others,Others,Weather,"Weather information","Hazy weather in your area ,no chance of rain",BIHAR,SARAN,MANJHI,2018-02-04T08:19:35Z
JAYAD,AGRICULTURE,Others,Others,"Plant Protection","Rhizopus rot Jack (Artocarpus heterophyllus)","Copper oxychloride 2.5 g/lit.",BIHAR,SARAN,CHHAPRA,2018-02-05T16:06:46Z
RABI,AGRICULTURE,Others,Others,"Field Preparation","weather information","Very low cloudy area but no chance of rain",BIHAR,SARAN,LAHLADPUR,2018-02-05T17:02:01Z
JAYAD,AGRICULTURE,Others,Others,"Fertilizer Use and Availability","FERTILIZER USED IN WHEAT","1 KG /KATTA-UREA",BIHAR,SARAN,TARAIYA,2018-02-06T16:47:48Z
RABI,AGRICULTURE,Others,Others,"Field Preparation","Spray multi micro nutrients @ 2 ml in 1 liter of water","Spray multi micro nutrients @ 2 ml in 1 liter of water",BIHAR,SARAN,DARIAPUR,2018-02-06T19:32:50Z
RABI,AGRICULTURE,Cereals,Wheat,Weather,"WEATHER INFORMATION","???? ???  ?????  ,?????  ?? ???  ???????  ??? ??",BIHAR,SARAN,EKMA,2018-02-08T12:20:06Z
RABI,AGRICULTURE,Cereals,Wheat,Weather,"WEATHER INFORMATION","???? ???  ?????  ,?????  ?? ???  ???????  ??? ??",BIHAR,SARAN,EKMA,2018-02-08T12:51:02Z
RABI,AGRICULTURE,Cereals,Wheat,Weather,"WEATHER INFORMATION","???? ???  ?????  ,?????  ?? ???  ???????  ??? ??",BIHAR,SARAN,EKMA,2018-02-08T12:51:21Z
RABI,AGRICULTURE,Cereals,Wheat,Weather,"WEATHER INFORMATION","???? ???  ?????  ,?????  ?? ???  ???????  ??? ??",BIHAR,SARAN,EKMA,2018-02-08T12:51:41Z
RABI,AGRICULTURE,Cereals,Wheat,Weather,"WEATHER INFORMATION","???? ???  ?????  ,?????  ?? ???  ???????  ??? ??",BIHAR,SARAN,EKMA,2018-02-08T12:51:59Z
RABI,AGRICULTURE,Others,Others,Varieties,"VARIETY OF BOTTEL GOURD","PUSA CHAMTKAR PUSA LONG",BIHAR,SARAN,PARSA,2018-02-09T16:23:07Z
RABI,AGRICULTURE,Others,Others,Weather,"WEATHER INFORMATION","Cloudy weather in your area and no chance of rain in your area",BIHAR,SARAN,DARIAPUR,2018-02-10T14:52:03Z
RABI,AGRICULTURE,Others,Others,Weather,"WEATHER INFORMATION","Cloudy weather in your area and no chance of rain in your area",BIHAR,SARAN,DARIAPUR,2018-02-10T17:41:40Z
RABI,AGRICULTURE,Others,Others,Weather,"WEATHER INFORMATION","chance of rain in your area",BIHAR,SARAN,MANJHI,2018-02-13T10:29:05Z
RABI,AGRICULTURE,Others,Others,"Sowing Time and Weather","Weather information","today  chance of rain in your area",BIHAR,SARAN,MANJHI,2018-02-13T10:32:02Z
JAYAD,HORTICULTURE,Flowers,Marigold,Floriculture,"weed problem","hand weeding",BIHAR,SARAN,DARIAPUR,2018-02-13T13:23:22Z
JAYAD,HORTICULTURE,"Plantation Crops",Coconut,Floriculture,"FLOWERING IN COCONUT","Spray boomflower @ 2 ml in 1 litre of water",BIHAR,SARAN,CHHAPRA,2018-02-13T13:42:46Z
RABI,AGRICULTURE,Cereals,Wheat,Weather,"Weather information","Cloudy weather  today and tomorrow  no chance of  rain",BIHAR,SARAN,MAKER,2018-02-13T18:49:02Z
RABI,AGRICULTURE,Cereals,Wheat,Weather,"WEATHER INFORMATION","???? ??????? ??? ????? ???? ?? ??????? ???? ?? ",BIHAR,SARAN,DARIAPUR,2018-02-22T17:04:09Z
RABI,AGRICULTURE,Cereals,Wheat,Weather,"WEATHER INFORMATION","???? ??????? ??? ????? ???? ?? ??????? ???? ?? ",BIHAR,SARAN,MANJHI,2018-02-22T21:27:03Z
RABI,AGRICULTURE,Others,Others,Weather,"Weather information","NO CHANCE OF RAIN",BIHAR,SARAN,GARKHA,2018-02-23T07:59:29Z
JAYAD,HORTICULTURE,Fruits,Mango,"Nutrient Management","FRUIT DROP OF MANGO","SPRAY PALANOFIX @ 1 ML/4-5 LITRE OF WATER",BIHAR,SARAN,SONEPUR,2018-02-23T10:43:15Z
RABI,AGRICULTURE,Cereals,Wheat,"Field Preparation","Fishery Toll free No","Fishery Toll free No.-18003456185",BIHAR,SARAN,MARHAURAH,2018-02-23T12:24:57Z
RABI,AGRICULTURE,Others,Others,"Field Preparation","muSHROOM CULTIVATION","CONTACT KVK",BIHAR,SARAN,AMNOUR,2018-02-23T14:35:09Z
JAYAD,AGRICULTURE,Others,Others,"Plant Protection","MDHUAA KEET ON MANGO","spray imidacoloroprid 1 ml / 3litre of water",BIHAR,SARAN,MASHRAKH,2018-02-24T10:04:39Z
RABI,AGRICULTURE,Cereals,Wheat,Weather,"Weather information","Weather will be clear and glowing sun",BIHAR,SARAN,JALALPUR,2018-02-24T17:03:50Z
RABI,AGRICULTURE,Oilseeds,Mustard,"Water Management","IRRIGATION MANAGEMENT IN MUSTARXD","FUL SE JAB FALI BANANE LAGE  TAB SICHAI KAR SAKTE HAI",BIHAR,SARAN,ISUAPUR,2018-02-26T09:22:25Z
RABI,AGRICULTURE,Cereals,Wheat,Weather,"WEATHER INFORMATION","Heavy Cloudy weather in your area, no chance of rain in your area",BIHAR,SARAN,GARKHA,2018-02-26T09:43:25Z
RABI,AGRICULTURE,Millets,"Maize (Makka)","Plant Protection","Insect infestation  IN MAIZE","Spray  Imidachloprid @ 1ml/3lit of water",BIHAR,SARAN,AMNOUR,2018-02-26T11:13:14Z
RABI,HORTICULTURE,Vegetables,Brinjal,"Plant Protection","Tobacco mosaic virus","Spray insecticides like Dimethoate 2 ml/litre or Metasystox 1 ml/litre of water to control the insect vectors.",BIHAR,SARAN,DARIAPUR,2018-02-26T11:58:05Z
RABI,AGRICULTURE,Others,Others,Weather,"Weather information","Hazy weather in your area ,no chance of rain",BIHAR,SARAN,AMNOUR,2018-02-26T12:04:53Z
RABI,AGRICULTURE,Others,Others,"Field Preparation","weather information","CLOUDY WEATHER BUT NO CHANCE OF RAIN",BIHAR,SARAN,AMNOUR,2018-02-26T12:06:10Z
RABI,AGRICULTURE,Others,Others,"Field Preparation","Pest attack","spray imidacoloroprid 1 ml / 3litre of water",BIHAR,SARAN,AMNOUR,2018-02-26T12:07:21Z
JAYAD,AGRICULTURE,Others,Others,Weather,"WEATHER  INFORMATION","???? ???? ???? ????? ,?? ????? ???? ???? ??  ???????? ??",BIHAR,SARAN,MAKER,2018-02-26T12:30:30Z
JAYAD,HORTICULTURE,Fruits,Mango,"Nutrient Management","FRUIT DROPPING IN MANGO","SPRAY PALANOFIX @ 1 ML PER 5 LITRE OF WATER",BIHAR,SARAN,SONEPUR,2018-02-26T12:48:27Z
RABI,AGRICULTURE,Others,Others,"Field Preparation","Weather information","Hazy weather in your area ,no chance of rain",BIHAR,SARAN,BANIAPUR,2018-02-26T18:41:22Z
RABI,AGRICULTURE,Others,Others,"Field Preparation","Weather information","Hazy weather in your area ,no chance of rain",BIHAR,SARAN,BANIAPUR,2018-02-26T19:06:55Z
RABI,HORTICULTURE,Vegetables,Bhindi(Okra/Ladysfinger),"Plant Protection","Bhendi fruit borer","Spray carbaryl 50 WP 2 g/lit or B. thuringiensis 2 g/lit",BIHAR,SARAN,DARIAPUR,2018-02-27T09:56:56Z
JAYAD,HORTICULTURE,Fruits,Mango,"Plant Protection","aphid in mango","Spray Imidachloprid @ 1 ml/ 3lit of water",BIHAR,SARAN,CHHAPRA,2018-02-27T09:59:52Z
RABI,AGRICULTURE,Cereals,Wheat,Weather,"WEATHER INFORMATION","????? ???  ???? ??????? ??? ?? ?? ?? ????? ???? ?? ???????  ??",BIHAR,SARAN,DARIAPUR,2018-02-27T19:41:33Z
RABI,AGRICULTURE,Cereals,Wheat,Weather,"WEATHER INFORMATION","????? ???  ???? ??????? ??? ?? ?? ?? ????? ???? ?? ???????  ??",BIHAR,SARAN,DARIAPUR,2018-02-27T19:47:06Z
RABI,AGRICULTURE,Others,Others,"Plant Protection","Growth Delay","Spray multi micro nutrients @ 2 ml in 1 liter of water",BIHAR,SARAN,DIGHWARA,2018-02-28T14:32:45Z
