Season,Sector,Category,Crop,QueryType,QueryText,KCCAns,StateName,DistrictName,BlockName,CreatedOn
RABI,AGRICULTURE,Others,Others,Weather,"WEATHER INFORMATION","CLOUDY WEATHER",BIHAR,SUPAUL,RAGHOPUR,2018-01-02T10:35:13Z
RABI,AGRICULTURE,Others,Others,Weather,"WEATHER INFORMATION","CLOUDY WEATHER AND COOL DAY",BIHAR,SUPAUL,RAGHOPUR,2018-01-02T10:36:36Z
RABI,AGRICULTURE,Cereals,Wheat,Weather,"WEATHER INFORMATION","???? ???? ????? ?????? ??? ????? ???? ????? I",BIHAR,SUPAUL,CHHATAPUR,2018-01-02T12:05:46Z
RABI,AGRICULTURE,Others,Others,Weather,"WEATHER INFORMATION","COOL AND CLOUDY WEATHER",BIHAR,SUPAUL,RAGHOPUR,2018-01-03T12:52:59Z
RABI,AGRICULTURE,Others,Others,Weather,"WEATHER INFORMATION","????? ???? ???? ????? I",BIHAR,SUPAUL,PIPRA,2018-01-03T15:42:46Z
RABI,AGRICULTURE,Others,Others,Weather,"WEATHER INFORMATION","????? ???? ???? ????? I",BIHAR,SUPAUL,MARAUNA,2018-01-03T17:38:29Z
RABI,AGRICULTURE,Others,Others,Weather,"WEATHER INFORMATION","????? ???? ???? ????? I",BIHAR,SUPAUL,MARAUNA,2018-01-03T17:48:45Z
RABI,AGRICULTURE,Others,Others,"Plant Protection","PLANT PROTECTION","Spray chlorpyriphos @ 2 ml in 1 litre of water",BIHAR,SUPAUL,CHHATAPUR,2018-01-03T18:06:27Z
RABI,AGRICULTURE,Others,Others,Weather,"WEATHER INFORMATION","????? ???? ???? ????? I",BIHAR,SUPAUL,MARAUNA,2018-01-03T19:23:17Z
RABI,AGRICULTURE,Others,Others,Weather,"WEATHER INFORMATION","No chance of rain in your area",BIHAR,SUPAUL,SUPAUL,2018-01-03T19:49:37Z
RABI,HORTICULTURE,Vegetables,Chillies,"Plant Protection","Green peach aphid","Imidacloprid 17.8 % SL 3.5 ml/10 lit. 
Oxydemeton Methyl 25% EC 1.6 ml/lit. 
Phosalone 35 % EC 2.0 ml/lit.",BIHAR,SUPAUL,PIPRA,2018-01-04T10:08:58Z
RABI,HORTICULTURE,Vegetables,Chillies,"Plant Protection","Fruit Rot and Die Back","Good control of the disease has been reported by three sprayings with Ziram O. 25% Captan 0.2% or miltox 0.2%. Chemicals like wettable sulphur 0.2%, copper oxychloride 0.25% and Zineb 0.15% not only reduced the disease incidence but also increased the yield of fruits.",BIHAR,SUPAUL,KISHANPUR,2018-01-04T10:41:01Z
RABI,AGRICULTURE,Others,Others,Weather,"WEATHER INFORMATION","Very low cloudy area but no chance of rain",BIHAR,SUPAUL,MARAUNA,2018-01-04T11:29:30Z
RABI,HORTICULTURE,Fruits,Mango,"Plant Protection","YELLOWING OF LEAVES","Spray mancozeb @ 2g/lit of water",BIHAR,SUPAUL,NIRMALI,2018-01-04T13:38:15Z
RABI,AGRICULTURE,Cereals,Wheat,Weather,"Weather information","????  ??? ????? ??? ???? ??? ?????",BIHAR,SUPAUL,SUPAUL,2018-01-04T14:42:27Z
RABI,AGRICULTURE,Others,Others,"Field Preparation","Verities of lemon","Vikram, Gola kagji, PKM-1",BIHAR,SUPAUL,MARAUNA,2018-01-05T20:12:50Z
RABI,AGRICULTURE,Others,Others,"Field Preparation","Variety of Moong","Variety of Moong - pusa vishal, smart, sona , H.U.M.-16, P.S.-16,S.M.L.668",BIHAR,SUPAUL,MARAUNA,2018-01-05T20:21:42Z
RABI,HORTICULTURE,Vegetables,Brinjal,"Plant Protection","Brown leaf hopper","Spray with dimethoate 0.3%",BIHAR,SUPAUL,KISHANPUR,2018-01-06T11:19:53Z
RABI,AGRICULTURE,Millets,"Maize (Makka)",Varieties,"varieties of maize","varieties are shaktiman -1,2,ganga-11, for maize",BIHAR,SUPAUL,SUPAUL,2018-01-06T15:38:07Z
KHARIF,HORTICULTURE,Vegetables,Potato,"Training and Exposure Visits","late blight in potato","spray mancozeb 2.5gm/lit of water for potato",BIHAR,SUPAUL,SUPAUL,2018-01-06T15:40:16Z
RABI,AGRICULTURE,Others,Others,Weather,"WEATHER INFORMATION","Hazy sunshine",BIHAR,SUPAUL,KISHANPUR,2018-01-06T18:56:04Z
RABI,"ANIMAL HUSBANDRY",Animal,"Bovine(Cow,Buffalo)","Disease Management","RELATED TO ANIMAL PROBLEM","AAP BLOCK ME CONTACT KRE",BIHAR,SUPAUL,SUPAUL,2018-01-07T09:20:49Z
RABI,AGRICULTURE,Others,Others,Weather,"WEATHER  INFORMATION","Cloudy weather, rain is not likely.",BIHAR,SUPAUL,SUPAUL,2018-01-07T09:21:47Z
RABI,HORTICULTURE,Vegetables,"Bitter Gourd","Plant Protection","Beetles, fruit flies and caterpillars","spraying Malathion 50 EC 1ml/lit or Dimethoate 30 EC 1ml/lit or Methyl demeton 25 EC 1ml/lit.",BIHAR,SUPAUL,"SARAIGARH BHAPTIYAHI",2018-01-08T08:53:36Z
KHARIF,AGRICULTURE,Others,Others,Weather,WEATHER,"NO RAIN",BIHAR,SUPAUL,KISHANPUR,2018-01-08T19:21:55Z
KHARIF,AGRICULTURE,Cereals,Wheat,"Plant Protection","NO GROWTH IN WHEAT","SPRAY MULTIMICRONTUREINT 3ML/LIT OF WATER FOR WHEAT",BIHAR,SUPAUL,SUPAUL,2018-01-08T20:19:46Z
RABI,HORTICULTURE,Vegetables,Brinjal,"Plant Protection","Brown leaf hopper","Spray with dimethoate 0.3%",BIHAR,SUPAUL,CHHATAPUR,2018-01-09T07:12:38Z
RABI,AGRICULTURE,Cereals,Wheat,"Plant Protection","Yellowing leaves in wheat","Spray mencozeb @ 2gm/lit of water",BIHAR,SUPAUL,SUPAUL,2018-01-09T14:55:30Z
RABI,AGRICULTURE,Others,Others,"Field Preparation","Varieties of Sweet Potato(Sakarkand)",":- Pusa Jyoti Aalgrin, Jobaner Green,Pusa Bharti,Pusa Harit, Vilayati Palak, Verjiniya Sanway composite-1.",BIHAR,SUPAUL,TRIBENIGANJ,2018-01-10T14:34:17Z
RABI,AGRICULTURE,Others,Others,"Field Preparation","Varieties of Muskmelon","Varieties of Muskmelon:- Pusa Sharbati, Hara Madhu, Durgapura Madhu, Arka Rajhans and Arka Jeet.",BIHAR,SUPAUL,TRIBENIGANJ,2018-01-10T14:39:31Z
RABI,HORTICULTURE,Vegetables,"Bitter Gourd","Plant Protection","leaf blight  problem in bitter gourd","Spray mancozeb @ 2g/lit of water",BIHAR,SUPAUL,RAGHOPUR,2018-01-11T08:13:46Z
RABI,AGRICULTURE,Others,Others,"Field Preparation","WEATHER INFORMATION","Sunny weather but no rain in your area.",BIHAR,SUPAUL,SUPAUL,2018-01-11T09:23:29Z
RABI,AGRICULTURE,Others,Others,"Field Preparation","WEATHER INFORMATION","Very low cloudy area but no chance of rain",BIHAR,SUPAUL,SUPAUL,2018-01-11T09:37:00Z
RABI,AGRICULTURE,Others,Others,Weather,"WEATHER  INFORMATION","Cloudy weather ,Hazy sun,but not chance of rain",BIHAR,SUPAUL,PIPRA,2018-01-11T11:36:08Z
RABI,AGRICULTURE,Others,Others,Weather,"WEATHER  INFORMATION","Cloudy weather ,Hazy sun,but not chance of rain",BIHAR,SUPAUL,CHHATAPUR,2018-01-11T12:35:23Z
JAYAD,HORTICULTURE,Fruits,Bail,"Plant Protection","STEM BORER IN BAEL","APPLY CARBOFURAN 3G 5 GRAM/HOLE
APPLY COPPER OXYCHLORIDE PASTE ON BAEL TREE",BIHAR,SUPAUL,CHHATAPUR,2018-01-11T13:42:20Z
RABI,AGRICULTURE,Others,Others,"Field Preparation","WEATHER INFORMATION","Very low cloudy area but no chance of rain",BIHAR,SUPAUL,SUPAUL,2018-01-12T08:09:19Z
RABI,AGRICULTURE,Others,Others,"Field Preparation","WEATHER INFORMATION","Very low cloudy area but no chance of rain",BIHAR,SUPAUL,SUPAUL,2018-01-12T08:10:29Z
RABI,AGRICULTURE,Others,Others,"Field Preparation","WEATHER INFORMATION","Very low cloudy area but no chance of rain",BIHAR,SUPAUL,SUPAUL,2018-01-12T08:11:39Z
RABI,AGRICULTURE,Others,Others,Weather,"WEATHER  INFORMATION","Cloudy weather ,Hazy sun,but not chance of rain",BIHAR,SUPAUL,TRIBENIGANJ,2018-01-12T15:27:38Z
RABI,HORTICULTURE,Vegetables,Brinjal,"Plant Protection","Tobacco mosaic virus","Spray insecticides like Dimethoate 2 ml/litre or Metasystox 1 ml/litre of water to control the insect vectors.",BIHAR,SUPAUL,PIPRA,2018-01-13T07:11:52Z
RABI,AGRICULTURE,Others,Others,"Soil Testing","Yellow leaf problem","mancozeb -2g/lit water spray",BIHAR,SUPAUL,PIPRA,2018-01-13T12:51:06Z
KHARIF,HORTICULTURE,Vegetables,Brinjal,"Plant Protection","fruit borer in brinjal","spray rogor 2ml/lit for brinjal",BIHAR,SUPAUL,SUPAUL,2018-01-13T15:00:01Z
RABI,AGRICULTURE,Others,Others,Weather,"WEATHER INFORMATION","????? ???? ???? ????? ?????? ??? ???? ????? I",BIHAR,SUPAUL,TRIBENIGANJ,2018-01-14T07:56:46Z
RABI,AGRICULTURE,Others,Others,Weather,"WEATHER  INFORMATION","Cloudy weather ,Hazy sun,but not chance of rain",BIHAR,SUPAUL,PIPRA,2018-01-14T12:49:24Z
RABI,AGRICULTURE,Others,Others,Weather,"WEATHER  INFORMATION","Cloudy weather ,Hazy sun,but not chance of rain",BIHAR,SUPAUL,CHHATAPUR,2018-01-15T13:51:33Z
RABI,AGRICULTURE,Millets,"Maize (Makka)","Plant Protection","LEAF BLIGHT PROBLEM OF MAIZE","Spray mancozeb @ 2g/lit of water",BIHAR,SUPAUL,CHHATAPUR,2018-01-15T14:06:49Z
RABI,AGRICULTURE,Others,Others,"Field Preparation",NUTRIENT,"Spray Multi micro nutrient @ 2 gram in 1 litre of water",BIHAR,SUPAUL,RAGHOPUR,2018-01-16T09:32:23Z
RABI,AGRICULTURE,Others,Others,"Field Preparation",NUTRIENT,"Spray Multi micro nutrient @ 2 gram in 1 litre of water",BIHAR,SUPAUL,RAGHOPUR,2018-01-16T10:02:18Z
RABI,AGRICULTURE,Others,Others,"Plant Protection","DELAY growth IN CHILLI","TO SPRAY MULTI MICRO NURIENT @2 GRAM/LITER OF WATER",BIHAR,SUPAUL,PIPRA,2018-01-16T16:28:00Z
RABI,AGRICULTURE,Others,Others,"Field Preparation","WEATHER INFORMATION","HAZY WEATHER WITH SUNSHINE",BIHAR,SUPAUL,PIPRA,2018-01-17T11:21:17Z
RABI,AGRICULTURE,Millets,"Maize (Makka)","Field Preparation","MAIZE COLD ATTACK","SPRAY MANCOZEB 2 GRAM/LITRE OF WATER",BIHAR,SUPAUL,BASANTPUR,2018-01-18T08:43:33Z
RABI,AGRICULTURE,Cereals,Wheat,"Field Preparation","WHEAT GROWTH IS NOT PROPER","APPLY MULTIMICRONUTRIENT",BIHAR,SUPAUL,TRIBENIGANJ,2018-01-18T12:05:49Z
RABI,AGRICULTURE,Others,Others,"Sowing Time and Weather","WEATHER INFORMATION","Hazy sunshine",BIHAR,SUPAUL,TRIBENIGANJ,2018-01-18T12:08:00Z
RABI,AGRICULTURE,Others,Others,Weather,"WEATHER  INFORMATION","Cloudy weather ,Hazy sun,but not chance of rain",BIHAR,SUPAUL,"SARAIGARH BHAPTIYAHI",2018-01-18T13:14:06Z
RABI,AGRICULTURE,Others,Others,"Plant Protection","YELLOWING OF LEAVES IN MAIZE","Spray mancozeb @ 2g/lit of water",BIHAR,SUPAUL,"SARAIGARH BHAPTIYAHI",2018-01-18T13:18:12Z
RABI,AGRICULTURE,Others,Others,Weather,"WEATHER INFORMATION","Hazy sunshine",BIHAR,SUPAUL,"SARAIGARH BHAPTIYAHI",2018-01-19T07:57:52Z
RABI,AGRICULTURE,Others,Others,Weather,"WEATHER  INFORMATION","Cloudy weather ,Hazy sun,but not chance of rain",BIHAR,SUPAUL,"SARAIGARH BHAPTIYAHI",2018-01-19T08:03:08Z
RABI,AGRICULTURE,Others,Others,Weather,"WEATHER  INFORMATION","Cloudy weather ,Hazy sun,but not chance of rain",BIHAR,SUPAUL,"SARAIGARH BHAPTIYAHI",2018-01-19T08:08:46Z
RABI,AGRICULTURE,Others,Others,"Sowing Time and Weather","WEATHER INFORMATION","HAZY SUNSHINE WITH COLD",BIHAR,SUPAUL,"SARAIGARH BHAPTIYAHI",2018-01-19T08:16:06Z
RABI,AGRICULTURE,Cereals,Wheat,"Field Preparation","WHEAT COLD ATTACK","SPRAY MANCOZEB 2 GRAM/LITRE OF WATER",BIHAR,SUPAUL,TRIBENIGANJ,2018-01-19T10:20:15Z
RABI,AGRICULTURE,Others,Others,Weather,"WEATHER INFORMATION","Hazy sunshine",BIHAR,SUPAUL,SUPAUL,2018-01-19T13:29:07Z
RABI,AGRICULTURE,Others,Others,"Field Preparation","WEED PROBLEM IN MAIZE","HAND WEEDING",BIHAR,SUPAUL,CHHATAPUR,2018-01-19T19:59:50Z
RABI,AGRICULTURE,Cereals,Wheat,"Field Preparation","WEATHER INFORMATION","Cloudy weather in your area, but no chance of rain in your area",BIHAR,SUPAUL,CHHATAPUR,2018-01-19T20:11:43Z
RABI,AGRICULTURE,Others,Others,"Plant Protection","Yellowing of leaf IN  MAIZE","Spray mancozeb @ 2g/lit of water",BIHAR,SUPAUL,KISHANPUR,2018-01-20T07:37:04Z
RABI,AGRICULTURE,Others,Others,Weather,"WEATHER  INFORMATION","Clear weather in your area ,no chance of rain",BIHAR,SUPAUL,PIPRA,2018-01-21T12:56:31Z
RABI,AGRICULTURE,Others,Others,"Plant Protection","plant protection","Spray saaf @2gm /lit of water",BIHAR,SUPAUL,TRIBENIGANJ,2018-01-21T15:53:19Z
RABI,AGRICULTURE,Others,Others,"Plant Protection","Stem fly IN MAIZE","DIMETHOATE-2 ML/LITER OF WATER",BIHAR,SUPAUL,CHHATAPUR,2018-01-23T18:10:51Z
RABI,AGRICULTURE,Others,Others,"Field Preparation","ANIMAL LOAN","ANIMAL LOAN-CONTACT TO BANK",BIHAR,SUPAUL,KISHANPUR,2018-01-24T09:17:42Z
RABI,AGRICULTURE,Others,Others,Weather,"WEATHER INFORMATION","No chance of rain in your area",BIHAR,SUPAUL,BASANTPUR,2018-01-24T10:40:21Z
RABI,AGRICULTURE,Others,Others,Weather,"WEATHER INFORMATION","No chance of rain in your area",BIHAR,SUPAUL,MARAUNA,2018-01-24T10:47:22Z
RABI,AGRICULTURE,Others,Others,"Sowing Time and Weather","WEATHER INFORMATION","Sunny weather in your area ,Condition of cold is normal,no chance of rain.",BIHAR,SUPAUL,MARAUNA,2018-01-24T13:00:04Z
RABI,AGRICULTURE,Others,Others,Weather,"WEATHER INFORMATION","No chance of rain in your area",BIHAR,SUPAUL,SUPAUL,2018-01-24T13:03:05Z
RABI,AGRICULTURE,Others,Others,"Field Preparation","MACOZEB-2G/LIT WATER SPRAY","MACOZEB-2G/LIT WATER SPRAY",BIHAR,SUPAUL,TRIBENIGANJ,2018-01-24T16:48:39Z
RABI,HORTICULTURE,Fruits,Pomegranate,"Field Preparation","POMEGRANATE FRUIT DROP","SPRAY PLANOFIX 1 MILI/4-5 LITRE OF WATER",BIHAR,SUPAUL,SUPAUL,2018-01-25T11:16:12Z
RABI,AGRICULTURE,Cereals,Wheat,Weather,"Weather information","????  ??? ????? ??? ???? ??? ?????",BIHAR,SUPAUL,CHHATAPUR,2018-01-25T21:06:19Z
RABI,AGRICULTURE,Millets,"Maize (Makka)","Plant Protection","Yellowing leaf  of  MAIZE","Spray mancozeb @ 2g/lit of water",BIHAR,SUPAUL,SUPAUL,2018-01-26T10:29:17Z
RABI,AGRICULTURE,Others,Others,Weather,"weather information","Hazy weather,no chance of rain",BIHAR,SUPAUL,TRIBENIGANJ,2018-01-26T13:18:34Z
RABI,AGRICULTURE,Oilseeds,Toria,"Field Preparation","TORIA ROTTENING","SPRAY COPPER OXYCHLORIDE 2 GRAM/LITRE OF WATER.",BIHAR,SUPAUL,TRIBENIGANJ,2018-01-26T14:06:57Z
RABI,AGRICULTURE,Others,Others,"Field Preparation","Mushroom cultivation","Mushroom cultivation -Dr. Dayaram - 9430464088",BIHAR,SUPAUL,TRIBENIGANJ,2018-01-26T14:55:38Z
RABI,AGRICULTURE,Others,Others,"Field Preparation",NUTRIENT,"Spray Multi micro nutrient @ 2 gram in 1 litre of water",BIHAR,SUPAUL,TRIBENIGANJ,2018-01-26T15:02:06Z
RABI,AGRICULTURE,Others,Others,"Field Preparation",NUTRIENT,"Spray Multi micro nutrient @ 2 gram in 1 litre of water",BIHAR,SUPAUL,TRIBENIGANJ,2018-01-26T15:30:50Z
RABI,AGRICULTURE,Others,Others,"Field Preparation","WEATHER INFORMATION","Cloudy weather in your area and no chance of rain in your area",BIHAR,SUPAUL,TRIBENIGANJ,2018-01-26T16:41:42Z
RABI,AGRICULTURE,Cereals,Wheat,Weather,"Weather information","Cloudy weather  today and tomorrow  no chance of rain.",BIHAR,SUPAUL,CHHATAPUR,2018-01-26T20:18:35Z
RABI,AGRICULTURE,Others,Others,Weather,"WEATHER INFORMATION","No chance of rain in your area",BIHAR,SUPAUL,PRATAPGANJ,2018-01-27T11:23:39Z
RABI,AGRICULTURE,Cereals,Wheat,"Field Preparation","WHEAT PLANT YELLOWING","LIGHT IRRIGATION",BIHAR,SUPAUL,TRIBENIGANJ,2018-01-27T12:50:37Z
RABI,AGRICULTURE,Others,Others,"Field Preparation","Cloudy with a shower","Cloudy with a shower",BIHAR,SUPAUL,SUPAUL,2018-01-27T19:51:28Z
RABI,AGRICULTURE,Pulses,"Rajma (french bean)","Plant Protection","plant protection","Spray copper oxycloride @ 2 gram in 1 litter of water",BIHAR,SUPAUL,RAGHOPUR,2018-01-28T12:06:17Z
RABI,AGRICULTURE,Others,Others,Weather,"WEATHER INFORMATION","Clear weather in your area,no chance of rain",BIHAR,SUPAUL,RAGHOPUR,2018-01-29T17:21:00Z
RABI,HORTICULTURE,Vegetables,Bhindi(Okra/Ladysfinger),"Plant Protection","Leaf roller","Spray carbaryl 50 WP 2 g/lit or phosalone 35 EC 2 ml/lit",BIHAR,SUPAUL,PIPRA,2018-01-30T10:21:41Z
RABI,AGRICULTURE,Others,Others,Weather,"Weather information","Hazy sun",BIHAR,SUPAUL,RAGHOPUR,2018-01-30T10:47:54Z
RABI,AGRICULTURE,Cereals,Wheat,Weather,"INFORMATION WEATHER","Sunny weather but no rain in your area.",BIHAR,SUPAUL,RAGHOPUR,2018-01-30T17:20:56Z
RABI,AGRICULTURE,Others,Others,"Field Preparation","WEATHER INFORMATION","Cloudy weather in your area, but no chance of rain in your area.",BIHAR,SUPAUL,"SARAIGARH BHAPTIYAHI",2018-01-30T17:48:32Z
RABI,AGRICULTURE,Cereals,Wheat,Weather,"WEATHER INFORMATION","????? ???? ???? ????? ?????? ??? ???? ?????",BIHAR,SUPAUL,KISHANPUR,2018-01-31T13:08:27Z
RABI,AGRICULTURE,Others,Others,Weather,"WEATHER INFORMATION","Very low cloudy area but no chance of rain",BIHAR,SUPAUL,RAGHOPUR,2018-01-31T14:56:03Z
RABI,AGRICULTURE,Others,Others,"Plant Protection","Yellowing of leaves /Rotting problem","SPRAY MANCOZEB @ 2 GRAM/LITRE OF WATER",BIHAR,SUPAUL,RAGHOPUR,2018-01-31T14:58:19Z
RABI,AGRICULTURE,Others,Others,"Field Preparation","VARIETY OF CAULIFLOWER","Pusa Dapoli, Cuba Giant, Snow ball",BIHAR,SUPAUL,RAGHOPUR,2018-01-31T15:14:32Z
RABI,AGRICULTURE,Others,Others,"Field Preparation","Variety of moong","Variety of moong- pusa vishal, smart, sona",BIHAR,SUPAUL,RAGHOPUR,2018-01-31T15:17:11Z
RABI,AGRICULTURE,Others,Others,"Field Preparation",". Good variety of papaya","Pusa dwarf, pusa nanha c o-5,",BIHAR,SUPAUL,RAGHOPUR,2018-01-31T15:19:26Z
RABI,AGRICULTURE,Others,Others,"Field Preparation","Good variety of maize","Good variety of maize - Shaktiman 1,2,3,4, Ganga-11, Suan, Devki, D.H.M.-117",BIHAR,SUPAUL,RAGHOPUR,2018-01-31T15:21:03Z
RABI,AGRICULTURE,Others,Others,"Field Preparation","Mancozeb or dithane","Mancozeb or dithane m-45ka 2 gram dava 1 liter pani me mila kar spray kare",BIHAR,SUPAUL,RAGHOPUR,2018-01-31T15:22:37Z
RABI,AGRICULTURE,Others,Others,"Field Preparation",". Best variety of brinjal","-rajendra baigan-2, pant baigan, punjab sadabahar, sonali,",BIHAR,SUPAUL,"SARAIGARH BHAPTIYAHI",2018-01-31T16:15:43Z
RABI,AGRICULTURE,Others,Others,"Field Preparation","WEATHER INFORMATION","Cloudy weather in your area, but no chance of rain in your area.",BIHAR,SUPAUL,BASANTPUR,2018-01-31T16:44:03Z
RABI,AGRICULTURE,Others,Others,Weather,"WEATHER INFORMATION","Very low cloudy area but no chance of rain",BIHAR,SUPAUL,RAGHOPUR,2018-01-31T17:15:41Z
RABI,AGRICULTURE,Others,Others,"Field Preparation","Yellowing of leaves /Rotting problem","Spray copper oxychloride @ 2 gram in 1 litre of water",BIHAR,SUPAUL,RAGHOPUR,2018-01-31T19:18:33Z
