Season,Sector,Category,Crop,QueryType,QueryText,KCCAns,StateName,DistrictName,BlockName,CreatedOn
0,HORTICULTURE,Vegetables,Cauliflower,NA,"insect problem in cauliflower","spray malathion @ 2 gram/liter water",BIHAR,MADHEPURA,PURANI,2018-10-01T08:14:40Z
0,HORTICULTURE,Vegetables,Cauliflower,NA,"insect problem in cauliflower","spray malathion @ 2 gram/liter water",BIHAR,MADHEPURA,PURANI,2018-10-01T08:14:40Z
0,AGRICULTURE,NA,NA,NA,"weather information","no chance of rain in your area",BIHAR,MADHEPURA,MADHEPURA,2018-10-01T10:54:51Z
0,AGRICULTURE,NA,NA,NA,"weather information","no chance of rain in your area",BIHAR,MADHEPURA,MADHEPURA,2018-10-01T10:54:51Z
0,AGRICULTURE,Others,Others,NA,wether,"no rain",BIHAR,MADHEPURA,MADHEPURA,2018-10-01T18:56:54Z
0,AGRICULTURE,Others,Others,NA,wether,"no rain",BIHAR,MADHEPURA,MADHEPURA,2018-10-01T18:56:54Z
0,AGRICULTURE,Others,Others,NA,"dbt problem","aap csc me contact kare",BIHAR,MADHEPURA,MURLIGANJ,2018-10-02T10:02:55Z
0,AGRICULTURE,Others,Others,NA,"dbt problem","aap csc me contact kare",BIHAR,MADHEPURA,MURLIGANJ,2018-10-02T10:02:55Z
0,AGRICULTURE,Others,Others,NA,"dbt problem","aap csc me contact kare",BIHAR,MADHEPURA,MADHEPURA,2018-10-03T10:00:28Z
0,AGRICULTURE,Others,Others,NA,"dbt problem","aap csc me contact kare",BIHAR,MADHEPURA,MADHEPURA,2018-10-03T10:00:28Z
0,AGRICULTURE,Cereals,"Paddy (Dhan)",NA,"insect attack in paddy","Malathion 50 EC  2 ml /lit water",BIHAR,MADHEPURA,SHANKARPUR,2018-10-03T12:29:01Z
0,AGRICULTURE,Cereals,"Paddy (Dhan)",NA,"insect attack in paddy","Malathion 50 EC  2 ml /lit water",BIHAR,MADHEPURA,SHANKARPUR,2018-10-03T12:29:01Z
0,AGRICULTURE,Others,Others,NA,"Insect infestation","Spray triazophos @ 2ml in 1 litre of water",BIHAR,MADHEPURA,MURLIGANJ,2018-10-03T17:02:13Z
0,AGRICULTURE,Others,Others,NA,"Insect infestation","Spray triazophos @ 2ml in 1 litre of water",BIHAR,MADHEPURA,MURLIGANJ,2018-10-03T17:02:13Z
0,AGRICULTURE,Others,Others,NA,paddy,"spray carbenazim@2 gram/litre water",BIHAR,MADHEPURA,MADHEPURA,2018-10-07T19:20:32Z
0,AGRICULTURE,Others,Others,NA,paddy,"spray carbenazim@2 gram/litre water",BIHAR,MADHEPURA,MADHEPURA,2018-10-07T19:20:32Z
0,HORTICULTURE,Vegetables,Cauliflower,NA,cauliflower,"Mancozeb at 2 g/lit or",BIHAR,MADHEPURA,BIHARIGANJ,2018-10-07T21:22:01Z
0,HORTICULTURE,Vegetables,Cauliflower,NA,cauliflower,"Mancozeb at 2 g/lit or",BIHAR,MADHEPURA,BIHARIGANJ,2018-10-07T21:22:01Z
0,AGRICULTURE,Others,Others,NA,"DBT PROBLEM","TO CONTACT AGRICULTURE COORDINATOR",BIHAR,MADHEPURA,ALAMNAGAR,2018-10-08T12:51:22Z
0,AGRICULTURE,Others,Others,NA,"DBT PROBLEM","TO CONTACT AGRICULTURE COORDINATOR",BIHAR,MADHEPURA,ALAMNAGAR,2018-10-08T12:51:22Z
0,AGRICULTURE,Others,Others,NA,WEATHER,"NO RAIN",BIHAR,MADHEPURA,CHAUSA,2018-10-17T15:38:28Z
0,AGRICULTURE,Others,Others,NA,WEATHER,"NO RAIN",BIHAR,MADHEPURA,CHAUSA,2018-10-17T15:38:28Z
0,AGRICULTURE,Others,Others,NA,"GOVERNMENT SCHEMES","CONTACT IN YOUR BLOCK",BIHAR,MADHEPURA,"UDA KISHANGANJ",2018-10-17T17:01:51Z
0,AGRICULTURE,Others,Others,NA,"GOVERNMENT SCHEMES","CONTACT IN YOUR BLOCK",BIHAR,MADHEPURA,"UDA KISHANGANJ",2018-10-17T17:01:51Z
0,AGRICULTURE,Others,Others,NA,"Db t problem","Contact to block agriculture officer",BIHAR,MADHEPURA,KUMARKHAND,2018-10-18T11:28:05Z
0,AGRICULTURE,Others,Others,NA,"Db t problem","Contact to block agriculture officer",BIHAR,MADHEPURA,KUMARKHAND,2018-10-18T11:28:05Z
0,HORTICULTURE,Vegetables,"Bitter Gourd",NA,"fruit fly infestation","methyl parathion/malathion/dimethoate @2ml/l of water",BIHAR,MADHEPURA,MURLIGANJ,2018-10-18T12:19:39Z
0,HORTICULTURE,Vegetables,"Bitter Gourd",NA,"fruit fly infestation","methyl parathion/malathion/dimethoate @2ml/l of water",BIHAR,MADHEPURA,MURLIGANJ,2018-10-18T12:19:39Z
0,AGRICULTURE,Others,Others,NA,"Blight disease in paddy","Spray carbendazim @ 2 gram/liter of water + streptocyclin @ 1/2 gram/liter of water",BIHAR,MADHEPURA,GWALPARA,2018-10-18T19:20:58Z
0,AGRICULTURE,Others,Others,NA,"Blight disease in paddy","Spray carbendazim @ 2 gram/liter of water + streptocyclin @ 1/2 gram/liter of water",BIHAR,MADHEPURA,GWALPARA,2018-10-18T19:20:58Z
0,AGRICULTURE,Others,Others,NA,"WEATHER INFORMATIN","Cloudy weather in your area, but no chance of rain.",BIHAR,MADHEPURA,SINGHESHWAR,2018-10-19T09:40:56Z
0,AGRICULTURE,Others,Others,NA,"WEATHER INFORMATIN","Cloudy weather in your area, but no chance of rain.",BIHAR,MADHEPURA,SINGHESHWAR,2018-10-19T09:40:56Z
0,AGRICULTURE,Others,Others,NA,"Weather information","Cloudy weather in your area, but no chance of rain.",BIHAR,MADHEPURA,KUMARKHAND,2018-10-19T09:48:55Z
0,AGRICULTURE,Others,Others,NA,"Weather information","Cloudy weather in your area, but no chance of rain.",BIHAR,MADHEPURA,KUMARKHAND,2018-10-19T09:48:55Z
0,AGRICULTURE,Cereals,"Paddy (Dhan)",NA,"PLANT PROTECTION","SPRAY OF CARBENDAZIM 2GM PER LIT OF WATER",BIHAR,MADHEPURA,CHAUSA,2018-10-19T10:57:10Z
0,AGRICULTURE,Cereals,"Paddy (Dhan)",NA,"PLANT PROTECTION","SPRAY OF CARBENDAZIM 2GM PER LIT OF WATER",BIHAR,MADHEPURA,CHAUSA,2018-10-19T10:57:10Z
0,AGRICULTURE,Others,Others,NA,"Dbt problem","Contact to block agriculture officer",BIHAR,MADHEPURA,MADHEPURA,2018-10-19T11:40:32Z
0,AGRICULTURE,Others,Others,NA,"Dbt problem","Contact to block agriculture officer",BIHAR,MADHEPURA,MADHEPURA,2018-10-19T11:40:32Z
0,AGRICULTURE,Others,Others,NA,"Dbt problem","Contact to block agriculture officer",BIHAR,MADHEPURA,GHELARH,2018-10-19T14:03:26Z
0,AGRICULTURE,Others,Others,NA,"Dbt problem","Contact to block agriculture officer",BIHAR,MADHEPURA,GHELARH,2018-10-19T14:03:26Z
0,AGRICULTURE,Others,Others,NA,"Dbt problem","Contact to block agriculture officer",BIHAR,MADHEPURA,"UDA KISHANGANJ",2018-10-19T14:12:29Z
0,AGRICULTURE,Others,Others,NA,"Dbt problem","Contact to block agriculture officer",BIHAR,MADHEPURA,"UDA KISHANGANJ",2018-10-19T14:12:29Z
0,AGRICULTURE,Others,Others,NA,"dbt related","go to CIC centre for registration",BIHAR,MADHEPURA,MURLIGANJ,2018-10-20T07:57:39Z
0,AGRICULTURE,Others,Others,NA,"dbt related","go to CIC centre for registration",BIHAR,MADHEPURA,MURLIGANJ,2018-10-20T07:57:39Z
0,HORTICULTURE,Fruits,Mango,NA,"weed management in mango orchard","Apply paraquat/glyphosate @ 2ml/l of water",BIHAR,MADHEPURA,MADHEPURA,2018-10-20T10:38:19Z
0,HORTICULTURE,Fruits,Mango,NA,"weed management in mango orchard","Apply paraquat/glyphosate @ 2ml/l of water",BIHAR,MADHEPURA,MADHEPURA,2018-10-20T10:38:19Z
0,HORTICULTURE,Fruits,Mango,NA,"stem borer in mango","dichlorovos  application",BIHAR,MADHEPURA,MURLIGANJ,2018-10-20T11:45:46Z
0,HORTICULTURE,Fruits,Mango,NA,"stem borer in mango","dichlorovos  application",BIHAR,MADHEPURA,MURLIGANJ,2018-10-20T11:45:46Z
0,AGRICULTURE,Others,Others,NA,"DRAUGHT HIT DISTRICTS","MADHEPURA IS INCLUDED",BIHAR,MADHEPURA,MURLIGANJ,2018-10-20T12:13:58Z
0,AGRICULTURE,Others,Others,NA,"DRAUGHT HIT DISTRICTS","MADHEPURA IS INCLUDED",BIHAR,MADHEPURA,MURLIGANJ,2018-10-20T12:13:58Z
0,AGRICULTURE,Others,Others,NA,"insect in bitter gaurd","Spray cloropyriphos @ 2 ml in 1 litre of water",BIHAR,MADHEPURA,MURLIGANJ,2018-10-20T13:06:59Z
0,AGRICULTURE,Others,Others,NA,"insect in bitter gaurd","Spray cloropyriphos @ 2 ml in 1 litre of water",BIHAR,MADHEPURA,MURLIGANJ,2018-10-20T13:06:59Z
0,AGRICULTURE,Millets,NA,NA,"Good variety of maize-","Good variety of maize- saktiman 1-4, ganga-11, suan, devki",BIHAR,MADHEPURA,MADHEPURA,2018-10-20T13:12:54Z
0,AGRICULTURE,Millets,NA,NA,"Good variety of maize-","Good variety of maize- saktiman 1-4, ganga-11, suan, devki",BIHAR,MADHEPURA,MADHEPURA,2018-10-20T13:12:54Z
0,AGRICULTURE,Others,Others,NA,"FALSE  SMUTH OF RICE","Spray mancozeb @ 2g/lit of water",BIHAR,MADHEPURA,"UDA KISHANGANJ",2018-10-21T10:24:23Z
0,AGRICULTURE,Others,Others,NA,"FALSE  SMUTH OF RICE","Spray mancozeb @ 2g/lit of water",BIHAR,MADHEPURA,"UDA KISHANGANJ",2018-10-21T10:24:23Z
0,AGRICULTURE,NA,NA,NA,"WEATHER INFORMATION","NO CHANCE OF RAIN IN YOUR AREA",BIHAR,MADHEPURA,BIHARIGANJ,2018-10-21T13:57:08Z
0,AGRICULTURE,NA,NA,NA,"WEATHER INFORMATION","NO CHANCE OF RAIN IN YOUR AREA",BIHAR,MADHEPURA,BIHARIGANJ,2018-10-21T13:57:08Z
0,AGRICULTURE,Others,Others,NA,"WEATHER INFORMATION","NO CHANCE OF RAIN IN YOUR AREA",BIHAR,MADHEPURA,BIHARIGANJ,2018-10-21T17:48:59Z
0,AGRICULTURE,Others,Others,NA,"WEATHER INFORMATION","NO CHANCE OF RAIN IN YOUR AREA",BIHAR,MADHEPURA,BIHARIGANJ,2018-10-21T17:48:59Z
0,AGRICULTURE,Others,Others,NA,"WEATHER INFORMATIN","Cloudy weather in your area, but no chance of rain.",BIHAR,MADHEPURA,GWALPARA,2018-10-21T19:03:31Z
0,AGRICULTURE,Others,Others,NA,"WEATHER INFORMATIN","Cloudy weather in your area, but no chance of rain.",BIHAR,MADHEPURA,GWALPARA,2018-10-21T19:03:31Z
0,AGRICULTURE,Others,Others,NA,WEATHER,"NO RAIN",BIHAR,MADHEPURA,GHELARH,2018-10-21T20:09:06Z
0,AGRICULTURE,Others,Others,NA,WEATHER,"NO RAIN",BIHAR,MADHEPURA,GHELARH,2018-10-21T20:09:06Z
0,AGRICULTURE,Others,Others,NA,"Farmer registration",www.dbtagriculture.bihar.gov.in,BIHAR,MADHEPURA,MURLIGANJ,2018-10-22T08:19:45Z
0,AGRICULTURE,Others,Others,NA,"Weather information","Weather will be clear and glowing sun",BIHAR,MADHEPURA,MURLIGANJ,2018-10-22T09:08:45Z
0,AGRICULTURE,Others,Others,NA,"Weather information","Cloudy weather in your area, but no chance of rain",BIHAR,MADHEPURA,SHANKARPUR,2018-10-22T09:37:18Z
0,AGRICULTURE,Others,Others,NA,"Insect infestation","Spray Fesolone or acephate or carbaryl @ 2 ml in 1 liter of water",BIHAR,MADHEPURA,GWALPARA,2018-10-22T18:53:24Z
0,AGRICULTURE,Cereals,"Paddy (Dhan)",NA,"plant protection","spray imidachloropid@1 ml in 2 liter water",BIHAR,MADHEPURA,GHELARH,2018-10-22T19:25:54Z
0,AGRICULTURE,Cereals,"Paddy (Dhan)",NA,"Infestation of army worm","Apply malathion powder @ 10 kilogram per acre in evening",BIHAR,MADHEPURA,GWALPARA,2018-10-23T11:24:10Z
0,AGRICULTURE,Cereals,"Paddy (Dhan)",NA,"INSECT INFESTATION","Spray  chlorpyriphos 20 EC  1 ML / 2 LITRE PANI M,E",BIHAR,MADHEPURA,GWALPARA,2018-10-23T11:33:55Z
0,AGRICULTURE,Others,Others,NA,"DBT  problem","contact to your agriculture coordinaor",BIHAR,MADHEPURA,GWALPARA,2018-10-23T16:21:55Z
0,HORTICULTURE,Vegetables,"Bitter Gourd",NA,"plant protection","spraying Malathion 50 EC 1ml/lit water",BIHAR,MADHEPURA,SHANKARPUR,2018-10-23T17:06:37Z
0,AGRICULTURE,Others,Others,NA,"Weather information","Cloudy weather in your area, but no chance of rain.",BIHAR,MADHEPURA,GAMHARIYA,2018-10-23T21:44:45Z
0,AGRICULTURE,Others,Others,NA,"Weather information","Clear weather in your area,no chance of rain.",BIHAR,MADHEPURA,MADHEPURA,2018-10-24T09:21:09Z
0,AGRICULTURE,Others,Others,NA,"DBT  problem",www.krishimis.in,BIHAR,MADHEPURA,GAMHARIYA,2018-10-24T09:57:09Z
0,AGRICULTURE,Others,Others,NA,"Weather information","Weather will be clear and glowing sun",BIHAR,MADHEPURA,NA,2018-10-24T10:37:22Z
0,AGRICULTURE,Beekeeping,Beekeeping,NA,"rotten problem in cauliflower","saaf-2 gram/liter of water",BIHAR,MADHEPURA,CHAUSA,2018-10-24T17:13:33Z
0,AGRICULTURE,Others,Others,NA,"WEATHER INFORMATION","Cloudy weather in your area, but no chance of rain.",BIHAR,MADHEPURA,BIHARIGANJ,2018-10-24T17:55:49Z
0,AGRICULTURE,Cereals,"Paddy (Dhan)",NA,"Irrigation in Wheat","Minimum three irrigation in Wheat",BIHAR,MADHEPURA,MADHEPURA,2018-10-24T18:33:32Z
0,AGRICULTURE,Others,Others,NA,"WEATHER INFORMATION","Cloudy weather in your area,but no chance of rain up to 2-3 days.",BIHAR,MADHEPURA,"UDA KISHANGANJ",2018-10-24T19:00:28Z
0,AGRICULTURE,Others,Others,NA,"GOVERNMENT SCHEMES","contact to your agriculture coordinator",BIHAR,MADHEPURA,CHAUSA,2018-10-24T21:30:00Z
0,AGRICULTURE,Others,Others,NA,"Weather information","Clear sky in your area. no chance of rain.",BIHAR,MADHEPURA,MADHEPURA,2018-10-25T08:02:47Z
0,AGRICULTURE,Others,Others,NA,"Weather information","Weather will be clear and glowing sun",BIHAR,MADHEPURA,BIHARIGANJ,2018-10-25T09:47:35Z
0,AGRICULTURE,Others,Others,NA,DBT,"TECHNICAL ISSUES",BIHAR,MADHEPURA,MADHEPURA,2018-10-25T15:44:25Z
0,AGRICULTURE,Others,Others,NA,"WEATHER INFORMATION","THERE IS NO CHANCE OF RAIN  IN YOUR AREA",BIHAR,MADHEPURA,SINGHESHWAR,2018-10-25T16:03:45Z
0,HORTICULTURE,Vegetables,Potato,NA,"TERMITE INSECT  INFESTATION IN  POTATO","CHLOROPYRIPHOS  20 RC @ 2 ML / LITRE WATER",BIHAR,MADHEPURA,GAMHARIYA,2018-10-26T07:46:10Z
0,AGRICULTURE,Others,Others,NA,"Weather information","Weather will be clear and glowing sun",BIHAR,MADHEPURA,GAMHARIYA,2018-10-26T08:21:56Z
0,AGRICULTURE,Others,Others,NA,"Weather information","Clear  weather in your area, no chance of  rain.",BIHAR,MADHEPURA,GAMHARIYA,2018-10-26T08:23:02Z
0,AGRICULTURE,Others,Others,NA,"Weather information","Clear  weather in your area, no chance of  rain.",BIHAR,MADHEPURA,GAMHARIYA,2018-10-26T08:25:00Z
0,NA,NA,NA,NA,"DBT related problem","Contact to block agriculture officer",BIHAR,MADHEPURA,GAMHARIYA,2018-10-26T09:06:58Z
0,AGRICULTURE,Others,Others,NA,"DBT  problem","contact to your agriculture coordinator",BIHAR,MADHEPURA,MADHEPURA,2018-10-26T10:10:37Z
0,AGRICULTURE,Others,Others,NA,"Weather information","Weather will be clear and glowing sun",BIHAR,MADHEPURA,MADHEPURA,2018-10-26T10:25:59Z
0,AGRICULTURE,Others,Others,NA,"dbt related","contact agriculture coordinator",BIHAR,MADHEPURA,"UDA KISHANGANJ",2018-10-26T13:09:30Z
0,AGRICULTURE,Others,Others,NA,"DBT PROBLEM","TO CONTACT BLOCK AGRICULTURE OFFICER",BIHAR,MADHEPURA,SINGHESHWAR,2018-10-26T13:19:27Z
0,AGRICULTURE,Others,Others,NA,"Weather information","Weather will be clear and glowing sun",BIHAR,MADHEPURA,MURLIGANJ,2018-10-26T13:35:06Z
0,AGRICULTURE,Others,Others,NA,"DBT related problem","Contact to block agriculture officer",BIHAR,MADHEPURA,MADHEPURA,2018-10-26T20:13:47Z
0,AGRICULTURE,Others,Others,NA,"DBT related problem","Contact to block agriculture coordinator",BIHAR,MADHEPURA,GHELARH,2018-10-28T08:20:48Z
0,AGRICULTURE,Others,Others,NA,"DBT related problem","Contact to block agriculture coordinator",BIHAR,MADHEPURA,GHELARH,2018-10-28T08:21:35Z
0,AGRICULTURE,Others,Others,NA,"WEATHER INFORMATION","Weather will be clear and glowing sun",BIHAR,MADHEPURA,MURLIGANJ,2018-10-28T09:25:46Z
0,AGRICULTURE,Others,Others,NA,"Weather information","Weather will be clear and glowing sun",BIHAR,MADHEPURA,KUMARKHAND,2018-10-28T09:53:32Z
0,AGRICULTURE,Others,Others,NA,"WEATHER INFORMATION","Cloudy weather in your area,but no chance of rain up to 2-3 days.",BIHAR,MADHEPURA,ALAMNAGAR,2018-10-28T15:43:51Z
0,AGRICULTURE,Others,Others,NA,WEATHER,"NO RAIN",BIHAR,MADHEPURA,ALAMNAGAR,2018-10-28T20:00:28Z
0,AGRICULTURE,Others,Others,NA,"WEATHER INFORMATION","Cloudy weather in your area,but no chance of rain up to 2-3 days.",BIHAR,MADHEPURA,GWALPARA,2018-10-28T21:03:15Z
0,AGRICULTURE,Others,Others,NA,"Weather information","Cloudy weather in your area, but no chance of rain",BIHAR,MADHEPURA,KUMARKHAND,2018-10-29T11:05:26Z
0,AGRICULTURE,Others,Others,NA,"WEATHER INFORMATION","TODAY CHANCE OF RAIN IN  YOUR AREA",BIHAR,MADHEPURA,BIHARIGANJ,2018-10-29T13:20:52Z
0,AGRICULTURE,Others,Others,NA,"Weather information","Cloudy weather in your area,  chance of rain",BIHAR,MADHEPURA,ALAMNAGAR,2018-10-29T13:28:32Z
0,AGRICULTURE,Others,Others,NA,"GOVT SCHEMES","CONTACT AC",BIHAR,MADHEPURA,SINGHESHWAR,2018-10-29T19:27:34Z
0,AGRICULTURE,Others,Others,NA,"Weather information","Cloudy weather in your area, but no chance of rain",BIHAR,MADHEPURA,KUMARKHAND,2018-10-30T12:28:07Z
0,HORTICULTURE,Vegetables,Cabbage,NA,"plant protection","Carbendazim 1 g/lit.",BIHAR,MADHEPURA,ALAMNAGAR,2018-10-31T17:47:49Z
0,NA,NA,NA,NA,"Weather information","Clear weather in your area,no chance of rain",BIHAR,MADHEPURA,MURLIGANJ,2018-10-31T17:58:57Z
0,AGRICULTURE,Others,Others,NA,"GOVT SCHEMES",KRISHI.BIH.NIC.IN,BIHAR,MADHEPURA,MADHEPURA,2018-10-31T19:05:51Z
0,AGRICULTURE,Others,Others,NA,"weather information","there is no chance of rain",BIHAR,MADHEPURA,KUMARKHAND,2018-10-31T19:32:01Z
