Season,Sector,Category,Crop,QueryType,QueryText,KCCAns,StateName,DistrictName,BlockName,CreatedOn
KHARIF,AGRICULTURE,Others,Others,"Weed Management","WEED MANAGEMENT IN MAIZE","HAND WEEDING",BIHAR,SIWAN,SIWAN,2018-08-01T17:18:43Z
KHARIF,AGRICULTURE,Others,Others,"Weed Management","WEED MANAGEMENT IN MAIZE","HAND WEEDING",BIHAR,SIWAN,SIWAN,2018-08-01T17:18:43Z
RABI,AGRICULTURE,Others,Others,Weather,"weather information","Cloudy weather in your area, chance of rain in your area.",BIHAR,SIWAN,GUTHANI,2018-08-03T09:05:07Z
RABI,AGRICULTURE,Others,Others,Weather,"weather information","Cloudy weather in your area, chance of rain in your area.",BIHAR,SIWAN,GUTHANI,2018-08-03T09:05:07Z
KHARIF,AGRICULTURE,Others,Others,Weather,"weather information","Cloudy weather in your area, chance of rain in your area.",BIHAR,SIWAN,"LAKRI NABIGANJ",2018-08-03T12:37:54Z
KHARIF,AGRICULTURE,Others,Others,Weather,"weather information","Cloudy weather in your area, chance of rain in your area.",BIHAR,SIWAN,"LAKRI NABIGANJ",2018-08-03T12:37:54Z
KHARIF,AGRICULTURE,Others,Others,Weather,"weather information","Heavy Cloudy weather in your area,chance of rain in your area",BIHAR,SIWAN,"LAKRI NABIGANJ",2018-08-03T13:37:31Z
KHARIF,AGRICULTURE,Others,Others,Weather,"weather information","Heavy Cloudy weather in your area,chance of rain in your area",BIHAR,SIWAN,"LAKRI NABIGANJ",2018-08-03T13:37:31Z
KHARIF,AGRICULTURE,Others,Others,"Field Preparation","WEATHER INFORMATION","Cloudy weather in your area but no chance of rain in your area",BIHAR,SIWAN,DARAULI,2018-08-03T20:34:13Z
KHARIF,AGRICULTURE,Others,Others,"Field Preparation","WEATHER INFORMATION","Cloudy weather in your area but no chance of rain in your area",BIHAR,SIWAN,DARAULI,2018-08-03T20:34:13Z
KHARIF,AGRICULTURE,Others,Others,Weather,"Weather information","There will be cloud in your area today and tomorrow and there is a possibility of rain",BIHAR,SIWAN,"HASAN PURA",2018-08-04T15:52:13Z
KHARIF,AGRICULTURE,Others,Others,Weather,"Weather information","There will be cloud in your area today and tomorrow and there is a possibility of rain",BIHAR,SIWAN,"HASAN PURA",2018-08-04T15:52:13Z
KHARIF,AGRICULTURE,Others,Others,Weather,"Weather information","There will be cloud in your area today and tomorrow and there is a possibility of rain",BIHAR,SIWAN,"HASAN PURA",2018-08-04T15:52:27Z
KHARIF,AGRICULTURE,Others,Others,Weather,"Weather information","There will be cloud in your area today and tomorrow and there is a possibility of rain",BIHAR,SIWAN,"HASAN PURA",2018-08-04T15:52:27Z
KHARIF,AGRICULTURE,Others,Others,Weather,"Weather information","There will be cloud in your area today and tomorrow and there is a possibility of rain",BIHAR,SIWAN,SIWAN,2018-08-04T19:46:36Z
KHARIF,AGRICULTURE,Others,Others,Weather,"Weather information","There will be cloud in your area today and tomorrow and there is a possibility of rain",BIHAR,SIWAN,SIWAN,2018-08-04T19:46:36Z
KHARIF,AGRICULTURE,Others,Others,Weather,"Weather information","There will be cloud in your area today and tomorrow and there is a possibility of rain",BIHAR,SIWAN,SIWAN,2018-08-04T19:47:04Z
KHARIF,AGRICULTURE,Others,Others,Weather,"Weather information","There will be cloud in your area today and tomorrow and there is a possibility of rain",BIHAR,SIWAN,SIWAN,2018-08-04T19:47:04Z
KHARIF,AGRICULTURE,Others,Others,Weather,"Weather information","There will be cloud in your area today and tomorrow and there is a possibility of rain",BIHAR,SIWAN,SIWAN,2018-08-04T19:48:21Z
KHARIF,AGRICULTURE,Others,Others,Weather,"Weather information","There will be cloud in your area today and tomorrow and there is a possibility of rain",BIHAR,SIWAN,SIWAN,2018-08-04T19:48:21Z
KHARIF,AGRICULTURE,Cereals,"Paddy (Dhan)",Weather,"weather information","???? ??? ?????? ,???? ?????????? ???? ?? ???????  ????",BIHAR,SIWAN,SIWAN,2018-08-04T20:26:26Z
KHARIF,AGRICULTURE,Cereals,"Paddy (Dhan)",Weather,"weather information","???? ??? ?????? ,???? ?????????? ???? ?? ???????  ????",BIHAR,SIWAN,SIWAN,2018-08-04T20:26:26Z
KHARIF,AGRICULTURE,Others,Others,Weather,"WEATHER INFORMATION","Cloudy weather in your area, chance of rain in your area .",BIHAR,SIWAN,SISWAN,2018-08-05T13:41:33Z
KHARIF,AGRICULTURE,Others,Others,Weather,"WEATHER INFORMATION","Cloudy weather in your area, chance of rain in your area .",BIHAR,SIWAN,SISWAN,2018-08-05T13:41:33Z
KHARIF,AGRICULTURE,Others,Others,Weather,"WEATHER INFORMATION","Cloudy weather in your area Today and tomorrow little chance of rain.",BIHAR,SIWAN,MAHARAJGANJ,2018-08-05T15:30:55Z
KHARIF,AGRICULTURE,Others,Others,Weather,"WEATHER INFORMATION","Cloudy weather in your area Today and tomorrow little chance of rain.",BIHAR,SIWAN,MAHARAJGANJ,2018-08-05T15:30:55Z
KHARIF,AGRICULTURE,Others,Others,Weather,"Weather Information","The farmer's brother will be in the sky in the sky and there is a possibility of rain",BIHAR,SIWAN,"HASAN PURA",2018-08-06T13:40:31Z
KHARIF,AGRICULTURE,Others,Others,Weather,"Weather Information","The farmer's brother will be in the sky in the sky and there is a possibility of rain",BIHAR,SIWAN,"HASAN PURA",2018-08-06T13:40:31Z
KHARIF,AGRICULTURE,Others,Others,Weather,"WEATHER INFORMATION","Cloudy weather in your area,chance of rain in your area",BIHAR,SIWAN,MAHARAJGANJ,2018-08-06T14:47:50Z
KHARIF,AGRICULTURE,Others,Others,Weather,"WEATHER INFORMATION","Cloudy weather in your area,chance of rain in your area",BIHAR,SIWAN,MAHARAJGANJ,2018-08-06T14:47:50Z
KHARIF,AGRICULTURE,Others,Others,Weather,"WEATHER INFORMATION","Cloudy weather in your area,chance of rain in your area",BIHAR,SIWAN,MAHARAJGANJ,2018-08-06T14:48:14Z
KHARIF,AGRICULTURE,Others,Others,Weather,"WEATHER INFORMATION","Cloudy weather in your area,chance of rain in your area",BIHAR,SIWAN,MAHARAJGANJ,2018-08-06T14:48:14Z
KHARIF,AGRICULTURE,Others,Others,Weather,"WEATHER INFORMATION","Cloudy weather in your area,chance of rain in your area",BIHAR,SIWAN,MAHARAJGANJ,2018-08-06T14:49:10Z
KHARIF,AGRICULTURE,Others,Others,Weather,"WEATHER INFORMATION","Cloudy weather in your area,chance of rain in your area",BIHAR,SIWAN,MAHARAJGANJ,2018-08-06T14:49:10Z
KHARIF,AGRICULTURE,Others,Others,"Fertilizer Use and Availability","FLOWER DROPPING","Sprary planofix 1ml in 4- 5 lit of water.  (NAA @ 20 ppm)",BIHAR,SIWAN,BASANTPUR,2018-08-06T18:47:21Z
KHARIF,AGRICULTURE,Others,Others,"Fertilizer Use and Availability","FLOWER DROPPING","Sprary planofix 1ml in 4- 5 lit of water.  (NAA @ 20 ppm)",BIHAR,SIWAN,BASANTPUR,2018-08-06T18:47:21Z
KHARIF,AGRICULTURE,Cereals,"Paddy (Dhan)",Weather,"Weather information","???? ???  ????? ????? ???? ?? ??????? ??",BIHAR,SIWAN,NAUTAN,2018-08-09T10:33:35Z
KHARIF,AGRICULTURE,Cereals,"Paddy (Dhan)",Weather,"Weather information","???? ???  ????? ????? ???? ?? ??????? ??",BIHAR,SIWAN,NAUTAN,2018-08-09T10:33:35Z
KHARIF,AGRICULTURE,Cereals,"Paddy (Dhan)",Weather,"Weather information","???? ???  ????? ????? ???? ?? ??????? ??",BIHAR,SIWAN,NAUTAN,2018-08-09T10:55:30Z
KHARIF,AGRICULTURE,Cereals,"Paddy (Dhan)",Weather,"Weather information","???? ???  ????? ????? ???? ?? ??????? ??",BIHAR,SIWAN,NAUTAN,2018-08-09T10:55:30Z
KHARIF,HORTICULTURE,Vegetables,Brinjal,"Cultural Practices","Best variety of brinjal-","Best variety of brinjal- rajendra baigan-2, pant baigan, punjab sadabahar, sonali, pusa purple long, pusa anmol, arka navneet",BIHAR,SIWAN,MAHARAJGANJ,2018-08-11T11:14:48Z
KHARIF,HORTICULTURE,Vegetables,Brinjal,"Cultural Practices","Best variety of brinjal-","Best variety of brinjal- rajendra baigan-2, pant baigan, punjab sadabahar, sonali, pusa purple long, pusa anmol, arka navneet",BIHAR,SIWAN,MAHARAJGANJ,2018-08-11T11:14:48Z
KHARIF,AGRICULTURE,Others,Others,"Government Schemes","PROBLEM RELATED TO DBT","BLOCK ME CONTACT KARE",BIHAR,SIWAN,BARHARIA,2018-08-13T10:44:34Z
KHARIF,AGRICULTURE,Others,Others,"Government Schemes","PROBLEM RELATED TO DBT","BLOCK ME CONTACT KARE",BIHAR,SIWAN,BARHARIA,2018-08-13T10:44:34Z
KHARIF,WEATHER,Weather,Weather,Weather,"Weather Information","There will be cloud in your area today and tomorrow and there is a possibility of rain",BIHAR,SIWAN,GORIAKOTHI,2018-08-14T21:18:38Z
KHARIF,WEATHER,Weather,Weather,Weather,"Weather Information","There will be cloud in your area today and tomorrow and there is a possibility of rain",BIHAR,SIWAN,GORIAKOTHI,2018-08-14T21:18:38Z
KHARIF,WEATHER,Weather,Weather,Weather,"WEATHER INFORMATION","Cloudy weather in your area,chance of rain in your area",BIHAR,SIWAN,MAHARAJGANJ,2018-08-15T13:14:17Z
KHARIF,WEATHER,Weather,Weather,Weather,"WEATHER INFORMATION","Cloudy weather in your area,chance of rain in your area",BIHAR,SIWAN,MAHARAJGANJ,2018-08-15T13:14:17Z
KHARIF,WEATHER,Weather,Weather,Weather,"WEATHER INFORMATION","Cloudy weather in your area,chance of rain in your area",BIHAR,SIWAN,MAHARAJGANJ,2018-08-15T13:14:33Z
KHARIF,WEATHER,Weather,Weather,Weather,"WEATHER INFORMATION","Cloudy weather in your area,chance of rain in your area",BIHAR,SIWAN,MAHARAJGANJ,2018-08-15T13:14:33Z
KHARIF,WEATHER,Weather,Weather,Weather,"WEATHER INFORMATION","Cloudy weather in your area,chance of rain in your area",BIHAR,SIWAN,MAHARAJGANJ,2018-08-15T17:27:02Z
KHARIF,WEATHER,Weather,Weather,Weather,"WEATHER INFORMATION","Cloudy weather in your area,chance of rain in your area",BIHAR,SIWAN,MAHARAJGANJ,2018-08-15T17:27:02Z
KHARIF,WEATHER,Weather,Weather,Weather,"WEATHER INFORMATION","Cloudy weather in your area,chance of rain in your area",BIHAR,SIWAN,MAHARAJGANJ,2018-08-15T17:27:14Z
KHARIF,WEATHER,Weather,Weather,Weather,"WEATHER INFORMATION","Cloudy weather in your area,chance of rain in your area",BIHAR,SIWAN,MAHARAJGANJ,2018-08-15T17:27:14Z
KHARIF,AGRICULTURE,Others,Others,"Government Schemes","PROBLEM RELATED TO DBT","AAP CSC ME CONTACT KARE",BIHAR,SIWAN,DARAUNDHA,2018-08-16T07:47:55Z
KHARIF,AGRICULTURE,Others,Others,"Government Schemes","PROBLEM RELATED TO DBT","AAP CSC ME CONTACT KARE",BIHAR,SIWAN,DARAUNDHA,2018-08-16T07:47:55Z
KHARIF,WEATHER,Weather,Weather,Weather,"Weather Information","Cloudy weather in your area, chance of rain in your area.",BIHAR,SIWAN,GUTHANI,2018-08-17T06:43:28Z
KHARIF,WEATHER,Weather,Weather,Weather,"Weather Information","Cloudy weather in your area, chance of rain in your area.",BIHAR,SIWAN,GUTHANI,2018-08-17T06:43:28Z
KHARIF,AGRICULTURE,Others,Others,"Government Schemes","PROBLEM RELATED TO DBT","aap csc me contact kare",BIHAR,SIWAN,"HASAN PURA",2018-08-18T10:12:32Z
KHARIF,AGRICULTURE,Others,Others,"Government Schemes","PROBLEM RELATED TO DBT","aap csc me contact kare",BIHAR,SIWAN,"HASAN PURA",2018-08-18T10:12:32Z
KHARIF,AGRICULTURE,Others,Others,Weather,"WEATHER INFORMATION","Cloudy weather in your area, chance of rain in your area",BIHAR,SIWAN,ANDAR,2018-08-19T08:15:31Z
KHARIF,AGRICULTURE,Others,Others,Weather,"WEATHER INFORMATION","Cloudy weather in your area, chance of rain in your area",BIHAR,SIWAN,ANDAR,2018-08-19T08:15:31Z
KHARIF,AGRICULTURE,Others,Others,"Market Information","DBT PROBLEM","AAP BLOCK ME CONTACT KARE",BIHAR,SIWAN,"BHAGWANPUR HAT",2018-08-20T11:16:20Z
KHARIF,AGRICULTURE,Others,Others,"Market Information","DBT PROBLEM","AAP BLOCK ME CONTACT KARE",BIHAR,SIWAN,"BHAGWANPUR HAT",2018-08-20T11:16:20Z
KHARIF,AGRICULTURE,Others,Others,"Plant Protection","plant protection","Spray saaf @ 2 gm / lit of water",BIHAR,SIWAN,SISWAN,2018-08-22T17:21:45Z
KHARIF,AGRICULTURE,Others,Others,"Plant Protection","plant protection","Spray saaf @ 2 gm / lit of water",BIHAR,SIWAN,SISWAN,2018-08-22T17:21:45Z
KHARIF,AGRICULTURE,Others,Others,"Government Schemes","DBT PROBLEM","AAP BLOCK ME CONTACT KARE",BIHAR,SIWAN,"HASAN PURA",2018-08-27T09:34:00Z
KHARIF,AGRICULTURE,Others,Others,"Government Schemes","DBT PROBLEM","AAP BLOCK ME CONTACT KARE",BIHAR,SIWAN,"HASAN PURA",2018-08-27T09:34:00Z
KHARIF,AGRICULTURE,Others,Others,"Field Preparation","- www.krishimis.in","- www.krishimis.in",BIHAR,SIWAN,ANDAR,2018-08-28T20:38:22Z
KHARIF,AGRICULTURE,Others,Others,"Field Preparation","- www.krishimis.in","- www.krishimis.in",BIHAR,SIWAN,ANDAR,2018-08-28T20:38:22Z
KHARIF,HORTICULTURE,Vegetables,Brinjal,"Plant Protection","stem borer control in brinjal..?","cartap hydrochloride 50 SP 2 gram /liter pani me ghol kar spray kare",BIHAR,SIWAN,DARAUNDHA,2018-08-29T10:06:20Z
KHARIF,HORTICULTURE,Vegetables,Brinjal,"Plant Protection","stem borer control in brinjal..?","cartap hydrochloride 50 SP 2 gram /liter pani me ghol kar spray kare",BIHAR,SIWAN,DARAUNDHA,2018-08-29T10:06:20Z
KHARIF,AGRICULTURE,Others,Others,Weather,"Weather Information","Cloudy weather in your area, chance of rain in your area.",BIHAR,SIWAN,"LAKRI NABIGANJ",2018-08-30T10:56:42Z
KHARIF,AGRICULTURE,Others,Others,Weather,"Weather Information","Cloudy weather in your area, chance of rain in your area.",BIHAR,SIWAN,"LAKRI NABIGANJ",2018-08-30T10:56:42Z
KHARIF,AGRICULTURE,Cereals,"Paddy (Dhan)","Plant Protection","LEAF BLIGHT PROBLEM IN RICE FIELD","Spray mancozeb @ 2g/lit of water",BIHAR,SIWAN,"LAKRI NABIGANJ",2018-08-30T12:00:46Z
KHARIF,AGRICULTURE,Cereals,"Paddy (Dhan)","Plant Protection","LEAF BLIGHT PROBLEM IN RICE FIELD","Spray mancozeb @ 2g/lit of water",BIHAR,SIWAN,"LAKRI NABIGANJ",2018-08-30T12:00:46Z
