Season,Sector,Category,Crop,QueryType,QueryText,KCCAns,StateName,DistrictName,BlockName,CreatedOn
RABI,AGRICULTURE,Others,Others,Weather,weather,"1



34 /21C 

Some sun, then clouds; nice
  
 


Mon

Apr 2



35 /20 

Hazy sunshine and very warm
 More  
 


Tue

Apr 3



37 /21 

Hazy sun and very warm
 More  
 


Wed

Apr 4



37 /22 

Hazy sun and very warm
 More  
 


Thu

Apr 5



37 /23 

A thunderstorm in spots",BIHAR,LAKHISARIA,HALSI,2018-04-01T09:59:13Z
RABI,HORTICULTURE,Vegetables,Tomato,"Plant Protection",Thrips,"Spray methyl demeton 25 EC @1lit/ha or dimethoate 30 EC @1lit/ha",BIHAR,LAKHISARIA,HALSI,2018-04-01T10:50:11Z
JAYAD,AGRICULTURE,Others,Others,Weather,"Weather information","There will be light clouds in the sky chance of rain in your area.",BIHAR,LAKHISARIA,PIPARIYA,2018-04-02T07:22:39Z
JAYAD,AGRICULTURE,Others,Others,Weather,"Weather information","Cloudy weather in your area and no chance of rain in your area",BIHAR,LAKHISARIA,SURAJGARHA,2018-04-02T17:20:54Z
RABI,AGRICULTURE,Others,Others,Weather,"WEATHER INFORMATION","Cloudy weather, but chance of rain in your area",BIHAR,LAKHISARIA,PIPARIYA,2018-04-05T10:07:25Z
JAYAD,FISHERIES,Inland,"Fresh Water","Fish  Marketing","INFORMATION ABOUT FISH BREEDING","AAP BLOCK ME CONTACT KARE FISH  KE LIYE",BIHAR,LAKHISARIA,BARAHIYA,2018-04-05T10:20:24Z
JAYAD,AGRICULTURE,Others,Others,Weather,"Weather information","chance of rain in your area",BIHAR,LAKHISARIA,BARAHIYA,2018-04-05T10:21:23Z
JAYAD,AGRICULTURE,Others,Others,Weather,"WEATHER INFORMATION","chance of rain in your area",BIHAR,LAKHISARIA,LAKHISARAI,2018-04-05T14:21:48Z
RABI,AGRICULTURE,Others,Others,"Plant Protection","WEATHER INFORMATION","Today and tomorrow no chance of rain in your area.",BIHAR,LAKHISARIA,SURAJGARHA,2018-04-05T16:39:20Z
RABI,AGRICULTURE,Cereals,Wheat,Weather,"WEATHER INFORMATION","???? ???  ????? ????? ?? ??????? ??",BIHAR,LAKHISARIA,CHANNAN,2018-04-06T08:08:06Z
RABI,AGRICULTURE,Cereals,Wheat,Weather,"WEATHER INFORMATION","???? ???  ?????,?????  ?? ???  ???????  ??? ??",BIHAR,LAKHISARIA,CHANNAN,2018-04-06T08:10:14Z
JAYAD,AGRICULTURE,Others,Others,Weather,"WEATHER INFORMATION","Heavy Cloudy weather in your area, chance of rain in your area",BIHAR,LAKHISARIA,SURAJGARHA,2018-04-07T13:14:56Z
RABI,AGRICULTURE,Others,Others,Weather,"Weather information","Cloudy weather in your area but no chance of rain in your area",BIHAR,LAKHISARIA,LAKHISARAI,2018-04-07T18:21:24Z
JAYAD,AGRICULTURE,Others,Others,Weather,"WEATHER INFORMATION","CHANCE OF RAIN IN YOUR AREA",BIHAR,LAKHISARIA,SURAJGARHA,2018-04-08T09:31:58Z
JAYAD,AGRICULTURE,Others,Others,Weather,"WEATHER INFORMATION","CHANCE OF RAIN IN YOUR AREA",BIHAR,LAKHISARIA,SURAJGARHA,2018-04-08T09:32:33Z
JAYAD,AGRICULTURE,Others,Others,Weather,"WEATHER INFORMATION","Heavy Cloudy weather in your area, chance of rain in your area",BIHAR,LAKHISARIA,SURAJGARHA,2018-04-08T10:53:12Z
JAYAD,AGRICULTURE,Others,Others,Weather,"Weather information","There will be light clouds in the sky chance of rain in your area.",BIHAR,LAKHISARIA,LAKHISARAI,2018-04-08T20:11:28Z
JAYAD,AGRICULTURE,Others,Others,Weather,WEATHER,"NO RAIN",BIHAR,LAKHISARIA,"RAMGARH CHOWK",2018-04-08T20:37:01Z
JAYAD,AGRICULTURE,Others,Others,Weather,"weather information","Cloudy weather Today & tomorrow   chance of rain",BIHAR,LAKHISARIA,SURAJGARHA,2018-04-09T10:13:32Z
JAYAD,AGRICULTURE,Others,Others,Weather,"weather information","Cloudy weather Today & tomorrow   chance of rain",BIHAR,LAKHISARIA,SURAJGARHA,2018-04-09T10:14:40Z
RABI,HORTICULTURE,Vegetables,Bhindi(Okra/Ladysfinger),"Plant Protection",Whitefly,"?Phosalone 35 EC @ 2.5 l/ha
?Quinalphos 25 EC @ 2.0 l/ha
?Triazophos 40 EC @ 2.0 l/ha",BIHAR,LAKHISARIA,HALSI,2018-04-09T12:17:34Z
JAYAD,FISHERIES,Inland,"Fresh Water","Fish Fingerling Production","INFORMATION ABOUT FISH BREEDING","AAP BLOCK ME CONTACT KARE",BIHAR,LAKHISARIA,SURAJGARHA,2018-04-10T09:09:39Z
JAYAD,AGRICULTURE,Others,Others,Weather,"weather information","Cloudy weather, Today & tomorrow   chance of rain",BIHAR,LAKHISARIA,LAKHISARAI,2018-04-10T10:59:47Z
JAYAD,AGRICULTURE,Others,Others,Weather,WEATHER,"NO RAIN",BIHAR,LAKHISARIA,LAKHISARAI,2018-04-10T16:09:48Z
JAYAD,AGRICULTURE,Others,Others,Weather,"WEATHER INFORMATION","Cloudy weather in your area,  chance of rain in your area",BIHAR,LAKHISARIA,SURAJGARHA,2018-04-11T09:27:05Z
JAYAD,HORTICULTURE,Vegetables,Onion,"Plant Protection","YELLOWING OF LEAVES OF ONION","Spray mancozeb @ 2 gm / lit of water",BIHAR,LAKHISARIA,SURAJGARHA,2018-04-11T09:30:10Z
JAYAD,AGRICULTURE,Others,Others,Weather,"WEATHER INFORMATION","today and tomarrow chance of rain in your area",BIHAR,LAKHISARIA,SURAJGARHA,2018-04-11T19:08:17Z
JAYAD,AGRICULTURE,Others,Others,Weather,"WEATHER INFORMATION","Cloudy weather in your area,  chance of rain in your area",BIHAR,LAKHISARIA,CHANNAN,2018-04-12T09:35:24Z
JAYAD,"ANIMAL HUSBANDRY",Animal,"Bovine(Cow,Buffalo)","Animal Breeding","animal husbandry  Toll Free","1800 425 0012",BIHAR,LAKHISARIA,PIPARIYA,2018-04-12T09:57:33Z
JAYAD,"ANIMAL HUSBANDRY",Animal,"Bovine(Cow,Buffalo)","Disease Management","TOLL FREE NO. OF ANIMAL HUSBANDRY","TOLL FREE NO OF ANIMAL HUSBANDRY- 1800 108 5444",BIHAR,LAKHISARIA,SURAJGARHA,2018-04-12T13:53:09Z
JAYAD,AGRICULTURE,Others,Others,Weather,"Weather information","Cloudy weather Today and tomorrow little chance of rain in your area",BIHAR,LAKHISARIA,SURAJGARHA,2018-04-12T13:54:00Z
JAYAD,AGRICULTURE,Others,Others,Weather,"WEATHER INFORMATION","Heavy Cloudy weather in your area, chance of rain in your area",BIHAR,LAKHISARIA,LAKHISARAI,2018-04-12T14:24:52Z
JAYAD,AGRICULTURE,Others,Others,Weather,"WEATHER INFORMATION","Chance of rain in your area",BIHAR,LAKHISARIA,SURAJGARHA,2018-04-13T12:41:29Z
JAYAD,AGRICULTURE,Others,Others,Weather,"WEATHER INFORMATION","Partly cloudy in your area,no chance of rain.",BIHAR,LAKHISARIA,LAKHISARAI,2018-04-13T14:42:43Z
JAYAD,AGRICULTURE,Others,Others,Weather,"WEATHER INFORMATION","Partly cloudy in your area,no chance of rain.",BIHAR,LAKHISARIA,SURAJGARHA,2018-04-13T20:20:37Z
JAYAD,AGRICULTURE,Others,Others,Weather,"WEATHER INFORMATION","NO CHANCE OF RAIN IN YOUR AREA",BIHAR,LAKHISARIA,HALSI,2018-04-14T11:42:49Z
KHARIF,HORTICULTURE,Vegetables,Onion,"Plant Protection","insect infestation","Spray imidacloprid @ 2 ml in 1 litre of water",BIHAR,LAKHISARIA,HALSI,2018-04-14T11:44:34Z
JAYAD,AGRICULTURE,Others,Others,"Plant Protection","YELLOWING OF LEAVES","Spray Copper oxychloride @2 gm per lit of water",BIHAR,LAKHISARIA,HALSI,2018-04-14T15:06:09Z
JAYAD,AGRICULTURE,Others,Others,Weather,"WEATHER INFORMATION","Cloudy weather in your area, no  chance of rain in your area",BIHAR,LAKHISARIA,HALSI,2018-04-14T15:07:34Z
JAYAD,AGRICULTURE,Others,Others,Weather,"WEATHER INFORMATION","no  chance of rain in your area",BIHAR,LAKHISARIA,SURAJGARHA,2018-04-15T09:56:36Z
KHARIF,HORTICULTURE,Fruits,Mango,"Nutrient Management","fruit dropping in mango","Spray Planofix 1 ml/4-5 Litre of Water",BIHAR,LAKHISARIA,PIPARIYA,2018-04-16T09:20:08Z
JAYAD,AGRICULTURE,Others,Others,Weather,"weather information","rain is not likely in your area",BIHAR,LAKHISARIA,CHANNAN,2018-04-17T07:17:43Z
JAYAD,AGRICULTURE,Others,Others,Weather,"weather information","Hazy weather in your area ,no chance of rain",BIHAR,LAKHISARIA,SURAJGARHA,2018-04-18T11:24:21Z
JAYAD,AGRICULTURE,Others,Others,Weather,"WEATHER INFORMATION","Cloudy weather in your area,no chance of rain in your area",BIHAR,LAKHISARIA,SURAJGARHA,2018-04-19T12:39:53Z
JAYAD,AGRICULTURE,Others,Others,Weather,"HOW I DO SEED TREATMENT?","	SEED TREATED WITH CAPTON/THIRAM @ 2 GM./ KG. SEED.",BIHAR,LAKHISARIA,PIPARIYA,2018-04-20T14:47:34Z
JAYAD,AGRICULTURE,Others,Others,Weather,"Weather information","Cloudy weather in your area but no chance of rain in your area",BIHAR,LAKHISARIA,HALSI,2018-04-21T08:04:54Z
JAYAD,AGRICULTURE,Others,Others,Weather,"Weather information","Cloudy weather in your area but no chance of rain in your area",BIHAR,LAKHISARIA,HALSI,2018-04-21T08:42:55Z
JAYAD,HORTICULTURE,Vegetables,Cucumber,"Plant Protection","insect infestation in cucumber","Spray Neem Oil 1500 ppm @ 2ml/ litre of water",BIHAR,LAKHISARIA,HALSI,2018-04-21T08:44:22Z
JAYAD,AGRICULTURE,Others,Others,Weather,"WEATHER INFORMATION","Cloudy weather in your area,no chance of rain in your area",BIHAR,LAKHISARIA,LAKHISARAI,2018-04-23T08:51:12Z
JAYAD,AGRICULTURE,Others,Others,Weather,"Weather information","No chance of rain in your area",BIHAR,LAKHISARIA,SURAJGARHA,2018-04-23T16:08:42Z
JAYAD,AGRICULTURE,Others,Others,Weather,"Weather information","No chance of rain in your area",BIHAR,LAKHISARIA,LAKHISARAI,2018-04-23T16:47:49Z
RABI,AGRICULTURE,Others,Others,Weather,"Weather Information","Cloudy weather today and tomorrow little chance of rain.",BIHAR,LAKHISARIA,HALSI,2018-04-26T08:23:35Z
JAYAD,AGRICULTURE,Others,Others,Weather,"WEATHER INFORMATION","Cloudy weather Today and tomorrow little chance of rain in your area.",BIHAR,LAKHISARIA,LAKHISARAI,2018-04-26T12:59:42Z
JAYAD,AGRICULTURE,Others,Others,Weather,"WEATHER INFORMATION","TODAY CHANCE OF RAIN IN YOUR AREA",BIHAR,LAKHISARIA,SURAJGARHA,2018-04-28T12:06:13Z
RABI,HORTICULTURE,Vegetables,Chillies,"Plant Protection","Leaf curl","Raise 2-3 rows of maize or sorghum as border crop to restrict the spread of aphid vectors.


Apply Carbofuran 3G @ 4-5 Kg/acre in the mainfield to control sucking complex and insect vectors selectively",BIHAR,LAKHISARIA,"RAMGARH CHOWK",2018-04-29T06:18:36Z
JAYAD,AGRICULTURE,Others,Others,"Nutrient Management","Nutritional medicine","Spray Multi micro nutrient @ 2 gram in 1 liter of water",BIHAR,LAKHISARIA,BARAHIYA,2018-04-29T15:04:29Z
RABI,AGRICULTURE,Cereals,Wheat,Weather,"WEATHER INFORMATION","?? ???? ??????? ??? ???? ??? ????? ?????  ????? ?? ???  ???????  ??? ??",BIHAR,LAKHISARIA,SURAJGARHA,2018-04-30T10:41:09Z
JAYAD,AGRICULTURE,Others,Others,Weather,"WEATHER INFORMATION","Cloudy weather today and  tomorrow little chance of rain in your area.",BIHAR,LAKHISARIA,BARAHIYA,2018-04-30T19:50:59Z
