Season,Sector,Category,Crop,QueryType,QueryText,KCCAns,StateName,DistrictName,BlockName,CreatedOn
KHARIF,AGRICULTURE,Others,Others,"Government Schemes","PROBLEM RELATED TO DBT","AAP SAHAJ KENDRA ME CONTACT KARE",BIHAR,GOPALGANJ,HATHUA,2018-08-01T13:51:54Z
KHARIF,AGRICULTURE,Others,Others,"Government Schemes","PROBLEM RELATED TO DBT","AAP SAHAJ KENDRA ME CONTACT KARE",BIHAR,GOPALGANJ,HATHUA,2018-08-01T13:51:54Z
KHARIF,AGRICULTURE,Others,Others,"Field Preparation",www.dbtagriculture.bihar.gov.in,www.dbtagriculture.bihar.gov.in,BIHAR,GOPALGANJ,GOPALGANJ,2018-08-01T14:20:14Z
KHARIF,AGRICULTURE,Others,Others,"Field Preparation",www.dbtagriculture.bihar.gov.in,www.dbtagriculture.bihar.gov.in,BIHAR,GOPALGANJ,GOPALGANJ,2018-08-01T14:20:14Z
KHARIF,AGRICULTURE,Others,Others,"Field Preparation","weather information","Cloudy weather in your area but no chance of rain in your area",BIHAR,GOPALGANJ,HATHUA,2018-08-01T18:00:17Z
KHARIF,AGRICULTURE,Others,Others,"Field Preparation","weather information","Cloudy weather in your area but no chance of rain in your area",BIHAR,GOPALGANJ,HATHUA,2018-08-01T18:00:17Z
KHARIF,AGRICULTURE,Others,Others,Weather,"WEATHER INFORMATION","Cloudy weather in your area, chance of rain in your area,.",BIHAR,GOPALGANJ,MANJHA,2018-08-02T13:17:15Z
KHARIF,AGRICULTURE,Others,Others,Weather,"WEATHER INFORMATION","Cloudy weather in your area, chance of rain in your area,.",BIHAR,GOPALGANJ,MANJHA,2018-08-02T13:17:15Z
KHARIF,AGRICULTURE,Others,Others,"Plant Protection","Aphids infestation in guvava","Dimethoate 30 EC @ 2 ml/lit to control aphids.",BIHAR,GOPALGANJ,UCHKAGAON,2018-08-03T06:16:16Z
KHARIF,AGRICULTURE,Others,Others,"Plant Protection","Aphids infestation in guvava","Dimethoate 30 EC @ 2 ml/lit to control aphids.",BIHAR,GOPALGANJ,UCHKAGAON,2018-08-03T06:16:16Z
KHARIF,AGRICULTURE,Others,Others,"Government Schemes","PROBLEM RELATED TO DBT","AAP SAHAJ KENDRA ME CONTACT KARE",BIHAR,GOPALGANJ,MANJHA,2018-08-03T09:53:46Z
KHARIF,AGRICULTURE,Others,Others,"Government Schemes","PROBLEM RELATED TO DBT","AAP SAHAJ KENDRA ME CONTACT KARE",BIHAR,GOPALGANJ,MANJHA,2018-08-03T09:53:46Z
KHARIF,AGRICULTURE,Others,Others,Weather,"PROBLEM RELATED  TO DBT","AAP SAHAJ KENDRA ME CONTACT  KARE",BIHAR,GOPALGANJ,GOPALGANJ,2018-08-05T07:58:58Z
KHARIF,AGRICULTURE,Others,Others,Weather,"PROBLEM RELATED  TO DBT","AAP SAHAJ KENDRA ME CONTACT  KARE",BIHAR,GOPALGANJ,GOPALGANJ,2018-08-05T07:58:58Z
KHARIF,AGRICULTURE,Cereals,"Paddy (Dhan)",Weather,"WEATHER INFORMATION","???? ??? ????? ????? ???? ?? ??????? ??",BIHAR,GOPALGANJ,PHULWARIYA,2018-08-05T16:30:37Z
KHARIF,AGRICULTURE,Cereals,"Paddy (Dhan)",Weather,"WEATHER INFORMATION","???? ??? ????? ????? ???? ?? ??????? ??",BIHAR,GOPALGANJ,PHULWARIYA,2018-08-05T16:30:37Z
KHARIF,AGRICULTURE,Others,Others,Weather,"WEATHER INFORMATION","Cloudy weather in your area, chance of rain in your area .",BIHAR,GOPALGANJ,GOPALGANJ,2018-08-06T13:01:22Z
KHARIF,AGRICULTURE,Others,Others,Weather,"WEATHER INFORMATION","Cloudy weather in your area, chance of rain in your area .",BIHAR,GOPALGANJ,GOPALGANJ,2018-08-06T13:01:22Z
KHARIF,AGRICULTURE,Others,Others,"Government Schemes","DBT PROBLEM","consult to bashudha or C.S.C. centre",BIHAR,GOPALGANJ,UCHKAGAON,2018-08-08T11:53:25Z
KHARIF,AGRICULTURE,Others,Others,"Government Schemes","DBT PROBLEM","consult to bashudha or C.S.C. centre",BIHAR,GOPALGANJ,UCHKAGAON,2018-08-08T11:53:25Z
KHARIF,AGRICULTURE,Cereals,"Paddy (Dhan)",Weather,"weather information","???? ??? ?????? ,???? ?????????? ???? ?? ???????  ????",BIHAR,GOPALGANJ,UCHKAGAON,2018-08-08T16:53:58Z
KHARIF,AGRICULTURE,Cereals,"Paddy (Dhan)",Weather,"weather information","???? ??? ?????? ,???? ?????????? ???? ?? ???????  ????",BIHAR,GOPALGANJ,UCHKAGAON,2018-08-08T16:53:58Z
KHARIF,AGRICULTURE,Cereals,"Paddy (Dhan)",Weather,"Weather information","???? ???  ????? ????? ???? ?? ??????? ??",BIHAR,GOPALGANJ,PHULWARIYA,2018-08-09T10:26:19Z
KHARIF,AGRICULTURE,Cereals,"Paddy (Dhan)",Weather,"Weather information","???? ???  ????? ????? ???? ?? ??????? ??",BIHAR,GOPALGANJ,PHULWARIYA,2018-08-09T10:26:19Z
KHARIF,AGRICULTURE,Cereals,"Paddy (Dhan)",Weather,"Weather information","???? ???  ????? ????? ???? ?? ??????? ??",BIHAR,GOPALGANJ,PHULWARIYA,2018-08-09T10:52:42Z
KHARIF,AGRICULTURE,Cereals,"Paddy (Dhan)",Weather,"Weather information","???? ???  ????? ????? ???? ?? ??????? ??",BIHAR,GOPALGANJ,PHULWARIYA,2018-08-09T10:52:42Z
KHARIF,AGRICULTURE,Cereals,"Paddy (Dhan)",Weather,"Weather information","???? ???  ????? ????? ???? ?? ??????? ??",BIHAR,GOPALGANJ,PHULWARIYA,2018-08-10T12:30:49Z
KHARIF,AGRICULTURE,Cereals,"Paddy (Dhan)",Weather,"Weather information","???? ???  ????? ????? ???? ?? ??????? ??",BIHAR,GOPALGANJ,PHULWARIYA,2018-08-10T12:30:49Z
KHARIF,AGRICULTURE,Cereals,"Paddy (Dhan)",Weather,"Weather information","???? ???  ????? ????? ???? ?? ??????? ??",BIHAR,GOPALGANJ,PHULWARIYA,2018-08-10T12:30:55Z
KHARIF,AGRICULTURE,Cereals,"Paddy (Dhan)",Weather,"Weather information","???? ???  ????? ????? ???? ?? ??????? ??",BIHAR,GOPALGANJ,PHULWARIYA,2018-08-10T12:30:55Z
KHARIF,AGRICULTURE,Millets,"Maize (Makka)","Weed Management","weed management in maize","aap nikauni karwaye",BIHAR,GOPALGANJ,KUCHAIKOTE,2018-08-11T10:26:19Z
KHARIF,AGRICULTURE,Millets,"Maize (Makka)","Weed Management","weed management in maize","aap nikauni karwaye",BIHAR,GOPALGANJ,KUCHAIKOTE,2018-08-11T10:26:19Z
KHARIF,WEATHER,Weather,Weather,Weather,"WEATHER INFORMATION","????? ????  ?? ????????  ??",BIHAR,GOPALGANJ,MANJHA,2018-08-12T19:08:42Z
KHARIF,WEATHER,Weather,Weather,Weather,"WEATHER INFORMATION","????? ????  ?? ????????  ??",BIHAR,GOPALGANJ,MANJHA,2018-08-12T19:08:42Z
KHARIF,AGRICULTURE,Others,Others,"Field Preparation","Weather information","Cloudy weather in your area, chance of rain in your area .",BIHAR,GOPALGANJ,GOPALGANJ,2018-08-14T20:13:29Z
KHARIF,AGRICULTURE,Others,Others,"Field Preparation","Weather information","Cloudy weather in your area, chance of rain in your area .",BIHAR,GOPALGANJ,GOPALGANJ,2018-08-14T20:13:29Z
KHARIF,AGRICULTURE,Others,Others,"Field Preparation","Weather information","Cloudy weather in your area, no  chance of rain in your area .",BIHAR,GOPALGANJ,GOPALGANJ,2018-08-14T20:15:31Z
KHARIF,AGRICULTURE,Others,Others,"Field Preparation","Weather information","Cloudy weather in your area, no  chance of rain in your area .",BIHAR,GOPALGANJ,GOPALGANJ,2018-08-14T20:15:31Z
KHARIF,AGRICULTURE,Others,Others,"Field Preparation","Weather information","Cloudy weather in your area, no  chance of rain in your area .",BIHAR,GOPALGANJ,GOPALGANJ,2018-08-14T20:16:12Z
KHARIF,AGRICULTURE,Others,Others,"Field Preparation","Weather information","Cloudy weather in your area, no  chance of rain in your area .",BIHAR,GOPALGANJ,GOPALGANJ,2018-08-14T20:16:12Z
KHARIF,AGRICULTURE,Others,Others,"Field Preparation","Weather information","Cloudy weather in your area, no  chance of rain in your area .",BIHAR,GOPALGANJ,GOPALGANJ,2018-08-14T20:17:38Z
KHARIF,AGRICULTURE,Others,Others,"Field Preparation","Weather information","Cloudy weather in your area, no  chance of rain in your area .",BIHAR,GOPALGANJ,GOPALGANJ,2018-08-14T20:17:38Z
KHARIF,AGRICULTURE,Others,Others,"Field Preparation","Weather information","Cloudy weather in your area, no  chance of rain in your area .",BIHAR,GOPALGANJ,GOPALGANJ,2018-08-14T20:18:41Z
KHARIF,AGRICULTURE,Others,Others,"Field Preparation","Weather information","Cloudy weather in your area, no  chance of rain in your area .",BIHAR,GOPALGANJ,GOPALGANJ,2018-08-14T20:18:41Z
KHARIF,AGRICULTURE,Others,Others,"Government Schemes","problem related to dbt",c.s.e.---7488048547,BIHAR,GOPALGANJ,BIJAIPUR,2018-08-16T11:35:07Z
KHARIF,AGRICULTURE,Others,Others,"Government Schemes","problem related to dbt",c.s.e.---7488048547,BIHAR,GOPALGANJ,BIJAIPUR,2018-08-16T11:35:07Z
KHARIF,AGRICULTURE,Others,Others,"Field Preparation","Weather Information","Cloudy weather Today & tomorrow  no   chance of rain",BIHAR,GOPALGANJ,PANCHDEORI,2018-08-17T20:42:52Z
KHARIF,AGRICULTURE,Others,Others,"Field Preparation","Weather Information","Cloudy weather Today & tomorrow  no   chance of rain",BIHAR,GOPALGANJ,PANCHDEORI,2018-08-17T20:42:52Z
KHARIF,WEATHER,Weather,Weather,Weather,"WEATHER INFORMATION","Cloudy weather in your area, chance of rain in your area",BIHAR,GOPALGANJ,BAIKUNTHPUR,2018-08-19T12:13:03Z
KHARIF,WEATHER,Weather,Weather,Weather,"WEATHER INFORMATION","Cloudy weather in your area, chance of rain in your area",BIHAR,GOPALGANJ,BAIKUNTHPUR,2018-08-19T12:13:03Z
KHARIF,HORTICULTURE,Fruits,Mango,"Plant Protection","GUMMOSIS DISEASE PROBLEM IN MANGO","BRODEUX MIXTURE KA LEP LAGAYE",BIHAR,GOPALGANJ,BAIKUNTHPUR,2018-08-19T12:22:57Z
KHARIF,HORTICULTURE,Fruits,Mango,"Plant Protection","GUMMOSIS DISEASE PROBLEM IN MANGO","BRODEUX MIXTURE KA LEP LAGAYE",BIHAR,GOPALGANJ,BAIKUNTHPUR,2018-08-19T12:22:57Z
KHARIF,AGRICULTURE,Others,Others,"Market Information","information about subsidy on forest plant","you contact to your district forest officer",BIHAR,GOPALGANJ,BAIKUNTHPUR,2018-08-23T11:56:24Z
KHARIF,AGRICULTURE,Others,Others,"Market Information","information about subsidy on forest plant","you contact to your district forest officer",BIHAR,GOPALGANJ,BAIKUNTHPUR,2018-08-23T11:56:24Z
KHARIF,AGRICULTURE,Others,Others,Weather,"Weather Information","Cloudy weather in your area, chance of rain in your area.",BIHAR,GOPALGANJ,BAIKUNTHPUR,2018-08-23T13:09:44Z
KHARIF,AGRICULTURE,Others,Others,Weather,"Weather Information","Cloudy weather in your area, chance of rain in your area.",BIHAR,GOPALGANJ,BAIKUNTHPUR,2018-08-23T13:09:44Z
KHARIF,AGRICULTURE,Others,Others,Weather,"Weather Information","Cloudy weather in your area, chance of rain in your area.",BIHAR,GOPALGANJ,MANJHA,2018-08-23T13:59:55Z
KHARIF,AGRICULTURE,Others,Others,Weather,"Weather Information","Cloudy weather in your area, chance of rain in your area.",BIHAR,GOPALGANJ,MANJHA,2018-08-23T13:59:55Z
KHARIF,WEATHER,Weather,Weather,Weather,"WEATHER INFORMATION","???? ??? ????? ????? ????? ???? ?? ??? ??????? ??? ??",BIHAR,GOPALGANJ,PHULWARIYA,2018-08-23T14:21:48Z
KHARIF,WEATHER,Weather,Weather,Weather,"WEATHER INFORMATION","???? ??? ????? ????? ????? ???? ?? ??? ??????? ??? ??",BIHAR,GOPALGANJ,PHULWARIYA,2018-08-23T14:21:48Z
KHARIF,WEATHER,Weather,Weather,Weather,"WEATHER INFORMATION","???? ??? ????? ????? ????? ???? ?? ??? ??????? ??? ??",BIHAR,GOPALGANJ,PHULWARIYA,2018-08-23T14:22:52Z
KHARIF,WEATHER,Weather,Weather,Weather,"WEATHER INFORMATION","???? ??? ????? ????? ????? ???? ?? ??? ??????? ??? ??",BIHAR,GOPALGANJ,PHULWARIYA,2018-08-23T14:22:52Z
KHARIF,WEATHER,Weather,Weather,Weather,"WEATHER INFORMATION","???? ??? ????? ????? ???? ?? ??????? ??",BIHAR,GOPALGANJ,PHULWARIYA,2018-08-23T14:32:10Z
KHARIF,WEATHER,Weather,Weather,Weather,"WEATHER INFORMATION","???? ??? ????? ????? ???? ?? ??????? ??",BIHAR,GOPALGANJ,PHULWARIYA,2018-08-23T14:32:10Z
KHARIF,WEATHER,Weather,Weather,Weather,"WEATHER INFORMATION","???? ??? ????? ????? ???? ?? ??????? ??",BIHAR,GOPALGANJ,PHULWARIYA,2018-08-23T14:41:08Z
KHARIF,WEATHER,Weather,Weather,Weather,"WEATHER INFORMATION","???? ??? ????? ????? ???? ?? ??????? ??",BIHAR,GOPALGANJ,PHULWARIYA,2018-08-23T14:41:08Z
KHARIF,HORTICULTURE,Vegetables,"Bitter Gourd","Plant Protection","white fly insect problem in bittergourd","spray imidachloride 17.8sl @ 1 ml / 3 litre water",BIHAR,GOPALGANJ,KATAIYA,2018-08-24T13:33:05Z
KHARIF,HORTICULTURE,Vegetables,"Bitter Gourd","Plant Protection","white fly insect problem in bittergourd","spray imidachloride 17.8sl @ 1 ml / 3 litre water",BIHAR,GOPALGANJ,KATAIYA,2018-08-24T13:33:05Z
KHARIF,AGRICULTURE,Others,Others,Weather,"WEATHER INFORMATION","Cloudy weather in your area, chance of rain in your area",BIHAR,GOPALGANJ,MANJHA,2018-08-26T12:00:35Z
KHARIF,AGRICULTURE,Others,Others,Weather,"WEATHER INFORMATION","Cloudy weather in your area, chance of rain in your area",BIHAR,GOPALGANJ,MANJHA,2018-08-26T12:00:35Z
