"Country/ State/ UT Name","District Name","Tribe Category","Total/ Rural/ Urban","Marital Status","Present Age","Total Ever/ Currently Married Women","Ever/ Currently Married Women with Number of Surviving Children - 0","Ever/ Currently Married Women with Number of Surviving Children - 1","Ever/ Currently Married Women with Number of Surviving Children - 2","Ever/ Currently Married Women with Number of Surviving Children - 3","Ever/ Currently Married Women with Number of Surviving Children - 4","Ever/ Currently Married Women with Number of Surviving Children - 5+","Total Surviving Children","Total Surviving Children - Males","Total Surviving Children - Females"
Bihar,Dumka,"All Scheduled Tribes",Rural,"Ever Married","All Ages",180081,47463,32212,32808,27890,20214,19122,371539,197116,174423
Bihar,Dumka,"All Scheduled Tribes",Rural,"Ever Married","Less Than 15",2057,1869,113,47,0,0,0,207,102,105
Bihar,Dumka,"All Scheduled Tribes",Rural,"Ever Married",15-19,14198,10392,2923,627,126,66,0,4819,2454,2365
Bihar,Dumka,"All Scheduled Tribes",Rural,"Ever Married",20-24,25323,10799,7410,4547,1823,492,190,24921,12523,12398
Bihar,Dumka,"All Scheduled Tribes",Rural,"Ever Married",25-29,25769,6483,5325,6737,4491,1774,881,44379,22588,21791
Bihar,Dumka,"All Scheduled Tribes",Rural,"Ever Married",30-34,23670,4702,3559,5153,4581,3521,2133,53643,27334,26309
Bihar,Dumka,"All Scheduled Tribes",Rural,"Ever Married",35-39,19657,3146,2688,3392,4310,3173,2925,51522,26964,24558
Bihar,Dumka,"All Scheduled Tribes",Rural,"Ever Married",40-44,17482,2537,2249,2935,3283,3018,3437,49531,26815,22716
Bihar,Dumka,"All Scheduled Tribes",Rural,"Ever Married",45-49,14122,1991,1817,2625,2557,2342,2789,40123,21954,18169
Bihar,Dumka,"All Scheduled Tribes",Rural,"Ever Married",50-54,12207,1685,1752,2154,2470,1993,2131,33936,18508,15428
Bihar,Dumka,"All Scheduled Tribes",Rural,"Ever Married",55-59,8044,1073,1132,1344,1542,1379,1563,22974,12593,10381
Bihar,Dumka,"All Scheduled Tribes",Rural,"Ever Married",60-64,8700,1469,1615,1462,1289,1218,1626,22731,12607,10124
Bihar,Dumka,"All Scheduled Tribes",Rural,"Ever Married",65-69,3751,407,718,720,565,492,849,10791,6114,4677
Bihar,Dumka,"All Scheduled Tribes",Rural,"Ever Married",70-74,2629,357,506,609,507,372,268,6233,3541,2692
Bihar,Dumka,"All Scheduled Tribes",Rural,"Ever Married",75-79,857,120,93,170,124,150,200,2562,1330,1232
Bihar,Dumka,"All Scheduled Tribes",Rural,"Ever Married","80 +",1049,219,232,176,176,156,90,2234,1264,970
Bihar,Dumka,"All Scheduled Tribes",Rural,"Currently Married","All Ages",152464,40432,27148,27905,23579,17032,16134,314165,165480,148685
Bihar,Dumka,"All Scheduled Tribes",Rural,"Currently Married","Less Than 15",1903,1719,110,46,0,0,0,202,100,102
Bihar,Dumka,"All Scheduled Tribes",Rural,"Currently Married",15-19,12975,9271,2855,621,126,65,0,4735,2398,2337
Bihar,Dumka,"All Scheduled Tribes",Rural,"Currently Married",20-24,23897,9698,7217,4479,1777,491,187,24430,12321,12109
Bihar,Dumka,"All Scheduled Tribes",Rural,"Currently Married",25-29,24570,5830,5114,6533,4432,1729,854,43236,21934,21302
Bihar,Dumka,"All Scheduled Tribes",Rural,"Currently Married",30-34,22545,4278,3315,4957,4423,3471,2100,52117,26498,25619
Bihar,Dumka,"All Scheduled Tribes",Rural,"Currently Married",35-39,18329,2775,2442,3192,4000,3040,2858,49049,25512,23537
Bihar,Dumka,"All Scheduled Tribes",Rural,"Currently Married",40-44,15453,2176,1850,2556,2949,2700,3210,44849,24181,20668
Bihar,Dumka,"All Scheduled Tribes",Rural,"Currently Married",45-49,12026,1679,1443,2142,2131,2091,2540,35147,19336,15811
Bihar,Dumka,"All Scheduled Tribes",Rural,"Currently Married",50-54,8457,1117,1037,1452,1651,1452,1748,25010,13608,11402
Bihar,Dumka,"All Scheduled Tribes",Rural,"Currently Married",55-59,5503,694,693,911,1087,986,1132,16342,9058,7284
Bihar,Dumka,"All Scheduled Tribes",Rural,"Currently Married",60-64,3591,635,549,416,601,514,876,10357,5641,4716
Bihar,Dumka,"All Scheduled Tribes",Rural,"Currently Married",65-69,1478,171,230,245,216,238,378,4668,2674,1994
Bihar,Dumka,"All Scheduled Tribes",Rural,"Currently Married",70-74,602,67,134,149,86,91,75,1488,922,566
Bihar,Dumka,"All Scheduled Tribes",Rural,"Currently Married",75-79,284,37,39,62,12,38,96,925,511,414
Bihar,Dumka,"All Scheduled Tribes",Rural,"Currently Married","80 +",378,122,58,42,49,61,46,775,426,349
Bihar,Dumka,"All Scheduled Tribes",Urban,"Ever Married","All Ages",1299,289,294,205,226,143,119,2639,1407,1232
Bihar,Dumka,"All Scheduled Tribes",Urban,"Ever Married",15-19,78,55,11,11,0,1,0,37,11,26
Bihar,Dumka,"All Scheduled Tribes",Urban,"Ever Married",20-24,151,41,66,42,0,0,2,160,84,76
Bihar,Dumka,"All Scheduled Tribes",Urban,"Ever Married",25-29,210,37,72,32,33,23,1,333,192,141
Bihar,Dumka,"All Scheduled Tribes",Urban,"Ever Married",30-34,214,16,52,31,49,54,1,482,228,254
Bihar,Dumka,"All Scheduled Tribes",Urban,"Ever Married",35-39,219,80,33,9,53,17,27,439,258,181
Bihar,Dumka,"All Scheduled Tribes",Urban,"Ever Married",40-44,127,3,17,1,44,33,29,464,244,220
Bihar,Dumka,"All Scheduled Tribes",Urban,"Ever Married",45-49,75,0,0,19,17,12,27,299,145,154
Bihar,Dumka,"All Scheduled Tribes",Urban,"Ever Married",50-54,67,28,15,13,2,0,9,92,49,43
Bihar,Dumka,"All Scheduled Tribes",Urban,"Ever Married",55-59,65,0,1,35,18,1,10,179,115,64
Bihar,Dumka,"All Scheduled Tribes",Urban,"Ever Married",60-64,58,14,13,9,9,0,13,123,58,65
Bihar,Dumka,"All Scheduled Tribes",Urban,"Ever Married",65-69,5,0,2,1,0,2,0,12,9,3
Bihar,Dumka,"All Scheduled Tribes",Urban,"Ever Married",70-74,12,0,12,0,0,0,0,12,12,0
Bihar,Dumka,"All Scheduled Tribes",Urban,"Ever Married","80 +",1,0,0,1,0,0,0,2,0,2
Bihar,Dumka,"All Scheduled Tribes",Urban,"Currently Married","All Ages",1115,214,245,195,211,142,85,2339,1248,1091
Bihar,Dumka,"All Scheduled Tribes",Urban,"Currently Married",15-19,66,43,11,11,0,1,0,37,11,26
Bihar,Dumka,"All Scheduled Tribes",Urban,"Currently Married",20-24,140,30,66,42,0,0,2,160,84,76
Bihar,Dumka,"All Scheduled Tribes",Urban,"Currently Married",25-29,209,37,71,32,33,23,1,332,191,141
Bihar,Dumka,"All Scheduled Tribes",Urban,"Currently Married",30-34,214,16,52,31,49,54,1,482,228,254
Bihar,Dumka,"All Scheduled Tribes",Urban,"Currently Married",35-39,191,63,22,9,53,17,27,428,258,170
Bihar,Dumka,"All Scheduled Tribes",Urban,"Currently Married",40-44,124,3,17,1,44,32,27,438,239,199
Bihar,Dumka,"All Scheduled Tribes",Urban,"Currently Married",45-49,72,0,0,19,14,12,27,290,137,153
Bihar,Dumka,"All Scheduled Tribes",Urban,"Currently Married",50-54,20,6,1,12,1,0,0,28,6,22
Bihar,Dumka,"All Scheduled Tribes",Urban,"Currently Married",55-59,53,0,1,35,16,1,0,123,81,42
Bihar,Dumka,"All Scheduled Tribes",Urban,"Currently Married",60-64,3,1,2,0,0,0,0,2,2,0
Bihar,Dumka,"All Scheduled Tribes",Urban,"Currently Married",65-69,5,0,2,1,0,2,0,12,9,3
Bihar,Dumka,"All Scheduled Tribes",Urban,"Currently Married","80 +",1,0,0,1,0,0,0,2,0,2
