"Country/ State/ UT Name","District Name","Caste Category","Total/ Rural/ Urban","Marital Status","Present Age","Total Ever/Currently Married Women","Ever/Currently Married Women with Number of Surviving Children - 0","Ever/Currently Married Women with Number of Surviving Children - 1","Ever/Currently Married Women with Number of Surviving Children - 2","Ever/Currently Married Women with Number of Surviving Children - 3","Ever/Currently Married Women with Number of Surviving Children - 4","Ever/Currently Married Women with Number of Surviving Children - 5+","Total Surviving Children - Total","Total Surviving Children - Males","Total Surviving Children - Females"
Bihar,Gaya,"All Scheduled Castes",Rural,"Ever Married","All ages",209356,67077,26459,29433,28243,24843,33290,464712,255361,209351
Bihar,Gaya,"All Scheduled Castes",Rural,"Ever Married","Less than 15",7366,6969,213,184,0,0,0,581,341,240
Bihar,Gaya,"All Scheduled Castes",Rural,"Ever Married",15-19,25050,19362,3961,1183,359,185,0,8144,4440,3704
Bihar,Gaya,"All Scheduled Castes",Rural,"Ever Married",20-24,31637,12828,8219,6123,2851,1197,419,36127,18920,17207
Bihar,Gaya,"All Scheduled Castes",Rural,"Ever Married",25-29,27679,6433,4019,6309,5242,3511,2165,58914,31358,27556
Bihar,Gaya,"All Scheduled Castes",Rural,"Ever Married",30-34,26017,4640,2340,4184,5263,5017,4573,72421,39039,33382
Bihar,Gaya,"All Scheduled Castes",Rural,"Ever Married",35-39,20343,3457,1130,2879,3852,3702,5323,63996,34634,29362
Bihar,Gaya,"All Scheduled Castes",Rural,"Ever Married",40-44,15894,2671,960,1755,2373,2833,5302,54147,29977,24170
Bihar,Gaya,"All Scheduled Castes",Rural,"Ever Married",45-49,15208,2636,933,1683,2472,2626,4847,51176,28585,22591
Bihar,Gaya,"All Scheduled Castes",Rural,"Ever Married",50-54,10847,1906,1064,1414,1454,1933,3076,34498,19888,14610
Bihar,Gaya,"All Scheduled Castes",Rural,"Ever Married",55-59,9750,1759,1009,1177,1498,1355,2952,30824,17399,13425
Bihar,Gaya,"All Scheduled Castes",Rural,"Ever Married",60-64,7992,1685,1062,1005,1242,1038,1960,22294,12688,9606
Bihar,Gaya,"All Scheduled Castes",Rural,"Ever Married",65-69,4402,905,581,490,759,557,1110,12983,7597,5386
Bihar,Gaya,"All Scheduled Castes",Rural,"Ever Married",70-74,3235,702,464,432,485,428,724,8836,4863,3973
Bihar,Gaya,"All Scheduled Castes",Rural,"Ever Married",75-79,1309,295,158,279,81,220,276,3508,2276,1232
Bihar,Gaya,"All Scheduled Castes",Rural,"Ever Married","80 +",1921,596,247,266,212,170,430,4668,2549,2119
Bihar,Gaya,"All Scheduled Castes",Rural,"Currently Married","All ages",196716,63788,24351,27669,26406,23242,31249,434832,238748,196084
Bihar,Gaya,"All Scheduled Castes",Rural,"Currently Married","Less than 15",7300,6913,213,174,0,0,0,561,331,230
Bihar,Gaya,"All Scheduled Castes",Rural,"Currently Married",15-19,24936,19278,3941,1183,359,175,0,8084,4400,3684
Bihar,Gaya,"All Scheduled Castes",Rural,"Currently Married",20-24,31429,12701,8205,6090,2827,1197,409,35925,18818,17107
Bihar,Gaya,"All Scheduled Castes",Rural,"Currently Married",25-29,27418,6309,4016,6252,5197,3489,2155,58514,31117,27397
Bihar,Gaya,"All Scheduled Castes",Rural,"Currently Married",30-34,25611,4493,2281,4149,5174,4965,4549,71598,38503,33095
Bihar,Gaya,"All Scheduled Castes",Rural,"Currently Married",35-39,19898,3331,1082,2788,3789,3647,5261,63000,34088,28912
Bihar,Gaya,"All Scheduled Castes",Rural,"Currently Married",40-44,15225,2538,860,1648,2316,2684,5179,52360,29106,23254
Bihar,Gaya,"All Scheduled Castes",Rural,"Currently Married",45-49,14532,2471,847,1556,2374,2534,4739,49537,27692,21845
Bihar,Gaya,"All Scheduled Castes",Rural,"Currently Married",50-54,9126,1559,689,1232,1213,1688,2745,30043,17439,12604
Bihar,Gaya,"All Scheduled Castes",Rural,"Currently Married",55-59,8877,1616,803,1081,1332,1284,2761,28487,16058,12429
Bihar,Gaya,"All Scheduled Castes",Rural,"Currently Married",60-64,5484,1066,574,687,835,741,1581,16576,9445,7131
Bihar,Gaya,"All Scheduled Castes",Rural,"Currently Married",65-69,3091,592,323,349,508,426,893,9790,5836,3954
Bihar,Gaya,"All Scheduled Castes",Rural,"Currently Married",70-74,1555,291,260,170,267,150,417,4432,2463,1969
Bihar,Gaya,"All Scheduled Castes",Rural,"Currently Married",75-79,791,149,85,146,71,147,193,2401,1573,828
Bihar,Gaya,"All Scheduled Castes",Rural,"Currently Married","80 +",799,277,93,94,46,55,234,1999,1105,894
Bihar,Gaya,"All Scheduled Castes",Urban,"Ever Married","All ages",11796,4577,1178,1463,1439,1195,1944,24406,13477,10929
Bihar,Gaya,"All Scheduled Castes",Urban,"Ever Married","Less than 15",198,171,9,18,0,0,0,45,26,19
Bihar,Gaya,"All Scheduled Castes",Urban,"Ever Married",15-19,1485,1124,140,150,51,20,0,673,323,350
Bihar,Gaya,"All Scheduled Castes",Urban,"Ever Married",20-24,1881,833,412,356,165,88,27,2106,1061,1045
Bihar,Gaya,"All Scheduled Castes",Urban,"Ever Married",25-29,1524,463,149,233,420,143,116,3087,1726,1361
Bihar,Gaya,"All Scheduled Castes",Urban,"Ever Married",30-34,1388,391,55,165,268,236,273,3636,1889,1747
Bihar,Gaya,"All Scheduled Castes",Urban,"Ever Married",35-39,1082,341,74,90,108,98,371,3149,1791,1358
Bihar,Gaya,"All Scheduled Castes",Urban,"Ever Married",40-44,1274,363,115,155,110,159,372,3561,2073,1488
Bihar,Gaya,"All Scheduled Castes",Urban,"Ever Married",45-49,872,216,29,75,85,176,291,2856,1543,1313
Bihar,Gaya,"All Scheduled Castes",Urban,"Ever Married",50-54,617,229,22,68,64,101,133,1598,971,627
Bihar,Gaya,"All Scheduled Castes",Urban,"Ever Married",55-59,388,102,33,31,24,66,132,1160,604,556
Bihar,Gaya,"All Scheduled Castes",Urban,"Ever Married",60-64,542,121,57,60,86,76,142,1555,911,644
Bihar,Gaya,"All Scheduled Castes",Urban,"Ever Married",65-69,223,46,47,32,29,31,38,539,287,252
Bihar,Gaya,"All Scheduled Castes",Urban,"Ever Married",70-74,184,100,17,1,28,0,38,302,195,107
Bihar,Gaya,"All Scheduled Castes",Urban,"Ever Married",75-79,29,28,0,0,1,0,0,3,1,2
Bihar,Gaya,"All Scheduled Castes",Urban,"Ever Married","80 +",93,36,18,28,0,1,10,128,70,58
Bihar,Gaya,"All Scheduled Castes",Urban,"Currently Married","All ages",10682,4165,1017,1293,1340,1081,1786,22271,12270,10001
Bihar,Gaya,"All Scheduled Castes",Urban,"Currently Married","Less than 15",198,171,9,18,0,0,0,45,26,19
Bihar,Gaya,"All Scheduled Castes",Urban,"Currently Married",15-19,1485,1124,140,150,51,20,0,673,323,350
Bihar,Gaya,"All Scheduled Castes",Urban,"Currently Married",20-24,1860,821,412,347,165,88,27,2088,1061,1027
Bihar,Gaya,"All Scheduled Castes",Urban,"Currently Married",25-29,1485,443,139,224,420,143,116,3059,1716,1343
Bihar,Gaya,"All Scheduled Castes",Urban,"Currently Married",30-34,1349,375,46,154,266,235,273,3595,1852,1743
Bihar,Gaya,"All Scheduled Castes",Urban,"Currently Married",35-39,979,311,43,77,108,86,354,2934,1655,1279
Bihar,Gaya,"All Scheduled Castes",Urban,"Currently Married",40-44,1151,309,96,128,108,144,366,3375,1950,1425
Bihar,Gaya,"All Scheduled Castes",Urban,"Currently Married",45-49,804,190,25,74,81,154,280,2695,1462,1233
Bihar,Gaya,"All Scheduled Castes",Urban,"Currently Married",50-54,461,155,11,59,42,91,103,1291,815,476
Bihar,Gaya,"All Scheduled Castes",Urban,"Currently Married",55-59,310,69,32,20,21,62,106,974,527,447
Bihar,Gaya,"All Scheduled Castes",Urban,"Currently Married",60-64,333,78,27,20,49,56,103,1050,618,432
Bihar,Gaya,"All Scheduled Castes",Urban,"Currently Married",65-69,94,24,19,12,9,2,28,235,110,125
Bihar,Gaya,"All Scheduled Castes",Urban,"Currently Married",70-74,92,36,8,0,19,0,29,219,131,88
Bihar,Gaya,"All Scheduled Castes",Urban,"Currently Married",75-79,11,10,0,0,1,0,0,3,1,2
Bihar,Gaya,"All Scheduled Castes",Urban,"Currently Married","80 +",55,36,9,9,0,0,1,32,21,11
