Season,Sector,Category,Crop,QueryType,QueryText,KCCAns,StateName,DistrictName,BlockName,CreatedOn
KHARIF,AGRICULTURE,Others,Others,"Field Preparation","Weather information","Cloudy weather in your area, chance of rain in your area",BIHAR,ROHTAS,SHEOSAGAR,2018-06-01T06:26:00Z
KHARIF,AGRICULTURE,Others,Others,"Field Preparation","Weather information","Cloudy weather in your area, chance of rain in your area",BIHAR,ROHTAS,SHEOSAGAR,2018-06-01T06:26:00Z
JAYAD,AGRICULTURE,Others,Others,Weather,"WEATHER INFORMATION","today and tomarrow chance of rain in your area",BIHAR,ROHTAS,KARGAHAR,2018-06-01T08:06:54Z
JAYAD,AGRICULTURE,Others,Others,Weather,"WEATHER INFORMATION","today and tomarrow chance of rain in your area",BIHAR,ROHTAS,KARGAHAR,2018-06-01T08:06:54Z
JAYAD,AGRICULTURE,Others,Others,Weather,"WEATHER INFORMATION","today and tomarrow chance of rain in your area",BIHAR,ROHTAS,KARGAHAR,2018-06-01T08:07:06Z
JAYAD,AGRICULTURE,Others,Others,Weather,"WEATHER INFORMATION","today and tomarrow chance of rain in your area",BIHAR,ROHTAS,KARGAHAR,2018-06-01T08:07:06Z
JAYAD,AGRICULTURE,Others,Others,Weather,"WEATHER INFORMATION","today and tomarrow chance of rain in your area",BIHAR,ROHTAS,KARGAHAR,2018-06-01T08:07:16Z
JAYAD,AGRICULTURE,Others,Others,Weather,"WEATHER INFORMATION","today and tomarrow chance of rain in your area",BIHAR,ROHTAS,KARGAHAR,2018-06-01T08:07:16Z
RABI,HORTICULTURE,Vegetables,Chillies,"Plant Protection","Chilli thrips","Imidacloprid 17.8 % SL 3.0 ml/10 lit. 
Dimethoate 30 % EC 1.0 ml/lit.",BIHAR,ROHTAS,DEHRI,2018-06-01T15:43:21Z
RABI,HORTICULTURE,Vegetables,Chillies,"Plant Protection","Chilli thrips","Imidacloprid 17.8 % SL 3.0 ml/10 lit. 
Dimethoate 30 % EC 1.0 ml/lit.",BIHAR,ROHTAS,DEHRI,2018-06-01T15:43:21Z
RABI,AGRICULTURE,Others,Others,Weather,weather,"42° C 
RealFeel® 45°

Hazy sunshine
  


See Hourly

> 




Today

Jun 1



42° Hi 
RealFeel® 44°

Hazy sun; very warm
 More  



Tonight

Jun 1



29° Lo 
RealFeel® 29°

Hazy
 More  



Tomorrow

Jun 2



42° Hi 
RealFeel® 44°

Hazy sun; seasonably",BIHAR,ROHTAS,RAJPUR,2018-06-01T17:54:27Z
RABI,AGRICULTURE,Others,Others,Weather,weather,"42° C 
RealFeel® 45°

Hazy sunshine
  


See Hourly

> 




Today

Jun 1



42° Hi 
RealFeel® 44°

Hazy sun; very warm
 More  



Tonight

Jun 1



29° Lo 
RealFeel® 29°

Hazy
 More  



Tomorrow

Jun 2



42° Hi 
RealFeel® 44°

Hazy sun; seasonably",BIHAR,ROHTAS,RAJPUR,2018-06-01T17:54:27Z
RABI,AGRICULTURE,Cereals,Wheat,Weather,"WEATHER INFORMATION","???? ???  ????? ????? ???? ?? ??????? ??",BIHAR,ROHTAS,DINARA,2018-06-01T20:28:06Z
RABI,AGRICULTURE,Cereals,Wheat,Weather,"WEATHER INFORMATION","???? ???  ????? ????? ???? ?? ??????? ??",BIHAR,ROHTAS,DINARA,2018-06-01T20:28:06Z
RABI,HORTICULTURE,Vegetables,Brinjal,"Plant Protection","Brown leaf hopper","•Before transplantation dip the seedlings in 0.2% carbofuran 50 STD solution (control insect vectors)
•Spray with dimethoate 0.3%",BIHAR,ROHTAS,SHEOSAGAR,2018-06-03T06:33:52Z
RABI,HORTICULTURE,Vegetables,Brinjal,"Plant Protection","Brown leaf hopper","•Before transplantation dip the seedlings in 0.2% carbofuran 50 STD solution (control insect vectors)
•Spray with dimethoate 0.3%",BIHAR,ROHTAS,SHEOSAGAR,2018-06-03T06:33:52Z
RABI,AGRICULTURE,Cereals,Wheat,Weather,"Weather information","???? ??????? ??? ???? ??? ????? ?? ????? ????  ?? ??????? ??",BIHAR,ROHTAS,SURAJPURA,2018-06-03T07:06:08Z
RABI,AGRICULTURE,Cereals,Wheat,Weather,"Weather information","???? ??????? ??? ???? ??? ????? ?? ????? ????  ?? ??????? ??",BIHAR,ROHTAS,SURAJPURA,2018-06-03T07:06:08Z
JAYAD,AGRICULTURE,Others,Others,Weather,"WEATHER INFORMATION","Cloudy weather in your area, chance of rain in your area",BIHAR,ROHTAS,DINARA,2018-06-03T09:22:57Z
JAYAD,AGRICULTURE,Others,Others,Weather,"WEATHER INFORMATION","Cloudy weather in your area, chance of rain in your area",BIHAR,ROHTAS,DINARA,2018-06-03T09:22:57Z
JAYAD,AGRICULTURE,Others,Others,Weather,"Weather information","Cloudy weather in your area chance of rain in your area",BIHAR,ROHTAS,CHENARI,2018-06-03T10:36:27Z
JAYAD,AGRICULTURE,Others,Others,Weather,"Weather information","Cloudy weather in your area chance of rain in your area",BIHAR,ROHTAS,CHENARI,2018-06-03T10:36:27Z
JAYAD,AGRICULTURE,Others,Others,Weather,"WEATHER INFORMATION","????? ??? ?? ?? ?? ???? ??????? ??? ???? ????? ?? ??????? ??",BIHAR,ROHTAS,DEHRI,2018-06-03T11:16:10Z
JAYAD,AGRICULTURE,Others,Others,Weather,"WEATHER INFORMATION","????? ??? ?? ?? ?? ???? ??????? ??? ???? ????? ?? ??????? ??",BIHAR,ROHTAS,DEHRI,2018-06-03T11:16:10Z
JAYAD,AGRICULTURE,Others,Others,Weather,"Weather information","TODAY AND TOMORROW NO CHANCE OF RAIN",BIHAR,ROHTAS,AKHORIGOLA,2018-06-03T18:49:57Z
JAYAD,AGRICULTURE,Others,Others,Weather,"Weather information","TODAY AND TOMORROW NO CHANCE OF RAIN",BIHAR,ROHTAS,AKHORIGOLA,2018-06-03T18:49:57Z
KHARIF,AGRICULTURE,Others,Others,"Field Preparation","WEATHER INFORMATION","today and tomarrow chance of rain in your area",BIHAR,ROHTAS,DINARA,2018-06-03T20:39:06Z
KHARIF,AGRICULTURE,Others,Others,"Field Preparation","WEATHER INFORMATION","today and tomarrow chance of rain in your area",BIHAR,ROHTAS,DINARA,2018-06-03T20:39:06Z
RABI,AGRICULTURE,Others,Others,Weather,"WEATHER INFORMATION","32° C 
RealFeel® 33°

Partly sunny
  


See Hourly

> 




Today

Jun 4



46° Hi 
RealFeel® 47°

Partly sunny; very hot
 More  



Tonight

Jun 4



31° Lo 
RealFeel® 31°

Hazy; very warm
 More  



Tomorrow

Jun 5



44° Hi 
RealFeel® 46°

Hazy sunshine; very hot",BIHAR,ROHTAS,TILOUTHU,2018-06-04T08:45:41Z
RABI,AGRICULTURE,Others,Others,Weather,"WEATHER INFORMATION","32° C 
RealFeel® 33°

Partly sunny
  


See Hourly

> 




Today

Jun 4



46° Hi 
RealFeel® 47°

Partly sunny; very hot
 More  



Tonight

Jun 4



31° Lo 
RealFeel® 31°

Hazy; very warm
 More  



Tomorrow

Jun 5



44° Hi 
RealFeel® 46°

Hazy sunshine; very hot",BIHAR,ROHTAS,TILOUTHU,2018-06-04T08:45:41Z
KHARIF,AGRICULTURE,Others,Others,Weather,"WEATHER INFORMATION","chance of rain in your area",BIHAR,ROHTAS,AKHORIGOLA,2018-06-04T10:35:26Z
KHARIF,AGRICULTURE,Others,Others,Weather,"WEATHER INFORMATION","chance of rain in your area",BIHAR,ROHTAS,AKHORIGOLA,2018-06-04T10:35:26Z
KHARIF,AGRICULTURE,Cereals,"Paddy (Dhan)","Cultural Practices","yield of Arize 6444 varieties of rice","yield of Arize 6444 varieties of rice  -55-60q/ha",BIHAR,ROHTAS,AKHORIGOLA,2018-06-04T11:03:09Z
KHARIF,AGRICULTURE,Cereals,"Paddy (Dhan)","Cultural Practices","yield of Arize 6444 varieties of rice","yield of Arize 6444 varieties of rice  -55-60q/ha",BIHAR,ROHTAS,AKHORIGOLA,2018-06-04T11:03:09Z
JAYAD,AGRICULTURE,Cereals,"Paddy (Dhan)",Varieties,"Good variety of paddy for upper land –","Turanta, Prabhat, Richariya, and Saroj",BIHAR,ROHTAS,NOKHA,2018-06-04T12:08:27Z
JAYAD,AGRICULTURE,Cereals,"Paddy (Dhan)",Varieties,"Good variety of paddy for upper land –","Turanta, Prabhat, Richariya, and Saroj",BIHAR,ROHTAS,NOKHA,2018-06-04T12:08:27Z
RABI,AGRICULTURE,Cereals,Wheat,Weather,"Weather information","???? ??????? ??? ???? ??? ????? ?? ????? ????  ?? ??????? ??",BIHAR,ROHTAS,SHEOSAGAR,2018-06-04T13:13:44Z
RABI,AGRICULTURE,Cereals,Wheat,Weather,"Weather information","???? ??????? ??? ???? ??? ????? ?? ????? ????  ?? ??????? ??",BIHAR,ROHTAS,SHEOSAGAR,2018-06-04T13:13:44Z
JAYAD,AGRICULTURE,Others,Others,Weather,"Weather information","Heavy Cloudy weather in your area,chance of rain in your area",BIHAR,ROHTAS,DINARA,2018-06-04T14:22:35Z
JAYAD,AGRICULTURE,Others,Others,Weather,"Weather information","Heavy Cloudy weather in your area,chance of rain in your area",BIHAR,ROHTAS,DINARA,2018-06-04T14:22:35Z
KHARIF,AGRICULTURE,Others,Others,"Plant Protection","Insect infestation in okra","Syray Dimethoate 30% EC @ 2 ml / 1 lit of water",BIHAR,ROHTAS,TILOUTHU,2018-06-04T21:23:14Z
KHARIF,AGRICULTURE,Others,Others,"Plant Protection","Insect infestation in okra","Syray Dimethoate 30% EC @ 2 ml / 1 lit of water",BIHAR,ROHTAS,TILOUTHU,2018-06-04T21:23:14Z
JAYAD,AGRICULTURE,Cereals,"Paddy (Dhan)","Cultural Practices","SEED TREATMENT OF PADDY","SEED TREATMENT OF PADDY SHOULD BE DONE WITH CARBENDAZIM @ 2-2.5 GRAM  PER KG OF SEED",BIHAR,ROHTAS,TILOUTHU,2018-06-05T11:34:06Z
JAYAD,AGRICULTURE,Cereals,"Paddy (Dhan)","Cultural Practices","SEED TREATMENT OF PADDY","SEED TREATMENT OF PADDY SHOULD BE DONE WITH CARBENDAZIM @ 2-2.5 GRAM  PER KG OF SEED",BIHAR,ROHTAS,TILOUTHU,2018-06-05T11:34:06Z
JAYAD,AGRICULTURE,Others,Others,Weather,"Weather information","Cloudy weather in your area chance of rain in your area",BIHAR,ROHTAS,SHEOSAGAR,2018-06-05T12:38:51Z
JAYAD,AGRICULTURE,Others,Others,Weather,"Weather information","Cloudy weather in your area chance of rain in your area",BIHAR,ROHTAS,SHEOSAGAR,2018-06-05T12:38:51Z
KHARIF,AGRICULTURE,Cereals,"Paddy (Dhan)","Cultural Practices","SEED TREATMENT OF RICE","MIX CARBENDAZIM @ 2 GRAM/KG SEED OF RICE",BIHAR,ROHTAS,NOKHA,2018-06-05T13:38:32Z
KHARIF,AGRICULTURE,Cereals,"Paddy (Dhan)","Cultural Practices","SEED TREATMENT OF RICE","MIX CARBENDAZIM @ 2 GRAM/KG SEED OF RICE",BIHAR,ROHTAS,NOKHA,2018-06-05T13:38:32Z
KHARIF,AGRICULTURE,Others,Others,Weather,"WEATHER INFORMATION","today and tomarrow chance of rain in your area",BIHAR,ROHTAS,NOKHA,2018-06-05T13:39:23Z
KHARIF,AGRICULTURE,Others,Others,Weather,"WEATHER INFORMATION","today and tomarrow chance of rain in your area",BIHAR,ROHTAS,NOKHA,2018-06-05T13:39:23Z
JAYAD,AGRICULTURE,Others,Others,"Government Schemes","Farmer wants to know information about govt. Schemes?","Recommended for to know about govt. Schemes please contact rural agriculture extension officer.",BIHAR,ROHTAS,RAJPUR,2018-06-05T16:20:04Z
JAYAD,AGRICULTURE,Others,Others,"Government Schemes","Farmer wants to know information about govt. Schemes?","Recommended for to know about govt. Schemes please contact rural agriculture extension officer.",BIHAR,ROHTAS,RAJPUR,2018-06-05T16:20:04Z
KHARIF,AGRICULTURE,Others,Others,Weather,"weather information","Hazy weather in your area ,no chance of rain",BIHAR,ROHTAS,DEHRI,2018-06-05T21:05:34Z
KHARIF,AGRICULTURE,Others,Others,Weather,"weather information","Hazy weather in your area ,no chance of rain",BIHAR,ROHTAS,DEHRI,2018-06-05T21:05:34Z
KHARIF,AGRICULTURE,Others,Others,Weather,"WEATHER INFORMATION","today and tomarrow chance of rain in your area",BIHAR,ROHTAS,RAJPUR,2018-06-06T06:59:46Z
KHARIF,AGRICULTURE,Others,Others,Weather,"WEATHER INFORMATION","today and tomarrow chance of rain in your area",BIHAR,ROHTAS,RAJPUR,2018-06-06T06:59:46Z
JAYAD,AGRICULTURE,Others,Others,Weather,"Weather information","Cloudy weather in your area chance of rain in your area",BIHAR,ROHTAS,KARAKAT,2018-06-06T09:04:19Z
JAYAD,AGRICULTURE,Others,Others,Weather,"Weather information","Cloudy weather in your area chance of rain in your area",BIHAR,ROHTAS,KARAKAT,2018-06-06T09:04:19Z
KHARIF,AGRICULTURE,Others,Others,Weather,"WEATHER INFORMATION","today and tomarrow chance of rain in your area",BIHAR,ROHTAS,KARGAHAR,2018-06-06T11:21:23Z
KHARIF,AGRICULTURE,Others,Others,Weather,"WEATHER INFORMATION","today and tomarrow chance of rain in your area",BIHAR,ROHTAS,KARGAHAR,2018-06-06T11:21:23Z
JAYAD,AGRICULTURE,Others,Others,Weather,WEATHER,"NO RAIN",BIHAR,ROHTAS,BIKRAMGANJ,2018-06-06T20:31:26Z
JAYAD,AGRICULTURE,Others,Others,Weather,WEATHER,"NO RAIN",BIHAR,ROHTAS,BIKRAMGANJ,2018-06-06T20:31:26Z
KHARIF,AGRICULTURE,Others,Others,"Weed Management","WEED MANAGEMENT IN PADDY NURSERY","pendimethalin @ 2 ml in 1 litter of water",BIHAR,ROHTAS,AKHORIGOLA,2018-06-07T06:18:23Z
KHARIF,AGRICULTURE,Others,Others,"Weed Management","WEED MANAGEMENT IN PADDY NURSERY","pendimethalin @ 2 ml in 1 litter of water",BIHAR,ROHTAS,AKHORIGOLA,2018-06-07T06:18:23Z
KHARIF,AGRICULTURE,Others,Others,"Fertilizer Use and Availability","fertilizer application in paddy nursery","after sowing 15-20 days -1.5 kg urea per katta",BIHAR,ROHTAS,DINARA,2018-06-07T08:28:39Z
KHARIF,AGRICULTURE,Others,Others,"Fertilizer Use and Availability","fertilizer application in paddy nursery","after sowing 15-20 days -1.5 kg urea per katta",BIHAR,ROHTAS,DINARA,2018-06-07T08:28:39Z
RABI,AGRICULTURE,Cereals,Wheat,Weather,"WEATHER INFORMESION","Cloudy weather in your area, chance of rain in your area",BIHAR,ROHTAS,TILOUTHU,2018-06-07T13:16:40Z
RABI,AGRICULTURE,Cereals,Wheat,Weather,"WEATHER INFORMESION","Cloudy weather in your area, chance of rain in your area",BIHAR,ROHTAS,TILOUTHU,2018-06-07T13:16:40Z
JAYAD,AGRICULTURE,Others,Others,Weather,"Weather information","Cloudy weather today and  tomorrow little chance of rain in your area.",BIHAR,ROHTAS,KARAKAT,2018-06-07T13:22:38Z
JAYAD,AGRICULTURE,Others,Others,Weather,"Weather information","Cloudy weather today and  tomorrow little chance of rain in your area.",BIHAR,ROHTAS,KARAKAT,2018-06-07T13:22:38Z
KHARIF,AGRICULTURE,Others,Others,"Field Preparation","weather information","Cloudy weather in your area, chance of rain in your area.",BIHAR,ROHTAS,KOCHAS,2018-06-07T17:11:15Z
KHARIF,AGRICULTURE,Others,Others,"Field Preparation","weather information","Cloudy weather in your area, chance of rain in your area.",BIHAR,ROHTAS,KOCHAS,2018-06-07T17:11:15Z
KHARIF,AGRICULTURE,Others,Others,"Field Preparation","weather information","Cloudy weather in your area, chance of rain in your area.",BIHAR,ROHTAS,DINARA,2018-06-07T17:11:48Z
KHARIF,AGRICULTURE,Others,Others,"Field Preparation","weather information","Cloudy weather in your area, chance of rain in your area.",BIHAR,ROHTAS,DINARA,2018-06-07T17:11:48Z
KHARIF,AGRICULTURE,Others,Others,"Field Preparation","Yellowing of leaf / Rotting problem","Spray mancozeb @ 2g/lit of water",BIHAR,ROHTAS,KARAKAT,2018-06-07T21:55:44Z
KHARIF,AGRICULTURE,Others,Others,"Field Preparation","Yellowing of leaf / Rotting problem","Spray mancozeb @ 2g/lit of water",BIHAR,ROHTAS,KARAKAT,2018-06-07T21:55:44Z
RABI,HORTICULTURE,Vegetables,Chillies,"Plant Protection","Gram caterpillar","Flubendiamide 20 WDG 6.0 g /10 lit. 
Indoxacarb 14.5 % SC 6.5 ml/10 lit. 
Novaluron 10 % EC 7.5 ml/10 lit.",BIHAR,ROHTAS,RAJPUR,2018-06-08T10:26:47Z
RABI,HORTICULTURE,Vegetables,Chillies,"Plant Protection","Gram caterpillar","Flubendiamide 20 WDG 6.0 g /10 lit. 
Indoxacarb 14.5 % SC 6.5 ml/10 lit. 
Novaluron 10 % EC 7.5 ml/10 lit.",BIHAR,ROHTAS,RAJPUR,2018-06-08T10:26:47Z
JAYAD,AGRICULTURE,Others,Others,Weather,"Weather information","Today & tomorrow little chance of rain",BIHAR,ROHTAS,SURAJPURA,2018-06-08T11:02:56Z
JAYAD,AGRICULTURE,Others,Others,Weather,"Weather information","Today & tomorrow little chance of rain",BIHAR,ROHTAS,SURAJPURA,2018-06-08T11:02:56Z
JAYAD,HORTICULTURE,Vegetables,"Cowpea (Vegetable)","Plant Protection","insect infestation in cowpea","Spray malathion @ 2ml/lit of water",BIHAR,ROHTAS,SURAJPURA,2018-06-08T11:10:44Z
JAYAD,HORTICULTURE,Vegetables,"Cowpea (Vegetable)","Plant Protection","insect infestation in cowpea","Spray malathion @ 2ml/lit of water",BIHAR,ROHTAS,SURAJPURA,2018-06-08T11:10:44Z
JAYAD,AGRICULTURE,Others,Others,Weather,WEATHER,"NO RAIN",BIHAR,ROHTAS,DEHRI,2018-06-08T11:19:29Z
JAYAD,AGRICULTURE,Others,Others,Weather,WEATHER,"NO RAIN",BIHAR,ROHTAS,DEHRI,2018-06-08T11:19:29Z
JAYAD,AGRICULTURE,Others,Others,Weather,"Weather information","Today & tomorrow little chance of rain",BIHAR,ROHTAS,SANJHOULI,2018-06-08T13:12:38Z
JAYAD,AGRICULTURE,Others,Others,Weather,"Weather information","Today & tomorrow little chance of rain",BIHAR,ROHTAS,SANJHOULI,2018-06-08T13:12:38Z
JAYAD,AGRICULTURE,Others,Others,Weather,"Weather information","Today & tomorrow little chance of rain",BIHAR,ROHTAS,SANJHOULI,2018-06-08T18:40:55Z
JAYAD,AGRICULTURE,Others,Others,Weather,"Weather information","Today & tomorrow little chance of rain",BIHAR,ROHTAS,SANJHOULI,2018-06-08T18:40:55Z
KHARIF,AGRICULTURE,Others,Others,"Field Preparation","Insect infestation","Spray  Imidachloprid @ 1ml/3lit of water",BIHAR,ROHTAS,KARAKAT,2018-06-08T21:34:39Z
KHARIF,AGRICULTURE,Others,Others,"Field Preparation","Insect infestation","Spray  Imidachloprid @ 1ml/3lit of water",BIHAR,ROHTAS,KARAKAT,2018-06-08T21:34:39Z
JAYAD,AGRICULTURE,Others,Others,Weather,"Weather information","Today & tomorrow little chance of rain",BIHAR,ROHTAS,ROHTAS,2018-06-09T11:46:11Z
JAYAD,AGRICULTURE,Others,Others,Weather,"Weather information","Today & tomorrow little chance of rain",BIHAR,ROHTAS,ROHTAS,2018-06-09T11:46:11Z
JAYAD,AGRICULTURE,Others,Others,Weather,"Weather information","Today & tomorrow little chance of rain",BIHAR,ROHTAS,RAJPUR,2018-06-09T12:40:13Z
JAYAD,AGRICULTURE,Others,Others,Weather,"Weather information","Today & tomorrow little chance of rain",BIHAR,ROHTAS,RAJPUR,2018-06-09T12:40:13Z
KHARIF,AGRICULTURE,Others,Others,Weather,"weather information","Cloudy weather Today & tomorrow   chance of rain",BIHAR,ROHTAS,DINARA,2018-06-09T19:03:33Z
KHARIF,AGRICULTURE,Others,Others,Weather,"weather information","Cloudy weather Today & tomorrow   chance of rain",BIHAR,ROHTAS,DINARA,2018-06-09T19:03:33Z
KHARIF,AGRICULTURE,Others,Others,"Plant Protection","Lace wing bug:IN BRINJAL","Syray Dimethoate 30% EC @ 2 ml / 3 lit of water",BIHAR,ROHTAS,RAJPUR,2018-06-09T19:43:55Z
KHARIF,AGRICULTURE,Others,Others,"Plant Protection","Lace wing bug:IN BRINJAL","Syray Dimethoate 30% EC @ 2 ml / 3 lit of water",BIHAR,ROHTAS,RAJPUR,2018-06-09T19:43:55Z
KHARIF,AGRICULTURE,Others,Others,Weather,"weather information","Cloudy weather in your area, chance of rain in your area",BIHAR,ROHTAS,AKHORIGOLA,2018-06-10T07:24:42Z
KHARIF,AGRICULTURE,Others,Others,Weather,"weather information","Cloudy weather in your area, chance of rain in your area",BIHAR,ROHTAS,AKHORIGOLA,2018-06-10T07:24:42Z
KHARIF,AGRICULTURE,Others,Others,Weather,"WEATHER INFORMATION","CHANCE OF RAIN IN YOUR AREA",BIHAR,ROHTAS,NOKHA,2018-06-10T07:27:07Z
KHARIF,AGRICULTURE,Others,Others,Weather,"WEATHER INFORMATION","CHANCE OF RAIN IN YOUR AREA",BIHAR,ROHTAS,NOKHA,2018-06-10T07:27:07Z
JAYAD,AGRICULTURE,Others,Others,Weather,"weather information","Cloudy weather in your area, chance of rain in your area.",BIHAR,ROHTAS,SASARAM,2018-06-10T07:56:41Z
JAYAD,AGRICULTURE,Others,Others,Weather,"weather information","Cloudy weather in your area, chance of rain in your area.",BIHAR,ROHTAS,SASARAM,2018-06-10T07:56:41Z
KHARIF,AGRICULTURE,Others,Others,Weather,"WEATHER INFORMATION","weather in your area, chance of rain in your area",BIHAR,ROHTAS,KARGAHAR,2018-06-10T11:17:56Z
KHARIF,AGRICULTURE,Others,Others,Weather,"WEATHER INFORMATION","weather in your area, chance of rain in your area",BIHAR,ROHTAS,KARGAHAR,2018-06-10T11:17:56Z
JAYAD,AGRICULTURE,Others,Others,Weather,"WEATHER INFORMATION","Heavy Cloudy weather in your area, chance of rain in your area",BIHAR,ROHTAS,AKHORIGOLA,2018-06-10T13:19:37Z
JAYAD,AGRICULTURE,Others,Others,Weather,"WEATHER INFORMATION","Heavy Cloudy weather in your area, chance of rain in your area",BIHAR,ROHTAS,AKHORIGOLA,2018-06-10T13:19:37Z
JAYAD,AGRICULTURE,Others,Others,Weather,"WEATHER INFORMATION","Heavy Cloudy weather in your area, chance of rain in your area",BIHAR,ROHTAS,AKHORIGOLA,2018-06-10T13:19:49Z
JAYAD,AGRICULTURE,Others,Others,Weather,"WEATHER INFORMATION","Heavy Cloudy weather in your area, chance of rain in your area",BIHAR,ROHTAS,AKHORIGOLA,2018-06-10T13:19:49Z
JAYAD,AGRICULTURE,Others,Others,Weather,"WEATHER INFORMATION","Heavy Cloudy weather in your area, chance of rain in your area",BIHAR,ROHTAS,AKHORIGOLA,2018-06-10T13:20:05Z
JAYAD,AGRICULTURE,Others,Others,Weather,"WEATHER INFORMATION","Heavy Cloudy weather in your area, chance of rain in your area",BIHAR,ROHTAS,AKHORIGOLA,2018-06-10T13:20:05Z
KHARIF,AGRICULTURE,Others,Others,"Plant Protection","Yellowing of leaf","Spray mancozeb @ 2g/lit of water",BIHAR,ROHTAS,ROHTAS,2018-06-10T16:09:40Z
KHARIF,AGRICULTURE,Others,Others,"Plant Protection","Yellowing of leaf","Spray mancozeb @ 2g/lit of water",BIHAR,ROHTAS,ROHTAS,2018-06-10T16:09:40Z
KHARIF,AGRICULTURE,Others,Others,"Plant Protection","seed management in paddy","0.2gram streptocycline+2 gram bevistein per kg seed",BIHAR,ROHTAS,SASARAM,2018-06-11T06:52:33Z
KHARIF,AGRICULTURE,Others,Others,"Plant Protection","seed management in paddy","0.2gram streptocycline+2 gram bevistein per kg seed",BIHAR,ROHTAS,SASARAM,2018-06-11T06:52:33Z
RABI,AGRICULTURE,Cereals,Wheat,Weather,"weather information","???? ??? ?????? ,???? ?????????? ???? ?? ???????  ????",BIHAR,ROHTAS,SASARAM,2018-06-11T07:10:25Z
RABI,AGRICULTURE,Cereals,Wheat,Weather,"weather information","???? ??? ?????? ,???? ?????????? ???? ?? ???????  ????",BIHAR,ROHTAS,SASARAM,2018-06-11T07:10:25Z
KHARIF,AGRICULTURE,Cereals,"Paddy (Dhan)",Varieties,"Good variety of paddy for upper land","Turanta, Prabhat, Richariya, and Saroj",BIHAR,ROHTAS,NAWHATTA,2018-06-11T08:40:27Z
KHARIF,AGRICULTURE,Cereals,"Paddy (Dhan)",Varieties,"Good variety of paddy for upper land","Turanta, Prabhat, Richariya, and Saroj",BIHAR,ROHTAS,NAWHATTA,2018-06-11T08:40:27Z
JAYAD,AGRICULTURE,Others,Others,Weather,"Weather information","Cloudy weather chance of rain in your area.",BIHAR,ROHTAS,KARAKAT,2018-06-11T10:23:37Z
JAYAD,AGRICULTURE,Others,Others,Weather,"Weather information","Cloudy weather chance of rain in your area.",BIHAR,ROHTAS,KARAKAT,2018-06-11T10:23:37Z
KHARIF,AGRICULTURE,Others,Others,Weather,"WEATHER INFORMATION","Cloudy weather in your area, chance of rain in your area",BIHAR,ROHTAS,KOCHAS,2018-06-11T11:32:08Z
KHARIF,AGRICULTURE,Others,Others,Weather,"WEATHER INFORMATION","Cloudy weather in your area, chance of rain in your area",BIHAR,ROHTAS,KOCHAS,2018-06-11T11:32:08Z
KHARIF,AGRICULTURE,Others,Others,Weather,"WEATHER INFORMATION","Today and tomarrow little chance of rain in your area",BIHAR,ROHTAS,KOCHAS,2018-06-11T11:43:43Z
KHARIF,AGRICULTURE,Others,Others,Weather,"WEATHER INFORMATION","Today and tomarrow little chance of rain in your area",BIHAR,ROHTAS,KOCHAS,2018-06-11T11:43:43Z
RABI,AGRICULTURE,Cereals,Wheat,Weather,"weather information","???? ??? ?????? ,???? ?????????? ???? ?? ???????  ????",BIHAR,ROHTAS,KARGAHAR,2018-06-11T12:25:17Z
RABI,AGRICULTURE,Cereals,Wheat,Weather,"weather information","???? ??? ?????? ,???? ?????????? ???? ?? ???????  ????",BIHAR,ROHTAS,KARGAHAR,2018-06-11T12:25:17Z
KHARIF,AGRICULTURE,Others,Others,Weather,"WEATHER INFORMATION","Cloudy weather in your area, chance of rain in your area",BIHAR,ROHTAS,KOCHAS,2018-06-11T14:14:42Z
KHARIF,AGRICULTURE,Others,Others,Weather,"WEATHER INFORMATION","Cloudy weather in your area, chance of rain in your area",BIHAR,ROHTAS,KOCHAS,2018-06-11T14:14:42Z
RABI,AGRICULTURE,Others,Others,"Field Preparation","Weather information","Today & tomorrow little chance of rain",BIHAR,ROHTAS,SHEOSAGAR,2018-06-11T16:43:36Z
RABI,AGRICULTURE,Others,Others,"Field Preparation","Weather information","Today & tomorrow little chance of rain",BIHAR,ROHTAS,SHEOSAGAR,2018-06-11T16:43:36Z
KHARIF,AGRICULTURE,Others,Others,"Field Preparation","Weather information","Cloudy weather, rain likely.",BIHAR,ROHTAS,DINARA,2018-06-11T17:35:52Z
KHARIF,AGRICULTURE,Others,Others,"Field Preparation","Weather information","Cloudy weather, rain likely.",BIHAR,ROHTAS,DINARA,2018-06-11T17:35:52Z
JAYAD,AGRICULTURE,Others,Others,Weather,"Weather information","Cloudy weather today and  tomorrow little chance of rain in your area.",BIHAR,ROHTAS,KARAKAT,2018-06-12T07:40:26Z
JAYAD,AGRICULTURE,Others,Others,Weather,"Weather information","Cloudy weather today and  tomorrow little chance of rain in your area.",BIHAR,ROHTAS,KARAKAT,2018-06-12T07:40:26Z
JAYAD,AGRICULTURE,Others,Others,Weather,"Weather information","Cloudy weather today and  tomorrow little chance of rain in your area.",BIHAR,ROHTAS,KARAKAT,2018-06-12T07:40:39Z
JAYAD,AGRICULTURE,Others,Others,Weather,"Weather information","Cloudy weather today and  tomorrow little chance of rain in your area.",BIHAR,ROHTAS,KARAKAT,2018-06-12T07:40:39Z
JAYAD,AGRICULTURE,Others,Others,Weather,"Weather information","Cloudy weather today and  tomorrow little chance of rain in your area.",BIHAR,ROHTAS,KARAKAT,2018-06-12T07:40:54Z
JAYAD,AGRICULTURE,Others,Others,Weather,"Weather information","Cloudy weather today and  tomorrow little chance of rain in your area.",BIHAR,ROHTAS,KARAKAT,2018-06-12T07:40:54Z
JAYAD,AGRICULTURE,Others,Others,Weather,"Weather information","Cloudy weather today and  tomorrow little chance of rain in your area.",BIHAR,ROHTAS,KARAKAT,2018-06-12T07:41:07Z
JAYAD,AGRICULTURE,Others,Others,Weather,"Weather information","Cloudy weather today and  tomorrow little chance of rain in your area.",BIHAR,ROHTAS,KARAKAT,2018-06-12T07:41:07Z
JAYAD,AGRICULTURE,Others,Others,Weather,"Weather information","Cloudy weather today and  tomorrow little chance of rain in your area.",BIHAR,ROHTAS,KARAKAT,2018-06-12T07:41:29Z
JAYAD,AGRICULTURE,Others,Others,Weather,"Weather information","Cloudy weather today and  tomorrow little chance of rain in your area.",BIHAR,ROHTAS,KARAKAT,2018-06-12T07:41:29Z
KHARIF,AGRICULTURE,Others,Others,Weather,"Weather information","Cloudy weather today and  tomorrow little chance of rain in your area.",BIHAR,ROHTAS,RAJPUR,2018-06-12T08:44:53Z
KHARIF,AGRICULTURE,Others,Others,Weather,"Weather information","Cloudy weather today and  tomorrow little chance of rain in your area.",BIHAR,ROHTAS,RAJPUR,2018-06-12T08:44:53Z
KHARIF,AGRICULTURE,Others,Others,Weather,"Weather information","Today & tomorrow little chance of rain",BIHAR,ROHTAS,NOKHA,2018-06-12T19:15:30Z
KHARIF,AGRICULTURE,Others,Others,Weather,"Weather information","Today & tomorrow little chance of rain",BIHAR,ROHTAS,NOKHA,2018-06-12T19:15:30Z
KHARIF,AGRICULTURE,Others,Others,Weather,"Weather information","Today & tomorrow little chance of rain",BIHAR,ROHTAS,DAWATH,2018-06-12T20:17:06Z
KHARIF,AGRICULTURE,Others,Others,Weather,"Weather information","Today & tomorrow little chance of rain",BIHAR,ROHTAS,DAWATH,2018-06-12T20:17:06Z
KHARIF,AGRICULTURE,Others,Others,Weather,"Weather information","Cloudy weather in your area, chance of rain in your area.",BIHAR,ROHTAS,CHENARI,2018-06-13T07:02:38Z
KHARIF,AGRICULTURE,Others,Others,Weather,"Weather information","Cloudy weather in your area, chance of rain in your area.",BIHAR,ROHTAS,CHENARI,2018-06-13T07:02:38Z
KHARIF,AGRICULTURE,Others,Others,Weather,"Weather information","Cloudy weather in your area, chance of rain in your area.",BIHAR,ROHTAS,SURAJPURA,2018-06-13T07:41:33Z
KHARIF,AGRICULTURE,Others,Others,Weather,"Weather information","Cloudy weather in your area, chance of rain in your area.",BIHAR,ROHTAS,SURAJPURA,2018-06-13T07:41:33Z
KHARIF,AGRICULTURE,Others,Others,Weather,"Weather information","Cloudy weather in your area, chance of rain in your area.",BIHAR,ROHTAS,KARAKAT,2018-06-13T08:35:16Z
KHARIF,AGRICULTURE,Others,Others,Weather,"Weather information","Cloudy weather in your area, chance of rain in your area.",BIHAR,ROHTAS,KARAKAT,2018-06-13T08:35:16Z
KHARIF,AGRICULTURE,Others,Others,Weather,"Weather information","Cloudy weather today and  tomorrow little chance of rain in your area.",BIHAR,ROHTAS,KOCHAS,2018-06-13T10:15:40Z
KHARIF,AGRICULTURE,Others,Others,Weather,"Weather information","Cloudy weather today and  tomorrow little chance of rain in your area.",BIHAR,ROHTAS,KOCHAS,2018-06-13T10:15:40Z
KHARIF,AGRICULTURE,Others,Others,Weather,"Weather information","Cloudy weather today and  tomorrow little chance of rain in your area.",BIHAR,ROHTAS,KOCHAS,2018-06-13T10:18:01Z
KHARIF,AGRICULTURE,Others,Others,Weather,"Weather information","Cloudy weather today and  tomorrow little chance of rain in your area.",BIHAR,ROHTAS,KOCHAS,2018-06-13T10:18:01Z
KHARIF,AGRICULTURE,Others,Others,"Weed Management","Weed management","pendimethalin @ 2 ml in 1 liter of water",BIHAR,ROHTAS,KOCHAS,2018-06-13T10:20:19Z
KHARIF,AGRICULTURE,Others,Others,"Weed Management","Weed management","pendimethalin @ 2 ml in 1 liter of water",BIHAR,ROHTAS,KOCHAS,2018-06-13T10:20:19Z
KHARIF,AGRICULTURE,Others,Others,Weather,"Weather information","Cloudy weather in your area, chance of rain in your area.",BIHAR,ROHTAS,KARAKAT,2018-06-13T11:39:30Z
KHARIF,AGRICULTURE,Others,Others,Weather,"Weather information","Cloudy weather in your area, chance of rain in your area.",BIHAR,ROHTAS,KARAKAT,2018-06-13T11:39:30Z
KHARIF,AGRICULTURE,Others,Others,Weather,"Weather information","Cloudy weather today and  tomorrow little chance of rain in your area.",BIHAR,ROHTAS,SASARAM,2018-06-13T13:49:33Z
KHARIF,AGRICULTURE,Others,Others,Weather,"Weather information","Cloudy weather today and  tomorrow little chance of rain in your area.",BIHAR,ROHTAS,SASARAM,2018-06-13T13:49:33Z
KHARIF,AGRICULTURE,Others,Others,Weather,"Weather information","Cloudy weather today and  tomorrow little chance of rain in your area.",BIHAR,ROHTAS,SASARAM,2018-06-13T13:51:12Z
KHARIF,AGRICULTURE,Others,Others,Weather,"Weather information","Cloudy weather today and  tomorrow little chance of rain in your area.",BIHAR,ROHTAS,SASARAM,2018-06-13T13:51:12Z
KHARIF,AGRICULTURE,Others,Others,Weather,"Weather information","Cloudy weather today and  tomorrow little chance of rain in your area.",BIHAR,ROHTAS,SASARAM,2018-06-13T13:55:50Z
KHARIF,AGRICULTURE,Others,Others,Weather,"Weather information","Cloudy weather today and  tomorrow little chance of rain in your area.",BIHAR,ROHTAS,SASARAM,2018-06-13T13:55:50Z
RABI,AGRICULTURE,Others,Others,Weather,"WEATHER INFORMATION","Cloudy weather, no rain likely.",BIHAR,ROHTAS,BIKRAMGANJ,2018-06-13T14:26:20Z
RABI,AGRICULTURE,Others,Others,Weather,"WEATHER INFORMATION","Cloudy weather, no rain likely.",BIHAR,ROHTAS,BIKRAMGANJ,2018-06-13T14:26:20Z
KHARIF,AGRICULTURE,Others,Others,Seeds,"paddy variety","Rajshree, satyam, sakuntla, rajendra mansuri, swarna sab 1",BIHAR,ROHTAS,KARAKAT,2018-06-13T16:13:11Z
KHARIF,AGRICULTURE,Others,Others,Seeds,"paddy variety","Rajshree, satyam, sakuntla, rajendra mansuri, swarna sab 1",BIHAR,ROHTAS,KARAKAT,2018-06-13T16:13:11Z
KHARIF,AGRICULTURE,Others,Others,Weather,"Weather information","Cloudy weather chance of rain in your area.",BIHAR,ROHTAS,KARAKAT,2018-06-14T10:04:20Z
KHARIF,AGRICULTURE,Others,Others,Weather,"Weather information","Cloudy weather chance of rain in your area.",BIHAR,ROHTAS,KARAKAT,2018-06-14T10:04:20Z
KHARIF,AGRICULTURE,Others,Others,Weather,"Weather information","Cloudy weather chance of rain in your area.",BIHAR,ROHTAS,KARAKAT,2018-06-14T10:04:36Z
KHARIF,AGRICULTURE,Others,Others,Weather,"Weather information","Cloudy weather chance of rain in your area.",BIHAR,ROHTAS,KARAKAT,2018-06-14T10:04:36Z
KHARIF,AGRICULTURE,Others,Others,"Field Preparation","WEATHER INFORMATION","Cloudy weather in your area ,no  chance of rain in your area",BIHAR,ROHTAS,DINARA,2018-06-14T10:16:46Z
KHARIF,AGRICULTURE,Others,Others,"Field Preparation","WEATHER INFORMATION","Cloudy weather in your area ,no  chance of rain in your area",BIHAR,ROHTAS,DINARA,2018-06-14T10:16:46Z
KHARIF,AGRICULTURE,Others,Others,Weather,"WEATHER INFORMATION","Cloudy weather in your area but no chance of rain in your area",BIHAR,ROHTAS,BIKRAMGANJ,2018-06-14T13:22:19Z
KHARIF,AGRICULTURE,Others,Others,Weather,"WEATHER INFORMATION","Cloudy weather in your area but no chance of rain in your area",BIHAR,ROHTAS,BIKRAMGANJ,2018-06-14T13:22:19Z
KHARIF,AGRICULTURE,Cereals,Wheat,Weather,"WEATHER INFORMATION","????? ??? ???? ??????? ??? ???? ???? ?????? ,???? ????? ???? ?? ??????? ?? ??|",BIHAR,ROHTAS,KARGAHAR,2018-06-14T15:06:33Z
KHARIF,AGRICULTURE,Cereals,Wheat,Weather,"WEATHER INFORMATION","????? ??? ???? ??????? ??? ???? ???? ?????? ,???? ????? ???? ?? ??????? ?? ??|",BIHAR,ROHTAS,KARGAHAR,2018-06-14T15:06:33Z
RABI,AGRICULTURE,Cereals,Wheat,Weather,"WEATHER INFORMATION","????? ??? ???? ??????? ??? ???? ???? ?????? ,???? ????? ???? ?? ??????? ?? ??|",BIHAR,ROHTAS,KOCHAS,2018-06-14T15:14:08Z
RABI,AGRICULTURE,Cereals,Wheat,Weather,"WEATHER INFORMATION","????? ??? ???? ??????? ??? ???? ???? ?????? ,???? ????? ???? ?? ??????? ?? ??|",BIHAR,ROHTAS,KOCHAS,2018-06-14T15:14:08Z
KHARIF,AGRICULTURE,Others,Others,"Plant Protection","FRUIT CRACKING IN POMGRANATE","BOREX-2 GRAM/LITER OF WATER",BIHAR,ROHTAS,SASARAM,2018-06-14T15:17:31Z
KHARIF,AGRICULTURE,Others,Others,"Plant Protection","FRUIT CRACKING IN POMGRANATE","BOREX-2 GRAM/LITER OF WATER",BIHAR,ROHTAS,SASARAM,2018-06-14T15:17:31Z
KHARIF,AGRICULTURE,Others,Others,Weather,"WEATHER INFORMATION","Cloudy weather in your area but no chance of rain in your area",BIHAR,ROHTAS,AKHORIGOLA,2018-06-15T09:48:29Z
KHARIF,AGRICULTURE,Others,Others,Weather,"WEATHER INFORMATION","Cloudy weather in your area but no chance of rain in your area",BIHAR,ROHTAS,AKHORIGOLA,2018-06-15T09:48:29Z
KHARIF,AGRICULTURE,Others,Others,Weather,"WEATHER INFORMATION","Cloudy weather in your area but no chance of rain in your area",BIHAR,ROHTAS,AKHORIGOLA,2018-06-15T09:49:26Z
KHARIF,AGRICULTURE,Others,Others,Weather,"WEATHER INFORMATION","Cloudy weather in your area but no chance of rain in your area",BIHAR,ROHTAS,AKHORIGOLA,2018-06-15T09:49:26Z
RABI,HORTICULTURE,Vegetables,Brinjal,"Plant Protection","Leaf roller","•Spray carbaryl 50 WP 2 g/lit or phosalone 35 EC 2 ml/lit",BIHAR,ROHTAS,BIKRAMGANJ,2018-06-15T10:56:54Z
RABI,HORTICULTURE,Vegetables,Brinjal,"Plant Protection","Leaf roller","•Spray carbaryl 50 WP 2 g/lit or phosalone 35 EC 2 ml/lit",BIHAR,ROHTAS,BIKRAMGANJ,2018-06-15T10:56:54Z
KHARIF,AGRICULTURE,Others,Others,"Field Preparation","WEATHER INFORMATION","Cloudy weather in your area but no chance of rain in your area",BIHAR,ROHTAS,SHEOSAGAR,2018-06-15T17:43:45Z
KHARIF,AGRICULTURE,Others,Others,"Field Preparation","WEATHER INFORMATION","Cloudy weather in your area but no chance of rain in your area",BIHAR,ROHTAS,SHEOSAGAR,2018-06-15T17:43:45Z
KHARIF,AGRICULTURE,Others,Others,"Field Preparation","WEATHER INFORMATION","Cloudy weather in your area but no chance of rain in your area",BIHAR,ROHTAS,AKHORIGOLA,2018-06-15T17:46:43Z
KHARIF,AGRICULTURE,Others,Others,"Field Preparation","WEATHER INFORMATION","Cloudy weather in your area but no chance of rain in your area",BIHAR,ROHTAS,AKHORIGOLA,2018-06-15T17:46:43Z
KHARIF,AGRICULTURE,Others,Others,Weather,"Weather information","Today & tomorrow little chance of rain",BIHAR,ROHTAS,SASARAM,2018-06-16T10:00:04Z
KHARIF,AGRICULTURE,Others,Others,Weather,"Weather information","Today & tomorrow little chance of rain",BIHAR,ROHTAS,SASARAM,2018-06-16T10:00:04Z
RABI,HORTICULTURE,Vegetables,Chillies,"Plant Protection","Chilli thrips","Imidacloprid 17.8 % SL 3.0 ml/10 lit. 
Dimethoate 30 % EC 1.0 ml/lit.",BIHAR,ROHTAS,SHEOSAGAR,2018-06-16T10:17:07Z
RABI,HORTICULTURE,Vegetables,Chillies,"Plant Protection","Chilli thrips","Imidacloprid 17.8 % SL 3.0 ml/10 lit. 
Dimethoate 30 % EC 1.0 ml/lit.",BIHAR,ROHTAS,SHEOSAGAR,2018-06-16T10:17:07Z
KHARIF,AGRICULTURE,Others,Others,Weather,"Weather information","Cloudy weather in your area,chance of rain.",BIHAR,ROHTAS,KARGAHAR,2018-06-16T10:28:12Z
KHARIF,AGRICULTURE,Others,Others,Weather,"Weather information","Cloudy weather in your area,chance of rain.",BIHAR,ROHTAS,KARGAHAR,2018-06-16T10:28:12Z
KHARIF,AGRICULTURE,Others,Others,Weather,"Weather information","Today & tomorrow little chance of rain",BIHAR,ROHTAS,DINARA,2018-06-16T10:42:59Z
KHARIF,AGRICULTURE,Others,Others,Weather,"Weather information","Today & tomorrow little chance of rain",BIHAR,ROHTAS,DINARA,2018-06-16T10:42:59Z
KHARIF,AGRICULTURE,Cereals,"Paddy (Dhan)",Varieties,"Good variety of paddy for upper land-","Good variety of paddy for upper land-
 turanta, prabhat,richariya, and saroj",BIHAR,ROHTAS,KARAKAT,2018-06-16T13:36:12Z
KHARIF,AGRICULTURE,Cereals,"Paddy (Dhan)",Varieties,"Good variety of paddy for upper land-","Good variety of paddy for upper land-
 turanta, prabhat,richariya, and saroj",BIHAR,ROHTAS,KARAKAT,2018-06-16T13:36:12Z
KHARIF,AGRICULTURE,Others,Others,Weather,"Weather information","Today & tomorrow little chance of rain",BIHAR,ROHTAS,KARAKAT,2018-06-16T13:39:44Z
KHARIF,AGRICULTURE,Others,Others,Weather,"Weather information","Today & tomorrow little chance of rain",BIHAR,ROHTAS,KARAKAT,2018-06-16T13:39:44Z
KHARIF,AGRICULTURE,Others,Others,Weather,"WEATHER INFORMATION","Cloudy weather in your area but no chance of rain in your area",BIHAR,ROHTAS,NOKHA,2018-06-16T13:59:08Z
KHARIF,AGRICULTURE,Others,Others,Weather,"WEATHER INFORMATION","Cloudy weather in your area but no chance of rain in your area",BIHAR,ROHTAS,NOKHA,2018-06-16T13:59:08Z
KHARIF,AGRICULTURE,Others,Others,Weather,"Weather information","There will be light clouds in the sky no chance of rain in your area.",BIHAR,ROHTAS,SHEOSAGAR,2018-06-16T14:54:40Z
KHARIF,AGRICULTURE,Others,Others,Weather,"Weather information","There will be light clouds in the sky no chance of rain in your area.",BIHAR,ROHTAS,SHEOSAGAR,2018-06-16T14:54:40Z
KHARIF,AGRICULTURE,Others,Others,"Field Preparation","Weather information","Cloudy weather, no rain likely.",BIHAR,ROHTAS,DINARA,2018-06-16T16:04:10Z
KHARIF,AGRICULTURE,Others,Others,"Field Preparation","Weather information","Cloudy weather, no rain likely.",BIHAR,ROHTAS,DINARA,2018-06-16T16:04:10Z
KHARIF,AGRICULTURE,Others,Others,Weather,"WEATHER INFORMATION","Cloudy weather in your area but no chance of rain in your area",BIHAR,ROHTAS,KARAKAT,2018-06-16T16:30:33Z
KHARIF,AGRICULTURE,Others,Others,Weather,"WEATHER INFORMATION","Cloudy weather in your area but no chance of rain in your area",BIHAR,ROHTAS,KARAKAT,2018-06-16T16:30:33Z
KHARIF,AGRICULTURE,Others,Others,"Field Preparation","Weather information","Cloudy weather, no rain likely.",BIHAR,ROHTAS,DINARA,2018-06-16T18:51:12Z
KHARIF,AGRICULTURE,Others,Others,"Field Preparation","Weather information","Cloudy weather, no rain likely.",BIHAR,ROHTAS,DINARA,2018-06-16T18:51:12Z
KHARIF,AGRICULTURE,Others,Others,Weather,"WEATHER INFORMATION","Cloudy weather in your area, but no chance of rain in your area .",BIHAR,ROHTAS,KARGAHAR,2018-06-17T08:24:43Z
KHARIF,AGRICULTURE,Others,Others,Weather,"WEATHER INFORMATION","Cloudy weather in your area, but no chance of rain in your area .",BIHAR,ROHTAS,KARGAHAR,2018-06-17T08:24:43Z
KHARIF,AGRICULTURE,Cereals,"Paddy (Dhan)",Weather,"WEATHER INFORMATION","???? ???  ?????, ????? ????? ???? ?? ??????? ??",BIHAR,ROHTAS,KOCHAS,2018-06-17T12:52:22Z
KHARIF,AGRICULTURE,Cereals,"Paddy (Dhan)",Weather,"WEATHER INFORMATION","???? ???  ?????, ????? ????? ???? ?? ??????? ??",BIHAR,ROHTAS,KOCHAS,2018-06-17T12:52:22Z
KHARIF,AGRICULTURE,Others,Others,Weather,"WEATHER INFORMATION","Cloudy weather in your area but no chance of rain in your area",BIHAR,ROHTAS,AKHORIGOLA,2018-06-17T16:04:10Z
KHARIF,AGRICULTURE,Others,Others,Weather,"WEATHER INFORMATION","Cloudy weather in your area but no chance of rain in your area",BIHAR,ROHTAS,AKHORIGOLA,2018-06-17T16:04:10Z
KHARIF,AGRICULTURE,Others,Others,Weather,"WEATHER INFORMATION","Cloudy weather in your area but no chance of rain in your area",BIHAR,ROHTAS,AKHORIGOLA,2018-06-17T16:04:30Z
KHARIF,AGRICULTURE,Others,Others,Weather,"WEATHER INFORMATION","Cloudy weather in your area but no chance of rain in your area",BIHAR,ROHTAS,AKHORIGOLA,2018-06-17T16:04:30Z
KHARIF,AGRICULTURE,Others,Others,Weather,"WEATHER INFORMATION","Cloudy weather in your area but no chance of rain in your area",BIHAR,ROHTAS,AKHORIGOLA,2018-06-17T16:04:51Z
KHARIF,AGRICULTURE,Others,Others,Weather,"WEATHER INFORMATION","Cloudy weather in your area but no chance of rain in your area",BIHAR,ROHTAS,AKHORIGOLA,2018-06-17T16:04:51Z
KHARIF,AGRICULTURE,Others,Others,Weather,"WEATHER INFORMATION","Cloudy weather in your area but no chance of rain in your area",BIHAR,ROHTAS,AKHORIGOLA,2018-06-17T16:05:13Z
KHARIF,AGRICULTURE,Others,Others,Weather,"WEATHER INFORMATION","Cloudy weather in your area but no chance of rain in your area",BIHAR,ROHTAS,AKHORIGOLA,2018-06-17T16:05:13Z
KHARIF,AGRICULTURE,Cereals,Wheat,Weather,"Weather information","?? ?? ?? ???? ??????? ??? ????? ?? ???????  ??? ??",BIHAR,ROHTAS,KARGAHAR,2018-06-18T06:37:57Z
KHARIF,AGRICULTURE,Cereals,Wheat,Weather,"Weather information","?? ?? ?? ???? ??????? ??? ????? ?? ???????  ??? ??",BIHAR,ROHTAS,KARGAHAR,2018-06-18T06:37:57Z
KHARIF,AGRICULTURE,Others,Others,Weather,"Weather information","no chance of rain in your area.",BIHAR,ROHTAS,TILOUTHU,2018-06-18T07:09:10Z
KHARIF,AGRICULTURE,Others,Others,Weather,"Weather information","no chance of rain in your area.",BIHAR,ROHTAS,TILOUTHU,2018-06-18T07:09:10Z
KHARIF,AGRICULTURE,Others,Others,"Field Preparation","Yellowing of leaf /Rotting problem","Spray copper oxycloride @ 2 gram in 1 litter of water",BIHAR,ROHTAS,DINARA,2018-06-18T19:15:00Z
KHARIF,AGRICULTURE,Others,Others,"Field Preparation","Yellowing of leaf /Rotting problem","Spray copper oxycloride @ 2 gram in 1 litter of water",BIHAR,ROHTAS,DINARA,2018-06-18T19:15:00Z
KHARIF,AGRICULTURE,Others,Others,"Field Preparation","WEATHER INFORMATION","Cloudy weather in your area, no  chance of rain in your area",BIHAR,ROHTAS,DINARA,2018-06-19T11:27:13Z
KHARIF,AGRICULTURE,Others,Others,"Field Preparation","WEATHER INFORMATION","Cloudy weather in your area, no  chance of rain in your area",BIHAR,ROHTAS,DINARA,2018-06-19T11:27:13Z
KHARIF,AGRICULTURE,Others,Others,Weather,"WEATHER INFORMATION","Cloudy weather in your area, but no chance of rain in your area .",BIHAR,ROHTAS,NOKHA,2018-06-19T11:59:57Z
KHARIF,AGRICULTURE,Others,Others,Weather,"WEATHER INFORMATION","Cloudy weather in your area, but no chance of rain in your area .",BIHAR,ROHTAS,NOKHA,2018-06-19T11:59:57Z
KHARIF,AGRICULTURE,Others,Others,"Field Preparation","WEATHER INFORMATION","Cloudy weather in your area, no  chance of rain in your area",BIHAR,ROHTAS,NOKHA,2018-06-19T12:40:57Z
KHARIF,AGRICULTURE,Others,Others,"Field Preparation","WEATHER INFORMATION","Cloudy weather in your area, no  chance of rain in your area",BIHAR,ROHTAS,NOKHA,2018-06-19T12:40:57Z
KHARIF,HORTICULTURE,Vegetables,Brinjal,"Plant Protection","FRUIT BORER IN BRINJAL","SPRAY ROGOR 2ML/LIT OF WATER IN BRINJAL",BIHAR,ROHTAS,RAJPUR,2018-06-19T15:51:36Z
KHARIF,HORTICULTURE,Vegetables,Brinjal,"Plant Protection","FRUIT BORER IN BRINJAL","SPRAY ROGOR 2ML/LIT OF WATER IN BRINJAL",BIHAR,ROHTAS,RAJPUR,2018-06-19T15:51:36Z
KHARIF,AGRICULTURE,Others,Others,Weather,"WEATHER INFORMATION","Cloudy weather in your area, no  chance of rain in your area",BIHAR,ROHTAS,KOCHAS,2018-06-20T07:05:43Z
KHARIF,AGRICULTURE,Others,Others,Weather,"WEATHER INFORMATION","Cloudy weather in your area, no  chance of rain in your area",BIHAR,ROHTAS,KOCHAS,2018-06-20T07:05:43Z
KHARIF,AGRICULTURE,Others,Others,Weather,"WEATHER INFORMATION","Cloudy weather in your area, no  chance of rain in your area",BIHAR,ROHTAS,KOCHAS,2018-06-20T07:08:35Z
KHARIF,AGRICULTURE,Others,Others,Weather,"WEATHER INFORMATION","Cloudy weather in your area, no  chance of rain in your area",BIHAR,ROHTAS,KOCHAS,2018-06-20T07:08:35Z
KHARIF,AGRICULTURE,Others,Others,Weather,"weather information","Cloudy weather,rain is not likely in your area.",BIHAR,ROHTAS,CHENARI,2018-06-20T12:32:29Z
KHARIF,AGRICULTURE,Others,Others,Weather,"weather information","Cloudy weather,rain is not likely in your area.",BIHAR,ROHTAS,CHENARI,2018-06-20T12:32:29Z
KHARIF,AGRICULTURE,Others,Others,Weather,"Weather information","Cloudy weather,  chance of rain",BIHAR,ROHTAS,DAWATH,2018-06-20T13:31:45Z
KHARIF,AGRICULTURE,Others,Others,Weather,"Weather information","Cloudy weather,  chance of rain",BIHAR,ROHTAS,DAWATH,2018-06-20T13:31:45Z
JAYAD,AGRICULTURE,Others,Others,Weather,weather,"no rain",BIHAR,ROHTAS,RAJPUR,2018-06-20T16:11:20Z
JAYAD,AGRICULTURE,Others,Others,Weather,weather,"no rain",BIHAR,ROHTAS,RAJPUR,2018-06-20T16:11:20Z
KHARIF,AGRICULTURE,Cereals,"Paddy (Dhan)",Weather,"Weather information","????? ?? ????? ???? ??? ?????? ? ???? ?????????? ?? ??????? ??",BIHAR,ROHTAS,NAWHATTA,2018-06-20T17:33:10Z
KHARIF,AGRICULTURE,Cereals,"Paddy (Dhan)",Weather,"Weather information","????? ?? ????? ???? ??? ?????? ? ???? ?????????? ?? ??????? ??",BIHAR,ROHTAS,NAWHATTA,2018-06-20T17:33:10Z
KHARIF,AGRICULTURE,Others,Others,"Field Preparation","pest attack on bhidi","boomflower@2 ml/lit water spray",BIHAR,ROHTAS,NAWHATTA,2018-06-20T17:37:26Z
KHARIF,AGRICULTURE,Others,Others,"Field Preparation","pest attack on bhidi","boomflower@2 ml/lit water spray",BIHAR,ROHTAS,NAWHATTA,2018-06-20T17:37:26Z
KHARIF,HORTICULTURE,Vegetables,Bhindi(Okra/Ladysfinger),"Seeds and Planting Material","VARIETIES OF BHINDI","VARIETIES ARE PABHANI KRANTI,ARAKKA ABHAY,PANJAB-7 FOR BHINDI",BIHAR,ROHTAS,RAJPUR,2018-06-20T18:31:26Z
KHARIF,HORTICULTURE,Vegetables,Bhindi(Okra/Ladysfinger),"Seeds and Planting Material","VARIETIES OF BHINDI","VARIETIES ARE PABHANI KRANTI,ARAKKA ABHAY,PANJAB-7 FOR BHINDI",BIHAR,ROHTAS,RAJPUR,2018-06-20T18:31:26Z
KHARIF,AGRICULTURE,Others,Others,"Field Preparation","Weather information","Cloudy weather no  chance of rain in your area.",BIHAR,ROHTAS,KARAKAT,2018-06-20T20:20:42Z
KHARIF,AGRICULTURE,Others,Others,"Field Preparation","Weather information","Cloudy weather no  chance of rain in your area.",BIHAR,ROHTAS,KARAKAT,2018-06-20T20:20:42Z
KHARIF,AGRICULTURE,Others,Others,"Field Preparation","Weather information","Cloudy weather no  chance of rain in your area.",BIHAR,ROHTAS,NAWHATTA,2018-06-20T21:31:13Z
KHARIF,AGRICULTURE,Others,Others,"Field Preparation","Weather information","Cloudy weather no  chance of rain in your area.",BIHAR,ROHTAS,NAWHATTA,2018-06-20T21:31:13Z
KHARIF,AGRICULTURE,Others,Others,Weather,"weather information","Cloudy weather,rain is not likely in your area.",BIHAR,ROHTAS,SASARAM,2018-06-21T11:27:06Z
KHARIF,AGRICULTURE,Others,Others,Weather,"weather information","Cloudy weather,rain is not likely in your area.",BIHAR,ROHTAS,SASARAM,2018-06-21T11:27:06Z
RABI,HORTICULTURE,Vegetables,Chillies,"Plant Protection","Bacterial leaf spot","•Spraying with streptomycin should not be done after fruits begin to form.",BIHAR,ROHTAS,DINARA,2018-06-21T12:14:52Z
RABI,HORTICULTURE,Vegetables,Chillies,"Plant Protection","Bacterial leaf spot","•Spraying with streptomycin should not be done after fruits begin to form.",BIHAR,ROHTAS,DINARA,2018-06-21T12:14:52Z
KHARIF,AGRICULTURE,Others,Others,Weather,"Weather Information","Cloudy weather in your area, but no chance of  rain in your area.",BIHAR,ROHTAS,DINARA,2018-06-21T14:35:28Z
KHARIF,AGRICULTURE,Others,Others,Weather,"Weather Information","Cloudy weather in your area, but no chance of  rain in your area.",BIHAR,ROHTAS,DINARA,2018-06-21T14:35:28Z
KHARIF,AGRICULTURE,Others,Others,Weather,"Weather Information","Cloudy weather in your area, but no chance of  rain in your area.",BIHAR,ROHTAS,NOKHA,2018-06-21T17:23:38Z
KHARIF,AGRICULTURE,Others,Others,Weather,"Weather Information","Cloudy weather in your area, but no chance of  rain in your area.",BIHAR,ROHTAS,NOKHA,2018-06-21T17:23:38Z
KHARIF,AGRICULTURE,Others,Others,Weather,"Weather Information","Cloudy weather in your area, but no chance of  rain in your area.",BIHAR,ROHTAS,NOKHA,2018-06-21T17:23:51Z
KHARIF,AGRICULTURE,Others,Others,Weather,"Weather Information","Cloudy weather in your area, but no chance of  rain in your area.",BIHAR,ROHTAS,NOKHA,2018-06-21T17:23:51Z
KHARIF,AGRICULTURE,Cereals,"Paddy (Dhan)",Weather,"Weather information","???? ??? ?????? ,????? ???? ?? ???????  ????",BIHAR,ROHTAS,KARGAHAR,2018-06-21T18:22:10Z
KHARIF,AGRICULTURE,Cereals,"Paddy (Dhan)",Weather,"Weather information","???? ??? ?????? ,????? ???? ?? ???????  ????",BIHAR,ROHTAS,KARGAHAR,2018-06-21T18:22:10Z
KHARIF,AGRICULTURE,Others,Others,Weather,"Weather Information","Cloudy weather in your area, but no chance of  rain in your area.",BIHAR,ROHTAS,RAJPUR,2018-06-21T20:02:09Z
KHARIF,AGRICULTURE,Others,Others,Weather,"Weather Information","Cloudy weather in your area, but no chance of  rain in your area.",BIHAR,ROHTAS,RAJPUR,2018-06-21T20:02:09Z
KHARIF,AGRICULTURE,Others,Others,Weather,"Weather Information","Cloudy weather in your area, but no chance of  rain in your area.",BIHAR,ROHTAS,KARAKAT,2018-06-21T21:03:41Z
KHARIF,AGRICULTURE,Others,Others,Weather,"Weather Information","Cloudy weather in your area, but no chance of  rain in your area.",BIHAR,ROHTAS,KARAKAT,2018-06-21T21:03:41Z
KHARIF,AGRICULTURE,Others,Others,Weather,"Weather Information","Cloudy weather in your area, but no chance of  rain in your area.",BIHAR,ROHTAS,SHEOSAGAR,2018-06-21T21:26:27Z
KHARIF,AGRICULTURE,Others,Others,Weather,"Weather Information","Cloudy weather in your area, but no chance of  rain in your area.",BIHAR,ROHTAS,SHEOSAGAR,2018-06-21T21:26:27Z
KHARIF,AGRICULTURE,Cereals,"Paddy (Dhan)",Varieties,"Good variety of paddy for upper land-","Good variety of paddy for upper land-
 turanta, prabhat,richariya, and saroj",BIHAR,ROHTAS,KOCHAS,2018-06-22T09:12:40Z
KHARIF,AGRICULTURE,Cereals,"Paddy (Dhan)",Varieties,"Good variety of paddy for upper land-","Good variety of paddy for upper land-
 turanta, prabhat,richariya, and saroj",BIHAR,ROHTAS,KOCHAS,2018-06-22T09:12:40Z
KHARIF,AGRICULTURE,Cereals,"Paddy (Dhan)",Varieties,"WEATHER INFORMATION","Cloudy weather in your area, chance of rain in your area",BIHAR,ROHTAS,KOCHAS,2018-06-22T11:33:24Z
KHARIF,AGRICULTURE,Cereals,"Paddy (Dhan)",Varieties,"WEATHER INFORMATION","Cloudy weather in your area, chance of rain in your area",BIHAR,ROHTAS,KOCHAS,2018-06-22T11:33:24Z
KHARIF,AGRICULTURE,Others,Others,Weather,"weather information","Cloudy weather,rain is not likely in your area.",BIHAR,ROHTAS,DEHRI,2018-06-22T11:45:00Z
KHARIF,AGRICULTURE,Others,Others,Weather,"weather information","Cloudy weather,rain is not likely in your area.",BIHAR,ROHTAS,DEHRI,2018-06-22T11:45:00Z
KHARIF,AGRICULTURE,Others,Others,Weather,"WEATHER INFORMATION","today and tomarrow chance of rain in your area",BIHAR,ROHTAS,TILOUTHU,2018-06-23T09:42:26Z
KHARIF,AGRICULTURE,Others,Others,Weather,"WEATHER INFORMATION","today and tomarrow chance of rain in your area",BIHAR,ROHTAS,TILOUTHU,2018-06-23T09:42:26Z
KHARIF,AGRICULTURE,Others,Others,Weather,"WEATHER INFORMATION","today and tomarrow chance of rain in your area",BIHAR,ROHTAS,TILOUTHU,2018-06-23T09:44:53Z
KHARIF,AGRICULTURE,Others,Others,Weather,"WEATHER INFORMATION","today and tomarrow chance of rain in your area",BIHAR,ROHTAS,TILOUTHU,2018-06-23T09:44:53Z
KHARIF,AGRICULTURE,Others,Others,Weather,"WEATHER INFORMATION","Heavy Cloudy weather in your area,chance of rain in your area",BIHAR,ROHTAS,RAJPUR,2018-06-23T16:30:42Z
KHARIF,AGRICULTURE,Others,Others,Weather,"WEATHER INFORMATION","Heavy Cloudy weather in your area,chance of rain in your area",BIHAR,ROHTAS,RAJPUR,2018-06-23T16:30:42Z
KHARIF,AGRICULTURE,Others,Others,Weather,"WEATHER INFORMATION","Heavy Cloudy weather in your area,chance of rain in your area",BIHAR,ROHTAS,RAJPUR,2018-06-23T16:30:58Z
KHARIF,AGRICULTURE,Others,Others,Weather,"WEATHER INFORMATION","Heavy Cloudy weather in your area,chance of rain in your area",BIHAR,ROHTAS,RAJPUR,2018-06-23T16:30:58Z
KHARIF,AGRICULTURE,Others,Others,Weather,"WEATHER INFORMATION","Heavy Cloudy weather in your area,chance of rain in your area",BIHAR,ROHTAS,RAJPUR,2018-06-23T16:31:15Z
KHARIF,AGRICULTURE,Others,Others,Weather,"WEATHER INFORMATION","Heavy Cloudy weather in your area,chance of rain in your area",BIHAR,ROHTAS,RAJPUR,2018-06-23T16:31:15Z
KHARIF,AGRICULTURE,Others,Others,Weather,"WEATHER INFORMATION","today and tomarrow chance of rain in your area",BIHAR,ROHTAS,SHEOSAGAR,2018-06-24T06:48:50Z
KHARIF,AGRICULTURE,Others,Others,Weather,"WEATHER INFORMATION","today and tomarrow chance of rain in your area",BIHAR,ROHTAS,SHEOSAGAR,2018-06-24T06:48:50Z
KHARIF,AGRICULTURE,Others,Others,"Plant Protection","plant protection","Spray saaf @2gm /lit of water",BIHAR,ROHTAS,DEHRI,2018-06-24T10:26:38Z
KHARIF,AGRICULTURE,Others,Others,"Plant Protection","plant protection","Spray saaf @2gm /lit of water",BIHAR,ROHTAS,DEHRI,2018-06-24T10:26:38Z
KHARIF,AGRICULTURE,Others,Others,Weather,"WEATHER INFORMATION","today and tomarrow chance of rain in your area",BIHAR,ROHTAS,AKHORIGOLA,2018-06-24T11:03:23Z
KHARIF,AGRICULTURE,Others,Others,Weather,"WEATHER INFORMATION","today and tomarrow chance of rain in your area",BIHAR,ROHTAS,AKHORIGOLA,2018-06-24T11:03:23Z
KHARIF,AGRICULTURE,Others,Others,Weather,"WEATHER INFORMATION","today and tomarrow chance of rain in your area",BIHAR,ROHTAS,DINARA,2018-06-24T11:30:38Z
KHARIF,AGRICULTURE,Others,Others,Weather,"WEATHER INFORMATION","today and tomarrow chance of rain in your area",BIHAR,ROHTAS,DINARA,2018-06-24T11:30:38Z
KHARIF,HORTICULTURE,Vegetables,Brinjal,"Plant Protection","fruit borer in brinjal","spray rogor 2ml/lit of water in brinjal",BIHAR,ROHTAS,RAJPUR,2018-06-24T15:59:50Z
KHARIF,HORTICULTURE,Vegetables,Brinjal,"Plant Protection","fruit borer in brinjal","spray rogor 2ml/lit of water in brinjal",BIHAR,ROHTAS,RAJPUR,2018-06-24T15:59:50Z
KHARIF,AGRICULTURE,Others,Others,"Field Preparation","Weather information","Cloudy weather today and  tomorrow little chance of rain in your area.",BIHAR,ROHTAS,RAJPUR,2018-06-25T08:27:27Z
KHARIF,AGRICULTURE,Others,Others,"Field Preparation","Weather information","Cloudy weather today and  tomorrow little chance of rain in your area.",BIHAR,ROHTAS,RAJPUR,2018-06-25T08:27:27Z
KHARIF,AGRICULTURE,Others,Others,"Field Preparation","Weather information","Cloudy weather   tomorrow little chance of rain in your area.",BIHAR,ROHTAS,KARAKAT,2018-06-25T09:34:34Z
KHARIF,AGRICULTURE,Others,Others,"Field Preparation","Weather information","Cloudy weather   tomorrow little chance of rain in your area.",BIHAR,ROHTAS,KARAKAT,2018-06-25T09:34:34Z
KHARIF,AGRICULTURE,Others,Others,"Field Preparation","Weather information","Cloudy weather   tomorrow little chance of rain in your area.",BIHAR,ROHTAS,KARAKAT,2018-06-25T09:50:47Z
KHARIF,AGRICULTURE,Others,Others,"Field Preparation","Weather information","Cloudy weather   tomorrow little chance of rain in your area.",BIHAR,ROHTAS,KARAKAT,2018-06-25T09:50:47Z
RABI,AGRICULTURE,Others,Others,Weather,"weather information","35° C 
RealFeel® 39°

Hazy sunshine
  


See Hourly

> 




Today

Jun 25



38° Hi 
RealFeel® 43°

High clouds; very warm
 More  



Tonight

Jun 25



27° Lo 
RealFeel® 32°

Partly cloudy
 More  



Tomorrow

Jun 26



36° Hi 
RealFeel® 41°

Cloudy, a t-storm in the p.m.",BIHAR,ROHTAS,TILOUTHU,2018-06-25T10:21:30Z
RABI,AGRICULTURE,Others,Others,Weather,"weather information","35° C 
RealFeel® 39°

Hazy sunshine
  


See Hourly

> 




Today

Jun 25



38° Hi 
RealFeel® 43°

High clouds; very warm
 More  



Tonight

Jun 25



27° Lo 
RealFeel® 32°

Partly cloudy
 More  



Tomorrow

Jun 26



36° Hi 
RealFeel® 41°

Cloudy, a t-storm in the p.m.",BIHAR,ROHTAS,TILOUTHU,2018-06-25T10:21:30Z
JAYAD,HORTICULTURE,Fruits,Mango,"Plant Protection","MANGO 2YEAR PLANT--","COMPOST-25KG+N: P: K-500GM+300GM+500GM+THIMATE-10GM.",BIHAR,ROHTAS,SHEOSAGAR,2018-06-25T15:59:03Z
JAYAD,HORTICULTURE,Fruits,Mango,"Plant Protection","MANGO 2YEAR PLANT--","COMPOST-25KG+N: P: K-500GM+300GM+500GM+THIMATE-10GM.",BIHAR,ROHTAS,SHEOSAGAR,2018-06-25T15:59:03Z
KHARIF,AGRICULTURE,Others,Others,"Weed Management","WEED INFESTATION IN FALLOW LAND","SPRAY GLYPHOSATE @ 2 ML PER LITRE OF WATER IN FALLOW LAND",BIHAR,ROHTAS,KOCHAS,2018-06-26T06:37:34Z
KHARIF,AGRICULTURE,Others,Others,"Weed Management","WEED INFESTATION IN FALLOW LAND","SPRAY GLYPHOSATE @ 2 ML PER LITRE OF WATER IN FALLOW LAND",BIHAR,ROHTAS,KOCHAS,2018-06-26T06:37:34Z
KHARIF,AGRICULTURE,Cereals,"Paddy (Dhan)","Weed Management","WEED MANAGEMENT IN PADDY","APPLY BUTACHLOR OR PRETILACLOR @ 1.5 KG PER HECTARE MIXED WITH 50 KG OF DRY SAND WITHIN 3 DAYS OF TRANSPLANTING",BIHAR,ROHTAS,KOCHAS,2018-06-26T13:08:36Z
KHARIF,AGRICULTURE,Cereals,"Paddy (Dhan)","Weed Management","WEED MANAGEMENT IN PADDY","APPLY BUTACHLOR OR PRETILACLOR @ 1.5 KG PER HECTARE MIXED WITH 50 KG OF DRY SAND WITHIN 3 DAYS OF TRANSPLANTING",BIHAR,ROHTAS,KOCHAS,2018-06-26T13:08:36Z
RABI,AGRICULTURE,Others,Others,Weather,"weather information","27° C 
RealFeel® 32°

Cloudy
  


See Hourly

> 




Today

Jun 27



34° Hi 
RealFeel® 40°

Mostly cloudy, a thunderstorm
 More  



Tonight

Jun 27



27° Lo 
RealFeel® 31°

Overcast, a t-storm; warm
 More  



Tomorrow

Jun 28



34° Hi 
RealFeel® 39°

A thunderstorm in the area",BIHAR,ROHTAS,KARGAHAR,2018-06-27T06:48:33Z
RABI,AGRICULTURE,Others,Others,Weather,"weather information","27° C 
RealFeel® 32°

Cloudy
  


See Hourly

> 




Today

Jun 27



34° Hi 
RealFeel® 40°

Mostly cloudy, a thunderstorm
 More  



Tonight

Jun 27



27° Lo 
RealFeel® 31°

Overcast, a t-storm; warm
 More  



Tomorrow

Jun 28



34° Hi 
RealFeel® 39°

A thunderstorm in the area",BIHAR,ROHTAS,KARGAHAR,2018-06-27T06:48:33Z
KHARIF,AGRICULTURE,Others,Others,Weather,"weather information","Cloudy weather,rain is likely in your area.",BIHAR,ROHTAS,KARGAHAR,2018-06-27T07:59:41Z
KHARIF,AGRICULTURE,Others,Others,Weather,"weather information","Cloudy weather,rain is likely in your area.",BIHAR,ROHTAS,KARGAHAR,2018-06-27T07:59:41Z
KHARIF,AGRICULTURE,Others,Others,Weather,"weather information","Cloudy weather in your area, chance of rain in your area.",BIHAR,ROHTAS,DINARA,2018-06-27T12:32:07Z
KHARIF,AGRICULTURE,Others,Others,Weather,"weather information","Cloudy weather in your area, chance of rain in your area.",BIHAR,ROHTAS,DINARA,2018-06-27T12:32:07Z
KHARIF,AGRICULTURE,Others,Others,Weather,"Weather information","Cloudy weather, rain likely.",BIHAR,ROHTAS,RAJPUR,2018-06-27T17:00:18Z
KHARIF,AGRICULTURE,Others,Others,Weather,"Weather information","Cloudy weather, rain likely.",BIHAR,ROHTAS,RAJPUR,2018-06-27T17:00:18Z
KHARIF,AGRICULTURE,Others,Others,Weather,"Weather information","Cloudy weather, rain likely.",BIHAR,ROHTAS,NOKHA,2018-06-27T18:54:17Z
KHARIF,AGRICULTURE,Others,Others,Weather,"Weather information","Cloudy weather, rain likely.",BIHAR,ROHTAS,NOKHA,2018-06-27T18:54:17Z
KHARIF,AGRICULTURE,Others,Others,Varieties,"variety of paddy","variety of paddy
Satyam, kishori, sakuntkla, rajendra mansuri",BIHAR,ROHTAS,NOKHA,2018-06-27T20:41:12Z
KHARIF,AGRICULTURE,Others,Others,Varieties,"variety of paddy","variety of paddy
Satyam, kishori, sakuntkla, rajendra mansuri",BIHAR,ROHTAS,NOKHA,2018-06-27T20:41:12Z
KHARIF,AGRICULTURE,Cereals,"Paddy (Dhan)",Weather,"Weather Information","?? ?? ??????? ??? ?? ?? ?? ???? ??? ????? ?? ????? ???? ?? ???????? ??",BIHAR,ROHTAS,RAJPUR,2018-06-28T10:01:59Z
KHARIF,AGRICULTURE,Cereals,"Paddy (Dhan)",Weather,"Weather Information","?? ?? ??????? ??? ?? ?? ?? ???? ??? ????? ?? ????? ???? ?? ???????? ??",BIHAR,ROHTAS,RAJPUR,2018-06-28T10:01:59Z
KHARIF,AGRICULTURE,Others,Others,Weather,"Weather Information","Cloudy weather  today and tomorrow  no chance of  rain",BIHAR,ROHTAS,KOCHAS,2018-06-28T13:17:22Z
KHARIF,AGRICULTURE,Others,Others,Weather,"Weather Information","Cloudy weather  today and tomorrow  no chance of  rain",BIHAR,ROHTAS,KOCHAS,2018-06-28T13:17:22Z
KHARIF,AGRICULTURE,Others,Others,"Field Preparation","For farmer registration","For farmer registration: www.krishimis.in",BIHAR,ROHTAS,DAWATH,2018-06-28T19:36:49Z
KHARIF,AGRICULTURE,Others,Others,"Field Preparation","For farmer registration","For farmer registration: www.krishimis.in",BIHAR,ROHTAS,DAWATH,2018-06-28T19:36:49Z
KHARIF,AGRICULTURE,Others,Others,Weather,"WEATHER INFORMATION","Cloudy weather in your area, chance of rain in your area",BIHAR,ROHTAS,KARAKAT,2018-06-30T10:48:00Z
KHARIF,AGRICULTURE,Others,Others,Weather,"WEATHER INFORMATION","Cloudy weather in your area, chance of rain in your area",BIHAR,ROHTAS,KARAKAT,2018-06-30T10:48:00Z
KHARIF,AGRICULTURE,Others,Others,Weather,"WEATHER INFORMATION","Cloudy weather in your area, chance of rain in your area",BIHAR,ROHTAS,DINARA,2018-06-30T10:56:30Z
KHARIF,AGRICULTURE,Others,Others,Weather,"WEATHER INFORMATION","Cloudy weather in your area, chance of rain in your area",BIHAR,ROHTAS,DINARA,2018-06-30T10:56:30Z
KHARIF,AGRICULTURE,Cereals,"Paddy (Dhan)",Weather,"WEATHER INFORMATION","???? ???  ?????, ????? ????? ???? ?? ??????? ??",BIHAR,ROHTAS,KARAKAT,2018-06-30T11:44:22Z
KHARIF,AGRICULTURE,Cereals,"Paddy (Dhan)",Weather,"WEATHER INFORMATION","???? ???  ?????, ????? ????? ???? ?? ??????? ??",BIHAR,ROHTAS,KARAKAT,2018-06-30T11:44:22Z
KHARIF,AGRICULTURE,Others,Others,Weather,"WEATHER INFORMATION","Cloudy weather in your area, chance of rain in your area",BIHAR,ROHTAS,DINARA,2018-06-30T14:59:21Z
KHARIF,AGRICULTURE,Others,Others,Weather,"WEATHER INFORMATION","Cloudy weather in your area, chance of rain in your area",BIHAR,ROHTAS,DINARA,2018-06-30T14:59:21Z
KHARIF,AGRICULTURE,Others,Others,Weather,"WEATHER INFORMATION","Heavy Cloudy weather in your area,chance of rain in your area",BIHAR,ROHTAS,KARGAHAR,2018-06-30T16:43:51Z
KHARIF,AGRICULTURE,Others,Others,Weather,"WEATHER INFORMATION","Heavy Cloudy weather in your area,chance of rain in your area",BIHAR,ROHTAS,KARGAHAR,2018-06-30T16:43:51Z
KHARIF,AGRICULTURE,Others,Others,Weather,"WEATHER INFORMATION","Heavy Cloudy weather in your area,chance of rain in your area",BIHAR,ROHTAS,KARGAHAR,2018-06-30T16:46:20Z
KHARIF,AGRICULTURE,Others,Others,Weather,"WEATHER INFORMATION","Heavy Cloudy weather in your area,chance of rain in your area",BIHAR,ROHTAS,KARGAHAR,2018-06-30T16:46:20Z
