"Country/State/UT Name","District Name","Caste Category",Total/Rural/Urban,"Marital Status","Present Age","Total Ever/Currently Married Women","Ever/Currently Married Women of Parity - 0","Ever/Currently Married Women of Parity - 1","Ever/Currently Married Women of Parity - 2","Ever/Currently Married Women of Parity - 3","Ever/Currently Married Women of Parity - 4","Ever/Currently Married Women of Parity - 5+","Total Children Ever Born - Persons","Total Children Ever Born - Males","Total Children Ever Born - Females"
Bihar,Munger,"All Scheduled Castes",Rural,"Ever Married","All ages",129173,32311,16169,18710,17477,16720,27621,348435,188323,160112
Bihar,Munger,"All Scheduled Castes",Rural,"Ever Married","Less than 15",4766,4462,97,156,0,0,0,409,212,197
Bihar,Munger,"All Scheduled Castes",Rural,"Ever Married",15-19,14891,10908,2658,912,177,194,0,5789,2980,2809
Bihar,Munger,"All Scheduled Castes",Rural,"Ever Married",20-24,18198,6126,4462,4156,1945,964,535,25704,13217,12487
Bihar,Munger,"All Scheduled Castes",Rural,"Ever Married",25-29,17238,2816,2580,3880,3564,2540,1858,42413,22596,19817
Bihar,Munger,"All Scheduled Castes",Rural,"Ever Married",30-34,16738,1912,1451,2615,3246,3270,4234,55153,28654,26499
Bihar,Munger,"All Scheduled Castes",Rural,"Ever Married",35-39,13174,1172,745,1761,2309,2653,4524,49710,26545,23165
Bihar,Munger,"All Scheduled Castes",Rural,"Ever Married",40-44,10761,960,791,1110,1534,1970,4385,43257,23797,19460
Bihar,Munger,"All Scheduled Castes",Rural,"Ever Married",45-49,9466,993,777,1008,1340,1632,3695,37824,20400,17424
Bihar,Munger,"All Scheduled Castes",Rural,"Ever Married",50-54,6783,612,619,927,1043,1026,2556,26237,14720,11517
Bihar,Munger,"All Scheduled Castes",Rural,"Ever Married",55-59,5445,600,474,734,767,737,2133,21351,12152,9199
Bihar,Munger,"All Scheduled Castes",Rural,"Ever Married",60-64,5751,803,821,752,738,849,1788,19609,11219,8390
Bihar,Munger,"All Scheduled Castes",Rural,"Ever Married",65-69,2821,314,243,305,396,467,1096,11112,6050,5062
Bihar,Munger,"All Scheduled Castes",Rural,"Ever Married",70-74,1431,181,269,203,205,217,356,4411,2533,1878
Bihar,Munger,"All Scheduled Castes",Rural,"Ever Married",75-79,572,111,53,31,60,93,214,2244,1316,928
Bihar,Munger,"All Scheduled Castes",Rural,"Ever Married","80 +",887,235,115,124,134,97,182,2554,1532,1022
Bihar,Munger,"All Scheduled Castes",Rural,"Currently Married","All ages",120617,30947,14699,17485,16287,15626,25408,321861,173675,148186
Bihar,Munger,"All Scheduled Castes",Rural,"Currently Married","Less than 15",4754,4460,97,146,0,0,0,389,202,187
Bihar,Munger,"All Scheduled Castes",Rural,"Currently Married",15-19,14812,10850,2637,912,177,194,0,5768,2959,2809
Bihar,Munger,"All Scheduled Castes",Rural,"Currently Married",20-24,18037,6033,4428,4156,1944,942,524,25524,13117,12407
Bihar,Munger,"All Scheduled Castes",Rural,"Currently Married",25-29,17112,2774,2549,3855,3557,2538,1839,42208,22485,19723
Bihar,Munger,"All Scheduled Castes",Rural,"Currently Married",30-34,16471,1857,1413,2522,3226,3229,4214,54485,28236,26249
Bihar,Munger,"All Scheduled Castes",Rural,"Currently Married",35-39,12917,1152,711,1722,2234,2617,4471,48907,26111,22796
Bihar,Munger,"All Scheduled Castes",Rural,"Currently Married",40-44,10195,852,682,1026,1470,1867,4287,41796,23064,18732
Bihar,Munger,"All Scheduled Castes",Rural,"Currently Married",45-49,8906,944,680,880,1244,1585,3552,36043,19345,16698
Bihar,Munger,"All Scheduled Castes",Rural,"Currently Married",50-54,5598,445,445,705,859,905,2239,22311,12689,9622
Bihar,Munger,"All Scheduled Castes",Rural,"Currently Married",55-59,4943,499,383,686,698,705,1972,19737,11118,8619
Bihar,Munger,"All Scheduled Castes",Rural,"Currently Married",60-64,3410,451,360,475,441,535,1148,12365,7102,5263
Bihar,Munger,"All Scheduled Castes",Rural,"Currently Married",65-69,1749,192,131,172,253,272,729,7104,4063,3041
Bihar,Munger,"All Scheduled Castes",Rural,"Currently Married",70-74,682,97,84,121,101,116,163,2237,1345,892
Bihar,Munger,"All Scheduled Castes",Rural,"Currently Married",75-79,340,51,21,21,40,63,134,1362,796,566
Bihar,Munger,"All Scheduled Castes",Rural,"Currently Married","80 +",444,184,64,54,24,47,71,975,647,328
Bihar,Munger,"All Scheduled Castes",Urban,"Ever Married","All ages",15252,3401,1948,2103,2139,1988,3673,44160,23666,20494
Bihar,Munger,"All Scheduled Castes",Urban,"Ever Married","Less than 15",228,217,1,10,0,0,0,21,11,10
Bihar,Munger,"All Scheduled Castes",Urban,"Ever Married",15-19,1570,1003,441,92,27,7,0,734,342,392
Bihar,Munger,"All Scheduled Castes",Urban,"Ever Married",20-24,2432,773,551,576,284,138,110,3741,2099,1642
Bihar,Munger,"All Scheduled Castes",Urban,"Ever Married",25-29,2274,367,340,444,503,334,286,5896,3002,2894
Bihar,Munger,"All Scheduled Castes",Urban,"Ever Married",30-34,2109,238,103,286,397,431,654,7576,3898,3678
Bihar,Munger,"All Scheduled Castes",Urban,"Ever Married",35-39,1585,188,48,180,232,346,591,6083,3296,2787
Bihar,Munger,"All Scheduled Castes",Urban,"Ever Married",40-44,1292,85,90,154,145,250,568,5509,3140,2369
Bihar,Munger,"All Scheduled Castes",Urban,"Ever Married",45-49,900,142,54,82,206,83,333,3275,1819,1456
Bihar,Munger,"All Scheduled Castes",Urban,"Ever Married",50-54,896,91,124,69,112,152,348,3682,1995,1687
Bihar,Munger,"All Scheduled Castes",Urban,"Ever Married",55-59,575,96,63,63,48,96,209,2251,1284,967
Bihar,Munger,"All Scheduled Castes",Urban,"Ever Married",60-64,584,94,47,41,81,47,274,2315,1287,1028
Bihar,Munger,"All Scheduled Castes",Urban,"Ever Married",65-69,409,46,39,66,58,67,133,1536,809,727
Bihar,Munger,"All Scheduled Castes",Urban,"Ever Married",70-74,184,19,20,30,19,18,78,665,302,363
Bihar,Munger,"All Scheduled Castes",Urban,"Ever Married",75-79,29,0,0,9,0,9,11,160,109,51
Bihar,Munger,"All Scheduled Castes",Urban,"Ever Married","80 +",138,29,9,0,27,9,64,525,237,288
Bihar,Munger,"All Scheduled Castes",Urban,"Currently Married","All ages",13940,3154,1763,1947,1974,1829,3273,39875,21469,18406
Bihar,Munger,"All Scheduled Castes",Urban,"Currently Married","Less than 15",228,217,1,10,0,0,0,21,11,10
Bihar,Munger,"All Scheduled Castes",Urban,"Currently Married",15-19,1561,1003,432,92,27,7,0,725,342,383
Bihar,Munger,"All Scheduled Castes",Urban,"Currently Married",20-24,2407,771,539,565,284,138,110,3707,2077,1630
Bihar,Munger,"All Scheduled Castes",Urban,"Currently Married",25-29,2248,353,330,442,503,334,286,5882,2991,2891
Bihar,Munger,"All Scheduled Castes",Urban,"Currently Married",30-34,2030,210,96,264,387,430,643,7415,3800,3615
Bihar,Munger,"All Scheduled Castes",Urban,"Currently Married",35-39,1550,186,38,178,230,330,588,5984,3259,2725
Bihar,Munger,"All Scheduled Castes",Urban,"Currently Married",40-44,1185,66,77,143,109,227,563,5245,2998,2247
Bihar,Munger,"All Scheduled Castes",Urban,"Currently Married",45-49,827,132,43,68,197,80,307,3038,1683,1355
Bihar,Munger,"All Scheduled Castes",Urban,"Currently Married",50-54,657,58,67,46,95,118,273,2832,1564,1268
Bihar,Munger,"All Scheduled Castes",Urban,"Currently Married",55-59,493,77,52,42,38,86,198,2057,1187,870
Bihar,Munger,"All Scheduled Castes",Urban,"Currently Married",60-64,318,21,38,22,49,29,159,1413,787,626
Bihar,Munger,"All Scheduled Castes",Urban,"Currently Married",65-69,267,37,21,47,29,49,84,993,514,479
Bihar,Munger,"All Scheduled Castes",Urban,"Currently Married",70-74,57,0,11,18,9,0,19,178,76,102
Bihar,Munger,"All Scheduled Castes",Urban,"Currently Married",75-79,10,0,0,9,0,0,1,24,12,12
Bihar,Munger,"All Scheduled Castes",Urban,"Currently Married","80 +",66,11,0,0,17,0,38,310,132,178
