Season,Sector,Category,Crop,QueryType,QueryText,KCCAns,StateName,DistrictName,BlockName,CreatedOn
JAYAD,AGRICULTURE,Others,Others,Weather,"WEATHER INFORMATION","TODAY AND TOMARROW CHANCE OF RAIN IN YOUR AREA",BIHAR,SAHARSA,"SIMRI BAKHTIARPUR",2018-05-01T09:56:15Z
JAYAD,AGRICULTURE,Others,Others,Weather,"WEATHER INFORMATION","TODAY AND TOMARROW CHANCE OF RAIN IN YOUR AREA",BIHAR,SAHARSA,"SIMRI BAKHTIARPUR",2018-05-01T09:57:27Z
JAYAD,AGRICULTURE,Others,Others,Weather,"Weather information","Cloudy weather in your area chance of rain in your area",BIHAR,SAHARSA,SALKHUA,2018-05-01T12:36:18Z
JAYAD,AGRICULTURE,Others,Others,"Field Preparation","weather information","Cloudy weather Today & tomorrow   chance of rain",BIHAR,SAHARSA,"SATTAR  KATTAIYA",2018-05-01T15:17:25Z
JAYAD,AGRICULTURE,Others,Others,Weather,"WEATHER INFORMATION","Heavy Cloudy weather in your area, chance of rain in your area",BIHAR,SAHARSA,SONBARSA,2018-05-02T14:45:19Z
JAYAD,AGRICULTURE,Others,Others,Weather,"WEATHER INFORMATION","Heavy Cloudy weather in your area, chance of rain in your area",BIHAR,SAHARSA,SONBARSA,2018-05-02T14:45:35Z
JAYAD,AGRICULTURE,Others,Others,Weather,"WEATHER INFORMATION","Heavy Cloudy weather in your area, chance of rain in your area",BIHAR,SAHARSA,SONBARSA,2018-05-02T14:45:46Z
JAYAD,AGRICULTURE,Others,Others,Weather,"WEATHER INFORMATION","Heavy Cloudy weather in your area, chance of rain in your area",BIHAR,SAHARSA,SONBARSA,2018-05-02T14:45:57Z
JAYAD,AGRICULTURE,Others,Others,Weather,"WEATHER INFORMATION","Heavy Cloudy weather in your area, chance of rain in your area",BIHAR,SAHARSA,SONBARSA,2018-05-02T14:46:13Z
JAYAD,AGRICULTURE,Others,Others,Weather,"WEATHER INFORMATION","Cloudy weather in your area, chance of rain in your area",BIHAR,SAHARSA,SALKHUA,2018-05-04T18:39:45Z
JAYAD,AGRICULTURE,Others,Others,Weather,"weather information","The sky will remain cloudy",BIHAR,SAHARSA,PATARGHAT,2018-05-05T09:30:56Z
JAYAD,AGRICULTURE,Others,Others,Weather,"Weather Information","Cloudy weather today and tomorrow little chance of rain.",BIHAR,SAHARSA,"SOUR BAZAR",2018-05-05T14:31:27Z
JAYAD,AGRICULTURE,Others,Others,"Field Preparation","weather information","Cloudy weather Today & tomorrow   chance of rain",BIHAR,SAHARSA,"SATTAR  KATTAIYA",2018-05-06T07:33:39Z
JAYAD,AGRICULTURE,Others,Others,Weather,weather,"no rain",BIHAR,SAHARSA,"BANMA  ITAHARI",2018-05-06T08:37:13Z
JAYAD,AGRICULTURE,Others,Others,Weather,"weather information","Hazy weather in your area ,no chance of rain",BIHAR,SAHARSA,"BANMA  ITAHARI",2018-05-07T13:51:43Z
JAYAD,AGRICULTURE,Others,Others,"Field Preparation","Weather information","Cloudy weather, rain is not likely in your area.",BIHAR,SAHARSA,"SATTAR  KATTAIYA",2018-05-07T15:03:33Z
RABI,AGRICULTURE,Others,Others,"Plant Protection","fruit droping in mango","Spray Imidacloprid @ 1 ml /3 lit of water",BIHAR,SAHARSA,PATARGHAT,2018-05-08T11:07:29Z
JAYAD,AGRICULTURE,Others,Others,Varieties,"weather information","Cloudy weather Today & tomorrow   chance of rain",BIHAR,SAHARSA,PATARGHAT,2018-05-09T10:37:10Z
RABI,AGRICULTURE,Cereals,Wheat,Weather,"Weather information","TODAY AND TOMORROW NO CHANCE OF RAIN",BIHAR,SAHARSA,"BANMA  ITAHARI",2018-05-09T11:16:26Z
RABI,AGRICULTURE,Cereals,Wheat,Weather,"WEATHER INFORMATION","?? ?? ?? ???? ??????? ??? ???? ??? ????? ?? ????? ?? ??????? ??",BIHAR,SAHARSA,NAUHATTA,2018-05-09T17:45:45Z
JAYAD,AGRICULTURE,Others,Others,Weather,"WEATHER INFORMATION","Cloudy weather in your area, chance of rain in your area",BIHAR,SAHARSA,"SOUR BAZAR",2018-05-09T19:07:51Z
JAYAD,AGRICULTURE,Others,Others,"Plant Protection","plant protection","Spray chlorpyriphos @ 2 ml in 1 liter of water",BIHAR,SAHARSA,"SOUR BAZAR",2018-05-09T19:09:37Z
RABI,HORTICULTURE,Vegetables,Chillies,"Plant Protection","Powdery mildew","Spray Wettable sulphur 0.25% or Dinocap (Karathane) 0.05%",BIHAR,SAHARSA,"SATTAR  KATTAIYA",2018-05-10T06:41:03Z
JAYAD,HORTICULTURE,Vegetables,Chillies,"Plant Protection","Leaf curl","Spray Dimethoate 2ml of Acephate 1g per litre of water.",BIHAR,SAHARSA,"SIMRI BAKHTIARPUR",2018-05-11T11:27:05Z
JAYAD,HORTICULTURE,Vegetables,Chillies,"Plant Protection","Gram caterpillar","Spray Thiodicarb 75 % WP 2g/lit.
Spray Indoxacarb 14.5 % SC 6.5 ml/10 lit.
Spray Flubendiamide 20 WDG 6.0 g /10 lit.",BIHAR,SAHARSA,"SIMRI BAKHTIARPUR",2018-05-11T11:31:33Z
JAYAD,AGRICULTURE,Cereals,"Paddy (Dhan)",Varieties,"Varity of rice for low land area","Rajshree, satyam, sakuntla, rajendra mansuri, swarna sab 1",BIHAR,SAHARSA,"SATTAR  KATTAIYA",2018-05-11T12:24:07Z
JAYAD,AGRICULTURE,Others,Others,Weather,"Weather Information","Cloudy weather today and tomorrow little chance of rain.",BIHAR,SAHARSA,"SOUR BAZAR",2018-05-11T15:31:26Z
RABI,AGRICULTURE,Others,Others,Weather,"WEATHER INFORMATION","Cloudy weather in your area, chance of rain in your area",BIHAR,SAHARSA,SALKHUA,2018-05-11T16:57:50Z
JAYAD,AGRICULTURE,Others,Others,"Field Preparation","Variety of arhar/red gram","Variety of arhar/red gram-UPAS-120, PRABHAT, ICPH-8, PPH-4",BIHAR,SAHARSA,"BANMA  ITAHARI",2018-05-12T06:45:43Z
JAYAD,AGRICULTURE,Others,Others,Weather,"WEATHER INFORMATION","Cloudy weather Today and tomorrow little chance of rain in your area.",BIHAR,SAHARSA,NAUHATTA,2018-05-12T08:44:29Z
RABI,HORTICULTURE,Vegetables,Chillies,"Plant Protection","Green peach aphid","Imidacloprid 17.8 % SL 3.5 ml/10 lit. 
Oxydemeton Methyl 25% EC 1.6 ml/lit. 
Phosalone 35 % EC 2.0 ml/lit.",BIHAR,SAHARSA,"SATTAR  KATTAIYA",2018-05-12T09:07:41Z
RABI,HORTICULTURE,Vegetables,Bhindi(Okra/Ladysfinger),"Plant Protection","Bhendi yellow vein mosaic virus","Synthetic pyrethroids should not be used because it will aggravate the situation.


It can be controlled by application of Chlorpyriphos 2.5 ml + neem oil 2 ml lit of water.",BIHAR,SAHARSA,"SATTAR  KATTAIYA",2018-05-13T09:30:17Z
JAYAD,HORTICULTURE,Vegetables,Chillies,"Plant Protection","INSECT INFESTATION IN CHILLI","SPRAY PROFENOPHOS @ 1 ML PER LITRE OF WATER",BIHAR,SAHARSA,"SIMRI BAKHTIARPUR",2018-05-13T12:46:03Z
JAYAD,AGRICULTURE,Others,Others,Weather,"weather information","Cloudy weather Today & tomorrow   chance of rain",BIHAR,SAHARSA,"SATTAR  KATTAIYA",2018-05-14T08:38:42Z
JAYAD,AGRICULTURE,Others,Others,Weather,"weather information","Cloudy weather Today & tomorrow   chance of rain",BIHAR,SAHARSA,SONBARSA,2018-05-14T08:49:31Z
RABI,HORTICULTURE,Vegetables,Bhindi(Okra/Ladysfinger),"Plant Protection","Leaf roller","Spray carbaryl 50 WP 2 g/lit or phosalone 35 EC 2 ml/lit",BIHAR,SAHARSA,"BANMA  ITAHARI",2018-05-14T10:22:20Z
JAYAD,AGRICULTURE,Others,Others,Weather,"Weather Information","Cloudy weather today and tomorrow little chance of rain.",BIHAR,SAHARSA,"SOUR BAZAR",2018-05-14T15:37:31Z
RABI,AGRICULTURE,Cereals,Wheat,Weather,"WEATHER INFORMATION","???? ??????? ??? ???? ??? ????? ?? ????? ????  ?? ??????? ??",BIHAR,SAHARSA,"SATTAR  KATTAIYA",2018-05-14T15:54:24Z
JAYAD,AGRICULTURE,Others,Others,"Field Preparation","WEATHER INFORMATION","Cloudy weather today and  tomorrow little chance of rain in your area.",BIHAR,SAHARSA,"SATTAR  KATTAIYA",2018-05-15T06:51:23Z
JAYAD,AGRICULTURE,Others,Others,"Plant Protection","Weather Information","Cloudy weather  today and tomorrow  no chance of  rain",BIHAR,SAHARSA,KAHARA,2018-05-15T11:00:52Z
RABI,AGRICULTURE,Others,Others,Weather,"weather information","30 C 
RealFeel 34

Clouds and sun
  


See Hourly

> 




Today

May 15



33 Hi 
RealFeel 35

A stray afternoon t-storm
 More  



Tonight

May 15



23 Lo 
RealFeel 22

A thunderstorm in spots late
 More  



Tomorrow

May 16



33 Hi 
RealFeel 37

A strong",BIHAR,SAHARSA,SONBARSA,2018-05-15T12:10:25Z
JAYAD,AGRICULTURE,Others,Others,Weather,"Weather information","Cloudy weather in your area chance of rain in your area",BIHAR,SAHARSA,NAUHATTA,2018-05-16T14:06:40Z
RABI,AGRICULTURE,Others,Others,Weather,"weather information","Hazy weather in your area ,no chance of rain",BIHAR,SAHARSA,SONBARSA,2018-05-16T14:57:19Z
