Season,Sector,Category,Crop,QueryType,QueryText,KCCAns,StateName,DistrictName,BlockName,CreatedOn
RABI,AGRICULTURE,Cereals,Wheat,Weather,"WEATHER INFORMATION","????? ???? ???? ????? ?????? ??? ???? ????? I",BIHAR,KAIMUR,BHABUA,2018-02-01T09:07:29Z
RABI,HORTICULTURE,Flowers,Marigold,"Cultural Practices","Seeds and sowing TIME OF MARIGOLD","Seeds and sowing TIME OF MARIGOLD
The seeds are sown throughout the year. Nursery is raised with 1.5 kg seeds/ha and the seedlings are transplanted after four weeks on one side of the ridge at 45 x 35 cm spacing. Treat the seeds with Azospirillum (200 g in 50 ml of rice gruel) before sowing",BIHAR,KAIMUR,MOHANIA,2018-02-01T12:20:38Z
RABI,HORTICULTURE,Flowers,Marigold,"Cultural Practices","Manuring FOR MARRIGOLD","Manuring FOR MARRIGOLD
During last ploughing, incorporate 25t/ha of FYM. Apply 45:90:75 kg NPK/ha as basal and 45 kg N/ha as top dressing 45 days after planting",BIHAR,KAIMUR,MOHANIA,2018-02-01T12:21:52Z
RABI,AGRICULTURE,Others,Others,Weather,"Weather information","Hazy weather in your area ,no chance of rain",BIHAR,KAIMUR,MOHANIA,2018-02-01T12:23:52Z
RABI,AGRICULTURE,Cereals,Wheat,Weather,"WEATHER INFORMATION","????? ???? ???? ????? ?????? ??? ???? ?????",BIHAR,KAIMUR,RAMGARH,2018-02-02T14:47:29Z
RABI,AGRICULTURE,Others,Others,Weather,"WEATHER INFORMATION","No chance of rain in your area",BIHAR,KAIMUR,DURGAWATI,2018-02-03T11:34:52Z
RABI,AGRICULTURE,Others,Others,Weather,"WEATHER INFORMATION","No chance of rain in your area",BIHAR,KAIMUR,DURGAWATI,2018-02-03T11:38:08Z
KHARIF,HORTICULTURE,Fruits,Mango,"Plant Protection","INSECT ATTACK IN MANGO","SPRAY  IMIDA CHLOPID 1ML/3LITRE",BIHAR,KAIMUR,BHABUA,2018-02-03T15:37:52Z
RABI,AGRICULTURE,Others,Others,"Field Preparation","Yellowing of leaves /Rotting problem","SPRAY MANCOZEB @ 2 GRAM/LITRE OF WATER",BIHAR,KAIMUR,RAMGARH,2018-02-03T18:17:53Z
RABI,HORTICULTURE,Vegetables,Pumpkin,"Cultural Practices","variety of pumpkin","rajendra chamtkar",BIHAR,KAIMUR,CHAINPUR,2018-02-04T06:35:05Z
RABI,AGRICULTURE,Cereals,Wheat,"Nutrient Management","Nutrient management in wheat","Apply 5 gm urea per liter of water",BIHAR,KAIMUR,KUDRA,2018-02-06T06:57:53Z
RABI,AGRICULTURE,Pulses,"Bengal Gram (Gram/Chick Pea/Kabuli/Chana)","Water Management","IRRIGATION IN GRAM","MAY IRRIGATE AFTER POD FORMATION",BIHAR,KAIMUR,CHAINPUR,2018-02-06T10:54:57Z
JAYAD,AGRICULTURE,Others,Others,Weather,"WEATHER INFORMATION","weather in your area and no chance of rain in your area",BIHAR,KAIMUR,BHABUA,2018-02-06T15:20:14Z
RABI,AGRICULTURE,Others,Others,"Field Preparation","Weather information","Cloudy weather  today and tomorrow  no chance of  rain",BIHAR,KAIMUR,CHAINPUR,2018-02-06T15:28:02Z
RABI,AGRICULTURE,Others,Others,"Field Preparation","Weather information","Cloudy weather  today and tomorrow  no chance of  rain",BIHAR,KAIMUR,CHAINPUR,2018-02-06T15:29:12Z
RABI,AGRICULTURE,Others,Others,"Field Preparation","Weather information","Cloudy weather  today and tomorrow  no chance of  rain",BIHAR,KAIMUR,BHAGWANPUR,2018-02-06T15:30:22Z
JAYAD,AGRICULTURE,Others,Others,Weather,"WEATHER INFORMATION","weather in your area and no chance of rain in your area",BIHAR,KAIMUR,BHAGWANPUR,2018-02-06T15:32:08Z
JAYAD,AGRICULTURE,Others,Others,Weather,"WEATHER INFORMATION","weather in your area and no chance of rain in your area",BIHAR,KAIMUR,BHAGWANPUR,2018-02-06T15:48:12Z
JAYAD,AGRICULTURE,Others,Others,"Plant Protection","YELLOWING OF LEAVES","spray mancozeb @ 2 gm / lit of water",BIHAR,KAIMUR,BHAGWANPUR,2018-02-06T15:50:17Z
JAYAD,AGRICULTURE,Others,Others,Weather,"WEATHER INFORMATION","CLOUDY WEATHER",BIHAR,KAIMUR,CHAND,2018-02-06T16:03:17Z
JAYAD,AGRICULTURE,Others,Others,Weather,"WEATHER INFORMATION","weather in your area and no chance of rain in your area",BIHAR,KAIMUR,BHAGWANPUR,2018-02-06T16:20:47Z
RABI,AGRICULTURE,Others,Others,"Field Preparation","Growth Delay","Spray boomflower @ 2 ml in 1 litre of water",BIHAR,KAIMUR,CHAINPUR,2018-02-06T17:05:32Z
JAYAD,AGRICULTURE,Others,Others,Weather,"WEATHER INFORMATION","weather in your area and no chance of rain in your area",BIHAR,KAIMUR,RAMPUR,2018-02-06T18:04:50Z
JAYAD,AGRICULTURE,Others,Others,"Plant Protection","Fruit cracking IN TOMATO","Spray borex @ 2 gram in 1 litre of water",BIHAR,KAIMUR,CHAINPUR,2018-02-06T18:15:21Z
JAYAD,AGRICULTURE,Others,Others,Weather,"WEATHER INFORMATION","weather in your area and no chance of rain in your area",BIHAR,KAIMUR,CHAND,2018-02-06T18:37:22Z
JAYAD,AGRICULTURE,Others,Others,Weather,"Weather information","Cloudy weather, rain is not likely.",BIHAR,KAIMUR,CHAINPUR,2018-02-07T07:39:36Z
RABI,AGRICULTURE,Others,Others,Weather,"weather information","Very low cloudy area but no chance of rain",BIHAR,KAIMUR,BHABUA,2018-02-07T08:28:15Z
JAYAD,AGRICULTURE,Others,Others,Weather,"Weather information","Cloudy weather, rain is not likely.",BIHAR,KAIMUR,CHAINPUR,2018-02-07T09:41:44Z
JAYAD,AGRICULTURE,Others,Others,Weather,"WEATHER INFORMATION","Mainly cloudy",BIHAR,KAIMUR,BHAGWANPUR,2018-02-07T10:24:04Z
JAYAD,AGRICULTURE,Others,Others,Weather,"WEATHER INFORMATION","Heavy Cloudy weather in your area, no chance of rain in your area",BIHAR,KAIMUR,CHAND,2018-02-07T11:10:05Z
JAYAD,AGRICULTURE,Others,Others,Weather,"Weather information","Cloudy weather, rain is not likely.",BIHAR,KAIMUR,CHAINPUR,2018-02-07T11:23:32Z
RABI,AGRICULTURE,Others,Others,"Sowing Time and Weather","weather information","Sunny weather but no rain in your area.",BIHAR,KAIMUR,BHABUA,2018-02-07T13:00:11Z
JAYAD,AGRICULTURE,Others,Others,Weather,"WEATHER INFORMATION","Cloudy weather in your area, but no chance of rain in your area",BIHAR,KAIMUR,RAMGARH,2018-02-07T18:24:37Z
RABI,AGRICULTURE,Others,Others,"Field Preparation","WEATHER INFORMATION","Today and tomorrow no chance of rain in your area.",BIHAR,KAIMUR,RAMPUR,2018-02-07T19:28:37Z
RABI,AGRICULTURE,Others,Others,"Field Preparation","WEATHER INFORMATION","Today and tomorrow no chance of rain in your area.",BIHAR,KAIMUR,BHAGWANPUR,2018-02-07T20:18:25Z
RABI,AGRICULTURE,Cereals,Wheat,Weather,"WEATHER INFORMATION","Cloudy weather in your area and no chance of rain in your area",BIHAR,KAIMUR,RAMGARH,2018-02-07T20:58:09Z
RABI,AGRICULTURE,Cereals,Wheat,Weather,"WEATHER INFORMATION","???? ??????? ??? ???? ??? ????? ????? ????? ?? ??? ??????? ???? ?? ",BIHAR,KAIMUR,MOHANIA,2018-02-07T21:31:20Z
JAYAD,AGRICULTURE,Others,Others,Weather,"WEATHER INFORMATION","Cloudy weather in your area, but no chance of rain in your area",BIHAR,KAIMUR,BHABUA,2018-02-07T21:32:26Z
RABI,AGRICULTURE,Others,Others,"Field Preparation","WEATHER INFORMATION","Cloudy weather but no chance of rain",BIHAR,KAIMUR,BHABUA,2018-02-08T06:54:14Z
RABI,AGRICULTURE,Others,Others,"Field Preparation","WEATHER INFORMATION","Cloudy weather but no chance of rain",BIHAR,KAIMUR,BHABUA,2018-02-08T06:56:58Z
RABI,AGRICULTURE,Cereals,Wheat,"Nutrient Management","growth of wheat","Spray Multi micro nutrient @ 2 gram in 1 litre of water",BIHAR,KAIMUR,RAMPUR,2018-02-09T10:03:06Z
RABI,HORTICULTURE,Vegetables,Bhindi(Okra/Ladysfinger),"Field Preparation","BHINDI LEAVES YELLOWING","SPRAY IMIDACHLOPRID 1ML/3 LITRE OF WATER",BIHAR,KAIMUR,BHABUA,2018-02-09T10:52:06Z
RABI,AGRICULTURE,Cereals,Wheat,Weather,"WEATHER INFORMATION","Sunny weather but no rain in your area.",BIHAR,KAIMUR,CHAINPUR,2018-02-09T14:43:16Z
JAYAD,AGRICULTURE,Others,Others,Seeds,"variety of til","suggest Kalika/KRISHNA/ PARGATI VARIETY OF TIL",BIHAR,KAIMUR,RAMGARH,2018-02-09T17:42:43Z
RABI,AGRICULTURE,Cereals,Wheat,Weather,"Weather information","Cloudy weather  today and tomorrow  no chance of  rain",BIHAR,KAIMUR,MOHANIA,2018-02-10T09:13:59Z
RABI,AGRICULTURE,Others,Others,"Field Preparation","WEATHER INFORMATION","Cloudy weather in your area, but no chance of rain in your area",BIHAR,KAIMUR,CHAINPUR,2018-02-10T12:10:55Z
RABI,AGRICULTURE,Others,Others,"Plant Protection","aphide infestation in mustard","Spray malathion @ 2 MLin 1 litre of water",BIHAR,KAIMUR,BHAGWANPUR,2018-02-10T14:30:09Z
RABI,AGRICULTURE,Others,Others,"Field Preparation","WEATHER INFORMATION","Cloudy weather in your area, but no chance of rain in your area",BIHAR,KAIMUR,CHAND,2018-02-10T17:24:09Z
RABI,AGRICULTURE,Others,Others,"Plant Protection","Weather information","Mostly cloudy with a shower in places",BIHAR,KAIMUR,CHAINPUR,2018-02-11T12:54:36Z
JAYAD,AGRICULTURE,Others,Others,"Plant Protection","WEATHER INFORMATION","Very low cloudy area but no chance of rain",BIHAR,KAIMUR,ADHAURA,2018-02-11T15:49:48Z
RABI,AGRICULTURE,Others,Others,"Field Preparation","WEATHER INFORMATION","Cloudy weather in your area and no chance of rain in your area",BIHAR,KAIMUR,CHAINPUR,2018-02-11T16:15:32Z
JAYAD,AGRICULTURE,Others,Others,Weather,"WEATHER INFORMATION","Very low cloudy area but no chance of rain",BIHAR,KAIMUR,RAMPUR,2018-02-11T16:29:13Z
RABI,AGRICULTURE,Others,Others,"Field Preparation","WEATHER INFORMATION","Cloudy weather in your area and no chance of rain in your area",BIHAR,KAIMUR,CHAND,2018-02-11T16:35:11Z
RABI,AGRICULTURE,Others,Others,"Field Preparation","WEATHER INFORMATION","Cloudy weather in your area and no chance of rain in your area",BIHAR,KAIMUR,CHAINPUR,2018-02-11T18:47:01Z
JAYAD,AGRICULTURE,Others,Others,Weather,"WEATHER INFORMATION","TODAY AND TOMARROW CHANCE OF RAIN IN YOUR AREA",BIHAR,KAIMUR,MOHANIA,2018-02-12T06:18:44Z
RABI,AGRICULTURE,Others,Others,Weather,"Weather information","Today & tomorrow little chance of rain",BIHAR,KAIMUR,CHAINPUR,2018-02-12T06:53:32Z
JAYAD,AGRICULTURE,Others,Others,Weather,"WEATHER INFORMATION","TODAY AND TOMORROW CHANCE OF RAIN IN YOUR AREA",BIHAR,KAIMUR,CHAND,2018-02-12T07:53:29Z
JAYAD,AGRICULTURE,Others,Others,Weather,"WEATHER INFORMATION","TODAY AND TOMORROW CHANCE OF RAIN IN YOUR AREA",BIHAR,KAIMUR,KUDRA,2018-02-12T08:09:47Z
JAYAD,AGRICULTURE,Others,Others,Weather,"WEATHER INFORMATION","TODAY AND TOMORROW CHANCE OF RAIN IN YOUR AREA",BIHAR,KAIMUR,CHAINPUR,2018-02-12T09:50:13Z
RABI,AGRICULTURE,Others,Others,Weather,"WEATHER INFORMATION","chance of rain in your area",BIHAR,KAIMUR,KUDRA,2018-02-12T11:51:10Z
JAYAD,AGRICULTURE,Others,Others,Weather,"WEATHER  INFORMATION","Cloudy weather tomorrow today and little chance of rain in your area.",BIHAR,KAIMUR,MOHANIA,2018-02-12T12:01:48Z
JAYAD,AGRICULTURE,Others,Others,Weather,"WEATHER  INFORMATION","Cloudy weather tomorrow today and little chance of rain in your area.",BIHAR,KAIMUR,MOHANIA,2018-02-12T12:07:53Z
JAYAD,AGRICULTURE,Others,Others,Weather,"WEATHER INFORMATION","TODAY AND TOMORROW CHANCE OF RAIN IN YOUR AREA",BIHAR,KAIMUR,KUDRA,2018-02-12T12:28:18Z
JAYAD,AGRICULTURE,Others,Others,Weather,"WEATHER INFORMATION","TODAY AND TOMORROW CHANCE OF RAIN IN YOUR AREA",BIHAR,KAIMUR,CHAND,2018-02-12T12:51:07Z
RABI,AGRICULTURE,Others,Others,"Plant Protection","fruit borer in gram","Spray cloropyriphos @ 2 ml in 1 litre of water",BIHAR,KAIMUR,CHAINPUR,2018-02-12T13:02:44Z
JAYAD,AGRICULTURE,Others,Others,Weather,"WEATHER INFORMATION","TODAY AND TOMORROW CHANCE OF RAIN IN YOUR AREA",BIHAR,KAIMUR,BHABUA,2018-02-12T13:39:33Z
JAYAD,AGRICULTURE,Others,Others,Weather,"WEATHER INFORMATION","TODAY CHANCE OF RAIN IN YOUR AREA",BIHAR,KAIMUR,CHAND,2018-02-13T07:40:33Z
JAYAD,AGRICULTURE,Others,Others,Weather,"Weather information","????? ??? ???? ???? ??? ?????  ????? ???? ?? ???????? ??",BIHAR,KAIMUR,BHAGWANPUR,2018-02-13T09:33:32Z
RABI,AGRICULTURE,Others,Others,"Field Preparation","Weather information","today  chance of rain in your area",BIHAR,KAIMUR,CHAINPUR,2018-02-13T11:57:45Z
RABI,AGRICULTURE,Others,Others,"Field Preparation","For farmer registration","For farmer registration: www.krishimis.in",BIHAR,KAIMUR,CHAINPUR,2018-02-13T12:55:41Z
RABI,AGRICULTURE,Others,Others,"Field Preparation","For farmer registration","For farmer registration: www.krishimis.in",BIHAR,KAIMUR,CHAINPUR,2018-02-13T12:56:02Z
RABI,AGRICULTURE,Others,Others,Credit,"kisan credit card information","kisan credit card information ke liye bank me contact kare",BIHAR,KAIMUR,BHABUA,2018-02-13T13:18:33Z
RABI,AGRICULTURE,Others,Others,Weather,"WEATHER INFORMATION","chance of rain in your area",BIHAR,KAIMUR,BHABUA,2018-02-13T13:43:09Z
RABI,AGRICULTURE,Others,Others,Weather,"WEATHER INFORMATION","chance of rain in your area",BIHAR,KAIMUR,BHABUA,2018-02-13T13:46:03Z
RABI,AGRICULTURE,Others,Others,"Plant Protection","aphid infestation","Spray malathion @ 2ml/lit of water",BIHAR,KAIMUR,CHAND,2018-02-13T17:30:02Z
RABI,AGRICULTURE,Others,Others,"Field Preparation","contact kvk","Shi Sada Nand Rai
Programme Coordinator
06180-
269220
06180-
269230
06180-
269220 09430567345",BIHAR,KAIMUR,BHAGWANPUR,2018-02-13T20:40:55Z
RABI,AGRICULTURE,Others,Others,"Field Preparation","WEATHER INFORMATION","Cloudy weather in your area and no chance of rain in your area",BIHAR,KAIMUR,BHAGWANPUR,2018-02-13T20:41:44Z
RABI,AGRICULTURE,Others,Others,Weather,"Weather information","today no chance of rain in your area",BIHAR,KAIMUR,RAMPUR,2018-02-14T08:43:46Z
RABI,AGRICULTURE,Cereals,Wheat,Weather,"WEATHER INFORMATION","???? ??????? ??? ????? ???? ?? ??????? ???? ?? ",BIHAR,KAIMUR,BHABUA,2018-02-22T19:48:33Z
RABI,AGRICULTURE,Pulses,"Bengal Gram (Gram/Chick Pea/Kabuli/Chana)","Plant Protection","INSECT IN CHEAKPEA","Spray chlorpyriphos @ 2 ml in 1 litre of water",BIHAR,KAIMUR,MOHANIA,2018-02-23T09:39:14Z
RABI,AGRICULTURE,Pulses,"Bengal Gram (Gram/Chick Pea/Kabuli/Chana)","Plant Protection","INSECT IN CHICKPEA","Spray quinolphos @ 2 ml in 1 litre of water",BIHAR,KAIMUR,RAMGARH,2018-02-23T10:32:38Z
RABI,AGRICULTURE,Cereals,Wheat,Weather,"insect control","monocrotofos 36 ec @2ml/lea pani",BIHAR,KAIMUR,BHAGWANPUR,2018-02-23T15:40:55Z
RABI,AGRICULTURE,Cereals,Wheat,Weather,"WEATHER INFORMATION","Cloudy weather in your area and no chance of rain in your area",BIHAR,KAIMUR,MOHANIA,2018-02-23T18:58:14Z
RABI,AGRICULTURE,Others,Others,Weather,"WEATHER INFORMATION","Cloudy weather in your area and no chance of rain in your area",BIHAR,KAIMUR,BHABUA,2018-02-24T09:25:08Z
RABI,AGRICULTURE,Others,Others,Weather,"WEATHER INFORMATION","TODAY AND TOMORROW NO CHANCE OF RAIN IN YOUR AREA",BIHAR,KAIMUR,KUDRA,2018-02-24T13:53:54Z
RABI,AGRICULTURE,Others,Others,Weather,"WEATHER INFORMATION","TODAY AND TOMORROW NO CHANCE OF RAIN IN YOUR AREA",BIHAR,KAIMUR,KUDRA,2018-02-24T13:54:43Z
RABI,AGRICULTURE,Cereals,Wheat,Weather,"Weather information","Cloudy weather  today and tomorrow  no chance of  rain",BIHAR,KAIMUR,CHAINPUR,2018-02-25T12:11:23Z
RABI,AGRICULTURE,Others,Others,"Sowing Time and Weather","WEATHER INFORMATION","HAZY WEATHER",BIHAR,KAIMUR,BHABUA,2018-02-25T13:08:59Z
RABI,AGRICULTURE,Cereals,Wheat,Weather,"Weather information","????  ??? ????? ??? ???? ??? ?????",BIHAR,KAIMUR,MOHANIA,2018-02-26T08:22:18Z
JAYAD,AGRICULTURE,Others,Others,Weather,"WEATHER INFORMATION","Cloudy weather in your area and no chance of rain in your area",BIHAR,KAIMUR,BHABUA,2018-02-26T08:36:56Z
RABI,AGRICULTURE,Cereals,Wheat,Weather,"WEATHER INFORMATION","????  ????  ????? ,?????? ?????",BIHAR,KAIMUR,RAMGARH,2018-02-26T10:49:11Z
RABI,AGRICULTURE,Others,Others,"Field Preparation","WEATHER INFORMATION","Today and tomorrow cloudy weather but no chance of rain in your area.",BIHAR,KAIMUR,BHABUA,2018-02-27T07:54:50Z
RABI,AGRICULTURE,Cereals,Wheat,Weather,"WEATHER INFORMATION","????  ????  ????? ,?????? ?????",BIHAR,KAIMUR,KUDRA,2018-02-27T12:20:52Z
RABI,AGRICULTURE,Others,Others,Weather,"WEATHER INFORMATION","Very low cloudy area but no chance of rain",BIHAR,KAIMUR,BHABUA,2018-02-27T15:44:29Z
JAYAD,AGRICULTURE,Others,Others,Weather,"WEATHER  INFORMATION","Cloudy weather but no rain in your area.",BIHAR,KAIMUR,DURGAWATI,2018-02-27T19:20:50Z
JAYAD,AGRICULTURE,Others,Others,Weather,"WEATHER  INFORMATION","Cloudy weather but no rain in your area.",BIHAR,KAIMUR,DURGAWATI,2018-02-27T19:21:35Z
RABI,HORTICULTURE,Vegetables,Onion,"Plant Protection","YELLOWING LEAF OF ONION","Spray mancozeb @ 2 gm / lit of water",BIHAR,KAIMUR,CHAND,2018-02-28T08:43:59Z
JAYAD,AGRICULTURE,Cereals,Wheat,"Water Management","irrigation in wheat","irrigate your wheat field after last iirigation",BIHAR,KAIMUR,KUDRA,2018-02-28T10:41:28Z
JAYAD,AGRICULTURE,Others,Others,Weather,"Weather  information","Cloudy weather  today and tomorrow  no chance of  rain",BIHAR,KAIMUR,MOHANIA,2018-02-28T12:06:01Z
JAYAD,AGRICULTURE,Others,Others,Weather,"Weather  information","Cloudy weather  today and tomorrow  no chance of  rain",BIHAR,KAIMUR,MOHANIA,2018-02-28T12:06:01Z
