Season,Sector,Category,Crop,QueryType,QueryText,KCCAns,StateName,DistrictName,BlockName,CreatedOn
KHARIF,AGRICULTURE,Others,Others,Weather,"WEATHER INFORMATION","Cloudy weather in your area, chance of rain in your area",BIHAR,CHAMPARAN(WEST),MAJHAULIA,2018-07-02T11:48:52Z
KHARIF,AGRICULTURE,Others,Others,Weather,"WEATHER INFORMATION","Cloudy weather in your area, chance of rain in your area",BIHAR,CHAMPARAN(WEST),MAJHAULIA,2018-07-02T11:48:52Z
KHARIF,AGRICULTURE,Others,Others,Varieties,"VARIETY OF CAULIFLOWER","PUSA SNOBALL 1,PUSA SNOBALL 2 HIMANI ,SWATI",BIHAR,CHAMPARAN(WEST),BAIRIA,2018-07-02T14:29:55Z
KHARIF,AGRICULTURE,Others,Others,Varieties,"VARIETY OF CAULIFLOWER","PUSA SNOBALL 1,PUSA SNOBALL 2 HIMANI ,SWATI",BIHAR,CHAMPARAN(WEST),BAIRIA,2018-07-02T14:29:55Z
KHARIF,AGRICULTURE,Others,Others,"Field Preparation","weather information","Cloudy weather Today & tomorrow   chance of rain",BIHAR,CHAMPARAN(WEST),BAGAHA-I,2018-07-02T17:29:47Z
KHARIF,AGRICULTURE,Others,Others,"Field Preparation","weather information","Cloudy weather Today & tomorrow   chance of rain",BIHAR,CHAMPARAN(WEST),BAGAHA-I,2018-07-02T17:29:47Z
KHARIF,AGRICULTURE,Others,Others,"Field Preparation","weather information","Cloudy weather,rain is likely in your area.",BIHAR,CHAMPARAN(WEST),BETTIAH,2018-07-02T20:37:32Z
KHARIF,AGRICULTURE,Others,Others,"Field Preparation","weather information","Cloudy weather,rain is likely in your area.",BIHAR,CHAMPARAN(WEST),BETTIAH,2018-07-02T20:37:32Z
RABI,AGRICULTURE,Others,Others,Weather,weather,"29° C 
RealFeel® 33°

Thunderstorm
  


See Hourly

> 




Today

Jul 2



30° Hi 
RealFeel® 35°

Showers and thunderstorms
 More  



Tonight

Jul 2



26° Lo 
RealFeel® 31°

Cloudy, a thunderstorm late
 More  



Tomorrow

Jul 3



30° Hi 
RealFeel® 37°

A p.m. thunderstorm in spots",BIHAR,CHAMPARAN(WEST),BAIRIA,2018-07-02T21:05:15Z
RABI,AGRICULTURE,Others,Others,Weather,weather,"29° C 
RealFeel® 33°

Thunderstorm
  


See Hourly

> 




Today

Jul 2



30° Hi 
RealFeel® 35°

Showers and thunderstorms
 More  



Tonight

Jul 2



26° Lo 
RealFeel® 31°

Cloudy, a thunderstorm late
 More  



Tomorrow

Jul 3



30° Hi 
RealFeel® 37°

A p.m. thunderstorm in spots",BIHAR,CHAMPARAN(WEST),BAIRIA,2018-07-02T21:05:15Z
KHARIF,AGRICULTURE,Others,Others,Weather,"WEATHER INFORMATION","Cloudy weather in your area, chance of rain in your area",BIHAR,CHAMPARAN(WEST),NARKATIAGANJ,2018-07-03T10:32:03Z
KHARIF,AGRICULTURE,Others,Others,Weather,"WEATHER INFORMATION","Cloudy weather in your area, chance of rain in your area",BIHAR,CHAMPARAN(WEST),NARKATIAGANJ,2018-07-03T10:32:03Z
KHARIF,AGRICULTURE,Others,Others,Weather,"WEATHER INFORMATION","Cloudy weather in your area, chance of rain in your area.",BIHAR,CHAMPARAN(WEST),CHANPATIA,2018-07-03T17:25:54Z
KHARIF,AGRICULTURE,Others,Others,Weather,"WEATHER INFORMATION","Cloudy weather in your area, chance of rain in your area.",BIHAR,CHAMPARAN(WEST),CHANPATIA,2018-07-03T17:25:54Z
KHARIF,AGRICULTURE,Others,Others,Weather,"WEATHER INFORMATION","Cloudy weather in your area, chance of rain in your area.",BIHAR,CHAMPARAN(WEST),CHANPATIA,2018-07-03T17:26:18Z
KHARIF,AGRICULTURE,Others,Others,Weather,"WEATHER INFORMATION","Cloudy weather in your area, chance of rain in your area.",BIHAR,CHAMPARAN(WEST),CHANPATIA,2018-07-03T17:26:18Z
KHARIF,AGRICULTURE,Others,Others,Weather,"WEATHER INFORMATION","Cloudy weather in your area, chance of rain in your area .",BIHAR,CHAMPARAN(WEST),BAGAHA-I,2018-07-04T09:35:03Z
KHARIF,AGRICULTURE,Others,Others,Weather,"WEATHER INFORMATION","Cloudy weather in your area, chance of rain in your area .",BIHAR,CHAMPARAN(WEST),BAGAHA-I,2018-07-04T09:35:03Z
KHARIF,AGRICULTURE,Others,Others,Weather,"WEATHER INFORMATION","Cloudy weather in your area, chance of rain in your area .",BIHAR,CHAMPARAN(WEST),BETTIAH,2018-07-04T09:58:59Z
KHARIF,AGRICULTURE,Others,Others,Weather,"WEATHER INFORMATION","Cloudy weather in your area, chance of rain in your area .",BIHAR,CHAMPARAN(WEST),BETTIAH,2018-07-04T09:58:59Z
KHARIF,AGRICULTURE,Others,Others,"Field Preparation","Weather information","Heavy Cloudy weather in your area,chance of rain in your area",BIHAR,CHAMPARAN(WEST),MAINATAND,2018-07-05T14:28:46Z
KHARIF,AGRICULTURE,Others,Others,"Field Preparation","Weather information","Heavy Cloudy weather in your area,chance of rain in your area",BIHAR,CHAMPARAN(WEST),MAINATAND,2018-07-05T14:28:46Z
KHARIF,AGRICULTURE,Cereals,"Paddy (Dhan)","Weed Management","weed management in rice field","spray butachlore @ 3 litre /600-700 litre water",BIHAR,CHAMPARAN(WEST),BETTIAH,2018-07-05T16:16:40Z
KHARIF,AGRICULTURE,Cereals,"Paddy (Dhan)","Weed Management","weed management in rice field","spray butachlore @ 3 litre /600-700 litre water",BIHAR,CHAMPARAN(WEST),BETTIAH,2018-07-05T16:16:40Z
KHARIF,AGRICULTURE,Cereals,"Paddy (Dhan)",Weather,"WEATHER INFORMATION","????? ???  ???? ??????? ???  ???? ????  ?????  ?? ????? ???? ?? ???????  ??",BIHAR,CHAMPARAN(WEST),NARKATIAGANJ,2018-07-05T21:54:54Z
KHARIF,AGRICULTURE,Cereals,"Paddy (Dhan)",Weather,"WEATHER INFORMATION","????? ???  ???? ??????? ???  ???? ????  ?????  ?? ????? ???? ?? ???????  ??",BIHAR,CHAMPARAN(WEST),NARKATIAGANJ,2018-07-05T21:54:54Z
KHARIF,AGRICULTURE,Others,Others,"Field Preparation","WEATHER INFORMATION","Heavy Cloudy weather in your area,chance of rain in your area",BIHAR,CHAMPARAN(WEST),MAINATAND,2018-07-06T13:11:53Z
KHARIF,AGRICULTURE,Others,Others,"Field Preparation","WEATHER INFORMATION","Heavy Cloudy weather in your area,chance of rain in your area",BIHAR,CHAMPARAN(WEST),MAINATAND,2018-07-06T13:11:53Z
KHARIF,AGRICULTURE,Others,Others,"Sowing Time and Weather","query for kvk","Dr. Kumod Kant Jha
Programme Coordinator
Krishi Vigyan Kendra
Pipra Kothi
Distt. East Champaran -845401
Email: drarunimapusa@yahoo.com 09431475656",BIHAR,CHAMPARAN(WEST),BAGAHA-I,2018-07-06T16:48:30Z
KHARIF,AGRICULTURE,Others,Others,"Sowing Time and Weather","query for kvk","Dr. Kumod Kant Jha
Programme Coordinator
Krishi Vigyan Kendra
Pipra Kothi
Distt. East Champaran -845401
Email: drarunimapusa@yahoo.com 09431475656",BIHAR,CHAMPARAN(WEST),BAGAHA-I,2018-07-06T16:48:30Z
KHARIF,AGRICULTURE,Cereals,"Paddy (Dhan)",Weather,"Weather information","????? ?? ????? ???? ??? ?????? ? ???? ?????????? ?? ??????? ??",BIHAR,CHAMPARAN(WEST),SIKTA,2018-07-07T14:13:18Z
KHARIF,AGRICULTURE,Cereals,"Paddy (Dhan)",Weather,"Weather information","????? ?? ????? ???? ??? ?????? ? ???? ?????????? ?? ??????? ??",BIHAR,CHAMPARAN(WEST),SIKTA,2018-07-07T14:13:18Z
KHARIF,AGRICULTURE,Others,Others,Weather,"WEATHER INFORMATION","Cloudy weather in your area, chance of rain in your area",BIHAR,CHAMPARAN(WEST),NARKATIAGANJ,2018-07-07T20:25:37Z
KHARIF,AGRICULTURE,Others,Others,Weather,"WEATHER INFORMATION","Cloudy weather in your area, chance of rain in your area",BIHAR,CHAMPARAN(WEST),NARKATIAGANJ,2018-07-07T20:25:37Z
KHARIF,HORTICULTURE,Vegetables,Chillies,"Vegetative Propagation and Tissue Culture","VARIETIES OF CHILIES","VARIETIES ARE PUSA SADABAHAR,PANJAB LAL,AGNI REKHA FOR CHILIES",BIHAR,CHAMPARAN(WEST),PIPRASI,2018-07-08T17:18:24Z
KHARIF,HORTICULTURE,Vegetables,Chillies,"Vegetative Propagation and Tissue Culture","VARIETIES OF CHILIES","VARIETIES ARE PUSA SADABAHAR,PANJAB LAL,AGNI REKHA FOR CHILIES",BIHAR,CHAMPARAN(WEST),PIPRASI,2018-07-08T17:18:24Z
RABI,HORTICULTURE,Vegetables,Brinjal,"Plant Protection","Tobacco mosaic virus","•Spray insecticides like Dimethoate 2 ml/litre or Metasystox 1 ml/litre of water to control the insect vectors",BIHAR,CHAMPARAN(WEST),MADHUBANI,2018-07-09T12:51:14Z
RABI,HORTICULTURE,Vegetables,Brinjal,"Plant Protection","Tobacco mosaic virus","•Spray insecticides like Dimethoate 2 ml/litre or Metasystox 1 ml/litre of water to control the insect vectors",BIHAR,CHAMPARAN(WEST),MADHUBANI,2018-07-09T12:51:14Z
KHARIF,AGRICULTURE,Others,Others,"Field Preparation","CONTACT KVK","CONTACT KVK",BIHAR,CHAMPARAN(WEST),MAINATAND,2018-07-09T14:11:11Z
KHARIF,AGRICULTURE,Others,Others,"Field Preparation","CONTACT KVK","CONTACT KVK",BIHAR,CHAMPARAN(WEST),MAINATAND,2018-07-09T14:11:11Z
KHARIF,AGRICULTURE,Others,Others,Weather,"WEATHER INFORMATION","Cloudy weather in your area, chance of rain in your area .",BIHAR,CHAMPARAN(WEST),GAUNAHA,2018-07-09T14:18:28Z
KHARIF,AGRICULTURE,Others,Others,Weather,"WEATHER INFORMATION","Cloudy weather in your area, chance of rain in your area .",BIHAR,CHAMPARAN(WEST),GAUNAHA,2018-07-09T14:18:28Z
KHARIF,AGRICULTURE,Cereals,"Paddy (Dhan)",Weather,"WEATHER INFORMATION","?? ?? ??????? ??? ???? ???  ????? ??  ????? ???? ?? ??????? ??",BIHAR,CHAMPARAN(WEST),GAUNAHA,2018-07-09T14:26:00Z
KHARIF,AGRICULTURE,Cereals,"Paddy (Dhan)",Weather,"WEATHER INFORMATION","?? ?? ??????? ??? ???? ???  ????? ??  ????? ???? ?? ??????? ??",BIHAR,CHAMPARAN(WEST),GAUNAHA,2018-07-09T14:26:00Z
KHARIF,AGRICULTURE,Others,Others,Weather,"WEATHER INFORMATION","Cloudy weather in your area, chance of rain in your area .",BIHAR,CHAMPARAN(WEST),NARKATIAGANJ,2018-07-09T14:34:49Z
KHARIF,AGRICULTURE,Others,Others,Weather,"WEATHER INFORMATION","Cloudy weather in your area, chance of rain in your area .",BIHAR,CHAMPARAN(WEST),NARKATIAGANJ,2018-07-09T14:34:49Z
KHARIF,AGRICULTURE,Others,Others,Weather,"WEATHER INFORMATION","Cloudy weather in your area, chance of rain in your area .",BIHAR,CHAMPARAN(WEST),NARKATIAGANJ,2018-07-09T14:37:01Z
KHARIF,AGRICULTURE,Others,Others,Weather,"WEATHER INFORMATION","Cloudy weather in your area, chance of rain in your area .",BIHAR,CHAMPARAN(WEST),NARKATIAGANJ,2018-07-09T14:37:01Z
KHARIF,AGRICULTURE,Others,Others,"Field Preparation","Variety of Potato","Variety of Potato - KUFRI ASHOKA, KUFRI PUKHRAJ, KUFRI KANCHAN, KUFRI PUSHKAR, KUFRI LALIMA, RAJENDRA AALU-1,2,3, KUFRI SINDURI",BIHAR,CHAMPARAN(WEST),BAGAHA-I,2018-07-09T15:47:36Z
KHARIF,AGRICULTURE,Others,Others,"Field Preparation","Variety of Potato","Variety of Potato - KUFRI ASHOKA, KUFRI PUKHRAJ, KUFRI KANCHAN, KUFRI PUSHKAR, KUFRI LALIMA, RAJENDRA AALU-1,2,3, KUFRI SINDURI",BIHAR,CHAMPARAN(WEST),BAGAHA-I,2018-07-09T15:47:36Z
KHARIF,AGRICULTURE,Others,Others,"Field Preparation","WEATHER INFORMATION","Cloudy weather in your area but no chance of rain in your area",BIHAR,CHAMPARAN(WEST),NARKATIAGANJ,2018-07-09T21:58:05Z
KHARIF,AGRICULTURE,Others,Others,"Field Preparation","WEATHER INFORMATION","Cloudy weather in your area but no chance of rain in your area",BIHAR,CHAMPARAN(WEST),NARKATIAGANJ,2018-07-09T21:58:05Z
KHARIF,AGRICULTURE,Cereals,"Paddy (Dhan)",Weather,"Weather information","???? ??????? ??? ???? ??? ????? ?? ????? ????  ?? ??????? ??",BIHAR,CHAMPARAN(WEST),BAGAHA-I,2018-07-10T20:50:03Z
KHARIF,AGRICULTURE,Cereals,"Paddy (Dhan)",Weather,"Weather information","???? ??????? ??? ???? ??? ????? ?? ????? ????  ?? ??????? ??",BIHAR,CHAMPARAN(WEST),BAGAHA-I,2018-07-10T20:50:03Z
KHARIF,AGRICULTURE,Others,Others,Weather,"WEATHER INFORMATION","Cloudy weather in your area, chance of rain in your area",BIHAR,CHAMPARAN(WEST),NAUTAN,2018-07-11T11:39:10Z
KHARIF,AGRICULTURE,Others,Others,Weather,"WEATHER INFORMATION","Cloudy weather in your area, chance of rain in your area",BIHAR,CHAMPARAN(WEST),NAUTAN,2018-07-11T11:39:10Z
KHARIF,AGRICULTURE,Cereals,"Paddy (Dhan)","Weed Management","WEED MANAGEMENT IN TRANSPLANTING RICE FIELD","SPRAY BUTACHLORE 50EC @ 3 LITRE /600-700 LITRE WATER",BIHAR,CHAMPARAN(WEST),BAGAHA-II,2018-07-11T12:18:23Z
KHARIF,AGRICULTURE,Cereals,"Paddy (Dhan)","Weed Management","WEED MANAGEMENT IN TRANSPLANTING RICE FIELD","SPRAY BUTACHLORE 50EC @ 3 LITRE /600-700 LITRE WATER",BIHAR,CHAMPARAN(WEST),BAGAHA-II,2018-07-11T12:18:23Z
KHARIF,AGRICULTURE,Others,Others,"Plant Protection","Red rot IN SUGARCANE","Carbendazim  2gm in 1 litre of water",BIHAR,CHAMPARAN(WEST),BAGAHA-I,2018-07-11T14:27:27Z
KHARIF,AGRICULTURE,Others,Others,"Plant Protection","Red rot IN SUGARCANE","Carbendazim  2gm in 1 litre of water",BIHAR,CHAMPARAN(WEST),BAGAHA-I,2018-07-11T14:27:27Z
KHARIF,AGRICULTURE,Cereals,"Paddy (Dhan)",Weather,"WEATHER INFORMATION","???? ???  ????? ????? ???? ?? ??????? ??",BIHAR,CHAMPARAN(WEST),GAUNAHA,2018-07-11T16:15:14Z
KHARIF,AGRICULTURE,Cereals,"Paddy (Dhan)",Weather,"WEATHER INFORMATION","???? ???  ????? ????? ???? ?? ??????? ??",BIHAR,CHAMPARAN(WEST),GAUNAHA,2018-07-11T16:15:14Z
KHARIF,AGRICULTURE,Others,Others,Weather,"weather information","Cloudy weather in your area, chance of rain in your area.",BIHAR,CHAMPARAN(WEST),BAGAHA-II,2018-07-11T18:55:43Z
KHARIF,AGRICULTURE,Others,Others,Weather,"weather information","Cloudy weather in your area, chance of rain in your area.",BIHAR,CHAMPARAN(WEST),BAGAHA-II,2018-07-11T18:55:43Z
KHARIF,AGRICULTURE,Cereals,"Paddy (Dhan)",Weather,"Weather information","???? ???? ???? ??? ????? ,?? ????? ????? ???? ??  ???????? ??",BIHAR,CHAMPARAN(WEST),CHANPATIA,2018-07-11T21:17:24Z
KHARIF,AGRICULTURE,Cereals,"Paddy (Dhan)",Weather,"Weather information","???? ???? ???? ??? ????? ,?? ????? ????? ???? ??  ???????? ??",BIHAR,CHAMPARAN(WEST),CHANPATIA,2018-07-11T21:17:24Z
KHARIF,AGRICULTURE,Others,Others,"Field Preparation","WEATHER INFORMATION","Heavy Cloudy weather in your area,chance of rain in your area",BIHAR,CHAMPARAN(WEST),BHITAHA,2018-07-13T16:08:33Z
KHARIF,AGRICULTURE,Others,Others,"Field Preparation","WEATHER INFORMATION","Heavy Cloudy weather in your area,chance of rain in your area",BIHAR,CHAMPARAN(WEST),BHITAHA,2018-07-13T16:08:33Z
KHARIF,AGRICULTURE,Others,Others,Weather,"weather information","Hazy weather in your area ,no chance of rain",BIHAR,CHAMPARAN(WEST),SIKTA,2018-07-13T17:25:51Z
KHARIF,AGRICULTURE,Others,Others,Weather,"weather information","Hazy weather in your area ,no chance of rain",BIHAR,CHAMPARAN(WEST),SIKTA,2018-07-13T17:25:51Z
KHARIF,AGRICULTURE,Others,Others,"Plant Protection","insect infestation in paddy","Spray cloropyriphos @ 2 ml in 1 litre of water",BIHAR,CHAMPARAN(WEST),BETTIAH,2018-07-15T17:13:17Z
KHARIF,AGRICULTURE,Others,Others,"Plant Protection","insect infestation in paddy","Spray cloropyriphos @ 2 ml in 1 litre of water",BIHAR,CHAMPARAN(WEST),BETTIAH,2018-07-15T17:13:17Z
KHARIF,AGRICULTURE,Others,Others,"Field Preparation","WEATHER INFORMATION","Cloudy weather in your area but no chance of rain in your area",BIHAR,CHAMPARAN(WEST),GAUNAHA,2018-07-16T07:00:03Z
KHARIF,AGRICULTURE,Others,Others,"Field Preparation","WEATHER INFORMATION","Cloudy weather in your area but no chance of rain in your area",BIHAR,CHAMPARAN(WEST),GAUNAHA,2018-07-16T07:00:03Z
KHARIF,AGRICULTURE,Others,Others,"Field Preparation","WEATHER INFORMATION","Heavy Cloudy weather in your area,chance of rain in your area",BIHAR,CHAMPARAN(WEST),MAJHAULIA,2018-07-16T09:59:37Z
KHARIF,AGRICULTURE,Others,Others,"Field Preparation","WEATHER INFORMATION","Heavy Cloudy weather in your area,chance of rain in your area",BIHAR,CHAMPARAN(WEST),MAJHAULIA,2018-07-16T09:59:37Z
KHARIF,AGRICULTURE,Others,Others,"Field Preparation",www.dbtagriculture.bihar.gov.in,www.dbtagriculture.bihar.gov.in,BIHAR,CHAMPARAN(WEST),BAGAHA-I,2018-07-16T13:30:13Z
KHARIF,AGRICULTURE,Others,Others,"Field Preparation",www.dbtagriculture.bihar.gov.in,www.dbtagriculture.bihar.gov.in,BIHAR,CHAMPARAN(WEST),BAGAHA-I,2018-07-16T13:30:13Z
KHARIF,AGRICULTURE,Others,Others,"Field Preparation","WEATHER INFORMATION","Heavy Cloudy weather in your area,chance of rain in your area",BIHAR,CHAMPARAN(WEST),JOGAPATTI,2018-07-17T08:10:39Z
KHARIF,AGRICULTURE,Others,Others,"Field Preparation","WEATHER INFORMATION","Heavy Cloudy weather in your area,chance of rain in your area",BIHAR,CHAMPARAN(WEST),JOGAPATTI,2018-07-17T08:10:39Z
KHARIF,AGRICULTURE,Others,Others,"Field Preparation","WEATHER INFORMATION","Heavy Cloudy weather in your area,chance of rain in your area",BIHAR,CHAMPARAN(WEST),CHANPATIA,2018-07-17T10:37:21Z
KHARIF,AGRICULTURE,Others,Others,"Field Preparation","WEATHER INFORMATION","Heavy Cloudy weather in your area,chance of rain in your area",BIHAR,CHAMPARAN(WEST),CHANPATIA,2018-07-17T10:37:21Z
KHARIF,AGRICULTURE,Cereals,"Paddy (Dhan)",Weather,"WEATHER INFORMATION","?? ?? ??????? ??? ???? ???  ????? ??  ????? ???? ?? ??????? ??",BIHAR,CHAMPARAN(WEST),BAGAHA-I,2018-07-17T16:42:55Z
KHARIF,AGRICULTURE,Cereals,"Paddy (Dhan)",Weather,"WEATHER INFORMATION","?? ?? ??????? ??? ???? ???  ????? ??  ????? ???? ?? ??????? ??",BIHAR,CHAMPARAN(WEST),BAGAHA-I,2018-07-17T16:42:55Z
KHARIF,AGRICULTURE,Others,Others,Weather,"WEATHER INFORMATION","SHOWER OF RAIN IN YOUR AREA",BIHAR,CHAMPARAN(WEST),GAUNAHA,2018-07-17T17:05:58Z
KHARIF,AGRICULTURE,Others,Others,Weather,"WEATHER INFORMATION","SHOWER OF RAIN IN YOUR AREA",BIHAR,CHAMPARAN(WEST),GAUNAHA,2018-07-17T17:05:58Z
KHARIF,AGRICULTURE,Others,Others,Weather,"Weather information","Cloudy weather in your area ,chance of rain in your area",BIHAR,CHAMPARAN(WEST),MAJHAULIA,2018-07-18T12:32:15Z
KHARIF,AGRICULTURE,Others,Others,Weather,"Weather information","Cloudy weather in your area ,chance of rain in your area",BIHAR,CHAMPARAN(WEST),MAJHAULIA,2018-07-18T12:32:15Z
KHARIF,AGRICULTURE,Cereals,"Paddy (Dhan)",Weather,"Weather information","Very low Cloudy weather in your area and no chance of rain",BIHAR,CHAMPARAN(WEST),GAUNAHA,2018-07-18T16:39:14Z
KHARIF,AGRICULTURE,Cereals,"Paddy (Dhan)",Weather,"Weather information","Very low Cloudy weather in your area and no chance of rain",BIHAR,CHAMPARAN(WEST),GAUNAHA,2018-07-18T16:39:14Z
KHARIF,AGRICULTURE,Cereals,"Paddy (Dhan)",Weather,"WEATHER INFORMATION","?? ?? ?? ???? ??????? ??? ????? ?? ???????  ??? ??",BIHAR,CHAMPARAN(WEST),MADHUBANI,2018-07-18T21:08:48Z
KHARIF,AGRICULTURE,Cereals,"Paddy (Dhan)",Weather,"WEATHER INFORMATION","?? ?? ?? ???? ??????? ??? ????? ?? ???????  ??? ??",BIHAR,CHAMPARAN(WEST),MADHUBANI,2018-07-18T21:08:48Z
KHARIF,AGRICULTURE,Others,Others,"Field Preparation","Weather Information","Cloudy weather today and tomorrow  chance of rain",BIHAR,CHAMPARAN(WEST),BETTIAH,2018-07-19T08:33:30Z
KHARIF,AGRICULTURE,Others,Others,"Field Preparation","Weather Information","Cloudy weather today and tomorrow  chance of rain",BIHAR,CHAMPARAN(WEST),BETTIAH,2018-07-19T08:33:30Z
KHARIF,AGRICULTURE,Others,Others,Weather,"WEATHER INFORMATION","today and tomorrow there is a possibility of light rain in your area.",BIHAR,CHAMPARAN(WEST),NARKATIAGANJ,2018-07-19T09:02:34Z
KHARIF,AGRICULTURE,Others,Others,Weather,"WEATHER INFORMATION","today and tomorrow there is a possibility of light rain in your area.",BIHAR,CHAMPARAN(WEST),NARKATIAGANJ,2018-07-19T09:02:34Z
KHARIF,AGRICULTURE,Others,Others,"Government Schemes","farmer registration For","For farmer registration : www.krishimis.in",BIHAR,CHAMPARAN(WEST),BAGAHA-II,2018-07-19T13:04:26Z
KHARIF,AGRICULTURE,Others,Others,"Government Schemes","farmer registration For","For farmer registration : www.krishimis.in",BIHAR,CHAMPARAN(WEST),BAGAHA-II,2018-07-19T13:04:26Z
KHARIF,AGRICULTURE,Others,Others,Weather,"WEATHER INFORMATION","Cloudy weather in your area, chance of rain in your area",BIHAR,CHAMPARAN(WEST),MADHUBANI,2018-07-20T08:19:31Z
KHARIF,AGRICULTURE,Others,Others,Weather,"WEATHER INFORMATION","Cloudy weather in your area, chance of rain in your area",BIHAR,CHAMPARAN(WEST),MADHUBANI,2018-07-20T08:19:31Z
KHARIF,AGRICULTURE,Others,Others,Weather,"WEATHER INFORMATION","Cloudy weather in your area, chance of rain in your area",BIHAR,CHAMPARAN(WEST),MADHUBANI,2018-07-20T08:21:54Z
KHARIF,AGRICULTURE,Others,Others,Weather,"WEATHER INFORMATION","Cloudy weather in your area, chance of rain in your area",BIHAR,CHAMPARAN(WEST),MADHUBANI,2018-07-20T08:21:54Z
KHARIF,AGRICULTURE,Others,Others,"Field Preparation","weather informesion","Heavy Cloudy weather in your area,chance of rain in your area",BIHAR,CHAMPARAN(WEST),GAUNAHA,2018-07-20T12:56:33Z
KHARIF,AGRICULTURE,Others,Others,"Field Preparation","weather informesion","Heavy Cloudy weather in your area,chance of rain in your area",BIHAR,CHAMPARAN(WEST),GAUNAHA,2018-07-20T12:56:33Z
KHARIF,AGRICULTURE,Others,Others,"Field Preparation","WEATHER INFORMATION","Heavy Cloudy weather in your area,chance of rain in your area",BIHAR,CHAMPARAN(WEST),CHANPATIA,2018-07-20T14:00:34Z
KHARIF,AGRICULTURE,Others,Others,"Field Preparation","WEATHER INFORMATION","Heavy Cloudy weather in your area,chance of rain in your area",BIHAR,CHAMPARAN(WEST),CHANPATIA,2018-07-20T14:00:34Z
KHARIF,AGRICULTURE,Others,Others,"Government Schemes","PROBLEM RELATED TO DBT ERROR","AAP BLOCK ME CONTACT KARE",BIHAR,CHAMPARAN(WEST),BETTIAH,2018-07-21T11:09:59Z
KHARIF,AGRICULTURE,Others,Others,"Government Schemes","PROBLEM RELATED TO DBT ERROR","AAP BLOCK ME CONTACT KARE",BIHAR,CHAMPARAN(WEST),BETTIAH,2018-07-21T11:09:59Z
KHARIF,AGRICULTURE,Others,Others,"Field Preparation","weed problem in paddy","butachlor@2 ml/lit water+sathi@2ml/lit water spray",BIHAR,CHAMPARAN(WEST),MAINATAND,2018-07-21T18:18:41Z
KHARIF,AGRICULTURE,Others,Others,"Field Preparation","weed problem in paddy","butachlor@2 ml/lit water+sathi@2ml/lit water spray",BIHAR,CHAMPARAN(WEST),MAINATAND,2018-07-21T18:18:41Z
KHARIF,HORTICULTURE,Vegetables,Brinjal,Floriculture,"VARITY OF BRINJAL","??????? Anamika	?????? ????	?? ???? ?????? ?? ?? ??????? ???, ?????? ??? ?? ???? ??? ?? ???????? ??? ???? ???? ?? ?? ??? ??? 40-50 ????? ???? ?? ? ????????? ?? ??? ?????? ???????? ??? ??? ???? ????
????????? Green Long	?????? ????	?? ???? ?????? ?? ?? ???????? ?????? ? ??? ??? ?? ???? ??? ?? ???????? ??? ???? ???? ????????? ????? ???? ??? ??? ?? ???? ???? ???? ?? 60 ???? ??? ???? ????? ?? ??? ????? ?? ???? ????
Pusa Purple Long ???? ????? ????	IARI	It is an early maturing variety. Fruits are glossy,light purple in colour, 25-30 cm long, smooth and tender. Crop is ready for picking in 100 to 110 days. Suitable for spring and autumn plantings, average yield is 27.5 t/ha. Moderately tolerant to shoot borer and little leaf disease.
Pusa Purple Cluster ???? ????? ???????	IARI	Medium early, Fruits borne in clusters of 4-9 & 10-12 cm long. Most suitable for South & NOrthern Hills
PH-4 ???? 4	PAU & HAU	Fruits medium to long, flesh light green
Pant Samrat	Pantnagar	Plant height 80-120cm. Resistant to phomopsis blight and bacterial wilt. Good for rainy season
K-202-9 ?? 202-9	Kalianpur	Plants height 60-70 cm. Fruits edible maturity 70-75 days after transplant, more self life. Tolerant to fruitrot, wilt and blight. Yield 383 q/ha
Pusa Hybrid-5 ???? ???? 5",BIHAR,CHAMPARAN(WEST),GAUNAHA,2018-07-21T19:04:33Z
KHARIF,HORTICULTURE,Vegetables,Brinjal,Floriculture,"VARITY OF BRINJAL","??????? Anamika	?????? ????	?? ???? ?????? ?? ?? ??????? ???, ?????? ??? ?? ???? ??? ?? ???????? ??? ???? ???? ?? ?? ??? ??? 40-50 ????? ???? ?? ? ????????? ?? ??? ?????? ???????? ??? ??? ???? ????
????????? Green Long	?????? ????	?? ???? ?????? ?? ?? ???????? ?????? ? ??? ??? ?? ???? ??? ?? ???????? ??? ???? ???? ????????? ????? ???? ??? ??? ?? ???? ???? ???? ?? 60 ???? ??? ???? ????? ?? ??? ????? ?? ???? ????
Pusa Purple Long ???? ????? ????	IARI	It is an early maturing variety. Fruits are glossy,light purple in colour, 25-30 cm long, smooth and tender. Crop is ready for picking in 100 to 110 days. Suitable for spring and autumn plantings, average yield is 27.5 t/ha. Moderately tolerant to shoot borer and little leaf disease.
Pusa Purple Cluster ???? ????? ???????	IARI	Medium early, Fruits borne in clusters of 4-9 & 10-12 cm long. Most suitable for South & NOrthern Hills
PH-4 ???? 4	PAU & HAU	Fruits medium to long, flesh light green
Pant Samrat	Pantnagar	Plant height 80-120cm. Resistant to phomopsis blight and bacterial wilt. Good for rainy season
K-202-9 ?? 202-9	Kalianpur	Plants height 60-70 cm. Fruits edible maturity 70-75 days after transplant, more self life. Tolerant to fruitrot, wilt and blight. Yield 383 q/ha
Pusa Hybrid-5 ???? ???? 5",BIHAR,CHAMPARAN(WEST),GAUNAHA,2018-07-21T19:04:33Z
KHARIF,AGRICULTURE,Cereals,"Paddy (Dhan)",Weather,"WEATHER INFORMATION","???? ???  ?????, ????? ????? ???? ?? ??????? ??",BIHAR,CHAMPARAN(WEST),JOGAPATTI,2018-07-22T07:25:59Z
KHARIF,AGRICULTURE,Cereals,"Paddy (Dhan)",Weather,"WEATHER INFORMATION","???? ???  ?????, ????? ????? ???? ?? ??????? ??",BIHAR,CHAMPARAN(WEST),JOGAPATTI,2018-07-22T07:25:59Z
KHARIF,AGRICULTURE,Others,Others,Weather,"WEATHER INFORMATION","Cloudy weather in your area, chance of rain in your area .",BIHAR,CHAMPARAN(WEST),RAMNAGAR,2018-07-23T09:37:50Z
KHARIF,AGRICULTURE,Others,Others,Weather,"WEATHER INFORMATION","Cloudy weather in your area, chance of rain in your area .",BIHAR,CHAMPARAN(WEST),RAMNAGAR,2018-07-23T09:37:50Z
KHARIF,HORTICULTURE,Vegetables,Bhindi(Okra/Ladysfinger),"Plant Protection","FRUI BORER IN BRINJAL","SPRAY IMIDACHLOROPRID 1ML/3LIT OF WATER IN BRINJAL",BIHAR,CHAMPARAN(WEST),PIPRASI,2018-07-23T16:44:56Z
KHARIF,HORTICULTURE,Vegetables,Bhindi(Okra/Ladysfinger),"Plant Protection","FRUI BORER IN BRINJAL","SPRAY IMIDACHLOROPRID 1ML/3LIT OF WATER IN BRINJAL",BIHAR,CHAMPARAN(WEST),PIPRASI,2018-07-23T16:44:56Z
KHARIF,AGRICULTURE,Others,Others,Weather,"WEATHER INFORMATION","Cloudy weather in your area, chance of rain in your area .",BIHAR,CHAMPARAN(WEST),LAURIYA,2018-07-24T11:41:06Z
KHARIF,AGRICULTURE,Others,Others,Weather,"WEATHER INFORMATION","Cloudy weather in your area, chance of rain in your area .",BIHAR,CHAMPARAN(WEST),LAURIYA,2018-07-24T11:41:06Z
KHARIF,AGRICULTURE,Others,Others,Weather,"WEATHER INFORMATION","Cloudy weather in your area, chance of rain in your area .",BIHAR,CHAMPARAN(WEST),NARKATIAGANJ,2018-07-28T08:31:44Z
KHARIF,AGRICULTURE,Others,Others,Weather,"WEATHER INFORMATION","Cloudy weather in your area, chance of rain in your area .",BIHAR,CHAMPARAN(WEST),NARKATIAGANJ,2018-07-28T08:31:44Z
KHARIF,AGRICULTURE,Others,Others,Weather,"WEATHER INFORMATION","Cloudy weather in your area, chance of rain in your area .",BIHAR,CHAMPARAN(WEST),BETTIAH,2018-07-28T08:47:42Z
KHARIF,AGRICULTURE,Others,Others,Weather,"WEATHER INFORMATION","Cloudy weather in your area, chance of rain in your area .",BIHAR,CHAMPARAN(WEST),BETTIAH,2018-07-28T08:47:42Z
KHARIF,AGRICULTURE,Others,Others,Weather,"problem related to dbt","aap sahaj kendra me jaye",BIHAR,CHAMPARAN(WEST),NARKATIAGANJ,2018-07-28T09:48:42Z
KHARIF,AGRICULTURE,Others,Others,Weather,"problem related to dbt","aap sahaj kendra me jaye",BIHAR,CHAMPARAN(WEST),NARKATIAGANJ,2018-07-28T09:48:42Z
KHARIF,AGRICULTURE,Others,Others,Weather,"WEATHER INFORMATION","Cloudy weather in your area, chance of rain in your area .",BIHAR,CHAMPARAN(WEST),NARKATIAGANJ,2018-07-28T10:28:05Z
KHARIF,AGRICULTURE,Others,Others,Weather,"WEATHER INFORMATION","Cloudy weather in your area, chance of rain in your area .",BIHAR,CHAMPARAN(WEST),NARKATIAGANJ,2018-07-28T10:28:05Z
KHARIF,AGRICULTURE,Cereals,"Paddy (Dhan)",Weather,"Weather information","???? ???  ????? ????? ???? ?? ??????? ??",BIHAR,CHAMPARAN(WEST),NAUTAN,2018-07-28T13:57:31Z
KHARIF,AGRICULTURE,Cereals,"Paddy (Dhan)",Weather,"Weather information","???? ???  ????? ????? ???? ?? ??????? ??",BIHAR,CHAMPARAN(WEST),NAUTAN,2018-07-28T13:57:31Z
KHARIF,AGRICULTURE,Others,Others,Weather,"WEATHER INFORMATION","Cloudy weather in your area, chance of rain in your area .",BIHAR,CHAMPARAN(WEST),NAUTAN,2018-07-28T14:00:45Z
KHARIF,AGRICULTURE,Others,Others,Weather,"WEATHER INFORMATION","Cloudy weather in your area, chance of rain in your area .",BIHAR,CHAMPARAN(WEST),NAUTAN,2018-07-28T14:00:45Z
KHARIF,AGRICULTURE,Others,Others,"Government Schemes","problem related to dbt","aap sahaj kendra me jaye",BIHAR,CHAMPARAN(WEST),MAJHAULIA,2018-07-29T11:32:34Z
KHARIF,AGRICULTURE,Others,Others,"Government Schemes","problem related to dbt","aap sahaj kendra me jaye",BIHAR,CHAMPARAN(WEST),MAJHAULIA,2018-07-29T11:32:34Z
KHARIF,AGRICULTURE,Cereals,"Paddy (Dhan)",Weather,"Weather information","???? ???  ?????  ????? ????? ???? ??  ???  ??????? ??",BIHAR,CHAMPARAN(WEST),GAUNAHA,2018-07-29T12:30:10Z
KHARIF,AGRICULTURE,Cereals,"Paddy (Dhan)",Weather,"Weather information","???? ???  ?????  ????? ????? ???? ??  ???  ??????? ??",BIHAR,CHAMPARAN(WEST),GAUNAHA,2018-07-29T12:30:10Z
KHARIF,AGRICULTURE,Others,Others,"Field Preparation",www.krishimis.in,www.krishimis.in,BIHAR,CHAMPARAN(WEST),CHANPATIA,2018-07-29T16:26:20Z
KHARIF,AGRICULTURE,Others,Others,"Field Preparation",www.krishimis.in,www.krishimis.in,BIHAR,CHAMPARAN(WEST),CHANPATIA,2018-07-29T16:26:20Z
KHARIF,AGRICULTURE,Others,Others,"Field Preparation",www.krishimis.in,www.krishimis.in,BIHAR,CHAMPARAN(WEST),CHANPATIA,2018-07-29T16:40:22Z
KHARIF,AGRICULTURE,Others,Others,"Field Preparation",www.krishimis.in,www.krishimis.in,BIHAR,CHAMPARAN(WEST),CHANPATIA,2018-07-29T16:40:22Z
KHARIF,AGRICULTURE,Others,Others,"Field Preparation","yellow leaf on chilli","copperoxychlorid@ 2 g/lit water spray",BIHAR,CHAMPARAN(WEST),JOGAPATTI,2018-07-30T15:38:48Z
KHARIF,AGRICULTURE,Others,Others,"Field Preparation","yellow leaf on chilli","copperoxychlorid@ 2 g/lit water spray",BIHAR,CHAMPARAN(WEST),JOGAPATTI,2018-07-30T15:38:48Z
KHARIF,AGRICULTURE,Others,Others,"Field Preparation","Toll free number of Animal husdbandry","Toll free number of Animal husdbandry 1800 180 5444/5666",BIHAR,CHAMPARAN(WEST),CHANPATIA,2018-07-30T18:32:06Z
KHARIF,AGRICULTURE,Others,Others,"Field Preparation","Toll free number of Animal husdbandry","Toll free number of Animal husdbandry 1800 180 5444/5666",BIHAR,CHAMPARAN(WEST),CHANPATIA,2018-07-30T18:32:06Z
KHARIF,AGRICULTURE,Others,Others,Weather,weather,"no rain",BIHAR,CHAMPARAN(WEST),PIPRASI,2018-07-30T18:51:02Z
KHARIF,AGRICULTURE,Others,Others,Weather,weather,"no rain",BIHAR,CHAMPARAN(WEST),PIPRASI,2018-07-30T18:51:02Z
KHARIF,AGRICULTURE,Others,Others,Weather,weather,"no rian",BIHAR,CHAMPARAN(WEST),PIPRASI,2018-07-30T19:28:23Z
KHARIF,AGRICULTURE,Others,Others,Weather,weather,"no rian",BIHAR,CHAMPARAN(WEST),PIPRASI,2018-07-30T19:28:23Z
KHARIF,HORTICULTURE,Vegetables,Chillies,"Seeds and Planting Material","varieties of chilies","varieties are kashi anmol,kashi gaurav,pant chili for chili",BIHAR,CHAMPARAN(WEST),PIPRASI,2018-07-30T19:39:04Z
KHARIF,HORTICULTURE,Vegetables,Chillies,"Seeds and Planting Material","varieties of chilies","varieties are kashi anmol,kashi gaurav,pant chili for chili",BIHAR,CHAMPARAN(WEST),PIPRASI,2018-07-30T19:39:04Z
KHARIF,AGRICULTURE,Others,Others,Weather,"WEATHER INFORMATION","Cloudy weather in your area ,chance of rain in your area",BIHAR,CHAMPARAN(WEST),NARKATIAGANJ,2018-07-31T12:16:21Z
KHARIF,AGRICULTURE,Others,Others,Weather,"WEATHER INFORMATION","Cloudy weather in your area ,chance of rain in your area",BIHAR,CHAMPARAN(WEST),NARKATIAGANJ,2018-07-31T12:16:21Z
KHARIF,AGRICULTURE,Others,Others,Weather,"weather information","Cloudy weather in your area, chance of rain in your area.",BIHAR,CHAMPARAN(WEST),JOGAPATTI,2018-07-31T14:39:58Z
KHARIF,AGRICULTURE,Others,Others,Weather,"weather information","Cloudy weather in your area, chance of rain in your area.",BIHAR,CHAMPARAN(WEST),JOGAPATTI,2018-07-31T14:39:58Z
KHARIF,AGRICULTURE,Others,Others,"Field Preparation","Government scheme website","Government scheme website- www.krishi.bih.nic.in.",BIHAR,CHAMPARAN(WEST),THAKRAHAN,2018-07-31T19:21:19Z
KHARIF,AGRICULTURE,Others,Others,"Field Preparation","Government scheme website","Government scheme website- www.krishi.bih.nic.in.",BIHAR,CHAMPARAN(WEST),THAKRAHAN,2018-07-31T19:21:19Z
