Season,Sector,Category,Crop,QueryType,QueryText,KCCAns,StateName,DistrictName,BlockName,CreatedOn
RABI,AGRICULTURE,Cereals,Wheat,Weather,"WEATHER INFORMATION","???? ???  ?????  ????? ?? ??????? ??",BIHAR,SHEKHPURA,CHEWARA,2018-02-02T16:07:06Z
RABI,AGRICULTURE,Others,Others,"Field Preparation","Yellowing of leaves /Rotting problem","SPRAY MANCOZEB @ 2 GRAM/LITRE OF WATER",BIHAR,SHEKHPURA,CHEWARA,2018-02-03T20:12:50Z
JAYAD,AGRICULTURE,Others,Others,"Plant Protection","Insect infestation","Spray triazophos @ 2ml in 1 litre of water",BIHAR,SHEKHPURA,CHEWARA,2018-02-03T20:16:08Z
JAYAD,AGRICULTURE,Others,Others,Weather,"WEATHER INFORMATION","The weather will remain like oak, but the smoke will be feeding.",BIHAR,SHEKHPURA,BARBIGHA,2018-02-04T07:30:57Z
JAYAD,AGRICULTURE,Others,Others,"Weed Management","weed management in onion","hand weeding",BIHAR,SHEKHPURA,ARIARI,2018-02-05T15:22:01Z
JAYAD,AGRICULTURE,Others,Others,Weather,"WEATHER INFORMATION","Hazy sun",BIHAR,SHEKHPURA,ARIARI,2018-02-05T15:26:43Z
JAYAD,AGRICULTURE,Others,Others,Weather,"WEATHER INFORMATION","Hazy sun",BIHAR,SHEKHPURA,ARIARI,2018-02-05T15:31:25Z
JAYAD,AGRICULTURE,Others,Others,Weather,"WEATHER INFORMATION","weather in your area and no chance of rain in your area",BIHAR,SHEKHPURA,CHEWARA,2018-02-06T14:27:38Z
RABI,AGRICULTURE,Others,Others,"Cultural Practices","growth more in arhar","no supply nutrient",BIHAR,SHEKHPURA,CHEWARA,2018-02-07T13:20:00Z
JAYAD,AGRICULTURE,Others,Others,Weather,"Weather information","Hazy weather in your area ,no chance of rain",BIHAR,SHEKHPURA,"SHEIKHOPUR SARAI",2018-02-07T13:21:12Z
JAYAD,AGRICULTURE,Others,Others,Weather,"WEATHER INFORMATION","Heavy Cloudy weather in your area, no chance of rain in your area",BIHAR,SHEKHPURA,SHEIKHPURA,2018-02-07T13:27:07Z
JAYAD,AGRICULTURE,Others,Others,"Plant Protection","insect infestation in gram","Spray chlorpyriphos @ 2 ml in 1 litre of water",BIHAR,SHEKHPURA,SHEIKHPURA,2018-02-07T14:55:01Z
RABI,AGRICULTURE,Others,Others,"Sowing Time and Weather","WEATHER INFORMATION","HAZY SUNSHINE",BIHAR,SHEKHPURA,CHEWARA,2018-02-09T08:13:18Z
RABI,AGRICULTURE,Others,Others,"Field Preparation","HOW I DO SEED TREATMENT?","	SEED TREATED WITH CAPTON/THIRAM @ 2 GM./ KG. SEED.",BIHAR,SHEKHPURA,CHEWARA,2018-02-09T11:57:36Z
RABI,AGRICULTURE,Others,Others,"Field Preparation","HOW I DO SEED TREATMENT?","	SEED TREATED WITH CAPTON/THIRAM @ 2 GM./ KG. SEED.",BIHAR,SHEKHPURA,ARIARI,2018-02-09T12:01:16Z
RABI,AGRICULTURE,Others,Others,Weather,"WEATHER INFORMATION","Cloudy weather in your area and no chance of rain in your area",BIHAR,SHEKHPURA,SHEIKHPURA,2018-02-09T17:36:58Z
RABI,HORTICULTURE,Vegetables,"Peas (field peas/ garden peas/matar)","Plant Protection","insect infestation in pea","Spray chlorpyriphos @ 2 ml in 1 litre of water",BIHAR,SHEKHPURA,BARBIGHA,2018-02-11T08:11:10Z
JAYAD,AGRICULTURE,Others,Others,Weather,"WEATHER INFORMATION","Cloudy weather in your area and no chance of rain in your area",BIHAR,SHEKHPURA,"SHEIKHOPUR SARAI",2018-02-12T08:27:05Z
RABI,AGRICULTURE,Others,Others,Weather,"Weather information","Today & tomorrow little chance of rain",BIHAR,SHEKHPURA,SHEIKHPURA,2018-02-12T09:41:42Z
RABI,AGRICULTURE,Cereals,Wheat,Weather,"Weather information","Cloudy weather  today and tomorrow  no chance of  rain",BIHAR,SHEKHPURA,ARIARI,2018-02-12T15:54:34Z
JAYAD,AGRICULTURE,Others,Others,Weather,"Weather information","????? ??? ???? ???? ??? ?????  ????? ???? ?? ???????? ??",BIHAR,SHEKHPURA,CHEWARA,2018-02-13T12:35:51Z
RABI,AGRICULTURE,Others,Others,Weather,"weather information","No chance of rain in your area",BIHAR,SHEKHPURA,SHEIKHPURA,2018-02-22T16:57:20Z
JAYAD,AGRICULTURE,Others,Others,"Plant Protection","Leaf spot in onion","Spray Mancozeb 2 gm/lit or Copper oxychloride 2.5 gm/lit and add Teepol 0.5 ml/lit to the spray fluid.",BIHAR,SHEKHPURA,ARIARI,2018-02-24T07:09:22Z
JAYAD,AGRICULTURE,Others,Others,Weather,"WEATHER INFORMATION","????? ???  ???? ??????? ??? ?? ?? ?? ????? ???? ?? ???????  ??",BIHAR,SHEKHPURA,"SHEIKHOPUR SARAI",2018-02-25T15:56:05Z
JAYAD,AGRICULTURE,Others,Others,Weather,"WEATHER INFORMATION","Hazy sunshine no chance of rain in your area.",BIHAR,SHEKHPURA,CHEWARA,2018-02-28T10:14:03Z
JAYAD,AGRICULTURE,Others,Others,Weather,"WEATHER INFORMATION","Hazy sunshine no chance of rain in your area.",BIHAR,SHEKHPURA,ARIARI,2018-02-28T12:06:24Z
