"Country/ State/ UT Name","Caste Category","Total/ Rural/ Urban","Marital Status","Present Age","Total Ever/Currently Married Women","Ever/Currently Married Women with Number of Surviving Children - 0","Ever/Currently Married Women with Number of Surviving Children - 1","Ever/Currently Married Women with Number of Surviving Children - 2","Ever/Currently Married Women with Number of Surviving Children - 3","Ever/Currently Married Women with Number of Surviving Children - 4","Ever/Currently Married Women with Number of Surviving Children - 5+","Total Surviving Children - Total","Total Surviving Children - Males","Total Surviving Children - Females"
Bihar,"All Scheduled Castes",Rural,"Ever Married","All ages",3209465,820470,476973,502812,492706,410053,496975,7500254,4130964,3369290
Bihar,"All Scheduled Castes",Rural,"Ever Married","Less than 15",68537,63319,2153,1809,0,0,0,5771,3001,2770
Bihar,"All Scheduled Castes",Rural,"Ever Married",15-19,319174,234972,59162,16211,4006,2381,0,113126,60854,52272
Bihar,"All Scheduled Castes",Rural,"Ever Married",20-24,482371,179566,137452,96215,44979,16254,6576,565691,300117,265574
Bihar,"All Scheduled Castes",Rural,"Ever Married",25-29,457856,89489,82534,106953,93869,54311,29929,964601,509804,454797
Bihar,"All Scheduled Castes",Rural,"Ever Married",30-34,428182,57578,46542,79582,95207,80441,68025,1195948,638246,557702
Bihar,"All Scheduled Castes",Rural,"Ever Married",35-39,351849,41274,28135,51605,70522,71324,88384,1133704,621263,512441
Bihar,"All Scheduled Castes",Rural,"Ever Married",40-44,275180,32470,22957,36371,49613,53153,80097,924596,513032,411564
Bihar,"All Scheduled Castes",Rural,"Ever Married",45-49,223669,26579,20237,29521,38345,41054,67554,760360,430177,330183
Bihar,"All Scheduled Castes",Rural,"Ever Married",50-54,166157,22254,18333,24370,27458,27334,45957,532428,307041,225387
Bihar,"All Scheduled Castes",Rural,"Ever Married",55-59,136339,18586,15289,18125,22413,22228,39556,445193,256012,189181
Bihar,"All Scheduled Castes",Rural,"Ever Married",60-64,135686,22882,19790,19403,21603,19016,32599,393256,226073,167183
Bihar,"All Scheduled Castes",Rural,"Ever Married",65-69,67192,11392,9005,9131,10714,9804,17006,201497,115652,85845
Bihar,"All Scheduled Castes",Rural,"Ever Married",70-74,48696,9071,7899,6948,7063,6555,11019,135445,76890,58555
Bihar,"All Scheduled Castes",Rural,"Ever Married",75-79,16743,3065,2645,2135,2468,2304,4045,47719,27300,20419
Bihar,"All Scheduled Castes",Rural,"Ever Married","80 +",23761,5582,3805,3287,3176,2889,5002,62259,35207,27052
Bihar,"All Scheduled Castes",Rural,"Currently Married","All ages",2956876,770154,432187,461100,450990,378018,455940,6878147,3779579,3098568
Bihar,"All Scheduled Castes",Rural,"Currently Married","Less than 15",67770,62796,2118,1610,0,0,0,5338,2740,2598
Bihar,"All Scheduled Castes",Rural,"Currently Married",15-19,317441,233683,58894,16165,3979,2338,0,112513,60534,51979
Bihar,"All Scheduled Castes",Rural,"Currently Married",20-24,478949,177782,136666,95725,44840,16160,6510,562760,298585,264175
Bihar,"All Scheduled Castes",Rural,"Currently Married",25-29,453102,87779,81488,105915,93384,54005,29791,957943,506123,451820
Bihar,"All Scheduled Castes",Rural,"Currently Married",30-34,419777,55493,45112,77540,93569,79698,67588,1179928,629247,550681
Bihar,"All Scheduled Castes",Rural,"Currently Married",35-39,341393,39160,26309,49437,68476,70058,87398,1110583,608033,502550
Bihar,"All Scheduled Castes",Rural,"Currently Married",40-44,257683,29109,19900,33154,46480,50565,78045,883655,490319,393336
Bihar,"All Scheduled Castes",Rural,"Currently Married",45-49,206182,23768,17332,26234,34937,38489,65087,716094,405325,310769
Bihar,"All Scheduled Castes",Rural,"Currently Married",50-54,132704,16273,12703,18246,21571,23201,40358,447833,258748,189085
Bihar,"All Scheduled Castes",Rural,"Currently Married",55-59,117886,15307,12137,15352,19177,19899,35882,395818,227542,168276
Bihar,"All Scheduled Castes",Rural,"Currently Married",60-64,79247,12725,9311,10681,12437,11799,22139,248412,144088,104324
Bihar,"All Scheduled Castes",Rural,"Currently Married",65-69,40846,6629,4518,5270,6032,6104,12267,132724,76755,55969
Bihar,"All Scheduled Castes",Rural,"Currently Married",70-74,18719,3541,2445,2490,2668,2487,5041,55836,32475,23361
Bihar,"All Scheduled Castes",Rural,"Currently Married",75-79,8707,1526,1097,1083,1232,1296,2429,26589,15539,11050
Bihar,"All Scheduled Castes",Rural,"Currently Married","80 +",9340,2461,1256,1185,1102,1028,2308,25547,14342,11205
Bihar,"All Scheduled Castes",Urban,"Ever Married","All ages",286157,67626,38244,43281,43456,38648,54288,730733,397457,333276
Bihar,"All Scheduled Castes",Urban,"Ever Married","Less than 15",3738,3386,146,117,0,0,0,380,211,169
Bihar,"All Scheduled Castes",Urban,"Ever Married",15-19,26892,18046,5668,2194,593,257,0,12863,6881,5982
Bihar,"All Scheduled Castes",Urban,"Ever Married",20-24,43481,14472,10792,9461,5440,2325,880,60046,31076,28970
Bihar,"All Scheduled Castes",Urban,"Ever Married",25-29,43574,7853,5998,9251,9553,6212,4632,104119,54464,49655
Bihar,"All Scheduled Castes",Urban,"Ever Married",30-34,40778,5512,3555,6239,8058,8585,8786,124133,66727,57406
Bihar,"All Scheduled Castes",Urban,"Ever Married",35-39,34839,3998,2471,4029,6038,7098,11178,122708,66127,56581
Bihar,"All Scheduled Castes",Urban,"Ever Married",40-44,26843,3540,2112,3221,3964,4568,9394,95134,52666,42468
Bihar,"All Scheduled Castes",Urban,"Ever Married",45-49,20037,2799,1484,2430,3241,3259,6812,70148,38992,31156
Bihar,"All Scheduled Castes",Urban,"Ever Married",50-54,14293,2193,1765,1985,1968,1985,4360,46076,26019,20057
Bihar,"All Scheduled Castes",Urban,"Ever Married",55-59,10274,1668,1327,1156,1637,1597,2888,32673,18937,13736
Bihar,"All Scheduled Castes",Urban,"Ever Married",60-64,9513,1710,1284,1403,1396,1206,2504,28720,16350,12370
Bihar,"All Scheduled Castes",Urban,"Ever Married",65-69,4688,799,667,750,714,734,1024,13532,7692,5840
Bihar,"All Scheduled Castes",Urban,"Ever Married",70-74,3618,695,587,575,341,454,945,10322,5911,4411
Bihar,"All Scheduled Castes",Urban,"Ever Married",75-79,1065,261,88,133,179,139,265,3152,1936,1216
Bihar,"All Scheduled Castes",Urban,"Ever Married","80 +",1857,471,201,289,222,182,492,5219,2788,2431
Bihar,"All Scheduled Castes",Urban,"Currently Married","All ages",261013,62022,34079,39246,39616,35713,49755,668220,362399,305821
Bihar,"All Scheduled Castes",Urban,"Currently Married","Less than 15",3691,3351,136,115,0,0,0,366,209,157
Bihar,"All Scheduled Castes",Urban,"Currently Married",15-19,26617,17845,5624,2185,582,247,0,12728,6818,5910
Bihar,"All Scheduled Castes",Urban,"Currently Married",20-24,42992,14223,10656,9405,5418,2302,877,59623,30855,28768
Bihar,"All Scheduled Castes",Urban,"Currently Married",25-29,42845,7596,5838,9099,9445,6193,4599,102913,53723,49190
Bihar,"All Scheduled Castes",Urban,"Currently Married",30-34,39700,5149,3384,6060,7906,8471,8687,122150,65633,56517
Bihar,"All Scheduled Castes",Urban,"Currently Married",35-39,33482,3749,2235,3814,5722,6926,11010,119442,64340,55102
Bihar,"All Scheduled Castes",Urban,"Currently Married",40-44,24687,3118,1761,2845,3563,4313,9043,89811,49805,40006
Bihar,"All Scheduled Castes",Urban,"Currently Married",45-49,17620,2376,1184,2028,2883,2870,6267,63204,35141,28063
Bihar,"All Scheduled Castes",Urban,"Currently Married",50-54,10727,1517,1149,1377,1452,1587,3613,36732,20736,15996
Bihar,"All Scheduled Castes",Urban,"Currently Married",55-59,7956,1120,967,807,1225,1385,2452,26931,15738,11193
Bihar,"All Scheduled Castes",Urban,"Currently Married",60-64,5088,792,576,711,719,619,1665,17223,9849,7374
Bihar,"All Scheduled Castes",Urban,"Currently Married",65-69,2500,457,256,421,339,466,561,7381,4125,3256
Bihar,"All Scheduled Castes",Urban,"Currently Married",70-74,1354,245,164,182,93,171,499,4531,2679,1852
Bihar,"All Scheduled Castes",Urban,"Currently Married",75-79,410,91,21,60,46,30,162,1439,832,607
Bihar,"All Scheduled Castes",Urban,"Currently Married","80 +",795,215,39,102,114,95,230,2509,1385,1124
