"Country/State/UT Name","District Name","Caste Category",Total/Rural/Urban,"Marital Status","Present Age","Total Ever/Currently Married Women","Ever/Currently Married Women of Parity - 0","Ever/Currently Married Women of Parity - 1","Ever/Currently Married Women of Parity - 2","Ever/Currently Married Women of Parity - 3","Ever/Currently Married Women of Parity - 4","Ever/Currently Married Women of Parity - 5+","Total Children Ever Born - Persons","Total Children Ever Born - Males","Total Children Ever Born - Females"
Bihar,Deoghar,"All Scheduled Castes",Rural,"Ever Married","All ages",30111,7559,4032,4454,4094,3885,6087,78380,41107,37273
Bihar,Deoghar,"All Scheduled Castes",Rural,"Ever Married","Less than 15",1133,1029,36,68,0,0,0,172,73,99
Bihar,Deoghar,"All Scheduled Castes",Rural,"Ever Married",15-19,3518,2497,689,287,28,17,0,1415,743,672
Bihar,Deoghar,"All Scheduled Castes",Rural,"Ever Married",20-24,4148,1241,1301,840,403,166,197,6007,3159,2848
Bihar,Deoghar,"All Scheduled Castes",Rural,"Ever Married",25-29,3918,743,523,916,813,513,410,9257,4980,4277
Bihar,Deoghar,"All Scheduled Castes",Rural,"Ever Married",30-34,4293,569,378,660,793,885,1008,13775,7057,6718
Bihar,Deoghar,"All Scheduled Castes",Rural,"Ever Married",35-39,3139,301,254,401,535,641,1007,11308,5868,5440
Bihar,Deoghar,"All Scheduled Castes",Rural,"Ever Married",40-44,2557,234,186,282,480,567,808,9386,4811,4575
Bihar,Deoghar,"All Scheduled Castes",Rural,"Ever Married",45-49,1830,248,120,194,237,312,719,7107,3554,3553
Bihar,Deoghar,"All Scheduled Castes",Rural,"Ever Married",50-54,1569,182,120,191,245,183,648,5896,3255,2641
Bihar,Deoghar,"All Scheduled Castes",Rural,"Ever Married",55-59,1065,86,82,179,148,194,376,4176,2264,1912
Bihar,Deoghar,"All Scheduled Castes",Rural,"Ever Married",60-64,1414,213,182,236,156,191,436,4690,2592,2098
Bihar,Deoghar,"All Scheduled Castes",Rural,"Ever Married",65-69,550,79,55,44,101,94,177,1886,993,893
Bihar,Deoghar,"All Scheduled Castes",Rural,"Ever Married",70-74,455,52,42,50,82,30,199,1781,937,844
Bihar,Deoghar,"All Scheduled Castes",Rural,"Ever Married",75-79,123,10,10,2,50,30,21,420,263,157
Bihar,Deoghar,"All Scheduled Castes",Rural,"Ever Married","80 +",191,54,40,32,11,11,43,458,239,219
Bihar,Deoghar,"All Scheduled Castes",Rural,"Currently Married","All ages",27163,7114,3636,4037,3597,3473,5306,69210,36173,33037
Bihar,Deoghar,"All Scheduled Castes",Rural,"Currently Married","Less than 15",1130,1028,36,66,0,0,0,168,71,97
Bihar,Deoghar,"All Scheduled Castes",Rural,"Currently Married",15-19,3505,2484,689,287,28,17,0,1415,743,672
Bihar,Deoghar,"All Scheduled Castes",Rural,"Currently Married",20-24,4133,1239,1289,840,403,166,196,5987,3143,2844
Bihar,Deoghar,"All Scheduled Castes",Rural,"Currently Married",25-29,3878,730,520,905,812,512,399,9144,4943,4201
Bihar,Deoghar,"All Scheduled Castes",Rural,"Currently Married",30-34,4238,564,364,642,781,880,1007,13664,6998,6666
Bihar,Deoghar,"All Scheduled Castes",Rural,"Currently Married",35-39,3019,274,238,370,526,626,985,11023,5702,5321
Bihar,Deoghar,"All Scheduled Castes",Rural,"Currently Married",40-44,2302,195,155,251,431,525,745,8592,4474,4118
Bihar,Deoghar,"All Scheduled Castes",Rural,"Currently Married",45-49,1583,190,78,171,207,246,691,6500,3230,3270
Bihar,Deoghar,"All Scheduled Castes",Rural,"Currently Married",50-54,1142,131,85,135,112,139,540,4487,2428,2059
Bihar,Deoghar,"All Scheduled Castes",Rural,"Currently Married",55-59,728,50,40,100,115,140,283,3129,1670,1459
Bihar,Deoghar,"All Scheduled Castes",Rural,"Currently Married",60-64,742,120,64,165,78,97,218,2458,1420,1038
Bihar,Deoghar,"All Scheduled Castes",Rural,"Currently Married",65-69,273,52,12,21,50,43,95,960,480,480
Bihar,Deoghar,"All Scheduled Castes",Rural,"Currently Married",70-74,171,12,32,10,21,0,96,758,391,367
Bihar,Deoghar,"All Scheduled Castes",Rural,"Currently Married",75-79,41,0,0,0,10,20,11,166,113,53
Bihar,Deoghar,"All Scheduled Castes",Rural,"Currently Married","80 +",91,34,20,12,11,11,3,138,59,79
Bihar,Deoghar,"All Scheduled Castes",Urban,"Ever Married","All ages",2737,612,366,339,429,336,655,7843,4061,3782
Bihar,Deoghar,"All Scheduled Castes",Urban,"Ever Married","Less than 15",51,51,0,0,0,0,0,0,0,0
Bihar,Deoghar,"All Scheduled Castes",Urban,"Ever Married",15-19,256,168,68,20,0,0,0,108,57,51
Bihar,Deoghar,"All Scheduled Castes",Urban,"Ever Married",20-24,368,111,121,60,37,23,16,528,263,265
Bihar,Deoghar,"All Scheduled Castes",Urban,"Ever Married",25-29,462,97,19,111,116,52,67,1249,544,705
Bihar,Deoghar,"All Scheduled Castes",Urban,"Ever Married",30-34,369,34,4,50,95,70,116,1346,716,630
Bihar,Deoghar,"All Scheduled Castes",Urban,"Ever Married",35-39,259,36,40,18,41,47,77,875,454,421
Bihar,Deoghar,"All Scheduled Castes",Urban,"Ever Married",40-44,258,52,31,14,18,49,94,896,485,411
Bihar,Deoghar,"All Scheduled Castes",Urban,"Ever Married",45-49,202,8,6,32,55,35,66,777,386,391
Bihar,Deoghar,"All Scheduled Castes",Urban,"Ever Married",50-54,196,24,29,16,3,29,95,753,353,400
Bihar,Deoghar,"All Scheduled Castes",Urban,"Ever Married",55-59,72,0,19,1,17,19,16,239,130,109
Bihar,Deoghar,"All Scheduled Castes",Urban,"Ever Married",60-64,123,4,11,8,28,11,61,609,362,247
Bihar,Deoghar,"All Scheduled Castes",Urban,"Ever Married",65-69,38,9,0,0,1,0,28,247,163,84
Bihar,Deoghar,"All Scheduled Castes",Urban,"Ever Married",70-74,23,2,18,0,1,1,1,31,26,5
Bihar,Deoghar,"All Scheduled Castes",Urban,"Ever Married",75-79,9,0,0,1,0,0,8,66,42,24
Bihar,Deoghar,"All Scheduled Castes",Urban,"Ever Married","80 +",33,8,0,8,9,0,8,83,74,9
Bihar,Deoghar,"All Scheduled Castes",Urban,"Currently Married","All ages",2333,517,332,303,382,288,511,6429,3274,3155
Bihar,Deoghar,"All Scheduled Castes",Urban,"Currently Married","Less than 15",51,51,0,0,0,0,0,0,0,0
Bihar,Deoghar,"All Scheduled Castes",Urban,"Currently Married",15-19,248,160,68,20,0,0,0,108,57,51
Bihar,Deoghar,"All Scheduled Castes",Urban,"Currently Married",20-24,359,102,121,60,37,23,16,528,263,265
Bihar,Deoghar,"All Scheduled Castes",Urban,"Currently Married",25-29,451,95,19,103,115,52,67,1230,533,697
Bihar,Deoghar,"All Scheduled Castes",Urban,"Currently Married",30-34,356,25,3,49,94,69,116,1336,712,624
Bihar,Deoghar,"All Scheduled Castes",Urban,"Currently Married",35-39,225,24,39,18,29,38,77,802,429,373
Bihar,Deoghar,"All Scheduled Castes",Urban,"Currently Married",40-44,211,30,22,12,18,38,91,822,431,391
Bihar,Deoghar,"All Scheduled Castes",Urban,"Currently Married",45-49,169,6,5,30,43,33,52,643,315,328
Bihar,Deoghar,"All Scheduled Castes",Urban,"Currently Married",50-54,71,4,18,2,2,10,35,298,136,162
Bihar,Deoghar,"All Scheduled Castes",Urban,"Currently Married",55-59,53,0,11,0,17,17,8,181,110,71
Bihar,Deoghar,"All Scheduled Castes",Urban,"Currently Married",60-64,81,3,8,0,18,8,44,391,238,153
Bihar,Deoghar,"All Scheduled Castes",Urban,"Currently Married",65-69,5,1,0,0,1,0,3,18,8,10
Bihar,Deoghar,"All Scheduled Castes",Urban,"Currently Married",70-74,18,0,18,0,0,0,0,18,18,0
Bihar,Deoghar,"All Scheduled Castes",Urban,"Currently Married",75-79,1,0,0,1,0,0,0,2,2,0
Bihar,Deoghar,"All Scheduled Castes",Urban,"Currently Married","80 +",16,8,0,8,0,0,0,16,16,0
