Season,Sector,Category,Crop,QueryType,QueryText,KCCAns,StateName,DistrictName,BlockName,CreatedOn
KHARIF,HORTICULTURE,Vegetables,Brinjal,"Plant Protection","FRUIT BORER INBRINJAL","SPRAY ROGOR 2ML/LIT OF WATER IN BRINJAL",BIHAR,MUNGER,"MUNGER SADAR",2018-09-02T19:34:07Z
KHARIF,HORTICULTURE,Vegetables,Brinjal,"Plant Protection","FRUIT BORER INBRINJAL","SPRAY ROGOR 2ML/LIT OF WATER IN BRINJAL",BIHAR,MUNGER,"MUNGER SADAR",2018-09-02T19:34:07Z
KHARIF,AGRICULTURE,Others,Others,Weather,"WEATHER INFORMATION","Cloudy weather in your area, chance of rain in your area .",BIHAR,MUNGER,DHARHARA,2018-09-05T10:52:36Z
KHARIF,AGRICULTURE,Others,Others,Weather,"WEATHER INFORMATION","Cloudy weather in your area, chance of rain in your area .",BIHAR,MUNGER,DHARHARA,2018-09-05T10:52:36Z
KHARIF,AGRICULTURE,Cereals,"Paddy (Dhan)","Weed Management","WEED MAnagement IN RICE FIELD","SPRAY BISPARIBACK SODIUM @ 20-25 GRAM/500-600 LITRE WATER",BIHAR,MUNGER,KHARAGPUR,2018-09-05T11:41:42Z
KHARIF,AGRICULTURE,Cereals,"Paddy (Dhan)","Weed Management","WEED MAnagement IN RICE FIELD","SPRAY BISPARIBACK SODIUM @ 20-25 GRAM/500-600 LITRE WATER",BIHAR,MUNGER,KHARAGPUR,2018-09-05T11:41:42Z
KHARIF,AGRICULTURE,Others,Others,Weather,"Weather Information","cloudy weather in your area ,little chance of rain",BIHAR,MUNGER,KHARAGPUR,2018-09-06T13:57:34Z
KHARIF,AGRICULTURE,Others,Others,Weather,"Weather Information","cloudy weather in your area ,little chance of rain",BIHAR,MUNGER,KHARAGPUR,2018-09-06T13:57:34Z
KHARIF,AGRICULTURE,Cereals,"Paddy (Dhan)","Plant Protection","YELLOWING OF LEAVES","Spray imidacloprid 1 ml / 3 litre of water",BIHAR,MUNGER,KHARAGPUR,2018-09-08T10:02:31Z
KHARIF,AGRICULTURE,Cereals,"Paddy (Dhan)","Plant Protection","YELLOWING OF LEAVES","Spray imidacloprid 1 ml / 3 litre of water",BIHAR,MUNGER,KHARAGPUR,2018-09-08T10:02:31Z
KHARIF,AGRICULTURE,Others,Others,Weather,"WEATHER INFORMATION","Cloudy weather in your area, chance of rain in your area",BIHAR,MUNGER,TARAPUR,2018-09-10T12:27:34Z
KHARIF,AGRICULTURE,Others,Others,Weather,"WEATHER INFORMATION","Cloudy weather in your area, chance of rain in your area",BIHAR,MUNGER,TARAPUR,2018-09-10T12:27:34Z
KHARIF,AGRICULTURE,Others,Others,Weather,"WEATHER INFORMATION","TODAY CHANCE OF RAIN IN YOUR AREA",BIHAR,MUNGER,KHARAGPUR,2018-09-12T09:06:41Z
KHARIF,AGRICULTURE,Cereals,"Paddy (Dhan)","Plant Protection","STEM BORER INSECT PROBLEM  IN RICE FIELD","SPRAY IMIDACLOPRID 17.8 SL 1 GRAM / LITRE OF WATER",BIHAR,MUNGER,TARAPUR,2018-09-12T11:14:07Z
0,NA,NA,NA,NA,"BORING  INFORMATION","MEET YOUR KISSAN SHALKAR",BIHAR,MUNGER,SANGRAMPUR,2018-09-14T14:25:33Z
0,NA,NA,NA,NA,"BORING  INFORMATION","MEET YOUR KISSAN SHALKAR",BIHAR,MUNGER,SANGRAMPUR,2018-09-14T14:25:33Z
0,AGRICULTURE,Others,Others,NA,"dbt error","consult to basudha centre",BIHAR,MUNGER,TARAPUR,2018-09-14T16:51:04Z
0,AGRICULTURE,Others,Others,NA,"dbt error","consult to basudha centre",BIHAR,MUNGER,TARAPUR,2018-09-14T16:51:04Z
0,AGRICULTURE,Others,Others,NA,"weather information","today little chance of rain in your area",BIHAR,MUNGER,DHARHARA,2018-09-15T13:11:59Z
0,AGRICULTURE,Others,Others,NA,"weather information","today little chance of rain in your area",BIHAR,MUNGER,DHARHARA,2018-09-15T13:11:59Z
0,AGRICULTURE,Others,Others,NA,"Weather information","no chance to rain in your area",BIHAR,MUNGER,TARAPUR,2018-09-16T06:26:58Z
0,AGRICULTURE,Others,Others,NA,"Weather information","no chance to rain in your area",BIHAR,MUNGER,TARAPUR,2018-09-16T06:26:58Z
0,AGRICULTURE,Others,Others,NA,"Weather information","No chance of rain in your area",BIHAR,MUNGER,SANGRAMPUR,2018-09-16T13:46:46Z
0,AGRICULTURE,Others,Others,NA,"Weather information","No chance of rain in your area",BIHAR,MUNGER,SANGRAMPUR,2018-09-16T13:46:46Z
0,AGRICULTURE,Others,NA,NA,"weather information","today no chance of rain in your area",BIHAR,MUNGER,TARAPUR,2018-09-18T09:36:43Z
0,AGRICULTURE,Others,NA,NA,"weather information","today no chance of rain in your area",BIHAR,MUNGER,TARAPUR,2018-09-18T09:36:43Z
0,AGRICULTURE,Others,Others,NA,"Weather information","TODAY NO CHANCE OF RAIN IN YOUR AREA",BIHAR,MUNGER,KHARAGPUR,2018-09-19T07:41:51Z
0,AGRICULTURE,Others,Others,NA,"Weather information","TODAY NO CHANCE OF RAIN IN YOUR AREA",BIHAR,MUNGER,KHARAGPUR,2018-09-19T07:41:51Z
0,AGRICULTURE,Cereals,"Paddy (Dhan)",NA,"FERTILIZER MANAGEMENT IN RICE FIELD","1 KG UREA / KATHA  ME DE",BIHAR,MUNGER,KHARAGPUR,2018-09-19T13:34:32Z
0,AGRICULTURE,Cereals,"Paddy (Dhan)",NA,"FERTILIZER MANAGEMENT IN RICE FIELD","1 KG UREA / KATHA  ME DE",BIHAR,MUNGER,KHARAGPUR,2018-09-19T13:34:32Z
0,HORTICULTURE,Fruits,Papaya,NA,"Varieties of papaya","Pusa dwarf, Pusa nanha, Pusa majesty",BIHAR,MUNGER,TARAPUR,2018-09-20T07:27:17Z
0,HORTICULTURE,Fruits,Papaya,NA,"Varieties of papaya","Pusa dwarf, Pusa nanha, Pusa majesty",BIHAR,MUNGER,TARAPUR,2018-09-20T07:27:17Z
0,AGRICULTURE,Others,Others,NA,"Yellowing of leaf /Rotting problem","Spray mancozeb @ 2g/lit of water",BIHAR,MUNGER,KHARAGPUR,2018-09-23T20:10:19Z
0,AGRICULTURE,Others,Others,NA,"Yellowing of leaf /Rotting problem","Spray mancozeb @ 2g/lit of water",BIHAR,MUNGER,KHARAGPUR,2018-09-23T20:10:19Z
0,AGRICULTURE,Others,Others,NA,"Weather information","no chance of rain in your area",BIHAR,MUNGER,JAMALPUR,2018-09-24T10:45:50Z
0,AGRICULTURE,Others,Others,NA,"Weather information","no chance of rain in your area",BIHAR,MUNGER,JAMALPUR,2018-09-24T10:45:50Z
0,AGRICULTURE,Others,Others,NA,"dbt mail id information",dbtcellagri@gmail.com,BIHAR,MUNGER,ASARGANJ,2018-09-25T06:48:18Z
0,AGRICULTURE,Others,Others,NA,"dbt mail id information",dbtcellagri@gmail.com,BIHAR,MUNGER,ASARGANJ,2018-09-25T06:48:18Z
0,AGRICULTURE,Others,Others,NA,"WEATHER INFORMATION","NO CHANCE TO RAIN IN YOUR AREA",BIHAR,MUNGER,SANGRAMPUR,2018-09-26T08:31:16Z
0,AGRICULTURE,Others,Others,NA,"WEATHER INFORMATION","NO CHANCE TO RAIN IN YOUR AREA",BIHAR,MUNGER,SANGRAMPUR,2018-09-26T08:31:16Z
0,AGRICULTURE,Others,Others,NA,"WEATHER INFORMATION","NO CHANCE TO RAIN IN YOUR AREA",BIHAR,MUNGER,KHARAGPUR,2018-09-26T08:57:04Z
0,AGRICULTURE,Others,Others,NA,"WEATHER INFORMATION","NO CHANCE TO RAIN IN YOUR AREA",BIHAR,MUNGER,KHARAGPUR,2018-09-26T08:57:04Z
0,HORTICULTURE,Vegetables,Brinjal,NA,"plant orotection","Spray neem oil 2ml/lit",BIHAR,MUNGER,KHARAGPUR,2018-09-27T19:23:38Z
0,HORTICULTURE,Vegetables,Brinjal,NA,"plant orotection","Spray neem oil 2ml/lit",BIHAR,MUNGER,KHARAGPUR,2018-09-27T19:23:38Z
0,AGRICULTURE,Others,Others,NA,"dbt problem","aap block me contact kare",BIHAR,MUNGER,"MUNGER SADAR",2018-09-29T08:09:45Z
0,AGRICULTURE,Others,Others,NA,"dbt problem","aap block me contact kare",BIHAR,MUNGER,"MUNGER SADAR",2018-09-29T08:09:45Z
