"Country/State/UT Name","District Name","Caste Category",Total/Rural/Urban,"Marital Status","Present Age","Total Ever/Currently Married Women","Ever/Currently Married Women of Parity - 0","Ever/Currently Married Women of Parity - 1","Ever/Currently Married Women of Parity - 2","Ever/Currently Married Women of Parity - 3","Ever/Currently Married Women of Parity - 4","Ever/Currently Married Women of Parity - 5+","Total Children Ever Born - Persons","Total Children Ever Born - Males","Total Children Ever Born - Females"
Bihar,Godda,"All Scheduled Castes",Rural,"Ever Married","All ages",20826,5488,2898,2891,3106,2487,3956,52854,28858,23996
Bihar,Godda,"All Scheduled Castes",Rural,"Ever Married","Less than 15",546,514,32,0,0,0,0,32,29,3
Bihar,Godda,"All Scheduled Castes",Rural,"Ever Married",15-19,2069,1483,408,119,44,15,0,838,392,446
Bihar,Godda,"All Scheduled Castes",Rural,"Ever Married",20-24,3169,1275,726,733,258,123,54,3775,1937,1838
Bihar,Godda,"All Scheduled Castes",Rural,"Ever Married",25-29,2927,554,510,515,660,334,354,7166,3750,3416
Bihar,Godda,"All Scheduled Castes",Rural,"Ever Married",30-34,2774,469,338,465,457,508,537,8007,4260,3747
Bihar,Godda,"All Scheduled Castes",Rural,"Ever Married",35-39,2392,267,161,283,541,479,661,8308,4466,3842
Bihar,Godda,"All Scheduled Castes",Rural,"Ever Married",40-44,1758,220,152,123,356,328,579,6430,3768,2662
Bihar,Godda,"All Scheduled Castes",Rural,"Ever Married",45-49,1477,202,88,173,248,215,551,5540,3016,2524
Bihar,Godda,"All Scheduled Castes",Rural,"Ever Married",50-54,1240,101,158,158,176,135,512,4736,2679,2057
Bihar,Godda,"All Scheduled Castes",Rural,"Ever Married",55-59,736,60,96,72,122,175,211,2768,1698,1070
Bihar,Godda,"All Scheduled Castes",Rural,"Ever Married",60-64,871,121,152,125,114,112,247,2693,1551,1142
Bihar,Godda,"All Scheduled Castes",Rural,"Ever Married",65-69,452,98,27,73,62,44,148,1474,817,657
Bihar,Godda,"All Scheduled Castes",Rural,"Ever Married",70-74,262,104,29,22,56,18,33,535,260,275
Bihar,Godda,"All Scheduled Castes",Rural,"Ever Married",75-79,77,0,19,9,0,0,49,340,155,185
Bihar,Godda,"All Scheduled Castes",Rural,"Ever Married","80 +",63,10,2,19,11,1,20,205,76,129
Bihar,Godda,"All Scheduled Castes",Rural,"Currently Married","All ages",18631,5050,2445,2566,2765,2276,3529,47184,25846,21338
Bihar,Godda,"All Scheduled Castes",Rural,"Currently Married","Less than 15",537,505,32,0,0,0,0,32,29,3
Bihar,Godda,"All Scheduled Castes",Rural,"Currently Married",15-19,2027,1451,398,119,44,15,0,828,382,446
Bihar,Godda,"All Scheduled Castes",Rural,"Currently Married",20-24,3119,1247,712,732,258,116,54,3731,1920,1811
Bihar,Godda,"All Scheduled Castes",Rural,"Currently Married",25-29,2896,550,496,513,649,334,354,7115,3734,3381
Bihar,Godda,"All Scheduled Castes",Rural,"Currently Married",30-34,2694,448,307,462,456,494,527,7857,4192,3665
Bihar,Godda,"All Scheduled Castes",Rural,"Currently Married",35-39,2259,236,139,269,478,477,660,8056,4338,3718
Bihar,Godda,"All Scheduled Castes",Rural,"Currently Married",40-44,1559,199,91,119,284,313,553,5900,3436,2464
Bihar,Godda,"All Scheduled Castes",Rural,"Currently Married",45-49,1348,167,65,149,242,202,523,5196,2801,2395
Bihar,Godda,"All Scheduled Castes",Rural,"Currently Married",50-54,927,77,73,96,134,69,478,3913,2168,1745
Bihar,Godda,"All Scheduled Castes",Rural,"Currently Married",55-59,584,58,51,52,109,142,172,2278,1474,804
Bihar,Godda,"All Scheduled Castes",Rural,"Currently Married",60-64,384,34,57,37,76,72,108,1324,823,501
Bihar,Godda,"All Scheduled Castes",Rural,"Currently Married",65-69,174,40,24,4,5,34,67,609,387,222
Bihar,Godda,"All Scheduled Castes",Rural,"Currently Married",70-74,59,18,0,2,19,7,13,183,105,78
Bihar,Godda,"All Scheduled Castes",Rural,"Currently Married",75-79,19,0,0,9,0,0,10,69,29,40
Bihar,Godda,"All Scheduled Castes",Rural,"Currently Married","80 +",32,10,0,1,10,1,10,86,24,62
Bihar,Godda,"All Scheduled Castes",Urban,"Ever Married","All ages",305,97,24,43,24,44,73,784,419,365
Bihar,Godda,"All Scheduled Castes",Urban,"Ever Married",15-19,34,29,5,0,0,0,0,5,0,5
Bihar,Godda,"All Scheduled Castes",Urban,"Ever Married",20-24,43,28,2,7,4,2,0,36,24,12
Bihar,Godda,"All Scheduled Castes",Urban,"Ever Married",25-29,61,12,16,1,11,16,5,146,61,85
Bihar,Godda,"All Scheduled Castes",Urban,"Ever Married",30-34,55,16,1,1,4,16,17,165,90,75
Bihar,Godda,"All Scheduled Castes",Urban,"Ever Married",35-39,20,9,0,0,0,6,5,52,23,29
Bihar,Godda,"All Scheduled Castes",Urban,"Ever Married",40-44,13,2,0,1,2,2,6,48,25,23
Bihar,Godda,"All Scheduled Castes",Urban,"Ever Married",45-49,7,0,0,1,1,1,4,30,17,13
Bihar,Godda,"All Scheduled Castes",Urban,"Ever Married",50-54,6,0,0,2,1,0,3,23,16,7
Bihar,Godda,"All Scheduled Castes",Urban,"Ever Married",55-59,19,0,0,0,0,1,18,111,41,70
Bihar,Godda,"All Scheduled Castes",Urban,"Ever Married",60-64,16,1,0,15,0,0,0,30,15,15
Bihar,Godda,"All Scheduled Castes",Urban,"Ever Married",65-69,31,0,0,15,1,0,15,138,107,31
Bihar,Godda,"All Scheduled Castes",Urban,"Currently Married","All ages",268,94,24,26,24,43,57,635,307,328
Bihar,Godda,"All Scheduled Castes",Urban,"Currently Married",15-19,34,29,5,0,0,0,0,5,0,5
Bihar,Godda,"All Scheduled Castes",Urban,"Currently Married",20-24,43,28,2,7,4,2,0,36,24,12
Bihar,Godda,"All Scheduled Castes",Urban,"Currently Married",25-29,61,12,16,1,11,16,5,146,61,85
Bihar,Godda,"All Scheduled Castes",Urban,"Currently Married",30-34,55,16,1,1,4,16,17,165,90,75
Bihar,Godda,"All Scheduled Castes",Urban,"Currently Married",35-39,20,9,0,0,0,6,5,52,23,29
Bihar,Godda,"All Scheduled Castes",Urban,"Currently Married",40-44,10,0,0,0,2,2,6,46,23,23
Bihar,Godda,"All Scheduled Castes",Urban,"Currently Married",45-49,6,0,0,1,1,0,4,26,15,11
Bihar,Godda,"All Scheduled Castes",Urban,"Currently Married",50-54,5,0,0,1,1,0,3,21,15,6
Bihar,Godda,"All Scheduled Castes",Urban,"Currently Married",55-59,18,0,0,0,0,1,17,105,39,66
Bihar,Godda,"All Scheduled Castes",Urban,"Currently Married",60-64,15,0,0,15,0,0,0,30,15,15
Bihar,Godda,"All Scheduled Castes",Urban,"Currently Married",65-69,1,0,0,0,1,0,0,3,2,1
