"Country/State/UT Name","District Name","Caste Category",Total/Rural/Urban,"Marital Status","Present Age","Total Ever/Currently Married Women","Ever/Currently Married Women of Parity - 0","Ever/Currently Married Women of Parity - 1","Ever/Currently Married Women of Parity - 2","Ever/Currently Married Women of Parity - 3","Ever/Currently Married Women of Parity - 4","Ever/Currently Married Women of Parity - 5+","Total Children Ever Born - Persons","Total Children Ever Born - Males","Total Children Ever Born - Females"
"West Bengal","Koch Bihar","All Scheduled Castes",Rural,"Ever Married","All ages",304143,52560,46085,55249,47153,36212,64724,865666,449120,416546
"West Bengal","Koch Bihar","All Scheduled Castes",Rural,"Ever Married","Less than 15",1139,796,171,100,0,0,0,371,183,188
"West Bengal","Koch Bihar","All Scheduled Castes",Rural,"Ever Married",15-19,23076,13333,6902,1961,356,175,0,12592,6307,6285
"West Bengal","Koch Bihar","All Scheduled Castes",Rural,"Ever Married",20-24,60362,14191,18230,16812,7109,2562,1097,89530,46202,43328
"West Bengal","Koch Bihar","All Scheduled Castes",Rural,"Ever Married",25-29,69488,8587,9931,17852,16739,9650,6434,171840,88280,83560
"West Bengal","Koch Bihar","All Scheduled Castes",Rural,"Ever Married",30-34,45107,4459,3779,7760,9905,8581,10470,145239,73834,71405
"West Bengal","Koch Bihar","All Scheduled Castes",Rural,"Ever Married",35-39,33293,2998,2209,4228,5361,5828,12494,128667,66992,61675
"West Bengal","Koch Bihar","All Scheduled Castes",Rural,"Ever Married",40-44,20156,1835,1215,1906,2649,3287,9150,86647,45082,41565
"West Bengal","Koch Bihar","All Scheduled Castes",Rural,"Ever Married",45-49,14476,1222,762,1305,1580,1996,7555,68244,36104,32140
"West Bengal","Koch Bihar","All Scheduled Castes",Rural,"Ever Married",50-54,10815,1040,598,999,1183,1249,5606,51272,26688,24584
"West Bengal","Koch Bihar","All Scheduled Castes",Rural,"Ever Married",55-59,7002,705,398,470,702,851,3806,34349,18282,16067
"West Bengal","Koch Bihar","All Scheduled Castes",Rural,"Ever Married",60-64,7528,994,693,595,657,915,3531,32843,17644,15199
"West Bengal","Koch Bihar","All Scheduled Castes",Rural,"Ever Married",65-69,4025,599,367,352,323,392,1903,17317,9355,7962
"West Bengal","Koch Bihar","All Scheduled Castes",Rural,"Ever Married",70-74,3227,546,331,375,243,328,1348,12790,6842,5948
"West Bengal","Koch Bihar","All Scheduled Castes",Rural,"Ever Married",75-79,1234,192,154,137,50,133,532,5036,2618,2418
"West Bengal","Koch Bihar","All Scheduled Castes",Rural,"Ever Married","80 +",2265,731,223,230,199,197,648,6713,3629,3084
"West Bengal","Koch Bihar","All Scheduled Castes",Rural,"Currently Married","All ages",264618,44891,40694,50067,42588,32107,53038,739676,382574,357102
"West Bengal","Koch Bihar","All Scheduled Castes",Rural,"Currently Married","Less than 15",1069,769,157,91,0,0,0,339,169,170
"West Bengal","Koch Bihar","All Scheduled Castes",Rural,"Currently Married",15-19,22606,13027,6794,1956,335,158,0,12343,6168,6175
"West Bengal","Koch Bihar","All Scheduled Castes",Rural,"Currently Married",20-24,58792,13399,17789,16600,7072,2531,1091,88394,45603,42791
"West Bengal","Koch Bihar","All Scheduled Castes",Rural,"Currently Married",25-29,67039,7684,9223,17468,16529,9557,6396,169009,86640,82369
"West Bengal","Koch Bihar","All Scheduled Castes",Rural,"Currently Married",30-34,42150,3741,3062,7142,9466,8359,10273,139899,71271,68628
"West Bengal","Koch Bihar","All Scheduled Castes",Rural,"Currently Married",35-39,30028,2377,1677,3525,4734,5512,12107,121222,63070,58152
"West Bengal","Koch Bihar","All Scheduled Castes",Rural,"Currently Married",40-44,16527,1219,850,1437,2073,2677,8230,75300,39177,36123
"West Bengal","Koch Bihar","All Scheduled Castes",Rural,"Currently Married",45-49,10710,755,393,813,959,1544,6238,54644,29126,25518
"West Bengal","Koch Bihar","All Scheduled Castes",Rural,"Currently Married",50-54,6487,452,220,412,673,808,3874,34803,18208,16595
"West Bengal","Koch Bihar","All Scheduled Castes",Rural,"Currently Married",55-59,3509,235,115,187,294,395,2275,19686,10401,9285
"West Bengal","Koch Bihar","All Scheduled Castes",Rural,"Currently Married",60-64,2241,272,132,113,192,267,1244,11373,6138,5235
"West Bengal","Koch Bihar","All Scheduled Castes",Rural,"Currently Married",65-69,997,88,52,83,84,78,607,5206,2813,2393
"West Bengal","Koch Bihar","All Scheduled Castes",Rural,"Currently Married",70-74,601,88,45,45,27,59,332,2879,1521,1358
"West Bengal","Koch Bihar","All Scheduled Castes",Rural,"Currently Married",75-79,176,15,22,15,5,15,104,941,503,438
"West Bengal","Koch Bihar","All Scheduled Castes",Rural,"Currently Married","80 +",847,481,55,42,48,81,140,1692,819,873
"West Bengal","Koch Bihar","All Scheduled Castes",Urban,"Ever Married","All ages",8959,1858,1619,1748,1387,936,1401,21622,10979,10643
"West Bengal","Koch Bihar","All Scheduled Castes",Urban,"Ever Married","Less than 15",18,18,0,0,0,0,0,0,0,0
"West Bengal","Koch Bihar","All Scheduled Castes",Urban,"Ever Married",15-19,599,326,198,69,6,0,0,354,166,188
"West Bengal","Koch Bihar","All Scheduled Castes",Urban,"Ever Married",20-24,1654,493,456,413,233,58,1,2218,1127,1091
"West Bengal","Koch Bihar","All Scheduled Castes",Urban,"Ever Married",25-29,2193,403,448,545,409,211,174,4539,2308,2231
"West Bengal","Koch Bihar","All Scheduled Castes",Urban,"Ever Married",30-34,1385,171,196,293,298,237,190,3715,1854,1861
"West Bengal","Koch Bihar","All Scheduled Castes",Urban,"Ever Married",35-39,1140,159,150,204,202,179,246,3455,1769,1686
"West Bengal","Koch Bihar","All Scheduled Castes",Urban,"Ever Married",40-44,485,87,60,57,56,52,166,1544,786,758
"West Bengal","Koch Bihar","All Scheduled Castes",Urban,"Ever Married",45-49,370,66,19,46,73,69,97,1183,603,580
"West Bengal","Koch Bihar","All Scheduled Castes",Urban,"Ever Married",50-54,396,45,28,31,50,69,173,1621,859,762
"West Bengal","Koch Bihar","All Scheduled Castes",Urban,"Ever Married",55-59,195,7,8,25,13,28,114,1016,527,489
"West Bengal","Koch Bihar","All Scheduled Castes",Urban,"Ever Married",60-64,262,36,25,28,34,5,134,1017,490,527
"West Bengal","Koch Bihar","All Scheduled Castes",Urban,"Ever Married",65-69,112,17,19,18,1,4,53,413,206,207
"West Bengal","Koch Bihar","All Scheduled Castes",Urban,"Ever Married",70-74,76,17,6,10,3,12,28,250,139,111
"West Bengal","Koch Bihar","All Scheduled Castes",Urban,"Ever Married",75-79,18,0,6,3,3,0,6,63,33,30
"West Bengal","Koch Bihar","All Scheduled Castes",Urban,"Ever Married","80 +",55,12,0,6,6,12,19,234,112,122
"West Bengal","Koch Bihar","All Scheduled Castes",Urban,"Currently Married","All ages",7754,1540,1426,1592,1274,824,1094,18416,9300,9116
"West Bengal","Koch Bihar","All Scheduled Castes",Urban,"Currently Married","Less than 15",18,18,0,0,0,0,0,0,0,0
"West Bengal","Koch Bihar","All Scheduled Castes",Urban,"Currently Married",15-19,574,313,186,69,6,0,0,342,159,183
"West Bengal","Koch Bihar","All Scheduled Castes",Urban,"Currently Married",20-24,1618,474,441,411,233,58,1,2199,1120,1079
"West Bengal","Koch Bihar","All Scheduled Castes",Urban,"Currently Married",25-29,2109,361,424,538,399,210,174,4467,2267,2200
"West Bengal","Koch Bihar","All Scheduled Castes",Urban,"Currently Married",30-34,1304,138,178,279,294,233,182,3594,1772,1822
"West Bengal","Koch Bihar","All Scheduled Castes",Urban,"Currently Married",35-39,986,100,108,172,194,171,241,3264,1671,1593
"West Bengal","Koch Bihar","All Scheduled Castes",Urban,"Currently Married",40-44,395,54,43,47,46,46,158,1408,726,682
"West Bengal","Koch Bihar","All Scheduled Castes",Urban,"Currently Married",45-49,292,34,12,40,67,63,76,993,503,490
"West Bengal","Koch Bihar","All Scheduled Castes",Urban,"Currently Married",50-54,209,16,15,6,25,33,114,981,504,477
"West Bengal","Koch Bihar","All Scheduled Castes",Urban,"Currently Married",55-59,76,1,0,11,3,7,54,475,244,231
"West Bengal","Koch Bihar","All Scheduled Castes",Urban,"Currently Married",60-64,104,10,13,6,7,3,65,473,211,262
"West Bengal","Koch Bihar","All Scheduled Castes",Urban,"Currently Married",65-69,36,1,6,6,0,0,23,164,97,67
"West Bengal","Koch Bihar","All Scheduled Castes",Urban,"Currently Married",70-74,17,13,0,4,0,0,0,8,5,3
"West Bengal","Koch Bihar","All Scheduled Castes",Urban,"Currently Married",75-79,9,0,0,3,0,0,6,48,21,27
"West Bengal","Koch Bihar","All Scheduled Castes",Urban,"Currently Married","80 +",6,6,0,0,0,0,0,0,0,0
