"Country/ State/ UT Name","District Name","Caste Category","Total/ Rural/ Urban","Marital Status","Present Age","Total Ever/Currently Married Women","Ever/Currently Married Women with Number of Surviving Children - 0","Ever/Currently Married Women with Number of Surviving Children - 1","Ever/Currently Married Women with Number of Surviving Children - 2","Ever/Currently Married Women with Number of Surviving Children - 3","Ever/Currently Married Women with Number of Surviving Children - 4","Ever/Currently Married Women with Number of Surviving Children - 5+","Total Surviving Children - Total","Total Surviving Children - Males","Total Surviving Children - Females"
Bihar,Begusarai,"All Scheduled Castes",Rural,"Ever Married","All ages",68207,18025,9880,10467,10061,8360,11393,161423,90889,70534
Bihar,Begusarai,"All Scheduled Castes",Rural,"Ever Married","Less than 15",1458,1318,30,110,0,0,0,250,90,160
Bihar,Begusarai,"All Scheduled Castes",Rural,"Ever Married",15-19,6750,5269,1113,287,41,30,0,1930,872,1058
Bihar,Begusarai,"All Scheduled Castes",Rural,"Ever Married",20-24,9390,3771,2723,1810,682,265,139,10226,5619,4607
Bihar,Begusarai,"All Scheduled Castes",Rural,"Ever Married",25-29,9403,2059,1585,2045,1912,995,797,19693,10851,8842
Bihar,Begusarai,"All Scheduled Castes",Rural,"Ever Married",30-34,9394,1189,867,1711,2019,1739,1869,28003,15023,12980
Bihar,Begusarai,"All Scheduled Castes",Rural,"Ever Married",35-39,7554,742,620,1060,1373,1632,2126,25745,14377,11368
Bihar,Begusarai,"All Scheduled Castes",Rural,"Ever Married",40-44,6074,694,521,995,1070,902,1892,20715,11834,8881
Bihar,Begusarai,"All Scheduled Castes",Rural,"Ever Married",45-49,5114,683,478,678,918,726,1631,17375,10174,7201
Bihar,Begusarai,"All Scheduled Castes",Rural,"Ever Married",50-54,3563,562,362,597,563,494,985,11056,6354,4702
Bihar,Begusarai,"All Scheduled Castes",Rural,"Ever Married",55-59,2895,370,435,353,477,610,650,8804,5147,3657
Bihar,Begusarai,"All Scheduled Castes",Rural,"Ever Married",60-64,2901,606,405,418,420,455,597,7769,4590,3179
Bihar,Begusarai,"All Scheduled Castes",Rural,"Ever Married",65-69,1426,263,251,191,223,198,300,4076,2629,1447
Bihar,Begusarai,"All Scheduled Castes",Rural,"Ever Married",70-74,956,192,231,100,122,150,161,2302,1428,874
Bihar,Begusarai,"All Scheduled Castes",Rural,"Ever Married",75-79,352,50,100,20,50,40,92,1054,566,488
Bihar,Begusarai,"All Scheduled Castes",Rural,"Ever Married","80 +",627,166,101,62,121,74,103,1609,970,639
Bihar,Begusarai,"All Scheduled Castes",Rural,"Currently Married","All ages",62757,16732,8963,9626,9096,7682,10637,148827,83781,65046
Bihar,Begusarai,"All Scheduled Castes",Rural,"Currently Married","Less than 15",1448,1308,30,110,0,0,0,250,90,160
Bihar,Begusarai,"All Scheduled Castes",Rural,"Currently Married",15-19,6729,5268,1093,287,41,30,0,1910,862,1048
Bihar,Begusarai,"All Scheduled Castes",Rural,"Currently Married",20-24,9329,3730,2713,1810,672,265,139,10186,5589,4597
Bihar,Begusarai,"All Scheduled Castes",Rural,"Currently Married",25-29,9293,2011,1563,2005,1912,995,797,19591,10779,8812
Bihar,Begusarai,"All Scheduled Castes",Rural,"Currently Married",30-34,9245,1149,837,1677,2006,1719,1857,27711,14856,12855
Bihar,Begusarai,"All Scheduled Castes",Rural,"Currently Married",35-39,7299,698,589,1033,1284,1611,2083,25082,14053,11029
Bihar,Begusarai,"All Scheduled Castes",Rural,"Currently Married",40-44,5676,594,456,908,979,878,1861,19940,11430,8510
Bihar,Begusarai,"All Scheduled Castes",Rural,"Currently Married",45-49,4726,568,437,606,826,703,1586,16573,9641,6932
Bihar,Begusarai,"All Scheduled Castes",Rural,"Currently Married",50-54,2767,352,248,464,422,395,886,9285,5376,3909
Bihar,Begusarai,"All Scheduled Castes",Rural,"Currently Married",55-59,2619,321,380,319,420,579,600,8106,4792,3314
Bihar,Begusarai,"All Scheduled Castes",Rural,"Currently Married",60-64,1607,352,208,235,219,235,358,4354,2684,1670
Bihar,Begusarai,"All Scheduled Castes",Rural,"Currently Married",65-69,904,122,151,101,143,148,239,3051,2046,1005
Bihar,Begusarai,"All Scheduled Castes",Rural,"Currently Married",70-74,444,92,100,40,61,20,131,1188,675,513
Bihar,Begusarai,"All Scheduled Castes",Rural,"Currently Married",75-79,202,40,60,10,20,30,42,544,356,188
Bihar,Begusarai,"All Scheduled Castes",Rural,"Currently Married","80 +",205,56,40,11,31,44,23,486,289,197
Bihar,Begusarai,"All Scheduled Castes",Urban,"Ever Married","All ages",3784,1077,461,426,523,576,721,9662,5407,4255
Bihar,Begusarai,"All Scheduled Castes",Urban,"Ever Married","Less than 15",50,50,0,0,0,0,0,0,0,0
Bihar,Begusarai,"All Scheduled Castes",Urban,"Ever Married",15-19,488,402,61,25,0,0,0,111,49,62
Bihar,Begusarai,"All Scheduled Castes",Urban,"Ever Married",20-24,556,181,125,148,76,19,7,767,402,365
Bihar,Begusarai,"All Scheduled Castes",Urban,"Ever Married",25-29,486,58,42,101,110,130,45,1329,696,633
Bihar,Begusarai,"All Scheduled Castes",Urban,"Ever Married",30-34,434,84,47,47,73,95,88,1276,639,637
Bihar,Begusarai,"All Scheduled Castes",Urban,"Ever Married",35-39,451,48,36,27,41,102,197,1836,1006,830
Bihar,Begusarai,"All Scheduled Castes",Urban,"Ever Married",40-44,329,43,3,40,38,88,117,1260,811,449
Bihar,Begusarai,"All Scheduled Castes",Urban,"Ever Married",45-49,321,61,46,0,65,75,74,1064,573,491
Bihar,Begusarai,"All Scheduled Castes",Urban,"Ever Married",50-54,224,42,28,28,19,40,67,704,420,284
Bihar,Begusarai,"All Scheduled Castes",Urban,"Ever Married",55-59,138,35,20,0,36,9,38,418,306,112
Bihar,Begusarai,"All Scheduled Castes",Urban,"Ever Married",60-64,151,12,36,9,38,18,38,478,327,151
Bihar,Begusarai,"All Scheduled Castes",Urban,"Ever Married",65-69,63,27,0,0,9,0,27,189,99,90
Bihar,Begusarai,"All Scheduled Castes",Urban,"Ever Married",70-74,46,16,9,0,9,0,12,117,45,72
Bihar,Begusarai,"All Scheduled Castes",Urban,"Ever Married",75-79,38,18,0,0,9,0,11,103,33,70
Bihar,Begusarai,"All Scheduled Castes",Urban,"Ever Married","80 +",1,0,0,1,0,0,0,2,1,1
Bihar,Begusarai,"All Scheduled Castes",Urban,"Currently Married","All ages",3512,1030,424,396,465,542,655,8850,4916,3934
Bihar,Begusarai,"All Scheduled Castes",Urban,"Currently Married","Less than 15",50,50,0,0,0,0,0,0,0,0
Bihar,Begusarai,"All Scheduled Castes",Urban,"Currently Married",15-19,481,395,61,25,0,0,0,111,49,62
Bihar,Begusarai,"All Scheduled Castes",Urban,"Currently Married",20-24,556,181,125,148,76,19,7,767,402,365
Bihar,Begusarai,"All Scheduled Castes",Urban,"Currently Married",25-29,485,57,42,101,110,130,45,1329,696,633
Bihar,Begusarai,"All Scheduled Castes",Urban,"Currently Married",30-34,433,84,47,46,73,95,88,1274,638,636
Bihar,Begusarai,"All Scheduled Castes",Urban,"Currently Married",35-39,446,48,35,27,39,100,197,1821,993,828
Bihar,Begusarai,"All Scheduled Castes",Urban,"Currently Married",40-44,317,43,3,39,29,87,116,1221,773,448
Bihar,Begusarai,"All Scheduled Castes",Urban,"Currently Married",45-49,293,52,37,0,64,66,74,1016,536,480
Bihar,Begusarai,"All Scheduled Castes",Urban,"Currently Married",50-54,166,33,28,10,19,27,49,517,298,219
Bihar,Begusarai,"All Scheduled Castes",Urban,"Currently Married",55-59,138,35,20,0,36,9,38,418,306,112
Bihar,Begusarai,"All Scheduled Castes",Urban,"Currently Married",60-64,65,9,9,0,10,9,28,263,158,105
Bihar,Begusarai,"All Scheduled Castes",Urban,"Currently Married",65-69,45,27,0,0,9,0,9,72,45,27
Bihar,Begusarai,"All Scheduled Castes",Urban,"Currently Married",70-74,19,7,9,0,0,0,3,27,18,9
Bihar,Begusarai,"All Scheduled Castes",Urban,"Currently Married",75-79,10,9,0,0,0,0,1,6,4,2
