Season,Sector,Category,Crop,QueryType,QueryText,KCCAns,StateName,DistrictName,BlockName,CreatedOn
JAYAD,AGRICULTURE,Others,Others,Weather,"Weather  information","????  ??? ????? ??? ???? ??? ?????",BIHAR,SUPAUL,CHHATAPUR,2018-03-01T08:42:25Z
RABI,AGRICULTURE,Cereals,Wheat,"Plant Protection","Insect in wheat","Spray Imidacloroprid @ 1 ml /3 lit of water or Spray chlorpyriphos @ 2 ml in 1 liter of water",BIHAR,SUPAUL,PIPRA,2018-03-01T13:52:42Z
RABI,AGRICULTURE,Cereals,Wheat,Weather,"WEATHER INFORMATION","???? ??????? ??? ????? ???? ?? ??????? ???? ?? ",BIHAR,SUPAUL,CHHATAPUR,2018-03-02T09:15:24Z
RABI,AGRICULTURE,Others,Others,"Plant Protection","ROTTEN PROBLEM IN ONION","Spray Copper oxy chloride @ 2 gm / lit of water",BIHAR,SUPAUL,PIPRA,2018-03-03T10:35:07Z
RABI,AGRICULTURE,Others,Others,Weather,"WEATHER INFORMATION","The sun is going out will not be possible rainweather",BIHAR,SUPAUL,PIPRA,2018-03-03T12:53:04Z
RABI,AGRICULTURE,Others,Others,"Plant Protection","aphid infestation in wheat","Spray malathion @ 2 gm in 1 litre of water (FOR APHID)",BIHAR,SUPAUL,PIPRA,2018-03-03T13:03:20Z
RABI,HORTICULTURE,Vegetables,Bhindi(Okra/Ladysfinger),"Plant Protection",Whitefly,"?Phosalone 35 EC @ 2.5 l/ha
?Quinalphos 25 EC @ 2.0 l/ha
?Triazophos 40 EC @ 2.0 l/ha",BIHAR,SUPAUL,PIPRA,2018-03-03T18:30:59Z
RABI,HORTICULTURE,Vegetables,Bhindi(Okra/Ladysfinger),"Plant Protection",Aphid,"?Imidacloprid 200 SL at 100 ml/ha
?Methyl demeton 25 EC 500 ml/ha
?Dimethoate 30 EC 500 ml/ha",BIHAR,SUPAUL,MARAUNA,2018-03-03T18:33:47Z
JAYAD,AGRICULTURE,Millets,"Maize (Makka)","Nutrient Management","FERTILIZER DOSE FOR MAIZE","APPLY NITROGEN @ 40 KG PER HECTARE AT KNEE HEIGHT STAGE",BIHAR,SUPAUL,PRATAPGANJ,2018-03-04T09:30:01Z
RABI,AGRICULTURE,Others,Others,"Field Preparation","Insect infestation","Spray  Imidachloprid @ 1ml/3lit of water",BIHAR,SUPAUL,PRATAPGANJ,2018-03-04T17:32:01Z
RABI,AGRICULTURE,Cereals,Wheat,Weather,"WEATHER INFORMATION","???? ??????? ??? ????? ???? ?? ??????? ???? ??",BIHAR,SUPAUL,CHHATAPUR,2018-03-04T19:44:39Z
RABI,AGRICULTURE,Others,Others,Weather,"WEATHER INFORMATION","no chance of rain in your area.",BIHAR,SUPAUL,BASANTPUR,2018-03-06T08:54:15Z
RABI,AGRICULTURE,Others,Others,Weather,"WEATHER INFORMATION","no chance of rain in your area.",BIHAR,SUPAUL,SUPAUL,2018-03-06T09:00:56Z
JAYAD,HORTICULTURE,Fruits,Banana,"Nutrient Management","NUTRIENT FOR BANANA","SPRAY MULTI MICRO NUTRIENT @ 2ML PER LITRE OF WATER",BIHAR,SUPAUL,BASANTPUR,2018-03-06T13:46:09Z
RABI,AGRICULTURE,Others,Others,Weather,"Weather information","Hazy weather in your area ,no chance of rain",BIHAR,SUPAUL,BASANTPUR,2018-03-06T17:52:51Z
JAYAD,AGRICULTURE,Others,Others,Weather,"Weather information","Cloudy weather, rain is not likely.",BIHAR,SUPAUL,PIPRA,2018-03-07T06:58:50Z
RABI,AGRICULTURE,Others,Others,Weather,"weather information","16 C 
RealFeel 17

Hazy sunshine
  


See Hourly

> 




Today

Mar 7



33 Hi 
RealFeel 35

Hazy sunshine
 More  



Tonight

Mar 7



20 Lo 
RealFeel 19

Partly cloudy
 More  



Tomorrow

Mar 8



32 Hi 
RealFeel 34",BIHAR,SUPAUL,PIPRA,2018-03-07T07:53:29Z
JAYAD,AGRICULTURE,Others,Others,Credit,"SUBSIDY RELATED PROBLEM","CONSULT TO YOUR BLOCK AGRICULTURE OFFICER",BIHAR,SUPAUL,PIPRA,2018-03-07T12:16:39Z
JAYAD,AGRICULTURE,Others,Others,"Plant Protection","Growth regulator in mango","Spray Planofix @ 1 ml in 5 liter of water",BIHAR,SUPAUL,SUPAUL,2018-03-08T09:43:36Z
KHARIF,HORTICULTURE,Fruits,Mango,"Plant Protection","MANGO FRUITFLY","Spray malathion @ 2 gm in 1 litre of water",BIHAR,SUPAUL,PIPRA,2018-03-08T10:02:01Z
JAYAD,AGRICULTURE,Others,Others,Weather,"Weather information","Hazy sunshine",BIHAR,SUPAUL,BASANTPUR,2018-03-08T16:19:09Z
JAYAD,HORTICULTURE,Fruits,Mango,"Plant Protection","INSECT INFESTATION IN MANGO","Spray dimethoate @ 1 ml in one litter of water",BIHAR,SUPAUL,MARAUNA,2018-03-09T12:26:34Z
JAYAD,HORTICULTURE,Fruits,Mango,"Plant Protection","POWDERY MILDEW OF MANGO","SPRAY KARATHANE @ 0.5 ML PER LITRE OF WATER",BIHAR,SUPAUL,CHHATAPUR,2018-03-11T08:00:27Z
KHARIF,HORTICULTURE,Fruits,Mango,"Nutrient Management","spray at flowering emergence","SPRAY COPPER OXY CHLORIDE 2 GRAM/LITRE OF WATER, Planofix @ 1 ml in 5 liter of water and imidacloprid 1 ml / 3litre of water",BIHAR,SUPAUL,CHHATAPUR,2018-03-11T08:16:02Z
KHARIF,HORTICULTURE,Fruits,Mango,"Nutrient Management","spray in flower emergence stage","Spray Planofix @ 1 ml in 5 liter of water and mancozeb @ 2g/lit of water",BIHAR,SUPAUL,SUPAUL,2018-03-11T08:50:43Z
RABI,AGRICULTURE,Others,Others,Weather,"WEATHER INFORMATION","TODAY AND TOMORROW NO CHANCE OF RAIN IN YOUR AREA",BIHAR,SUPAUL,TRIBENIGANJ,2018-03-11T09:18:58Z
RABI,HORTICULTURE,Fruits,Mango,"Cultural Practices","WASHING OF MANGO PLANT","Spray imidachloprid @ 1ml/3 lit of water, PLANOFIX 1 ML/ 4LITRE OF WATER,CARBENDAZIM @ 2 G/ LITRE WATER MIX ALL MEDICINE TOGETHER THEN SPRAY",BIHAR,SUPAUL,CHHATAPUR,2018-03-11T09:26:47Z
JAYAD,HORTICULTURE,Fruits,Mango,"Plant Protection","INSECT INFESTATION MANGO","SPRAY DIMETHOATE @ 1 ML PER LITRE OF WATER",BIHAR,SUPAUL,CHHATAPUR,2018-03-11T11:25:43Z
RABI,AGRICULTURE,Others,Others,Weather,"WEATHER INFORMATION","TODAY AND TOMORROW NO CHANCE OF RAIN IN YOUR AREA",BIHAR,SUPAUL,PIPRA,2018-03-11T13:38:32Z
JAYAD,AGRICULTURE,Others,Others,"Plant Protection","Flower dropping problem in mango","SPRAY PLANOFIX 1 ML/5LITRE OF WATER",BIHAR,SUPAUL,SUPAUL,2018-03-11T16:23:55Z
JAYAD,AGRICULTURE,Others,Others,Weather,"weather information","No chance of rain in your area",BIHAR,SUPAUL,BASANTPUR,2018-03-13T07:14:48Z
RABI,AGRICULTURE,Others,Others,"Field Preparation","WEATHER INFORMATION","Cloudy weather in your area and no chance of rain in your area",BIHAR,SUPAUL,PIPRA,2018-03-13T15:24:41Z
RABI,AGRICULTURE,Others,Others,"Field Preparation","WEATHER INFORMATION","Cloudy weather in your area and no chance of rain in your area",BIHAR,SUPAUL,CHHATAPUR,2018-03-13T16:12:23Z
RABI,HORTICULTURE,Fruits,Mango,"Plant Protection","Pest attack on mango","Spray imidachloprid @ 1ml/3 lit of water",BIHAR,SUPAUL,SUPAUL,2018-03-14T16:35:17Z
RABI,AGRICULTURE,Others,Others,"Field Preparation","YELLOWING OF LEAVES / problem fungus","spray mancozeb @ 2 gm / lit of water",BIHAR,SUPAUL,SUPAUL,2018-03-14T16:36:16Z
JAYAD,AGRICULTURE,Others,Others,Weather,"Weather information","Weather will be clear and glowing sun",BIHAR,SUPAUL,TRIBENIGANJ,2018-03-14T18:28:18Z
RABI,AGRICULTURE,Others,Others,"Field Preparation","Pest attack on mango","Spray imidachloprid @ 1ml/3 lit of water",BIHAR,SUPAUL,TRIBENIGANJ,2018-03-14T21:37:46Z
JAYAD,AGRICULTURE,Others,Others,Weather,"!    WETHER INFORMATIOM","Cloudy weather today and tomorrow little chance of rain.",BIHAR,SUPAUL,BASANTPUR,2018-03-15T14:45:39Z
JAYAD,AGRICULTURE,Others,Others,Weather,"!    WETHER INFORMATIOM","Cloudy weather today and tomorrow little chance of rain.",BIHAR,SUPAUL,CHHATAPUR,2018-03-15T14:55:57Z
RABI,AGRICULTURE,Others,Others,"Plant Protection","WEATHER INFORMATION","Cloudy weather in your area ,but no chance of rain",BIHAR,SUPAUL,CHHATAPUR,2018-03-15T17:07:21Z
JAYAD,AGRICULTURE,Others,Others,"Plant Protection","GAMOSIS IN LEMAN","???? ????? ???????? 2 ????? ????? ???? ???? ??? ?????? ?????? ??? ?",BIHAR,SUPAUL,BASANTPUR,2018-03-15T17:15:42Z
RABI,AGRICULTURE,Others,Others,"Plant Protection","insect infestation","malathion 2 ml/ liter per liter of water",BIHAR,SUPAUL,SUPAUL,2018-03-15T18:05:24Z
JAYAD,AGRICULTURE,Others,Others,Weather,"Weather information","Cloudy weather Today and tomorrow little chance of rain in your area.",BIHAR,SUPAUL,KISHANPUR,2018-03-15T19:48:53Z
RABI,AGRICULTURE,Others,Others,Weather,"WEATHER INFORMATION","Cloudy weather in your area ,but no chance of rain",BIHAR,SUPAUL,CHHATAPUR,2018-03-15T20:49:10Z
RABI,AGRICULTURE,Cereals,Wheat,Weather,"WEATHER INFORMATION","Sunny weather but no rain in your area.",BIHAR,SUPAUL,TRIBENIGANJ,2018-03-16T11:44:39Z
RABI,HORTICULTURE,Fruits,Mango,"Cultural Practices","washing of mango","Spray imidachloprid @1ml/3lit of water, carbendazim @ 2 gram par liter water ,planofix @ 1 ml/4 litre water,mix all medicine together  then spray",BIHAR,SUPAUL,RAGHOPUR,2018-03-16T13:02:28Z
JAYAD,AGRICULTURE,Others,Others,"Plant Protection","plant protection","Copper oxychloride @ 2 ml in 1 liter of water",BIHAR,SUPAUL,PRATAPGANJ,2018-03-16T14:50:58Z
JAYAD,AGRICULTURE,Others,Others,"Plant Protection","plant protection","Spray carbendazim @ 2 gram in 1 litre of water",BIHAR,SUPAUL,"SARAIGARH BHAPTIYAHI",2018-03-16T15:39:59Z
JAYAD,AGRICULTURE,Others,Others,"Plant Protection","plant protection","Spray Imidacloroprid @ 1 ml / 3 lit of water",BIHAR,SUPAUL,"SARAIGARH BHAPTIYAHI",2018-03-16T15:40:38Z
JAYAD,AGRICULTURE,Others,Others,"Plant Protection","plant protection","Spray Planofix @ 1 ml in 5 liter of water",BIHAR,SUPAUL,"SARAIGARH BHAPTIYAHI",2018-03-16T15:41:17Z
RABI,AGRICULTURE,Others,Others,Weather,"weather information","Cloudy weather Today & tomorrow no  chance of rain",BIHAR,SUPAUL,TRIBENIGANJ,2018-03-17T08:18:10Z
KHARIF,HORTICULTURE,Fruits,Mango,"Nutrient Management","SPRAY AT FLOWER EMERGENCE","Copper oxychloride @ 2 ml in 1 liter of water and Planofix @ 1 ml in 5 liter of water",BIHAR,SUPAUL,TRIBENIGANJ,2018-03-17T08:27:04Z
JAYAD,AGRICULTURE,Others,Others,Weather,"WEATHER INFORMATION","No chance of rain in your area",BIHAR,SUPAUL,CHHATAPUR,2018-03-17T14:48:54Z
JAYAD,AGRICULTURE,Others,Others,"Plant Protection","plant protection","Spray Imidacloroprid @ 1 ml / 3 lit of water",BIHAR,SUPAUL,SUPAUL,2018-03-17T15:28:07Z
JAYAD,AGRICULTURE,Others,Others,"Plant Protection","plant protection","Spray mancozeb @ 2g/lit of water",BIHAR,SUPAUL,SUPAUL,2018-03-17T15:30:07Z
JAYAD,AGRICULTURE,Others,Others,"Plant Protection","plant protection","Spray Planofix @ 1 ml in 5 liter of water",BIHAR,SUPAUL,SUPAUL,2018-03-17T15:30:36Z
RABI,AGRICULTURE,Others,Others,Weather,"WEATHER INFORMATION","Cloudy weather in your area, but no chance of rain in your area",BIHAR,SUPAUL,BASANTPUR,2018-03-17T16:43:19Z
JAYAD,HORTICULTURE,Vegetables,Bhindi(Okra/Ladysfinger),"Plant Protection","INSECT INFESTATION IN BHINDI","Spray Malathion @ 2 MLin 1 litre of water",BIHAR,SUPAUL,RAGHOPUR,2018-03-18T07:38:41Z
RABI,AGRICULTURE,Others,Others,"Field Preparation","YELLOWING OF LEAVES","Spray mancozeb @ 2g/lit of water",BIHAR,SUPAUL,RAGHOPUR,2018-03-18T12:58:54Z
JAYAD,AGRICULTURE,Others,Others,"Plant Protection","plant protection","Spray imidachloprid @ 1ml/3 lit of water",BIHAR,SUPAUL,RAGHOPUR,2018-03-18T15:40:15Z
JAYAD,AGRICULTURE,Others,Others,Weather,"weather information","Cloudy weather today and tomorrow but no chance of rain.",BIHAR,SUPAUL,MARAUNA,2018-03-18T17:04:39Z
JAYAD,AGRICULTURE,Others,Others,Weather,"weather information","Cloudy weather today and tomorrow but no chance of rain.",BIHAR,SUPAUL,MARAUNA,2018-03-18T17:04:40Z
JAYAD,AGRICULTURE,Others,Others,Weather,"WEATHER INFORMATION","no chance of rain in your area",BIHAR,SUPAUL,CHHATAPUR,2018-03-18T18:14:32Z
RABI,HORTICULTURE,Fruits,Mango,"Cultural Practices","washing of mango plant","Spray planofix 1ml in 4 lit of water.  spraying of Carbendazim @ 2g/lit of water,Spray  Imidachloprid @ 1ml/3lit of water  mix all medicine together then spray",BIHAR,SUPAUL,MARAUNA,2018-03-19T11:17:11Z
RABI,AGRICULTURE,Others,Others,Weather,"weather information","Cloudy weather Today & tomorrow no  chance of rain",BIHAR,SUPAUL,MARAUNA,2018-03-19T11:25:33Z
RABI,AGRICULTURE,Cereals,Wheat,Weather,"Insect problem in bhindi","?????? 2 ????? ????? ???? ???? ??? ?????? ?????? ???",BIHAR,SUPAUL,MARAUNA,2018-03-20T08:59:58Z
RABI,AGRICULTURE,Others,Others,Weather,"WEATHER INFORMATION","Cloudy weather, but no chance of rain in your area",BIHAR,SUPAUL,RAGHOPUR,2018-03-20T11:30:55Z
RABI,AGRICULTURE,Cereals,Wheat,Weather,"weather informesion","Cloudy weather today and tomorrow little chance of rain.",BIHAR,SUPAUL,MARAUNA,2018-03-20T11:44:56Z
RABI,AGRICULTURE,Others,Others,"Field Preparation","Weather information","No chance of rain in your area",BIHAR,SUPAUL,PIPRA,2018-03-20T15:47:03Z
JAYAD,AGRICULTURE,Others,Others,Weather,"WEATHER INFORMESION","??? ???? ????? I ???? ??????? ??? ????? ?? ???????  ??? ??",BIHAR,SUPAUL,SUPAUL,2018-03-20T17:50:54Z
JAYAD,AGRICULTURE,Others,Others,Weather,"WEATHER INFORMESION","??? ???? ????? I ???? ??????? ??? ????? ?? ???????  ??? ??",BIHAR,SUPAUL,SUPAUL,2018-03-20T17:50:56Z
JAYAD,AGRICULTURE,Others,Others,Weather,"weather information","Hazy weather in your area ,no chance of rain",BIHAR,SUPAUL,RAGHOPUR,2018-03-21T11:04:19Z
RABI,HORTICULTURE,Vegetables,"Bottle Gourd","Plant Protection","Powdery mildew","spraying Dinocap 1 ml/lit. or Carbendazim 0.5 g/lit or Tridemorph l ml/l.",BIHAR,SUPAUL,PRATAPGANJ,2018-03-22T06:23:35Z
RABI,AGRICULTURE,Cereals,Wheat,Weather,"Weather Information","????? ??? ???? ???? ??? ?????  ????? ???? ?? ??? ???????? ???? ??",BIHAR,SUPAUL,SUPAUL,2018-03-22T13:59:57Z
RABI,AGRICULTURE,Others,Others,Weather,"WEATHER INFORMATION","Partly cloudy in your area,but no chance of rain",BIHAR,SUPAUL,RAGHOPUR,2018-03-22T14:40:15Z
RABI,AGRICULTURE,Cereals,Wheat,Weather,"WEATHER INFORMATION","???? ???  ?????  ,?????  ?? ???  ,?????  ?? ???  ,?????  ?? ???  ???????  ??? ??",BIHAR,SUPAUL,RAGHOPUR,2018-03-22T18:43:40Z
JAYAD,HORTICULTURE,Vegetables,"Ridge Gourd","Plant Protection","INSECT PROBLEM","Spray IMIDACLOPRID @ 1 ml in 1 litre of water",BIHAR,SUPAUL,SUPAUL,2018-03-23T11:41:07Z
RABI,AGRICULTURE,Others,Others,Weather,"WEATHER INFORMATION","	Cloudy weather in your area, but no chance of rain in your area.",BIHAR,SUPAUL,SUPAUL,2018-03-23T12:05:30Z
JAYAD,AGRICULTURE,Others,Others,Weather,"WEATHER INFORMATION","No chance of rain in your area.",BIHAR,SUPAUL,BASANTPUR,2018-03-23T20:23:03Z
JAYAD,AGRICULTURE,Others,Others,Varieties,"Varieties of Moong -","Varieties of Moong - H.U.M-16, pusa vishal, smart, sona, P.S-16, S.M.L-668",BIHAR,SUPAUL,BASANTPUR,2018-03-23T20:53:51Z
RABI,AGRICULTURE,Others,Others,Weather,"Weather information","Cloudy weather in your area and no chance of rain in your area",BIHAR,SUPAUL,TRIBENIGANJ,2018-03-24T11:51:32Z
RABI,HORTICULTURE,Fruits,Mango,"Cultural Practices","WASHING OLF MANGO PLANT","Spray imidachloprid @ 1ml/3 lit of water,SPRAY PLANOFIX 1 ML/4LITRE OF WATER,spray CARBENDAZIM@ 2 gm / lit of water",BIHAR,SUPAUL,TRIBENIGANJ,2018-03-24T13:41:41Z
JAYAD,AGRICULTURE,Others,Others,"Plant Protection","plant protection","SPRAY INDOFIL M-45 75% WP @ 2GRM/LIT OF WATER",BIHAR,SUPAUL,TRIBENIGANJ,2018-03-24T14:42:17Z
JAYAD,AGRICULTURE,Others,Others,"Plant Protection","plant protection","Spray Planofix @ 1 ml in 5 liter of water",BIHAR,SUPAUL,TRIBENIGANJ,2018-03-24T14:43:12Z
JAYAD,AGRICULTURE,Others,Others,"Plant Protection","plant protection","Spray Planofix @ 1 ml in 5 liter of water",BIHAR,SUPAUL,TRIBENIGANJ,2018-03-24T14:52:29Z
JAYAD,AGRICULTURE,Others,Others,"Plant Protection","plant protection","Spray mancozeb @ 2g/lit of water",BIHAR,SUPAUL,TRIBENIGANJ,2018-03-24T14:53:08Z
KHARIF,AGRICULTURE,Others,Others,"Crop Insurance","CROP INSURANCE","CONTACT TO BANK MANAGER FOR CROP INSURANCE",BIHAR,SUPAUL,SUPAUL,2018-03-24T20:23:46Z
RABI,HORTICULTURE,Fruits,Mango,"Cultural Practices","WASHING OF MANGO PLANT","Spray imidachloprid @1ml/3lit of water,PLANOFIX @ 1ML /4 LITRE WATER,CARBENDAZIM @ 2 G / LITRE WATER",BIHAR,SUPAUL,NIRMALI,2018-03-25T10:37:34Z
JAYAD,HORTICULTURE,Fruits,Mango,Floriculture,"FRUIT DROPPING IN MANGO","Spray Planofix @ 1 ml in 4 liter of water",BIHAR,SUPAUL,TRIBENIGANJ,2018-03-27T10:35:12Z
JAYAD,HORTICULTURE,Fruits,Mango,"Plant Protection","DOSE OF WETTABLE SULPHUR FOR MANGO TREE","APPLY WETTABLE SULPHUR @ 2 GM PER LITRE OF WATER",BIHAR,SUPAUL,TRIBENIGANJ,2018-03-27T10:37:04Z
JAYAD,AGRICULTURE,Others,Others,Weather,"WEATHER INFORMATION","Today and tomorrow no chance of rain in your area.",BIHAR,SUPAUL,PRATAPGANJ,2018-03-27T12:44:15Z
KHARIF,AGRICULTURE,Cereals,Triticale,Varieties,"FASAL BEEMA YOJNA","CONTACT TO BANK MANAGER IN YOUR BLOCK FOR CROPS INSURANCE",BIHAR,SUPAUL,CHHATAPUR,2018-03-27T15:26:31Z
JAYAD,AGRICULTURE,Others,Others,Weather,"Weather Information","????  ??? ????? ??? ???? ??? ?????",BIHAR,SUPAUL,RAGHOPUR,2018-03-27T19:28:10Z
JAYAD,HORTICULTURE,Fruits,Mango,"Plant Protection","Spray after flower emergence in mango","Spray mancozeb 2 gram/liter, rogor 1 ml/liter",BIHAR,SUPAUL,SUPAUL,2018-03-28T11:21:29Z
JAYAD,AGRICULTURE,Others,Others,Weather,"Weather information","Cloudy weather in your area and no chance of rain in your area",BIHAR,SUPAUL,SUPAUL,2018-03-28T11:22:21Z
JAYAD,AGRICULTURE,Others,Others,Weather,"Weather information","Cloudy weather in your area and no chance of rain in your area",BIHAR,SUPAUL,SUPAUL,2018-03-28T12:11:10Z
RABI,AGRICULTURE,Others,Others,Weather,"WEATHER INFORMATION","Cloudy weather, but no chance of rain in your area",BIHAR,SUPAUL,TRIBENIGANJ,2018-03-28T12:12:45Z
JAYAD,HORTICULTURE,Fruits,Citrus,"Plant Protection","fruit droping of lemon","Spray Planofix 1 ml/4 Litre of Water",BIHAR,SUPAUL,TRIBENIGANJ,2018-03-28T13:48:44Z
RABI,AGRICULTURE,Others,Others,Weather,"WEATHER INFORMATION","Cloudy weather, but no chance of rain in your area",BIHAR,SUPAUL,TRIBENIGANJ,2018-03-28T13:49:53Z
JAYAD,AGRICULTURE,Others,Others,Weather,"Weather information","Cloudy weather in your area and no chance of rain in your area",BIHAR,SUPAUL,MARAUNA,2018-03-29T09:36:12Z
RABI,AGRICULTURE,Others,Others,Weather,"weather information","Hazy weather in your area ,no chance of rain",BIHAR,SUPAUL,CHHATAPUR,2018-03-29T16:35:44Z
JAYAD,AGRICULTURE,Others,Others,Weather,"Weather Information","Cloudy weather today and tomorrow little chance of rain.",BIHAR,SUPAUL,TRIBENIGANJ,2018-03-30T06:52:25Z
JAYAD,AGRICULTURE,Others,Others,Weather,"Weather Information","Cloudy weather today and tomorrow little chance of rain.",BIHAR,SUPAUL,TRIBENIGANJ,2018-03-30T06:52:45Z
JAYAD,AGRICULTURE,Others,Others,Weather,"WEATHER INFORMATION","TODAY AND TOMARROW CHANCE OF RAIN IN YOUR AREA",BIHAR,SUPAUL,MARAUNA,2018-03-30T10:00:24Z
JAYAD,HORTICULTURE,Vegetables,"Pointed Gourd","Plant Protection","MITE INSECT PROBLEM IN POINTED GOURD","Spray malathion @ 2G/lit of water",BIHAR,SUPAUL,MARAUNA,2018-03-30T10:03:16Z
JAYAD,AGRICULTURE,Millets,"Maize (Makka)",Weather,"Good variety of maize","Good variety of maize - Shaktiman 1,2,Ganga-11, Suan, Devki, D.H.M.-117",BIHAR,SUPAUL,MARAUNA,2018-03-30T10:04:11Z
JAYAD,AGRICULTURE,Others,Others,Weather,"Weather information","Cloudy weather Today and tomorrow little chance of rain in your area",BIHAR,SUPAUL,SUPAUL,2018-03-30T10:19:08Z
RABI,HORTICULTURE,Vegetables,"Bitter Gourd","Plant Protection","Downy mildew","spraying Mancozeb or Chlorothalonil 2 g/lit twice at 10 days interval.",BIHAR,SUPAUL,PIPRA,2018-03-30T11:35:24Z
JAYAD,AGRICULTURE,Others,Others,Weather,"weather information","Cloudy weather,rain is likely.",BIHAR,SUPAUL,PRATAPGANJ,2018-03-31T09:10:30Z
RABI,HORTICULTURE,Vegetables,Bhindi(Okra/Ladysfinger),"Plant Protection","Shoot and fruit borer","Azadirachtin 5% Neem Extract Concentrate 5.0  ml/10 lit 
Emamectin benzoate 5 % SG 3.0 g/10 lit 
Phosalone 35 % EC 1.5 ml /lit",BIHAR,SUPAUL,KISHANPUR,2018-03-31T10:24:48Z
RABI,AGRICULTURE,Cereals,Wheat,Weather,"weather informesion","Cloudy weather  today and tomorrow  no chance of  rain",BIHAR,SUPAUL,CHHATAPUR,2018-03-31T10:42:21Z
JAYAD,AGRICULTURE,Others,Others,Weather,"Weather information","chance of rain in your area.",BIHAR,SUPAUL,CHHATAPUR,2018-03-31T12:37:53Z
JAYAD,AGRICULTURE,Others,Others,Weather,"WEATHER INFORMATION","Cloudy weather in your area, chance of rain in your area",BIHAR,SUPAUL,PIPRA,2018-03-31T15:26:14Z
