"Country/ State/ UT Name","District Name","Tribe Category","Total/ Rural/ Urban","Marital Status","Present Age","Total Ever/ Currently Married Women","Ever/ Currently Married Women of Parity - 0","Ever/ Currently Married Women of Parity - 1","Ever/ Currently Married Women of Parity - 2","Ever/ Currently Married Women of Parity - 3","Ever/ Currently Married Women of Parity - 4","Ever/ Currently Married Women of Parity - 5+","Total Children Ever Born - Persons","Total Children Ever Born - Males","Total Children Ever Born - Females"
Bihar,Araria,"All Scheduled Tribes",Rural,"Ever Married","All Ages",4911,936,702,843,675,644,1111,13756,7521,6235
Bihar,Araria,"All Scheduled Tribes",Rural,"Ever Married","Less than 15",32,22,0,10,0,0,0,20,10,10
Bihar,Araria,"All Scheduled Tribes",Rural,"Ever Married",15-19,306,215,57,34,0,0,0,125,79,46
Bihar,Araria,"All Scheduled Tribes",Rural,"Ever Married",20-24,639,247,172,140,75,2,3,700,433,267
Bihar,Araria,"All Scheduled Tribes",Rural,"Ever Married",25-29,777,163,108,224,118,80,84,1691,906,785
Bihar,Araria,"All Scheduled Tribes",Rural,"Ever Married",30-34,717,58,136,106,76,165,176,2214,1145,1069
Bihar,Araria,"All Scheduled Tribes",Rural,"Ever Married",35-39,613,65,10,66,88,164,220,2413,1321,1092
Bihar,Araria,"All Scheduled Tribes",Rural,"Ever Married",40-44,541,37,31,94,73,99,207,2026,1105,921
Bihar,Araria,"All Scheduled Tribes",Rural,"Ever Married",45-49,332,32,20,32,53,67,128,1349,688,661
Bihar,Araria,"All Scheduled Tribes",Rural,"Ever Married",50-54,321,44,35,33,44,22,143,1305,637,668
Bihar,Araria,"All Scheduled Tribes",Rural,"Ever Married",55-59,207,10,44,10,52,11,80,769,495,274
Bihar,Araria,"All Scheduled Tribes",Rural,"Ever Married",60-64,217,29,44,32,55,21,36,596,416,180
Bihar,Araria,"All Scheduled Tribes",Rural,"Ever Married",65-69,58,0,12,22,11,0,13,167,77,90
Bihar,Araria,"All Scheduled Tribes",Rural,"Ever Married",70-74,54,0,22,10,0,12,10,150,94,56
Bihar,Araria,"All Scheduled Tribes",Rural,"Ever Married",75-79,22,2,0,10,10,0,0,50,20,30
Bihar,Araria,"All Scheduled Tribes",Rural,"Ever Married","80 +",43,1,11,10,10,0,11,127,63,64
Bihar,Araria,"All Scheduled Tribes",Rural,"Currently Married","All Ages",4452,853,628,778,610,609,974,12392,6773,5619
Bihar,Araria,"All Scheduled Tribes",Rural,"Currently Married","Less than 15",32,22,0,10,0,0,0,20,10,10
Bihar,Araria,"All Scheduled Tribes",Rural,"Currently Married",15-19,306,215,57,34,0,0,0,125,79,46
Bihar,Araria,"All Scheduled Tribes",Rural,"Currently Married",20-24,639,247,172,140,75,2,3,700,433,267
Bihar,Araria,"All Scheduled Tribes",Rural,"Currently Married",25-29,757,143,108,224,118,80,84,1691,906,785
Bihar,Araria,"All Scheduled Tribes",Rural,"Currently Married",30-34,685,58,136,105,75,145,166,2079,1093,986
Bihar,Araria,"All Scheduled Tribes",Rural,"Currently Married",35-39,587,65,10,65,76,163,208,2311,1257,1054
Bihar,Araria,"All Scheduled Tribes",Rural,"Currently Married",40-44,528,37,31,92,73,88,207,1978,1090,888
Bihar,Araria,"All Scheduled Tribes",Rural,"Currently Married",45-49,299,20,20,22,43,66,128,1295,677,618
Bihar,Araria,"All Scheduled Tribes",Rural,"Currently Married",50-54,195,24,24,13,23,21,90,840,367,473
Bihar,Araria,"All Scheduled Tribes",Rural,"Currently Married",55-59,162,10,33,0,52,11,56,598,404,194
Bihar,Araria,"All Scheduled Tribes",Rural,"Currently Married",60-64,140,0,24,31,44,20,21,447,312,135
Bihar,Araria,"All Scheduled Tribes",Rural,"Currently Married",65-69,56,0,12,22,11,0,11,155,70,85
Bihar,Araria,"All Scheduled Tribes",Rural,"Currently Married",70-74,13,0,1,0,0,12,0,49,13,36
Bihar,Araria,"All Scheduled Tribes",Rural,"Currently Married",75-79,10,0,0,10,0,0,0,20,10,10
Bihar,Araria,"All Scheduled Tribes",Rural,"Currently Married","80 +",21,1,0,10,10,0,0,50,30,20
Bihar,Araria,"All Scheduled Tribes",Urban,"Ever Married","All Ages",52,6,8,12,15,0,11,137,83,54
Bihar,Araria,"All Scheduled Tribes",Urban,"Ever Married",25-29,20,6,8,6,0,0,0,20,14,6
Bihar,Araria,"All Scheduled Tribes",Urban,"Ever Married",30-34,11,0,0,6,0,0,5,42,27,15
Bihar,Araria,"All Scheduled Tribes",Urban,"Ever Married",40-44,21,0,0,0,15,0,6,75,42,33
Bihar,Araria,"All Scheduled Tribes",Urban,"Currently Married","All Ages",52,6,8,12,15,0,11,137,83,54
Bihar,Araria,"All Scheduled Tribes",Urban,"Currently Married",25-29,20,6,8,6,0,0,0,20,14,6
Bihar,Araria,"All Scheduled Tribes",Urban,"Currently Married",30-34,11,0,0,6,0,0,5,42,27,15
Bihar,Araria,"All Scheduled Tribes",Urban,"Currently Married",40-44,21,0,0,0,15,0,6,75,42,33
