Season,Sector,Category,Crop,QueryType,QueryText,KCCAns,StateName,DistrictName,BlockName,CreatedOn
JAYAD,HORTICULTURE,Fruits,Lemon,"Plant Protection","insect infestation","Spray imidachloprid @ 1ml/3 lit of water",BIHAR,JEHANABAD,MAKHDUMPUR,2018-04-02T08:16:08Z
JAYAD,HORTICULTURE,Fruits,"Custard Apple","Nutrient Management","drying of plant","Spray Multi micro nutrient @ 2 gram in 1 litre of water",BIHAR,JEHANABAD,MAKHDUMPUR,2018-04-02T08:17:45Z
RABI,AGRICULTURE,Others,Others,Weather,"WEATHER INFORMATION","Cloudy weather in your area, but Hazy sunshine no chance of rain in your area.",BIHAR,JEHANABAD,"RATNI FARIDPUR",2018-04-02T15:46:41Z
JAYAD,AGRICULTURE,Others,Others,Weather,"Weather information","Cloudy weather in your area and no chance of rain in your area",BIHAR,JEHANABAD,GHOSHI,2018-04-02T16:22:33Z
JAYAD,HORTICULTURE,Vegetables,Bhindi(Okra/Ladysfinger),"Plant Protection","LEAF CURLING","Spray imidachloprid @ 1ml/3 lit of water",BIHAR,JEHANABAD,HULASGANJ,2018-04-05T08:02:36Z
RABI,AGRICULTURE,Cereals,Wheat,Weather,"WEATHER INFORMATION","?? ?? ?? ???? ??????? ??? ???? ??? ????? ?? ????? ?? ??????? ??",BIHAR,JEHANABAD,JEHANABAD,2018-04-07T09:43:21Z
JAYAD,AGRICULTURE,Millets,"Maize (Makka)",Varieties,"VARIETIES OF MAIZE","Good variety of maize- saktiman 1,2, ganga-11,suan, devki",BIHAR,JEHANABAD,KAKO,2018-04-08T11:15:41Z
JAYAD,AGRICULTURE,Pulses,"Green Gram (Moong Bean/ Moong)",Varieties,"Varieties of Moong","Varieties of Moong - H.U.M-16, Pusa vishal, Samarat, Sona, P.S-16, S.M.L-668",BIHAR,JEHANABAD,KAKO,2018-04-08T11:17:09Z
JAYAD,AGRICULTURE,Others,Others,Weather,"WEATHER INFORMATION","Cloudy weather in your area,  chance of rain in your area",BIHAR,JEHANABAD,KAKO,2018-04-08T11:18:05Z
JAYAD,AGRICULTURE,Others,Others,Weather,"weather information","Cloudy weather Today & tomorrow   chance of rain",BIHAR,JEHANABAD,"RATNI FARIDPUR",2018-04-09T13:47:00Z
JAYAD,AGRICULTURE,Others,Others,Weather,"Weather information","Cloudy weather Today and tomorrow little chance of rain in your area",BIHAR,JEHANABAD,HULASGANJ,2018-04-10T19:10:09Z
RABI,AGRICULTURE,Others,Others,"Plant Protection","Yellowing of leaf","Spray mancozeb @ 2g/lit of water",BIHAR,JEHANABAD,HULASGANJ,2018-04-11T10:34:08Z
JAYAD,AGRICULTURE,Others,Others,Weather,"Weather information","Today and tomorrow little chance of rain",BIHAR,JEHANABAD,KAKO,2018-04-12T13:28:41Z
RABI,AGRICULTURE,Cereals,Wheat,Weather,"WEATHER INFORMATION","?? ?? ??????? ??? ???? ???  ????? ??  ????? ???? ?? ??????? ??",BIHAR,JEHANABAD,JEHANABAD,2018-04-14T10:52:28Z
RABI,HORTICULTURE,Vegetables,Brinjal,"Plant Protection","Stem borer","Light trap @1/ha to attract and kill adults
Spray neem oil 2ml/lit  
Avoid using synthetic pyrethriods causing resurgence",BIHAR,JEHANABAD,JEHANABAD,2018-04-14T10:55:38Z
KHARIF,AGRICULTURE,Others,Others,Weather,WEATHER,"NO RAIN",BIHAR,JEHANABAD,HULASGANJ,2018-04-14T17:26:34Z
RABI,AGRICULTURE,Others,Others,"Sowing Time and Weather",Insecticide,"Spray chlorpyriphos @ 2 ml in 1 litre of water",BIHAR,JEHANABAD,"RATNI FARIDPUR",2018-04-15T06:50:09Z
RABI,AGRICULTURE,Cereals,Wheat,Weather,"WEATHER INFORMATION","Very low cloudy area but no chance of rain",BIHAR,JEHANABAD,HULASGANJ,2018-04-17T15:54:01Z
JAYAD,HORTICULTURE,Fruits,Aonla,"Plant Protection","POWDER MILDEW  FUNGAL PROBLEM IN AONLA","Spray CARBENDAZIM @ 2g/lit of water",BIHAR,JEHANABAD,MODANGANJ,2018-04-18T16:55:01Z
JAYAD,AGRICULTURE,Others,Others,"Plant Protection","Pest problem","?????????????? @ 2 ml ????? ???? ???? ??? ?????? ?????? ????",BIHAR,JEHANABAD,KAKO,2018-04-19T09:30:14Z
JAYAD,HORTICULTURE,Vegetables,Bhindi(Okra/Ladysfinger),"Cultural Practices","varieties of bhindi","varieties of bhindi - arka anamica, arka abhay , prabhat kranti and okra-4,",BIHAR,JEHANABAD,JEHANABAD,2018-04-20T10:16:22Z
JAYAD,AGRICULTURE,Others,Others,Weather,"Weather information","TODAY AND TOMORROW NO CHANCE OF RAIN",BIHAR,JEHANABAD,JEHANABAD,2018-04-20T10:18:16Z
JAYAD,AGRICULTURE,Others,Others,Weather,"weather information","TODAY chance of rain IN YOUR AREA",BIHAR,JEHANABAD,GHOSHI,2018-04-21T07:27:26Z
JAYAD,AGRICULTURE,Others,Others,Weather,"weather information","TODAY chance of rain IN YOUR AREA",BIHAR,JEHANABAD,GHOSHI,2018-04-21T07:29:11Z
JAYAD,AGRICULTURE,Others,Others,Weather,"Weather information","Cloudy weather in your area but no chance of rain in your area",BIHAR,JEHANABAD,KAKO,2018-04-21T10:20:17Z
JAYAD,AGRICULTURE,Pulses,"Green Gram (Moong Bean/ Moong)","Cultural Practices","sowing time of moong","moong may sown upto 10 april",BIHAR,JEHANABAD,JEHANABAD,2018-04-21T11:29:21Z
JAYAD,AGRICULTURE,Others,Others,Weather,"WEATHER INFORMATION","No chance of rain in your area.",BIHAR,JEHANABAD,KAKO,2018-04-23T19:47:34Z
JAYAD,AGRICULTURE,Others,Others,Weather,"WEATHER INFORMATION","Cloudy weather Today and tomorrow little chance of rain in your area.",BIHAR,JEHANABAD,KAKO,2018-04-26T11:35:22Z
JAYAD,AGRICULTURE,Others,Others,Weather,"Weather Information","Cloudy weather today and tomorrow little chance of rain.",BIHAR,JEHANABAD,HULASGANJ,2018-04-26T15:01:30Z
JAYAD,AGRICULTURE,Others,Others,Weather,"Weather Information","Cloudy weather today and tomorrow little chance of rain.",BIHAR,JEHANABAD,HULASGANJ,2018-04-26T15:01:42Z
JAYAD,AGRICULTURE,Others,Others,"Plant Protection","WEATHER INFORMATION","Heavy Cloudy weather in your area, chance of rain in your area",BIHAR,JEHANABAD,KAKO,2018-04-26T17:21:54Z
JAYAD,AGRICULTURE,Others,Others,"Plant Protection","Insect infestation","Spray Imidacloroprid @ 1 ml / 3 lit of water",BIHAR,JEHANABAD,KAKO,2018-04-26T17:25:52Z
RABI,AGRICULTURE,Others,Others,Weather,"weather information","22 C 
RealFeel 21

Hazy sunshine
  


See Hourly

> 




Today

Apr 27



39 Hi 
RealFeel 40

A thunderstorm in spots
 More  



Tonight

Apr 27



26 Lo 
RealFeel 27

Hazy and warm
 More  



Tomorrow

Apr 28



38 Hi 
RealFeel 42

A strong afternoon t-storm",BIHAR,JEHANABAD,KAKO,2018-04-27T06:21:43Z
JAYAD,AGRICULTURE,Millets,"Maize (Makka)",Varieties,"VARIETIES OF MAIZE","VARIETIES ARE SHAKTIMAN-1,2 AND GANGA-11 FOR MAIZE",BIHAR,JEHANABAD,HULASGANJ,2018-04-27T16:41:33Z
JAYAD,AGRICULTURE,Others,Others,"Nutrient Management","Nutritional medicine","Spray Multi micro nutrient @ 2 gram in 1 liter of water",BIHAR,JEHANABAD,JEHANABAD,2018-04-28T18:09:56Z
RABI,HORTICULTURE,Vegetables,Chillies,"Plant Protection","Gram caterpillar","Indoxacarb 14.5 % SC 6.5 ml/10 lit. 
Novaluron 10 % EC 7.5 ml/10 lit. 
Spinosad 45 % SC 3.2 ml/10 lit.",BIHAR,JEHANABAD,JEHANABAD,2018-04-29T06:13:42Z
JAYAD,AGRICULTURE,Others,Others,"Nutrient Management","Nutritional medicine","Spray Multi micro nutrient @ 2 gram in 1 liter of water",BIHAR,JEHANABAD,JEHANABAD,2018-04-29T14:33:33Z
JAYAD,AGRICULTURE,Others,Others,"Plant Protection","Nutritional medicine","Spray Neem Oil 1500 ppm @ 2ml/ liter of water",BIHAR,JEHANABAD,JEHANABAD,2018-04-30T14:26:22Z
JAYAD,AGRICULTURE,Others,Others,"Nutrient Management","Nutritional medicine","Spray Multi micro nutrient @ 2 gram in 1 liter of water",BIHAR,JEHANABAD,JEHANABAD,2018-04-30T19:54:42Z
