Season,Sector,Category,Crop,QueryType,QueryText,KCCAns,StateName,DistrictName,BlockName,CreatedOn
KHARIF,AGRICULTURE,Others,Others,Weather,"PROBLEM RELATED TO DBT","AAP SAHAJ KENDRA ME CONTACT KARE",BIHAR,MADHUBANI,MADHWAPUR,2018-08-01T10:31:47Z
KHARIF,AGRICULTURE,Others,Others,Weather,"PROBLEM RELATED TO DBT","AAP SAHAJ KENDRA ME CONTACT KARE",BIHAR,MADHUBANI,MADHWAPUR,2018-08-01T10:31:47Z
KHARIF,AGRICULTURE,Cereals,"Paddy (Dhan)",Weather,"WEATHER INFORMATION","?? ?? ?? ???? ??????? ??? ???? ??? ????? ?? ????? ?? ??????? ??",BIHAR,MADHUBANI,LAUKAHI,2018-08-01T14:08:22Z
KHARIF,AGRICULTURE,Cereals,"Paddy (Dhan)",Weather,"WEATHER INFORMATION","?? ?? ?? ???? ??????? ??? ???? ??? ????? ?? ????? ?? ??????? ??",BIHAR,MADHUBANI,LAUKAHI,2018-08-01T14:08:22Z
KHARIF,AGRICULTURE,Others,Others,"Field Preparation","WEATHER INFORMATION","Heavy Cloudy weather in your area,chance of rain in your area",BIHAR,MADHUBANI,"BABU BARHI",2018-08-01T21:51:10Z
KHARIF,AGRICULTURE,Others,Others,"Field Preparation","WEATHER INFORMATION","Heavy Cloudy weather in your area,chance of rain in your area",BIHAR,MADHUBANI,"BABU BARHI",2018-08-01T21:51:10Z
KHARIF,AGRICULTURE,Others,Others,"Government Schemes","PROBLEM RELATED TO DBT","AAP CSC ME CONTACT KARE",BIHAR,MADHUBANI,RAJNAGAR,2018-08-02T10:49:42Z
KHARIF,AGRICULTURE,Others,Others,"Government Schemes","PROBLEM RELATED TO DBT","AAP CSC ME CONTACT KARE",BIHAR,MADHUBANI,RAJNAGAR,2018-08-02T10:49:42Z
KHARIF,AGRICULTURE,Others,Others,Weather,"WEATHER INFORMATION","Cloudy weather in your area, chance of rain in your area,.",BIHAR,MADHUBANI,MADHWAPUR,2018-08-02T13:54:21Z
KHARIF,AGRICULTURE,Others,Others,Weather,"WEATHER INFORMATION","Cloudy weather in your area, chance of rain in your area,.",BIHAR,MADHUBANI,MADHWAPUR,2018-08-02T13:54:21Z
KHARIF,AGRICULTURE,Others,Others,"Field Preparation","Mushroom cultivation","Mushroom cultivation -Dr. Dayaram – 9430464088",BIHAR,MADHUBANI,KHAJAULI,2018-08-02T21:59:31Z
KHARIF,AGRICULTURE,Others,Others,"Field Preparation","Mushroom cultivation","Mushroom cultivation -Dr. Dayaram – 9430464088",BIHAR,MADHUBANI,KHAJAULI,2018-08-02T21:59:31Z
KHARIF,AGRICULTURE,Others,Others,"Weed Management","WEED MANAGEMENT IN PADDY",SATHI-100ML/HA,BIHAR,MADHUBANI,MADHWAPUR,2018-08-03T09:57:34Z
KHARIF,AGRICULTURE,Others,Others,"Weed Management","WEED MANAGEMENT IN PADDY",SATHI-100ML/HA,BIHAR,MADHUBANI,MADHWAPUR,2018-08-03T09:57:34Z
RABI,HORTICULTURE,Vegetables,Brinjal,"Plant Protection","Cercospora Leaf Spot","•Spraying 1 per cent Bordeaux mixture or 2 g Copper oxychloride or 2.5 g Zineb per litre o",BIHAR,MADHUBANI,BENIPATTI,2018-08-03T11:34:49Z
RABI,HORTICULTURE,Vegetables,Brinjal,"Plant Protection","Cercospora Leaf Spot","•Spraying 1 per cent Bordeaux mixture or 2 g Copper oxychloride or 2.5 g Zineb per litre o",BIHAR,MADHUBANI,BENIPATTI,2018-08-03T11:34:49Z
KHARIF,AGRICULTURE,Others,Others,Weather,"weather information","Cloudy weather in your area, chance of rain in your area.",BIHAR,MADHUBANI,PANDAUL,2018-08-03T12:13:06Z
KHARIF,AGRICULTURE,Others,Others,Weather,"weather information","Cloudy weather in your area, chance of rain in your area.",BIHAR,MADHUBANI,PANDAUL,2018-08-03T12:13:06Z
KHARIF,AGRICULTURE,Others,Others,"Field Preparation","WEATHER INFORMATION","Heavy Cloudy weather in your area,chance of rain in your area",BIHAR,MADHUBANI,ANDHRATHARHI,2018-08-03T15:50:53Z
KHARIF,AGRICULTURE,Others,Others,"Field Preparation","WEATHER INFORMATION","Heavy Cloudy weather in your area,chance of rain in your area",BIHAR,MADHUBANI,ANDHRATHARHI,2018-08-03T15:50:53Z
KHARIF,AGRICULTURE,Others,Others,"Field Preparation","WEATHER INFORMATION","Cloudy weather in your area but no chance of rain in your area",BIHAR,MADHUBANI,ANDHRATHARHI,2018-08-03T15:52:40Z
KHARIF,AGRICULTURE,Others,Others,"Field Preparation","WEATHER INFORMATION","Cloudy weather in your area but no chance of rain in your area",BIHAR,MADHUBANI,ANDHRATHARHI,2018-08-03T15:52:40Z
KHARIF,AGRICULTURE,Others,Others,"Weed Management","Weed management","Spray nominogold @ 1 ml in 3 litre of water",BIHAR,MADHUBANI,LAKHNAUR,2018-08-03T17:42:41Z
KHARIF,AGRICULTURE,Others,Others,"Weed Management","Weed management","Spray nominogold @ 1 ml in 3 litre of water",BIHAR,MADHUBANI,LAKHNAUR,2018-08-03T17:42:41Z
KHARIF,AGRICULTURE,Others,Others,Weather,"Weather information","There will be cloud in your area today and tomorrow and there is a possibility of rain",BIHAR,MADHUBANI,MADHWAPUR,2018-08-04T15:44:47Z
KHARIF,AGRICULTURE,Others,Others,Weather,"Weather information","There will be cloud in your area today and tomorrow and there is a possibility of rain",BIHAR,MADHUBANI,MADHWAPUR,2018-08-04T15:44:47Z
KHARIF,AGRICULTURE,Others,Others,Weather,"Weather information","There will be cloud in your area today and tomorrow and there is a possibility of rain",BIHAR,MADHUBANI,MADHWAPUR,2018-08-04T15:44:58Z
KHARIF,AGRICULTURE,Others,Others,Weather,"Weather information","There will be cloud in your area today and tomorrow and there is a possibility of rain",BIHAR,MADHUBANI,MADHWAPUR,2018-08-04T15:44:58Z
KHARIF,AGRICULTURE,Cereals,"Paddy (Dhan)",Weather,"weather information","???? ??? ?????? ,???? ?????????? ???? ?? ???????  ????",BIHAR,MADHUBANI,MADHUBANI,2018-08-04T17:53:44Z
KHARIF,AGRICULTURE,Cereals,"Paddy (Dhan)",Weather,"weather information","???? ??? ?????? ,???? ?????????? ???? ?? ???????  ????",BIHAR,MADHUBANI,MADHUBANI,2018-08-04T17:53:44Z
RABI,HORTICULTURE,Vegetables,Bhindi(Okra/Ladysfinger),"Plant Protection","Red cotton bug","•Spray phosphamidon 40 SL @ 600 ml/ha",BIHAR,MADHUBANI,BENIPATTI,2018-08-05T06:24:46Z
RABI,HORTICULTURE,Vegetables,Bhindi(Okra/Ladysfinger),"Plant Protection","Red cotton bug","•Spray phosphamidon 40 SL @ 600 ml/ha",BIHAR,MADHUBANI,BENIPATTI,2018-08-05T06:24:46Z
KHARIF,AGRICULTURE,Others,Others,"Field Preparation","Kisan registration - www.krishimis.in","Kisan registration - www.krishimis.in",BIHAR,MADHUBANI,"BABU BARHI",2018-08-05T19:48:03Z
KHARIF,AGRICULTURE,Others,Others,"Field Preparation","Kisan registration - www.krishimis.in","Kisan registration - www.krishimis.in",BIHAR,MADHUBANI,"BABU BARHI",2018-08-05T19:48:03Z
KHARIF,AGRICULTURE,Others,Others,Weather,"WEATHER INFORMATION","Cloudy weather in your area, chance of rain in your area",BIHAR,MADHUBANI,BENIPATTI,2018-08-06T07:40:45Z
KHARIF,AGRICULTURE,Others,Others,Weather,"WEATHER INFORMATION","Cloudy weather in your area, chance of rain in your area",BIHAR,MADHUBANI,BENIPATTI,2018-08-06T07:40:45Z
KHARIF,AGRICULTURE,Others,Others,"Agriculture Mechanization","farmer registration","For farmer registration : www.krishimis.in",BIHAR,MADHUBANI,LAUKAHI,2018-08-06T10:06:41Z
KHARIF,AGRICULTURE,Others,Others,"Agriculture Mechanization","farmer registration","For farmer registration : www.krishimis.in",BIHAR,MADHUBANI,LAUKAHI,2018-08-06T10:06:41Z
KHARIF,AGRICULTURE,Others,Others,Weather,"WEATHER INFORMATION","Cloudy weather in your area, chance of rain in your area .",BIHAR,MADHUBANI,JHANJHARPUR,2018-08-06T10:47:13Z
KHARIF,AGRICULTURE,Others,Others,Weather,"WEATHER INFORMATION","Cloudy weather in your area, chance of rain in your area .",BIHAR,MADHUBANI,JHANJHARPUR,2018-08-06T10:47:13Z
KHARIF,AGRICULTURE,Others,Others,"Plant Protection","white fly in brinjal","quinolphos-2 ml/liter of water",BIHAR,MADHUBANI,BENIPATTI,2018-08-06T14:51:20Z
KHARIF,AGRICULTURE,Others,Others,"Plant Protection","white fly in brinjal","quinolphos-2 ml/liter of water",BIHAR,MADHUBANI,BENIPATTI,2018-08-06T14:51:20Z
KHARIF,AGRICULTURE,Others,Others,"Government Schemes","problem related to dbt","aap sahaj kendra me contact kare",BIHAR,MADHUBANI,RAJNAGAR,2018-08-07T06:09:07Z
KHARIF,AGRICULTURE,Others,Others,"Government Schemes","problem related to dbt","aap sahaj kendra me contact kare",BIHAR,MADHUBANI,RAJNAGAR,2018-08-07T06:09:07Z
RABI,HORTICULTURE,Vegetables,Chillies,"Plant Protection","Tobacco cutworm","Indoxacarb 14.5 % SC 6.5 ml/10 lit. 
Novaluron 10 % EC 7.5 ml/10 lit. 
Spinosad 45 % SC 3.2 ml/10 lit",BIHAR,MADHUBANI,BENIPATTI,2018-08-07T07:04:22Z
RABI,HORTICULTURE,Vegetables,Chillies,"Plant Protection","Tobacco cutworm","Indoxacarb 14.5 % SC 6.5 ml/10 lit. 
Novaluron 10 % EC 7.5 ml/10 lit. 
Spinosad 45 % SC 3.2 ml/10 lit",BIHAR,MADHUBANI,BENIPATTI,2018-08-07T07:04:22Z
KHARIF,AGRICULTURE,Others,Others,"Government Schemes","PROBLEM RELATED TO DBT","Kisan registration –www.krishimis.in",BIHAR,MADHUBANI,KALUAHI,2018-08-07T08:46:44Z
KHARIF,AGRICULTURE,Others,Others,"Government Schemes","PROBLEM RELATED TO DBT","Kisan registration –www.krishimis.in",BIHAR,MADHUBANI,KALUAHI,2018-08-07T08:46:44Z
KHARIF,AGRICULTURE,Others,Others,Weather,"WEATHER INFORMATION","Heavy Cloudy weather in your area,chance of rain in your area",BIHAR,MADHUBANI,MADHUBANI,2018-08-07T11:02:06Z
KHARIF,AGRICULTURE,Others,Others,Weather,"WEATHER INFORMATION","Heavy Cloudy weather in your area,chance of rain in your area",BIHAR,MADHUBANI,MADHUBANI,2018-08-07T11:02:06Z
KHARIF,AGRICULTURE,Cereals,"Paddy (Dhan)","Weed Management","WEED  MANAGEMENT IN RICE FIELD","AAP NIKAI KARWAYE",BIHAR,MADHUBANI,GHOGHARDIHA,2018-08-08T08:01:29Z
KHARIF,AGRICULTURE,Cereals,"Paddy (Dhan)","Weed Management","WEED  MANAGEMENT IN RICE FIELD","AAP NIKAI KARWAYE",BIHAR,MADHUBANI,GHOGHARDIHA,2018-08-08T08:01:29Z
KHARIF,AGRICULTURE,Cereals,"Paddy (Dhan)","Weed Management","WEED MANAGEMENT IN RICE FIELD","AAP NIKAI KARWAYE",BIHAR,MADHUBANI,GHOGHARDIHA,2018-08-08T08:07:44Z
KHARIF,AGRICULTURE,Cereals,"Paddy (Dhan)","Weed Management","WEED MANAGEMENT IN RICE FIELD","AAP NIKAI KARWAYE",BIHAR,MADHUBANI,GHOGHARDIHA,2018-08-08T08:07:44Z
KHARIF,AGRICULTURE,Others,Others,"Government Schemes","QUAERY FOR DBT","SITE FOR DBT",BIHAR,MADHUBANI,HARLAKHI,2018-08-08T10:51:34Z
KHARIF,AGRICULTURE,Others,Others,"Government Schemes","QUAERY FOR DBT","SITE FOR DBT",BIHAR,MADHUBANI,HARLAKHI,2018-08-08T10:51:34Z
KHARIF,AGRICULTURE,Others,Others,Weather,"WEATHER INFORMATION","Cloudy weather in your area, chance of rain in your area .",BIHAR,MADHUBANI,BENIPATTI,2018-08-08T11:02:27Z
KHARIF,AGRICULTURE,Others,Others,Weather,"WEATHER INFORMATION","Cloudy weather in your area, chance of rain in your area .",BIHAR,MADHUBANI,BENIPATTI,2018-08-08T11:02:27Z
KHARIF,AGRICULTURE,Others,Others,Weather,"WEATHER INFORMATION","Cloudy weather in your area, chance of rain in your area .",BIHAR,MADHUBANI,JHANJHARPUR,2018-08-08T12:53:51Z
KHARIF,AGRICULTURE,Others,Others,Weather,"WEATHER INFORMATION","Cloudy weather in your area, chance of rain in your area .",BIHAR,MADHUBANI,JHANJHARPUR,2018-08-08T12:53:51Z
KHARIF,AGRICULTURE,Others,Others,Weather,"WEATHER INFORMATION","Cloudy weather in your area, chance of rain in your area",BIHAR,MADHUBANI,PHULPARAS,2018-08-08T14:16:14Z
KHARIF,AGRICULTURE,Others,Others,Weather,"WEATHER INFORMATION","Cloudy weather in your area, chance of rain in your area",BIHAR,MADHUBANI,PHULPARAS,2018-08-08T14:16:14Z
KHARIF,AGRICULTURE,Others,Others,Weather,"WEATHER INFORMATION","Cloudy weather in your area, chance of rain in your area",BIHAR,MADHUBANI,MADHUBANI,2018-08-08T19:48:45Z
KHARIF,AGRICULTURE,Others,Others,Weather,"WEATHER INFORMATION","Cloudy weather in your area, chance of rain in your area",BIHAR,MADHUBANI,MADHUBANI,2018-08-08T19:48:45Z
KHARIF,AGRICULTURE,Others,Others,Weather,"WEATHER INFORMATION","Cloudy weather in your area, chance of rain in your area",BIHAR,MADHUBANI,BENIPATTI,2018-08-08T20:42:05Z
KHARIF,AGRICULTURE,Others,Others,Weather,"WEATHER INFORMATION","Cloudy weather in your area, chance of rain in your area",BIHAR,MADHUBANI,BENIPATTI,2018-08-08T20:42:05Z
KHARIF,AGRICULTURE,Others,Others,Weather,"WEATHER INFORMATION","Cloudy weather in your area, chance of rain in your area",BIHAR,MADHUBANI,BENIPATTI,2018-08-08T20:42:17Z
KHARIF,AGRICULTURE,Others,Others,Weather,"WEATHER INFORMATION","Cloudy weather in your area, chance of rain in your area",BIHAR,MADHUBANI,BENIPATTI,2018-08-08T20:42:17Z
KHARIF,AGRICULTURE,Others,Others,"Field Preparation","Weather information","Cloudy weather, no rain likely.",BIHAR,MADHUBANI,BENIPATTI,2018-08-08T21:59:39Z
KHARIF,AGRICULTURE,Others,Others,"Field Preparation","Weather information","Cloudy weather, no rain likely.",BIHAR,MADHUBANI,BENIPATTI,2018-08-08T21:59:39Z
KHARIF,AGRICULTURE,Cereals,"Paddy (Dhan)",Weather,"Weather information","???? ???  ????? ????? ???? ?? ??????? ??",BIHAR,MADHUBANI,LAKHNAUR,2018-08-09T11:23:55Z
KHARIF,AGRICULTURE,Cereals,"Paddy (Dhan)",Weather,"Weather information","???? ???  ????? ????? ???? ?? ??????? ??",BIHAR,MADHUBANI,LAKHNAUR,2018-08-09T11:23:55Z
KHARIF,AGRICULTURE,Cereals,"Paddy (Dhan)",Weather,"Weather information","???? ???  ????? ????? ???? ?? ??????? ??",BIHAR,MADHUBANI,LAKHNAUR,2018-08-09T11:24:03Z
KHARIF,AGRICULTURE,Cereals,"Paddy (Dhan)",Weather,"Weather information","???? ???  ????? ????? ???? ?? ??????? ??",BIHAR,MADHUBANI,LAKHNAUR,2018-08-09T11:24:03Z
KHARIF,AGRICULTURE,Cereals,"Paddy (Dhan)",Weather,"Weather information","???? ???  ????? ????? ???? ?? ??????? ??",BIHAR,MADHUBANI,LAKHNAUR,2018-08-09T11:24:09Z
KHARIF,AGRICULTURE,Cereals,"Paddy (Dhan)",Weather,"Weather information","???? ???  ????? ????? ???? ?? ??????? ??",BIHAR,MADHUBANI,LAKHNAUR,2018-08-09T11:24:09Z
KHARIF,AGRICULTURE,Cereals,"Paddy (Dhan)",Weather,"Weather information","???? ???  ????? ????? ???? ?? ??????? ??",BIHAR,MADHUBANI,LAKHNAUR,2018-08-09T11:24:16Z
KHARIF,AGRICULTURE,Cereals,"Paddy (Dhan)",Weather,"Weather information","???? ???  ????? ????? ???? ?? ??????? ??",BIHAR,MADHUBANI,LAKHNAUR,2018-08-09T11:24:16Z
KHARIF,AGRICULTURE,Cereals,"Paddy (Dhan)",Weather,"Weather information","???? ???  ????? ????? ???? ?? ??????? ??",BIHAR,MADHUBANI,LAKHNAUR,2018-08-09T11:24:47Z
KHARIF,AGRICULTURE,Cereals,"Paddy (Dhan)",Weather,"Weather information","???? ???  ????? ????? ???? ?? ??????? ??",BIHAR,MADHUBANI,LAKHNAUR,2018-08-09T11:24:47Z
KHARIF,AGRICULTURE,Cereals,"Paddy (Dhan)",Weather,"Weather information","???? ???  ????? ????? ???? ?? ??????? ??",BIHAR,MADHUBANI,LAKHNAUR,2018-08-09T11:24:54Z
KHARIF,AGRICULTURE,Cereals,"Paddy (Dhan)",Weather,"Weather information","???? ???  ????? ????? ???? ?? ??????? ??",BIHAR,MADHUBANI,LAKHNAUR,2018-08-09T11:24:54Z
KHARIF,HORTICULTURE,Vegetables,Cauliflower,"Cultural Practices","VARIETIES OF CAULIFLOWER","VARIETIES OF CAULIFLOWER-PUSA KARTIK,PUSA SYNTHETIC 1,PUSA SHUBHRA,EARLY SNOBALL",BIHAR,MADHUBANI,KHAJAULI,2018-08-10T12:13:41Z
KHARIF,HORTICULTURE,Vegetables,Cauliflower,"Cultural Practices","VARIETIES OF CAULIFLOWER","VARIETIES OF CAULIFLOWER-PUSA KARTIK,PUSA SYNTHETIC 1,PUSA SHUBHRA,EARLY SNOBALL",BIHAR,MADHUBANI,KHAJAULI,2018-08-10T12:13:41Z
KHARIF,AGRICULTURE,Others,Others,"Government Schemes","PROBLEM RELATED TO DBT","AAP CSC ME CONTACT KARE",BIHAR,MADHUBANI,BASOPATTI,2018-08-10T13:56:15Z
KHARIF,AGRICULTURE,Others,Others,"Government Schemes","PROBLEM RELATED TO DBT","AAP CSC ME CONTACT KARE",BIHAR,MADHUBANI,BASOPATTI,2018-08-10T13:56:15Z
KHARIF,HORTICULTURE,Vegetables,Brinjal,"Cultural Practices","Best variety of brinjal-","Best variety of brinjal- rajendra baigan-2, pant baigan, punjab sadabahar, sonali, pusa purple long, pusa anmol, arka navneet",BIHAR,MADHUBANI,JAINAGAR,2018-08-11T11:20:58Z
KHARIF,HORTICULTURE,Vegetables,Brinjal,"Cultural Practices","Best variety of brinjal-","Best variety of brinjal- rajendra baigan-2, pant baigan, punjab sadabahar, sonali, pusa purple long, pusa anmol, arka navneet",BIHAR,MADHUBANI,JAINAGAR,2018-08-11T11:20:58Z
KHARIF,WEATHER,Weather,Weather,Weather,"Weather information","???? ???  ????? ????? ???? ?? ??????? ??",BIHAR,MADHUBANI,MADHEPUR,2018-08-11T13:04:10Z
KHARIF,WEATHER,Weather,Weather,Weather,"Weather information","???? ???  ????? ????? ???? ?? ??????? ??",BIHAR,MADHUBANI,MADHEPUR,2018-08-11T13:04:10Z
KHARIF,WEATHER,Weather,Weather,Weather,"Weather information","???? ???  ????? ????? ???? ?? ??????? ??",BIHAR,MADHUBANI,MADHEPUR,2018-08-11T13:04:45Z
KHARIF,WEATHER,Weather,Weather,Weather,"Weather information","???? ???  ????? ????? ???? ?? ??????? ??",BIHAR,MADHUBANI,MADHEPUR,2018-08-11T13:04:45Z
KHARIF,AGRICULTURE,Cereals,"Paddy (Dhan)",Weather,"Weather information","???? ???  ????? ????? ???? ?? ??????? ??",BIHAR,MADHUBANI,MADHEPUR,2018-08-11T13:05:42Z
KHARIF,AGRICULTURE,Cereals,"Paddy (Dhan)",Weather,"Weather information","???? ???  ????? ????? ???? ?? ??????? ??",BIHAR,MADHUBANI,MADHEPUR,2018-08-11T13:05:42Z
KHARIF,WEATHER,Weather,Weather,Weather,"Weather information","???? ???  ????? ????? ???? ?? ??????? ??",BIHAR,MADHUBANI,MADHWAPUR,2018-08-11T13:08:16Z
KHARIF,WEATHER,Weather,Weather,Weather,"Weather information","???? ???  ????? ????? ???? ?? ??????? ??",BIHAR,MADHUBANI,MADHWAPUR,2018-08-11T13:08:16Z
KHARIF,WEATHER,Weather,Weather,Weather,"Weather information","???? ???  ????? ????? ???? ?? ??????? ??",BIHAR,MADHUBANI,MADHWAPUR,2018-08-11T13:10:00Z
KHARIF,WEATHER,Weather,Weather,Weather,"Weather information","???? ???  ????? ????? ???? ?? ??????? ??",BIHAR,MADHUBANI,MADHWAPUR,2018-08-11T13:10:00Z
KHARIF,WEATHER,Weather,Weather,Weather,"WEATHER INFORMATION","Cloudy weather in your area,chance of rain in your area",BIHAR,MADHUBANI,MADHWAPUR,2018-08-11T13:32:53Z
KHARIF,WEATHER,Weather,Weather,Weather,"WEATHER INFORMATION","Cloudy weather in your area,chance of rain in your area",BIHAR,MADHUBANI,MADHWAPUR,2018-08-11T13:32:53Z
KHARIF,WEATHER,Weather,Weather,Weather,"WEATHER INFORMATION","Cloudy weather in your area,chance of rain in your area",BIHAR,MADHUBANI,MADHWAPUR,2018-08-11T13:33:26Z
KHARIF,WEATHER,Weather,Weather,Weather,"WEATHER INFORMATION","Cloudy weather in your area,chance of rain in your area",BIHAR,MADHUBANI,MADHWAPUR,2018-08-11T13:33:26Z
KHARIF,WEATHER,Weather,Weather,Weather,"WEATHER INFORMATION","Cloudy weather in your area,chance of rain in your area",BIHAR,MADHUBANI,MADHWAPUR,2018-08-11T13:33:49Z
KHARIF,WEATHER,Weather,Weather,Weather,"WEATHER INFORMATION","Cloudy weather in your area,chance of rain in your area",BIHAR,MADHUBANI,MADHWAPUR,2018-08-11T13:33:49Z
KHARIF,WEATHER,Weather,Weather,Weather,"Weather Information","There will be cloud in your area today and tomorrow and there is a possibility of rain",BIHAR,MADHUBANI,"LAUKAHA (KHUTAUNA)",2018-08-11T14:34:48Z
KHARIF,WEATHER,Weather,Weather,Weather,"Weather Information","There will be cloud in your area today and tomorrow and there is a possibility of rain",BIHAR,MADHUBANI,"LAUKAHA (KHUTAUNA)",2018-08-11T14:34:48Z
KHARIF,WEATHER,Weather,Weather,Weather,"Weather Information","There will be cloud in your area today and tomorrow and there is a possibility of rain",BIHAR,MADHUBANI,"LAUKAHA (KHUTAUNA)",2018-08-11T14:35:11Z
KHARIF,WEATHER,Weather,Weather,Weather,"Weather Information","There will be cloud in your area today and tomorrow and there is a possibility of rain",BIHAR,MADHUBANI,"LAUKAHA (KHUTAUNA)",2018-08-11T14:35:11Z
KHARIF,WEATHER,Weather,Weather,Weather,"Weather Information","There will be cloud in your area today and tomorrow and there is a possibility of rain",BIHAR,MADHUBANI,"LAUKAHA (KHUTAUNA)",2018-08-11T15:10:50Z
KHARIF,WEATHER,Weather,Weather,Weather,"Weather Information","There will be cloud in your area today and tomorrow and there is a possibility of rain",BIHAR,MADHUBANI,"LAUKAHA (KHUTAUNA)",2018-08-11T15:10:50Z
KHARIF,WEATHER,Weather,Weather,Weather,"Weather information","???? ???  ????? ????? ???? ?? ??????? ??",BIHAR,MADHUBANI,MADHUBANI,2018-08-11T16:27:12Z
KHARIF,WEATHER,Weather,Weather,Weather,"Weather information","???? ???  ????? ????? ???? ?? ??????? ??",BIHAR,MADHUBANI,MADHUBANI,2018-08-11T16:27:12Z
KHARIF,AGRICULTURE,Others,Others,"Government Schemes","PROBLEM RELATED TO DBT","AAP KRISHI SAHALAKAR SE CONTACT KARE",BIHAR,MADHUBANI,KALUAHI,2018-08-13T08:49:59Z
KHARIF,AGRICULTURE,Others,Others,"Government Schemes","PROBLEM RELATED TO DBT","AAP KRISHI SAHALAKAR SE CONTACT KARE",BIHAR,MADHUBANI,KALUAHI,2018-08-13T08:49:59Z
KHARIF,AGRICULTURE,Others,Others,"Government Schemes","PROBLEM RELATED TO DBT","DBT KI 30 OCTOBER TAK DATE HAI",BIHAR,MADHUBANI,ANDHRATHARHI,2018-08-13T10:23:13Z
KHARIF,AGRICULTURE,Others,Others,"Government Schemes","PROBLEM RELATED TO DBT","DBT KI 30 OCTOBER TAK DATE HAI",BIHAR,MADHUBANI,ANDHRATHARHI,2018-08-13T10:23:13Z
KHARIF,HORTICULTURE,Fruits,Mango,"Plant Protection","GAMOSIS IN MANGO","USE ZINCSULPHATE250GM,COPURSULPHATE 250GM,BOREX 125GM,BUJHA CHUNA 100GM/PLANT IN MANGO",BIHAR,MADHUBANI,BENIPATTI,2018-08-14T13:30:27Z
KHARIF,HORTICULTURE,Fruits,Mango,"Plant Protection","GAMOSIS IN MANGO","USE ZINCSULPHATE250GM,COPURSULPHATE 250GM,BOREX 125GM,BUJHA CHUNA 100GM/PLANT IN MANGO",BIHAR,MADHUBANI,BENIPATTI,2018-08-14T13:30:27Z
RABI,HORTICULTURE,Vegetables,Chillies,"Plant Protection","Tobacco cutworm","Flubendiamide 20 WDG 6.0 g /10 lit. 
Indoxacarb 14.5 % SC 6.5 ml/10 lit. 
Novaluron 10 % EC 7.5 ml/10 lit.",BIHAR,MADHUBANI,BENIPATTI,2018-08-14T13:53:40Z
RABI,HORTICULTURE,Vegetables,Chillies,"Plant Protection","Tobacco cutworm","Flubendiamide 20 WDG 6.0 g /10 lit. 
Indoxacarb 14.5 % SC 6.5 ml/10 lit. 
Novaluron 10 % EC 7.5 ml/10 lit.",BIHAR,MADHUBANI,BENIPATTI,2018-08-14T13:53:40Z
KHARIF,WEATHER,Weather,Weather,Weather,"Weather Information","There will be cloud in your area today and tomorrow and there is a possibility of rain",BIHAR,MADHUBANI,BENIPATTI,2018-08-14T15:26:01Z
KHARIF,WEATHER,Weather,Weather,Weather,"Weather Information","There will be cloud in your area today and tomorrow and there is a possibility of rain",BIHAR,MADHUBANI,BENIPATTI,2018-08-14T15:26:01Z
KHARIF,WEATHER,Weather,Weather,Weather,"Weather Information","There will be cloud in your area today and tomorrow and there is a possibility of rain",BIHAR,MADHUBANI,BENIPATTI,2018-08-14T17:12:21Z
KHARIF,WEATHER,Weather,Weather,Weather,"Weather Information","There will be cloud in your area today and tomorrow and there is a possibility of rain",BIHAR,MADHUBANI,BENIPATTI,2018-08-14T17:12:21Z
KHARIF,WEATHER,Weather,Weather,Weather,"Weather Information","There will be cloud in your area today and tomorrow and there is a possibility of rain",BIHAR,MADHUBANI,JHANJHARPUR,2018-08-14T18:12:12Z
KHARIF,WEATHER,Weather,Weather,Weather,"Weather Information","There will be cloud in your area today and tomorrow and there is a possibility of rain",BIHAR,MADHUBANI,JHANJHARPUR,2018-08-14T18:12:12Z
KHARIF,AGRICULTURE,Others,Others,"Field Preparation","Weather information","Cloudy weather in your area, chance of rain in your area .",BIHAR,MADHUBANI,BASOPATTI,2018-08-14T19:55:29Z
KHARIF,AGRICULTURE,Others,Others,"Field Preparation","Weather information","Cloudy weather in your area, chance of rain in your area .",BIHAR,MADHUBANI,BASOPATTI,2018-08-14T19:55:29Z
KHARIF,AGRICULTURE,Cereals,"Paddy (Dhan)","Weed Management","WEED MANAGEMENT IN RICE  FIELD","AAP NIKAUNI KARWAYE",BIHAR,MADHUBANI,PANDAUL,2018-08-15T08:14:08Z
KHARIF,AGRICULTURE,Cereals,"Paddy (Dhan)","Weed Management","WEED MANAGEMENT IN RICE  FIELD","AAP NIKAUNI KARWAYE",BIHAR,MADHUBANI,PANDAUL,2018-08-15T08:14:08Z
RABI,HORTICULTURE,Vegetables,Chillies,"Plant Protection","Tobacco cutworm","Indoxacarb 14.5 % SC 6.5 ml/10 lit. 
Novaluron 10 % EC 7.5 ml/10 lit. 
Spinosad 45 % SC 3.2 ml/10 lit.",BIHAR,MADHUBANI,BENIPATTI,2018-08-15T08:26:18Z
RABI,HORTICULTURE,Vegetables,Chillies,"Plant Protection","Tobacco cutworm","Indoxacarb 14.5 % SC 6.5 ml/10 lit. 
Novaluron 10 % EC 7.5 ml/10 lit. 
Spinosad 45 % SC 3.2 ml/10 lit.",BIHAR,MADHUBANI,BENIPATTI,2018-08-15T08:26:18Z
KHARIF,AGRICULTURE,Others,Others,"Government Schemes","PROBLEM RELATED TO DBT","AAP CSC ME CONTACT KARE",BIHAR,MADHUBANI,JAINAGAR,2018-08-15T09:58:23Z
KHARIF,AGRICULTURE,Others,Others,"Government Schemes","PROBLEM RELATED TO DBT","AAP CSC ME CONTACT KARE",BIHAR,MADHUBANI,JAINAGAR,2018-08-15T09:58:23Z
KHARIF,AGRICULTURE,Others,Others,"Government Schemes","Kisan registration","Kisan registration –www.krishimis.in",BIHAR,MADHUBANI,JAINAGAR,2018-08-15T10:03:28Z
KHARIF,AGRICULTURE,Others,Others,"Government Schemes","Kisan registration","Kisan registration –www.krishimis.in",BIHAR,MADHUBANI,JAINAGAR,2018-08-15T10:03:28Z
KHARIF,WEATHER,Weather,Weather,Weather,"Weather Information","?? ?? ??????? ??? ?? ?? ?? ???? ??? ????? ?? ????? ???? ?? ???????? ??",BIHAR,MADHUBANI,"BABU BARHI",2018-08-16T07:50:57Z
KHARIF,WEATHER,Weather,Weather,Weather,"Weather Information","?? ?? ??????? ??? ?? ?? ?? ???? ??? ????? ?? ????? ???? ?? ???????? ??",BIHAR,MADHUBANI,"BABU BARHI",2018-08-16T07:50:57Z
KHARIF,WEATHER,Weather,Weather,Weather,"Weather Information","Cloudy weather in your area, chance of rain in your area.",BIHAR,MADHUBANI,BENIPATTI,2018-08-16T10:46:27Z
KHARIF,WEATHER,Weather,Weather,Weather,"Weather Information","Cloudy weather in your area, chance of rain in your area.",BIHAR,MADHUBANI,BENIPATTI,2018-08-16T10:46:27Z
KHARIF,AGRICULTURE,Others,Others,"Field Preparation","Weather Information","Cloudy weather in your area, chance of rain in your area.",BIHAR,MADHUBANI,MADHWAPUR,2018-08-16T20:13:52Z
KHARIF,AGRICULTURE,Others,Others,"Field Preparation","Weather Information","Cloudy weather in your area, chance of rain in your area.",BIHAR,MADHUBANI,MADHWAPUR,2018-08-16T20:13:52Z
KHARIF,AGRICULTURE,Cereals,"Paddy (Dhan)","Plant Protection","LEAF BLIGHT IN PADDY","SPRAY HEXACONOZOLE 2ML/LTI OF WATER IN PADDY",BIHAR,MADHUBANI,"LAUKAHA (KHUTAUNA)",2018-08-16T20:54:13Z
KHARIF,AGRICULTURE,Cereals,"Paddy (Dhan)","Plant Protection","LEAF BLIGHT IN PADDY","SPRAY HEXACONOZOLE 2ML/LTI OF WATER IN PADDY",BIHAR,MADHUBANI,"LAUKAHA (KHUTAUNA)",2018-08-16T20:54:13Z
KHARIF,AGRICULTURE,Others,Others,"Government Schemes","problem related to bank","aap bank me contact kare",BIHAR,MADHUBANI,ANDHRATHARHI,2018-08-17T09:55:20Z
KHARIF,AGRICULTURE,Others,Others,"Government Schemes","problem related to bank","aap bank me contact kare",BIHAR,MADHUBANI,ANDHRATHARHI,2018-08-17T09:55:20Z
KHARIF,AGRICULTURE,Others,Others,"Government Schemes","farmer registration","regarding to DBT",BIHAR,MADHUBANI,KHAJAULI,2018-08-17T14:26:54Z
KHARIF,AGRICULTURE,Others,Others,"Government Schemes","farmer registration","regarding to DBT",BIHAR,MADHUBANI,KHAJAULI,2018-08-17T14:26:54Z
RABI,HORTICULTURE,Vegetables,Chillies,"Plant Protection","Chilli thrips","Imidacloprid 17.8 % SL 3.0 ml/10 lit. 
Dimethoate 30 % EC 1.0 ml/lit.",BIHAR,MADHUBANI,BENIPATTI,2018-08-17T21:12:59Z
RABI,HORTICULTURE,Vegetables,Chillies,"Plant Protection","Chilli thrips","Imidacloprid 17.8 % SL 3.0 ml/10 lit. 
Dimethoate 30 % EC 1.0 ml/lit.",BIHAR,MADHUBANI,BENIPATTI,2018-08-17T21:12:59Z
RABI,HORTICULTURE,Vegetables,Chillies,"Plant Protection","Viral diseases","•Nursery beds should be covered with nylon net or straw to protect the seedlings from viral infection.


•Raise 2-3 rows of maize or sorghum as border crop to restrict the spread of aphid vectors.",BIHAR,MADHUBANI,BENIPATTI,2018-08-17T21:25:35Z
RABI,HORTICULTURE,Vegetables,Chillies,"Plant Protection","Viral diseases","•Nursery beds should be covered with nylon net or straw to protect the seedlings from viral infection.


•Raise 2-3 rows of maize or sorghum as border crop to restrict the spread of aphid vectors.",BIHAR,MADHUBANI,BENIPATTI,2018-08-17T21:25:35Z
KHARIF,AGRICULTURE,Cereals,"Paddy (Dhan)","Weed Management","WEED MANAGEMENT IN RICE FIELD","AAP NIKAUNI KARWAYE",BIHAR,MADHUBANI,BASOPATTI,2018-08-18T08:09:32Z
KHARIF,AGRICULTURE,Cereals,"Paddy (Dhan)","Weed Management","WEED MANAGEMENT IN RICE FIELD","AAP NIKAUNI KARWAYE",BIHAR,MADHUBANI,BASOPATTI,2018-08-18T08:09:32Z
KHARIF,AGRICULTURE,Cereals,"Paddy (Dhan)","Plant Protection","LEAF BLIGHT PROBLEM IN RICE CROP FIELD","SPRAY CARBENDAZIM @ 2 GRAM / LITRE WATER",BIHAR,MADHUBANI,KHAJAULI,2018-08-18T08:39:09Z
KHARIF,AGRICULTURE,Cereals,"Paddy (Dhan)","Plant Protection","LEAF BLIGHT PROBLEM IN RICE CROP FIELD","SPRAY CARBENDAZIM @ 2 GRAM / LITRE WATER",BIHAR,MADHUBANI,KHAJAULI,2018-08-18T08:39:09Z
RABI,HORTICULTURE,Vegetables,Bhindi(Okra/Ladysfinger),"Plant Protection","Leaf roller","•Spray carbaryl 50 WP 2 g/lit or phosalone 35 EC 2 ml/lit",BIHAR,MADHUBANI,BENIPATTI,2018-08-18T10:10:24Z
RABI,HORTICULTURE,Vegetables,Bhindi(Okra/Ladysfinger),"Plant Protection","Leaf roller","•Spray carbaryl 50 WP 2 g/lit or phosalone 35 EC 2 ml/lit",BIHAR,MADHUBANI,BENIPATTI,2018-08-18T10:10:24Z
KHARIF,WEATHER,Weather,Weather,Weather,"Weather Information","Cloudy weather in your area, chance of rain in your area.",BIHAR,MADHUBANI,KHAJAULI,2018-08-18T10:42:00Z
KHARIF,WEATHER,Weather,Weather,Weather,"Weather Information","Cloudy weather in your area, chance of rain in your area.",BIHAR,MADHUBANI,KHAJAULI,2018-08-18T10:42:00Z
KHARIF,AGRICULTURE,Others,Others,"Government Schemes","FARMER REGISTRATION","AAP CSC  ME CONTACT KARE",BIHAR,MADHUBANI,PHULPARAS,2018-08-18T14:08:03Z
KHARIF,AGRICULTURE,Others,Others,"Government Schemes","FARMER REGISTRATION","AAP CSC  ME CONTACT KARE",BIHAR,MADHUBANI,PHULPARAS,2018-08-18T14:08:03Z
KHARIF,WEATHER,Weather,Weather,Weather,"WEATHER INFORMATION","Cloudy weather in your area, chance of rain in your area",BIHAR,MADHUBANI,JHANJHARPUR,2018-08-19T09:55:52Z
KHARIF,WEATHER,Weather,Weather,Weather,"WEATHER INFORMATION","Cloudy weather in your area, chance of rain in your area",BIHAR,MADHUBANI,JHANJHARPUR,2018-08-19T09:55:52Z
KHARIF,WEATHER,Weather,Weather,Weather,"WEATHER INFORMATION","Cloudy weather in your area, chance of rain in your area",BIHAR,MADHUBANI,MADHWAPUR,2018-08-19T12:43:37Z
KHARIF,WEATHER,Weather,Weather,Weather,"WEATHER INFORMATION","Cloudy weather in your area, chance of rain in your area",BIHAR,MADHUBANI,MADHWAPUR,2018-08-19T12:43:37Z
KHARIF,HORTICULTURE,Vegetables,Brinjal,"Plant Protection","fruit borer in brinjal","spray rogor 2ml/lit of water in brinjal",BIHAR,MADHUBANI,"LAUKAHA (KHUTAUNA)",2018-08-19T15:16:14Z
KHARIF,HORTICULTURE,Vegetables,Brinjal,"Plant Protection","fruit borer in brinjal","spray rogor 2ml/lit of water in brinjal",BIHAR,MADHUBANI,"LAUKAHA (KHUTAUNA)",2018-08-19T15:16:14Z
KHARIF,AGRICULTURE,Others,Others,Weather,WEATHER,"NO RAIN",BIHAR,MADHUBANI,"LAUKAHA (KHUTAUNA)",2018-08-19T20:42:40Z
KHARIF,AGRICULTURE,Others,Others,Weather,WEATHER,"NO RAIN",BIHAR,MADHUBANI,"LAUKAHA (KHUTAUNA)",2018-08-19T20:42:40Z
RABI,HORTICULTURE,Vegetables,Brinjal,"Plant Protection","Stem borer","•Light trap @1/ha to attract and kill adults
•Spray neem oil 2ml/lit",BIHAR,MADHUBANI,BENIPATTI,2018-08-20T06:12:25Z
RABI,HORTICULTURE,Vegetables,Brinjal,"Plant Protection","Stem borer","•Light trap @1/ha to attract and kill adults
•Spray neem oil 2ml/lit",BIHAR,MADHUBANI,BENIPATTI,2018-08-20T06:12:25Z
KHARIF,AGRICULTURE,Others,Others,"Government Schemes","DBT PROBLEM","AAP BLOCK ME CONTACT KARE",BIHAR,MADHUBANI,JHANJHARPUR,2018-08-20T12:41:44Z
KHARIF,AGRICULTURE,Others,Others,"Government Schemes","DBT PROBLEM","AAP BLOCK ME CONTACT KARE",BIHAR,MADHUBANI,JHANJHARPUR,2018-08-20T12:41:44Z
KHARIF,AGRICULTURE,Others,Others,"Government Schemes","Kisan registration","Kisan registration –www.krishimis.in",BIHAR,MADHUBANI,LAKHNAUR,2018-08-20T13:25:32Z
KHARIF,AGRICULTURE,Others,Others,"Government Schemes","Kisan registration","Kisan registration –www.krishimis.in",BIHAR,MADHUBANI,LAKHNAUR,2018-08-20T13:25:32Z
KHARIF,AGRICULTURE,Others,Others,"Field Preparation","Weather Information","Cloudy weather Today & tomorrow  no   chance of rain",BIHAR,MADHUBANI,PHULPARAS,2018-08-21T20:27:32Z
KHARIF,AGRICULTURE,Others,Others,"Field Preparation","Weather Information","Cloudy weather Today & tomorrow  no   chance of rain",BIHAR,MADHUBANI,PHULPARAS,2018-08-21T20:27:32Z
KHARIF,AGRICULTURE,Others,Others,"Field Preparation","Weather Information","Cloudy weather Today & tomorrow  no   chance of rain",BIHAR,MADHUBANI,PHULPARAS,2018-08-21T20:30:07Z
KHARIF,AGRICULTURE,Others,Others,"Field Preparation","Weather Information","Cloudy weather Today & tomorrow  no   chance of rain",BIHAR,MADHUBANI,PHULPARAS,2018-08-21T20:30:07Z
KHARIF,AGRICULTURE,Others,Others,"Field Preparation","Weather Information","Cloudy weather Today & tomorrow  no   chance of rain",BIHAR,MADHUBANI,KHAJAULI,2018-08-21T20:35:18Z
KHARIF,AGRICULTURE,Others,Others,"Field Preparation","Weather Information","Cloudy weather Today & tomorrow  no   chance of rain",BIHAR,MADHUBANI,KHAJAULI,2018-08-21T20:35:18Z
KHARIF,AGRICULTURE,Others,Others,"Field Preparation","Cloudy weather Today & tomorrow  no   chance of rain","Cloudy weather Today & tomorrow  no   chance of rain",BIHAR,MADHUBANI,PHULPARAS,2018-08-21T20:36:39Z
KHARIF,AGRICULTURE,Others,Others,"Field Preparation","Cloudy weather Today & tomorrow  no   chance of rain","Cloudy weather Today & tomorrow  no   chance of rain",BIHAR,MADHUBANI,PHULPARAS,2018-08-21T20:36:39Z
KHARIF,AGRICULTURE,Others,Others,"Field Preparation","Weather Information","Cloudy weather Today & tomorrow  no   chance of rain",BIHAR,MADHUBANI,PHULPARAS,2018-08-21T20:38:41Z
KHARIF,AGRICULTURE,Others,Others,"Field Preparation","Weather Information","Cloudy weather Today & tomorrow  no   chance of rain",BIHAR,MADHUBANI,PHULPARAS,2018-08-21T20:38:41Z
KHARIF,WEATHER,Weather,Weather,Weather,"Weather information","???? ???  ????? ????? ???? ?? ??????? ??",BIHAR,MADHUBANI,MADHEPUR,2018-08-22T10:36:48Z
KHARIF,WEATHER,Weather,Weather,Weather,"Weather information","???? ???  ????? ????? ???? ?? ??????? ??",BIHAR,MADHUBANI,MADHEPUR,2018-08-22T10:36:48Z
KHARIF,WEATHER,Weather,Weather,Weather,"WEATHER  INFORMATION","CHANCE OF RAIN IN YOUR AREA",BIHAR,MADHUBANI,JAINAGAR,2018-08-22T11:57:54Z
KHARIF,WEATHER,Weather,Weather,Weather,"WEATHER  INFORMATION","CHANCE OF RAIN IN YOUR AREA",BIHAR,MADHUBANI,JAINAGAR,2018-08-22T11:57:54Z
KHARIF,AGRICULTURE,Others,Others,Weather,"WEATHER  INFORMATION","CHANCE OF RAIN IN YOUR AREA",BIHAR,MADHUBANI,JAINAGAR,2018-08-22T11:58:41Z
KHARIF,AGRICULTURE,Others,Others,Weather,"WEATHER  INFORMATION","CHANCE OF RAIN IN YOUR AREA",BIHAR,MADHUBANI,JAINAGAR,2018-08-22T11:58:41Z
KHARIF,AGRICULTURE,Others,Others,Weather,"WEATHER INFORMATION","Cloudy weather in your area, chance of rain in your area .",BIHAR,MADHUBANI,KHAJAULI,2018-08-24T07:19:17Z
KHARIF,AGRICULTURE,Others,Others,Weather,"WEATHER INFORMATION","Cloudy weather in your area, chance of rain in your area .",BIHAR,MADHUBANI,KHAJAULI,2018-08-24T07:19:17Z
KHARIF,AGRICULTURE,Others,Others,"Field Preparation","WEATHER INFORMATION","Cloudy weather chance of rain in your area",BIHAR,MADHUBANI,PANDAUL,2018-08-24T10:03:53Z
KHARIF,AGRICULTURE,Others,Others,"Field Preparation","WEATHER INFORMATION","Cloudy weather chance of rain in your area",BIHAR,MADHUBANI,PANDAUL,2018-08-24T10:03:53Z
KHARIF,AGRICULTURE,Others,Others,Weather,"WEATHER INFORMATION","Cloudy weather in your area, chance of rain in your area",BIHAR,MADHUBANI,JAINAGAR,2018-08-26T07:39:11Z
KHARIF,AGRICULTURE,Others,Others,Weather,"WEATHER INFORMATION","Cloudy weather in your area, chance of rain in your area",BIHAR,MADHUBANI,JAINAGAR,2018-08-26T07:39:11Z
KHARIF,AGRICULTURE,Others,Others,Weather,"WEATHER INFORMATION","Cloudy weather in your area, chance of rain in your area",BIHAR,MADHUBANI,JAINAGAR,2018-08-26T07:39:42Z
KHARIF,AGRICULTURE,Others,Others,Weather,"WEATHER INFORMATION","Cloudy weather in your area, chance of rain in your area",BIHAR,MADHUBANI,JAINAGAR,2018-08-26T07:39:42Z
KHARIF,AGRICULTURE,Others,Others,Weather,"farmer restration","to meet csc kendra",BIHAR,MADHUBANI,BENIPATTI,2018-08-26T11:32:37Z
KHARIF,AGRICULTURE,Others,Others,Weather,"farmer restration","to meet csc kendra",BIHAR,MADHUBANI,BENIPATTI,2018-08-26T11:32:37Z
KHARIF,AGRICULTURE,Others,Others,Weather,"WEATHER INFORMATION","AAJ AAPKE YAHA HALKI BARISH KI SAMBHAWNA HAI",BIHAR,MADHUBANI,HARLAKHI,2018-08-28T11:52:37Z
KHARIF,AGRICULTURE,Others,Others,Weather,"WEATHER INFORMATION","AAJ AAPKE YAHA HALKI BARISH KI SAMBHAWNA HAI",BIHAR,MADHUBANI,HARLAKHI,2018-08-28T11:52:37Z
KHARIF,AGRICULTURE,Others,Others,"Field Preparation","- www.krishimis.in","- www.krishimis.in",BIHAR,MADHUBANI,"LAUKAHA (KHUTAUNA)",2018-08-28T20:40:28Z
KHARIF,AGRICULTURE,Others,Others,"Field Preparation","- www.krishimis.in","- www.krishimis.in",BIHAR,MADHUBANI,"LAUKAHA (KHUTAUNA)",2018-08-28T20:40:28Z
KHARIF,AGRICULTURE,Others,Others,"Government Schemes","dbt problem","aap csc me contact kare",BIHAR,MADHUBANI,BISFI,2018-08-29T08:58:12Z
KHARIF,AGRICULTURE,Others,Others,"Government Schemes","dbt problem","aap csc me contact kare",BIHAR,MADHUBANI,BISFI,2018-08-29T08:58:12Z
KHARIF,AGRICULTURE,Others,Others,Weather,"Weather Information","Cloudy weather in your area, chance of rain in your area.",BIHAR,MADHUBANI,HARLAKHI,2018-08-29T09:30:26Z
KHARIF,AGRICULTURE,Others,Others,Weather,"Weather Information","Cloudy weather in your area, chance of rain in your area.",BIHAR,MADHUBANI,HARLAKHI,2018-08-29T09:30:26Z
KHARIF,AGRICULTURE,Others,Others,Weather,"Weather Information","Cloudy weather in your area, chance of rain in your area.",BIHAR,MADHUBANI,RAJNAGAR,2018-08-29T09:43:51Z
KHARIF,AGRICULTURE,Others,Others,Weather,"Weather Information","Cloudy weather in your area, chance of rain in your area.",BIHAR,MADHUBANI,RAJNAGAR,2018-08-29T09:43:51Z
KHARIF,AGRICULTURE,Others,Others,Weather,"Weather Information","Cloudy weather in your area, chance of rain in your area.",BIHAR,MADHUBANI,LAKHNAUR,2018-08-29T09:46:04Z
KHARIF,AGRICULTURE,Others,Others,Weather,"Weather Information","Cloudy weather in your area, chance of rain in your area.",BIHAR,MADHUBANI,LAKHNAUR,2018-08-29T09:46:04Z
KHARIF,AGRICULTURE,Others,Others,"Government Schemes","DBT PROBLEM","AAP BLOCK ME CONTACT KARE",BIHAR,MADHUBANI,BENIPATTI,2018-08-29T13:09:03Z
KHARIF,AGRICULTURE,Others,Others,"Government Schemes","DBT PROBLEM","AAP BLOCK ME CONTACT KARE",BIHAR,MADHUBANI,BENIPATTI,2018-08-29T13:09:03Z
KHARIF,HORTICULTURE,Fruits,Citrus,"Plant Protection","STEM BORER INSECT PROBLEM IN CITRUS","Spray cloropyriphos @ 2 ml in 1 litre of water",BIHAR,MADHUBANI,LADANIA,2018-08-30T08:21:49Z
KHARIF,HORTICULTURE,Fruits,Citrus,"Plant Protection","STEM BORER INSECT PROBLEM IN CITRUS","Spray cloropyriphos @ 2 ml in 1 litre of water",BIHAR,MADHUBANI,LADANIA,2018-08-30T08:21:49Z
KHARIF,AGRICULTURE,Others,Others,Weather,"Weather Information","Cloudy weather in your area, chance of rain in your area.",BIHAR,MADHUBANI,LADANIA,2018-08-30T08:27:50Z
KHARIF,AGRICULTURE,Others,Others,Weather,"Weather Information","Cloudy weather in your area, chance of rain in your area.",BIHAR,MADHUBANI,LADANIA,2018-08-30T08:27:50Z
KHARIF,AGRICULTURE,Others,Others,Weather,"Weather Information","Cloudy weather in your area, chance of rain in your area.",BIHAR,MADHUBANI,KALUAHI,2018-08-30T09:07:55Z
KHARIF,AGRICULTURE,Others,Others,Weather,"Weather Information","Cloudy weather in your area, chance of rain in your area.",BIHAR,MADHUBANI,KALUAHI,2018-08-30T09:07:55Z
KHARIF,AGRICULTURE,Others,Others,"Government Schemes","DBT PROBLEM","BLOCK  ME CONTACT KARE",BIHAR,MADHUBANI,LADANIA,2018-08-31T08:41:05Z
KHARIF,AGRICULTURE,Others,Others,"Government Schemes","DBT PROBLEM","BLOCK  ME CONTACT KARE",BIHAR,MADHUBANI,LADANIA,2018-08-31T08:41:05Z
