Season,Sector,Category,Crop,QueryType,QueryText,KCCAns,StateName,DistrictName,BlockName,CreatedOn
KHARIF,AGRICULTURE,Others,Others,"Government Schemes","PROBLEM RELATED TO DBT","AAP SAHAJ KENDRA ME CONTACT KARE",BIHAR,SAMASTIPUR,HASANPUR,2018-08-01T09:47:29Z
KHARIF,AGRICULTURE,Others,Others,"Government Schemes","PROBLEM RELATED TO DBT","AAP SAHAJ KENDRA ME CONTACT KARE",BIHAR,SAMASTIPUR,HASANPUR,2018-08-01T09:47:29Z
KHARIF,AGRICULTURE,Others,Others,"Cultural Practices","INFORMATION ABOUT POINTED GOURD SEED","AAP KVK  ME CONTACT KARE",BIHAR,SAMASTIPUR,MORWA,2018-08-01T12:36:24Z
KHARIF,AGRICULTURE,Others,Others,"Cultural Practices","INFORMATION ABOUT POINTED GOURD SEED","AAP KVK  ME CONTACT KARE",BIHAR,SAMASTIPUR,MORWA,2018-08-01T12:36:24Z
KHARIF,AGRICULTURE,Others,Others,Weather,"Today and tomorrow chance to rain","CHANCE OF RAIN IN YOUR AREA",BIHAR,SAMASTIPUR,MORWA,2018-08-01T12:38:55Z
KHARIF,AGRICULTURE,Others,Others,Weather,"Today and tomorrow chance to rain","CHANCE OF RAIN IN YOUR AREA",BIHAR,SAMASTIPUR,MORWA,2018-08-01T12:38:55Z
KHARIF,AGRICULTURE,Others,Others,Weather,"WEATHER INFORMATION","Cloudy weather in your area, chance of rain in your area",BIHAR,SAMASTIPUR,BITHAN,2018-08-01T14:17:26Z
KHARIF,AGRICULTURE,Others,Others,Weather,"WEATHER INFORMATION","Cloudy weather in your area, chance of rain in your area",BIHAR,SAMASTIPUR,BITHAN,2018-08-01T14:17:26Z
KHARIF,AGRICULTURE,Others,Others,"Field Preparation","weather information","Cloudy weather in your area but no chance of rain in your area",BIHAR,SAMASTIPUR,WARISNAGAR,2018-08-01T17:58:17Z
KHARIF,AGRICULTURE,Others,Others,"Field Preparation","weather information","Cloudy weather in your area but no chance of rain in your area",BIHAR,SAMASTIPUR,WARISNAGAR,2018-08-01T17:58:17Z
KHARIF,AGRICULTURE,Others,Others,Weather,"WEATHER INFORMATION","Cloudy weather in your area, chance of rain in your area",BIHAR,SAMASTIPUR,SINGHIA,2018-08-01T17:59:50Z
KHARIF,AGRICULTURE,Others,Others,Weather,"WEATHER INFORMATION","Cloudy weather in your area, chance of rain in your area",BIHAR,SAMASTIPUR,SINGHIA,2018-08-01T17:59:50Z
KHARIF,AGRICULTURE,Others,Others,Weather,"WEATHER INFORMATION","Cloudy weather in your area, chance of rain in your area",BIHAR,SAMASTIPUR,SINGHIA,2018-08-01T18:00:12Z
KHARIF,AGRICULTURE,Others,Others,Weather,"WEATHER INFORMATION","Cloudy weather in your area, chance of rain in your area",BIHAR,SAMASTIPUR,SINGHIA,2018-08-01T18:00:12Z
KHARIF,AGRICULTURE,Others,Others,"Field Preparation","pest problem in brinjal","imidachlorprid 17.8 sl 1 ml/3 lit water spray",BIHAR,SAMASTIPUR,SAMASTIPUR,2018-08-01T19:31:14Z
KHARIF,AGRICULTURE,Others,Others,"Field Preparation","pest problem in brinjal","imidachlorprid 17.8 sl 1 ml/3 lit water spray",BIHAR,SAMASTIPUR,SAMASTIPUR,2018-08-01T19:31:14Z
KHARIF,AGRICULTURE,Others,Others,Weather,"WEATHER INFORMATION","Heavy Cloudy weather in your area,chance of rain in your area",BIHAR,SAMASTIPUR,KHANPUR,2018-08-02T14:48:08Z
KHARIF,AGRICULTURE,Others,Others,Weather,"WEATHER INFORMATION","Heavy Cloudy weather in your area,chance of rain in your area",BIHAR,SAMASTIPUR,KHANPUR,2018-08-02T14:48:08Z
KHARIF,AGRICULTURE,Others,Others,Weather,"WEATHER INFORMATION","Heavy Cloudy weather in your area,chance of rain in your area",BIHAR,SAMASTIPUR,KHANPUR,2018-08-02T14:48:17Z
KHARIF,AGRICULTURE,Others,Others,Weather,"WEATHER INFORMATION","Heavy Cloudy weather in your area,chance of rain in your area",BIHAR,SAMASTIPUR,KHANPUR,2018-08-02T14:48:17Z
KHARIF,AGRICULTURE,Others,Others,Weather,"WEATHER INFORMATION","Heavy Cloudy weather in your area,chance of rain in your area",BIHAR,SAMASTIPUR,KHANPUR,2018-08-02T14:48:24Z
KHARIF,AGRICULTURE,Others,Others,Weather,"WEATHER INFORMATION","Heavy Cloudy weather in your area,chance of rain in your area",BIHAR,SAMASTIPUR,KHANPUR,2018-08-02T14:48:24Z
KHARIF,AGRICULTURE,Others,Others,Weather,"WEATHER INFORMATION","Heavy Cloudy weather in your area,chance of rain in your area",BIHAR,SAMASTIPUR,WARISNAGAR,2018-08-02T15:00:51Z
KHARIF,AGRICULTURE,Others,Others,Weather,"WEATHER INFORMATION","Heavy Cloudy weather in your area,chance of rain in your area",BIHAR,SAMASTIPUR,WARISNAGAR,2018-08-02T15:00:51Z
KHARIF,AGRICULTURE,Others,Others,Weather,"WEATHER INFORMATION","Heavy Cloudy weather in your area,chance of rain in your area",BIHAR,SAMASTIPUR,WARISNAGAR,2018-08-02T15:01:03Z
KHARIF,AGRICULTURE,Others,Others,Weather,"WEATHER INFORMATION","Heavy Cloudy weather in your area,chance of rain in your area",BIHAR,SAMASTIPUR,WARISNAGAR,2018-08-02T15:01:03Z
KHARIF,AGRICULTURE,Others,Others,Weather,"WEATHER INFORMATION","Heavy Cloudy weather in your area,chance of rain in your area",BIHAR,SAMASTIPUR,WARISNAGAR,2018-08-02T15:01:18Z
KHARIF,AGRICULTURE,Others,Others,Weather,"WEATHER INFORMATION","Heavy Cloudy weather in your area,chance of rain in your area",BIHAR,SAMASTIPUR,WARISNAGAR,2018-08-02T15:01:18Z
KHARIF,AGRICULTURE,Others,Others,Weather,"WEATHER INFORMATION","Heavy Cloudy weather in your area,chance of rain in your area",BIHAR,SAMASTIPUR,MORWA,2018-08-02T15:41:54Z
KHARIF,AGRICULTURE,Others,Others,Weather,"WEATHER INFORMATION","Heavy Cloudy weather in your area,chance of rain in your area",BIHAR,SAMASTIPUR,MORWA,2018-08-02T15:41:54Z
KHARIF,AGRICULTURE,Others,Others,Weather,"WEATHER INFORMATION","Heavy Cloudy weather in your area,chance of rain in your area",BIHAR,SAMASTIPUR,MORWA,2018-08-02T15:42:46Z
KHARIF,AGRICULTURE,Others,Others,Weather,"WEATHER INFORMATION","Heavy Cloudy weather in your area,chance of rain in your area",BIHAR,SAMASTIPUR,MORWA,2018-08-02T15:42:46Z
KHARIF,AGRICULTURE,Others,Others,Weather,"WEATHER INFORMATION","Heavy Cloudy weather in your area,chance of rain in your area",BIHAR,SAMASTIPUR,MORWA,2018-08-02T15:43:05Z
KHARIF,AGRICULTURE,Others,Others,Weather,"WEATHER INFORMATION","Heavy Cloudy weather in your area,chance of rain in your area",BIHAR,SAMASTIPUR,MORWA,2018-08-02T15:43:05Z
RABI,HORTICULTURE,Vegetables,Brinjal,"Plant Protection","Stem borer","•Light trap @1/ha to attract and kill adults
•Spray neem oil 2ml/lit",BIHAR,SAMASTIPUR,ROSERA,2018-08-03T11:39:36Z
RABI,HORTICULTURE,Vegetables,Brinjal,"Plant Protection","Stem borer","•Light trap @1/ha to attract and kill adults
•Spray neem oil 2ml/lit",BIHAR,SAMASTIPUR,ROSERA,2018-08-03T11:39:36Z
KHARIF,AGRICULTURE,Others,Others,Weather,"weather information","Cloudy weather in your area but no chance of rain in your area",BIHAR,SAMASTIPUR,UJIARPUR,2018-08-03T11:50:31Z
KHARIF,AGRICULTURE,Others,Others,Weather,"weather information","Cloudy weather in your area but no chance of rain in your area",BIHAR,SAMASTIPUR,UJIARPUR,2018-08-03T11:50:31Z
KHARIF,AGRICULTURE,Others,Others,"Government Schemes","PROBLEM RELATED TO DBT","AAP SAHAJ KENDRA ME CONTACT KARE",BIHAR,SAMASTIPUR,DALSINGHSARAI,2018-08-03T12:00:22Z
KHARIF,AGRICULTURE,Others,Others,"Government Schemes","PROBLEM RELATED TO DBT","AAP SAHAJ KENDRA ME CONTACT KARE",BIHAR,SAMASTIPUR,DALSINGHSARAI,2018-08-03T12:00:22Z
KHARIF,HORTICULTURE,Vegetables,Brinjal,"Plant Protection","WHITE FLY INSECT PROBLEM IN BRINJAL CROP","Spray  Imidachloprid @ 1ml/3lit of water",BIHAR,SAMASTIPUR,DALSINGHSARAI,2018-08-03T12:04:36Z
KHARIF,HORTICULTURE,Vegetables,Brinjal,"Plant Protection","WHITE FLY INSECT PROBLEM IN BRINJAL CROP","Spray  Imidachloprid @ 1ml/3lit of water",BIHAR,SAMASTIPUR,DALSINGHSARAI,2018-08-03T12:04:36Z
KHARIF,AGRICULTURE,Others,Others,Weather,"WEATHER INFORMATION","chance of rain in your area.",BIHAR,SAMASTIPUR,WARISNAGAR,2018-08-03T18:33:53Z
KHARIF,AGRICULTURE,Others,Others,Weather,"WEATHER INFORMATION","chance of rain in your area.",BIHAR,SAMASTIPUR,WARISNAGAR,2018-08-03T18:33:53Z
KHARIF,AGRICULTURE,Others,Others,Weather,"WEATHER INFORMATION","chance of rain in your area.",BIHAR,SAMASTIPUR,WARISNAGAR,2018-08-03T18:34:11Z
KHARIF,AGRICULTURE,Others,Others,Weather,"WEATHER INFORMATION","chance of rain in your area.",BIHAR,SAMASTIPUR,WARISNAGAR,2018-08-03T18:34:11Z
RABI,HORTICULTURE,Vegetables,Chillies,"Plant Protection","Chilli thrips","Imidacloprid 17.8 % SL 3.0 ml/10 lit. 
Dimethoate 30 % EC 1.0 ml/lit.",BIHAR,SAMASTIPUR,UJIARPUR,2018-08-04T10:35:21Z
RABI,HORTICULTURE,Vegetables,Chillies,"Plant Protection","Chilli thrips","Imidacloprid 17.8 % SL 3.0 ml/10 lit. 
Dimethoate 30 % EC 1.0 ml/lit.",BIHAR,SAMASTIPUR,UJIARPUR,2018-08-04T10:35:21Z
RABI,AGRICULTURE,Others,Others,Weather,"weather information","28° C 
RealFeel® 31°

Mostly cloudy
  


See Hourly

> 




Today

Aug 4



31° Hi 
RealFeel® 35°

A thunderstorm in the area
 More  



Tonight

Aug 4



24° Lo 
RealFeel® 25°

Partly cloudy
 More  



Tomorrow

Aug 5



30° Hi 
RealFeel® 33°

Cloudy, a passing shower",BIHAR,SAMASTIPUR,WARISNAGAR,2018-08-04T12:06:00Z
RABI,AGRICULTURE,Others,Others,Weather,"weather information","28° C 
RealFeel® 31°

Mostly cloudy
  


See Hourly

> 




Today

Aug 4



31° Hi 
RealFeel® 35°

A thunderstorm in the area
 More  



Tonight

Aug 4



24° Lo 
RealFeel® 25°

Partly cloudy
 More  



Tomorrow

Aug 5



30° Hi 
RealFeel® 33°

Cloudy, a passing shower",BIHAR,SAMASTIPUR,WARISNAGAR,2018-08-04T12:06:00Z
RABI,HORTICULTURE,Vegetables,Chillies,"Plant Protection","Beetles, fruit flies and caterpillars","spraying Malathion 50 EC 1 ml/lit. or Dimethoate 30 EC 1 ml/lit. or Methyl demeton 25 EC 1 ml/lit.",BIHAR,SAMASTIPUR,UJIARPUR,2018-08-04T13:38:59Z
RABI,HORTICULTURE,Vegetables,Chillies,"Plant Protection","Beetles, fruit flies and caterpillars","spraying Malathion 50 EC 1 ml/lit. or Dimethoate 30 EC 1 ml/lit. or Methyl demeton 25 EC 1 ml/lit.",BIHAR,SAMASTIPUR,UJIARPUR,2018-08-04T13:38:59Z
RABI,HORTICULTURE,Vegetables,Chillies,"Plant Protection","Beetles, fruit flies and caterpillars","spraying Malathion 50 EC 1 ml/lit. or Dimethoate 30 EC 1 ml/lit. or Methyl demeton 25 EC 1 ml/lit.",BIHAR,SAMASTIPUR,"SHIVAJI NAGAR",2018-08-04T13:39:04Z
RABI,HORTICULTURE,Vegetables,Chillies,"Plant Protection","Beetles, fruit flies and caterpillars","spraying Malathion 50 EC 1 ml/lit. or Dimethoate 30 EC 1 ml/lit. or Methyl demeton 25 EC 1 ml/lit.",BIHAR,SAMASTIPUR,"SHIVAJI NAGAR",2018-08-04T13:39:04Z
KHARIF,AGRICULTURE,Cereals,"Paddy (Dhan)",Weather,"weather information","???? ??? ?????? ,???? ?????????? ???? ?? ???????  ????",BIHAR,SAMASTIPUR,KALYANPUR,2018-08-04T15:46:26Z
KHARIF,AGRICULTURE,Cereals,"Paddy (Dhan)",Weather,"weather information","???? ??? ?????? ,???? ?????????? ???? ?? ???????  ????",BIHAR,SAMASTIPUR,KALYANPUR,2018-08-04T15:46:26Z
RABI,HORTICULTURE,Vegetables,Bhindi(Okra/Ladysfinger),"Plant Protection",Whitefly,"?Quinalphos 25 EC @ 2.0 l/ha
?Triazophos 40 EC @ 2.0 l/ha",BIHAR,SAMASTIPUR,WARISNAGAR,2018-08-05T06:14:26Z
RABI,HORTICULTURE,Vegetables,Bhindi(Okra/Ladysfinger),"Plant Protection",Whitefly,"?Quinalphos 25 EC @ 2.0 l/ha
?Triazophos 40 EC @ 2.0 l/ha",BIHAR,SAMASTIPUR,WARISNAGAR,2018-08-05T06:14:26Z
KHARIF,AGRICULTURE,Others,Others,Weather,"WEATHER INFORMATION","Cloudy weather in your area, chance of rain in your area .",BIHAR,SAMASTIPUR,WARISNAGAR,2018-08-05T09:42:03Z
KHARIF,AGRICULTURE,Others,Others,Weather,"WEATHER INFORMATION","Cloudy weather in your area, chance of rain in your area .",BIHAR,SAMASTIPUR,WARISNAGAR,2018-08-05T09:42:03Z
KHARIF,AGRICULTURE,Others,Others,Weather,"WEATHER INFORMATION","Cloudy weather in your area, chance of rain in your area",BIHAR,SAMASTIPUR,BIBHUTPUR,2018-08-06T09:32:24Z
KHARIF,AGRICULTURE,Others,Others,Weather,"WEATHER INFORMATION","Cloudy weather in your area, chance of rain in your area",BIHAR,SAMASTIPUR,BIBHUTPUR,2018-08-06T09:32:24Z
KHARIF,AGRICULTURE,Others,Others,Weather,"PRADHAN MANTRI REG.","SAMPAKAPRK CONSULT TO BLOCK",BIHAR,SAMASTIPUR,UJIARPUR,2018-08-06T10:23:55Z
KHARIF,AGRICULTURE,Others,Others,Weather,"PRADHAN MANTRI REG.","SAMPAKAPRK CONSULT TO BLOCK",BIHAR,SAMASTIPUR,UJIARPUR,2018-08-06T10:23:55Z
KHARIF,AGRICULTURE,Others,Others,Weather,"WEATHER INFORMATION","Cloudy weather in your area,chance of rain in your area",BIHAR,SAMASTIPUR,SINGHIA,2018-08-06T14:13:37Z
KHARIF,AGRICULTURE,Others,Others,Weather,"WEATHER INFORMATION","Cloudy weather in your area,chance of rain in your area",BIHAR,SAMASTIPUR,SINGHIA,2018-08-06T14:13:37Z
KHARIF,AGRICULTURE,Others,Others,Weather,"WEATHER INFORMATION","Cloudy weather in your area,chance of rain in your area",BIHAR,SAMASTIPUR,SINGHIA,2018-08-06T14:13:54Z
KHARIF,AGRICULTURE,Others,Others,Weather,"WEATHER INFORMATION","Cloudy weather in your area,chance of rain in your area",BIHAR,SAMASTIPUR,SINGHIA,2018-08-06T14:13:54Z
KHARIF,AGRICULTURE,Others,Others,Weather,"WEATHER INFORMATION","Cloudy weather in your area,chance of rain in your area",BIHAR,SAMASTIPUR,SINGHIA,2018-08-06T14:14:08Z
KHARIF,AGRICULTURE,Others,Others,Weather,"WEATHER INFORMATION","Cloudy weather in your area,chance of rain in your area",BIHAR,SAMASTIPUR,SINGHIA,2018-08-06T14:14:08Z
KHARIF,AGRICULTURE,Others,Others,Weather,"WEATHER  INFORMATION","Cloudy weather, rain likely.",BIHAR,SAMASTIPUR,KHANPUR,2018-08-06T17:08:31Z
KHARIF,AGRICULTURE,Others,Others,Weather,"WEATHER  INFORMATION","Cloudy weather, rain likely.",BIHAR,SAMASTIPUR,KHANPUR,2018-08-06T17:08:31Z
RABI,HORTICULTURE,Vegetables,Cauliflower,"Plant Protection","stem rotting","Spray copper ox chloride @ 3 gm./lt. of water.",BIHAR,SAMASTIPUR,BIBHUTPUR,2018-08-07T06:12:01Z
RABI,HORTICULTURE,Vegetables,Cauliflower,"Plant Protection","stem rotting","Spray copper ox chloride @ 3 gm./lt. of water.",BIHAR,SAMASTIPUR,BIBHUTPUR,2018-08-07T06:12:01Z
KHARIF,AGRICULTURE,Others,Others,Weather,"WEATHER INFORMATION","Heavy Cloudy weather in your area,chance of rain in your area",BIHAR,SAMASTIPUR,BITHAN,2018-08-07T08:32:40Z
KHARIF,AGRICULTURE,Others,Others,Weather,"WEATHER INFORMATION","Heavy Cloudy weather in your area,chance of rain in your area",BIHAR,SAMASTIPUR,BITHAN,2018-08-07T08:32:40Z
KHARIF,AGRICULTURE,Others,Others,Weather,"WEATHER INFORMATION","Heavy Cloudy weather in your area,chance of rain in your area",BIHAR,SAMASTIPUR,BITHAN,2018-08-07T08:33:33Z
KHARIF,AGRICULTURE,Others,Others,Weather,"WEATHER INFORMATION","Heavy Cloudy weather in your area,chance of rain in your area",BIHAR,SAMASTIPUR,BITHAN,2018-08-07T08:33:33Z
KHARIF,AGRICULTURE,Others,Others,Weather,"WEATHER INFORMATION","Heavy Cloudy weather in your area,chance of rain in your area",BIHAR,SAMASTIPUR,KALYANPUR,2018-08-07T12:35:18Z
KHARIF,AGRICULTURE,Others,Others,Weather,"WEATHER INFORMATION","Heavy Cloudy weather in your area,chance of rain in your area",BIHAR,SAMASTIPUR,KALYANPUR,2018-08-07T12:35:18Z
KHARIF,AGRICULTURE,Others,Others,"Weed Management","Weed management","Spray nominogold @ 1 ml in 3 litre of water",BIHAR,SAMASTIPUR,KALYANPUR,2018-08-07T12:38:54Z
KHARIF,AGRICULTURE,Others,Others,"Weed Management","Weed management","Spray nominogold @ 1 ml in 3 litre of water",BIHAR,SAMASTIPUR,KALYANPUR,2018-08-07T12:38:54Z
KHARIF,AGRICULTURE,Others,Others,Weather,"WEATHER INFORMATION","Heavy Cloudy weather in your area,chance of rain in your area",BIHAR,SAMASTIPUR,SARAIRANJAN,2018-08-07T13:06:42Z
KHARIF,AGRICULTURE,Others,Others,Weather,"WEATHER INFORMATION","Heavy Cloudy weather in your area,chance of rain in your area",BIHAR,SAMASTIPUR,SARAIRANJAN,2018-08-07T13:06:42Z
KHARIF,AGRICULTURE,Others,Others,"Plant Protection","plant protection","spray imidacoloroprid 1 ml / 3litre of water",BIHAR,SAMASTIPUR,MOHIUDDINAGAR,2018-08-07T13:28:45Z
KHARIF,AGRICULTURE,Others,Others,"Plant Protection","plant protection","spray imidacoloroprid 1 ml / 3litre of water",BIHAR,SAMASTIPUR,MOHIUDDINAGAR,2018-08-07T13:28:45Z
KHARIF,AGRICULTURE,Cereals,"Paddy (Dhan)",Weather,"WEATHER INFORMATION","?? ?? ?? ???? ??????? ??? ???? ??? ????? ?? ????? ?? ??????? ??",BIHAR,SAMASTIPUR,MORWA,2018-08-07T15:17:49Z
KHARIF,AGRICULTURE,Cereals,"Paddy (Dhan)",Weather,"WEATHER INFORMATION","?? ?? ?? ???? ??????? ??? ???? ??? ????? ?? ????? ?? ??????? ??",BIHAR,SAMASTIPUR,MORWA,2018-08-07T15:17:49Z
KHARIF,AGRICULTURE,Cereals,"Paddy (Dhan)",Weather,"WEATHER INFORMATION","?? ?? ?? ???? ??????? ??? ???? ??? ????? ?? ????? ?? ??????? ??",BIHAR,SAMASTIPUR,MORWA,2018-08-07T15:17:57Z
KHARIF,AGRICULTURE,Cereals,"Paddy (Dhan)",Weather,"WEATHER INFORMATION","?? ?? ?? ???? ??????? ??? ???? ??? ????? ?? ????? ?? ??????? ??",BIHAR,SAMASTIPUR,MORWA,2018-08-07T15:17:57Z
KHARIF,AGRICULTURE,Cereals,"Paddy (Dhan)",Weather,"WEATHER INFORMATION","?? ?? ?? ???? ??????? ??? ???? ??? ????? ?? ????? ?? ??????? ??",BIHAR,SAMASTIPUR,MORWA,2018-08-07T15:18:00Z
KHARIF,AGRICULTURE,Cereals,"Paddy (Dhan)",Weather,"WEATHER INFORMATION","?? ?? ?? ???? ??????? ??? ???? ??? ????? ?? ????? ?? ??????? ??",BIHAR,SAMASTIPUR,MORWA,2018-08-07T15:18:00Z
KHARIF,AGRICULTURE,Others,Others,"Field Preparation","WEATHER INFORMATION","CHANCE TO RAIN IN YOUR AREA",BIHAR,SAMASTIPUR,UJIARPUR,2018-08-07T20:23:48Z
KHARIF,AGRICULTURE,Others,Others,"Field Preparation","WEATHER INFORMATION","CHANCE TO RAIN IN YOUR AREA",BIHAR,SAMASTIPUR,UJIARPUR,2018-08-07T20:23:48Z
KHARIF,AGRICULTURE,Others,Others,"Field Preparation","WEATHER INFORMATION","Cloudy weather in your area, no  chance of rain in your area .",BIHAR,SAMASTIPUR,UJIARPUR,2018-08-07T20:25:32Z
KHARIF,AGRICULTURE,Others,Others,"Field Preparation","WEATHER INFORMATION","Cloudy weather in your area, no  chance of rain in your area .",BIHAR,SAMASTIPUR,UJIARPUR,2018-08-07T20:25:32Z
KHARIF,AGRICULTURE,Cereals,"Paddy (Dhan)",Weather,"WEATHER INFORMATION","?? ?? ?? ???? ??????? ??? ???? ??? ????? ?? ????? ?? ??????? ??",BIHAR,SAMASTIPUR,WARISNAGAR,2018-08-07T21:02:32Z
KHARIF,AGRICULTURE,Cereals,"Paddy (Dhan)",Weather,"WEATHER INFORMATION","?? ?? ?? ???? ??????? ??? ???? ??? ????? ?? ????? ?? ??????? ??",BIHAR,SAMASTIPUR,WARISNAGAR,2018-08-07T21:02:32Z
KHARIF,AGRICULTURE,Cereals,"Paddy (Dhan)","Weed Management","WEED MANAGEMENT IN RICE FIELD","AAP  NIKAI KARWAYE",BIHAR,SAMASTIPUR,MOHANPUR,2018-08-08T13:44:40Z
KHARIF,AGRICULTURE,Cereals,"Paddy (Dhan)","Weed Management","WEED MANAGEMENT IN RICE FIELD","AAP  NIKAI KARWAYE",BIHAR,SAMASTIPUR,MOHANPUR,2018-08-08T13:44:40Z
KHARIF,AGRICULTURE,Others,Others,"Field Preparation",NUTRIENT,"COPPEROXYCHLORPRID@2 G/LIT WATER+PLANOFIX@ 1 ML/5 LIT WATER",BIHAR,SAMASTIPUR,WARISNAGAR,2018-08-08T14:16:37Z
KHARIF,AGRICULTURE,Others,Others,"Field Preparation",NUTRIENT,"COPPEROXYCHLORPRID@2 G/LIT WATER+PLANOFIX@ 1 ML/5 LIT WATER",BIHAR,SAMASTIPUR,WARISNAGAR,2018-08-08T14:16:37Z
KHARIF,AGRICULTURE,Others,Others,Weather,"WEATHER INFORMATION","Cloudy weather in your area, chance of rain in your area",BIHAR,SAMASTIPUR,PUSA,2018-08-08T14:26:28Z
KHARIF,AGRICULTURE,Others,Others,Weather,"WEATHER INFORMATION","Cloudy weather in your area, chance of rain in your area",BIHAR,SAMASTIPUR,PUSA,2018-08-08T14:26:28Z
KHARIF,AGRICULTURE,Others,Others,Weather,"WEATHER INFORMATION","Cloudy weather in your area, chance of rain in your area",BIHAR,SAMASTIPUR,PUSA,2018-08-08T14:26:52Z
KHARIF,AGRICULTURE,Others,Others,Weather,"WEATHER INFORMATION","Cloudy weather in your area, chance of rain in your area",BIHAR,SAMASTIPUR,PUSA,2018-08-08T14:26:52Z
KHARIF,AGRICULTURE,Others,Others,Weather,"WEATHER INFORMATION","Cloudy weather in your area, chance of rain in your area",BIHAR,SAMASTIPUR,WARISNAGAR,2018-08-08T14:41:06Z
KHARIF,AGRICULTURE,Others,Others,Weather,"WEATHER INFORMATION","Cloudy weather in your area, chance of rain in your area",BIHAR,SAMASTIPUR,WARISNAGAR,2018-08-08T14:41:06Z
KHARIF,AGRICULTURE,Others,Others,Weather,"WEATHER INFORMATION","Cloudy weather in your area, chance of rain in your area",BIHAR,SAMASTIPUR,WARISNAGAR,2018-08-08T14:41:45Z
KHARIF,AGRICULTURE,Others,Others,Weather,"WEATHER INFORMATION","Cloudy weather in your area, chance of rain in your area",BIHAR,SAMASTIPUR,WARISNAGAR,2018-08-08T14:41:45Z
KHARIF,AGRICULTURE,Others,Others,"Field Preparation","WEATHER  INFORMATION","NO CHANCE TO RAIN IN YOUR AREA",BIHAR,SAMASTIPUR,WARISNAGAR,2018-08-08T14:51:18Z
KHARIF,AGRICULTURE,Others,Others,"Field Preparation","WEATHER  INFORMATION","NO CHANCE TO RAIN IN YOUR AREA",BIHAR,SAMASTIPUR,WARISNAGAR,2018-08-08T14:51:18Z
KHARIF,AGRICULTURE,Others,Others,"Field Preparation","WEATHER  INFORMATION","NO CHANCE TO RAIN IN YOUR AREA",BIHAR,SAMASTIPUR,WARISNAGAR,2018-08-08T14:53:17Z
KHARIF,AGRICULTURE,Others,Others,"Field Preparation","WEATHER  INFORMATION","NO CHANCE TO RAIN IN YOUR AREA",BIHAR,SAMASTIPUR,WARISNAGAR,2018-08-08T14:53:17Z
KHARIF,AGRICULTURE,Cereals,"Paddy (Dhan)",Weather,"weather information","???? ??? ?????? ,???? ?????????? ???? ?? ???????  ????",BIHAR,SAMASTIPUR,DALSINGHSARAI,2018-08-08T20:37:37Z
KHARIF,AGRICULTURE,Cereals,"Paddy (Dhan)",Weather,"weather information","???? ??? ?????? ,???? ?????????? ???? ?? ???????  ????",BIHAR,SAMASTIPUR,DALSINGHSARAI,2018-08-08T20:37:37Z
KHARIF,AGRICULTURE,Others,Others,"Field Preparation","WEATHER  INFORMATION","NO CHANCE TO RAIN IN YOUR AREA",BIHAR,SAMASTIPUR,WARISNAGAR,2018-08-08T21:33:05Z
KHARIF,AGRICULTURE,Others,Others,"Field Preparation","WEATHER  INFORMATION","NO CHANCE TO RAIN IN YOUR AREA",BIHAR,SAMASTIPUR,WARISNAGAR,2018-08-08T21:33:05Z
KHARIF,AGRICULTURE,Others,Others,"Field Preparation","WEATHER  INFORMATION","NO CHANCE TO RAIN IN YOUR AREA",BIHAR,SAMASTIPUR,UJIARPUR,2018-08-08T21:35:29Z
KHARIF,AGRICULTURE,Others,Others,"Field Preparation","WEATHER  INFORMATION","NO CHANCE TO RAIN IN YOUR AREA",BIHAR,SAMASTIPUR,UJIARPUR,2018-08-08T21:35:29Z
KHARIF,HORTICULTURE,Vegetables,Brinjal,"Plant Protection","Shoot and fruit borer","Chlorpyrifos 20 % EC 1ml/lit",BIHAR,SAMASTIPUR,UJIARPUR,2018-08-09T10:30:00Z
KHARIF,HORTICULTURE,Vegetables,Brinjal,"Plant Protection","Shoot and fruit borer","Chlorpyrifos 20 % EC 1ml/lit",BIHAR,SAMASTIPUR,UJIARPUR,2018-08-09T10:30:00Z
KHARIF,AGRICULTURE,Cereals,"Paddy (Dhan)",Weather,"Weather information","???? ???  ????? ????? ???? ?? ??????? ??",BIHAR,SAMASTIPUR,MORWA,2018-08-09T11:12:18Z
KHARIF,AGRICULTURE,Cereals,"Paddy (Dhan)",Weather,"Weather information","???? ???  ????? ????? ???? ?? ??????? ??",BIHAR,SAMASTIPUR,MORWA,2018-08-09T11:12:18Z
KHARIF,AGRICULTURE,Cereals,"Paddy (Dhan)",Weather,"Weather information","???? ???  ????? ????? ???? ?? ??????? ??",BIHAR,SAMASTIPUR,MORWA,2018-08-09T11:14:26Z
KHARIF,AGRICULTURE,Cereals,"Paddy (Dhan)",Weather,"Weather information","???? ???  ????? ????? ???? ?? ??????? ??",BIHAR,SAMASTIPUR,MORWA,2018-08-09T11:14:26Z
KHARIF,AGRICULTURE,Cereals,"Paddy (Dhan)",Weather,"Weather information","???? ???  ????? ????? ???? ?? ??????? ??",BIHAR,SAMASTIPUR,MORWA,2018-08-09T11:14:59Z
KHARIF,AGRICULTURE,Cereals,"Paddy (Dhan)",Weather,"Weather information","???? ???  ????? ????? ???? ?? ??????? ??",BIHAR,SAMASTIPUR,MORWA,2018-08-09T11:14:59Z
KHARIF,AGRICULTURE,Cereals,"Paddy (Dhan)",Weather,"Weather information","???? ???  ????? ????? ???? ?? ??????? ??",BIHAR,SAMASTIPUR,MORWA,2018-08-09T11:15:13Z
KHARIF,AGRICULTURE,Cereals,"Paddy (Dhan)",Weather,"Weather information","???? ???  ????? ????? ???? ?? ??????? ??",BIHAR,SAMASTIPUR,MORWA,2018-08-09T11:15:13Z
KHARIF,AGRICULTURE,Cereals,"Paddy (Dhan)",Weather,"Weather information","???? ???  ????? ????? ???? ?? ??????? ??",BIHAR,SAMASTIPUR,MORWA,2018-08-09T11:15:27Z
KHARIF,AGRICULTURE,Cereals,"Paddy (Dhan)",Weather,"Weather information","???? ???  ????? ????? ???? ?? ??????? ??",BIHAR,SAMASTIPUR,MORWA,2018-08-09T11:15:27Z
KHARIF,AGRICULTURE,Cereals,"Paddy (Dhan)",Weather,"Weather information","???? ???  ????? ????? ???? ?? ??????? ??",BIHAR,SAMASTIPUR,"VIDYAPATI NAGAR",2018-08-09T13:05:36Z
KHARIF,AGRICULTURE,Cereals,"Paddy (Dhan)",Weather,"Weather information","???? ???  ????? ????? ???? ?? ??????? ??",BIHAR,SAMASTIPUR,"VIDYAPATI NAGAR",2018-08-09T13:05:36Z
KHARIF,AGRICULTURE,Cereals,"Paddy (Dhan)",Weather,"Weather information","???? ???  ????? ????? ???? ?? ??????? ??",BIHAR,SAMASTIPUR,"VIDYAPATI NAGAR",2018-08-09T13:05:55Z
KHARIF,AGRICULTURE,Cereals,"Paddy (Dhan)",Weather,"Weather information","???? ???  ????? ????? ???? ?? ??????? ??",BIHAR,SAMASTIPUR,"VIDYAPATI NAGAR",2018-08-09T13:05:55Z
KHARIF,AGRICULTURE,Cereals,"Paddy (Dhan)",Weather,"Weather information","???? ???  ????? ????? ???? ?? ??????? ??",BIHAR,SAMASTIPUR,"VIDYAPATI NAGAR",2018-08-09T13:06:02Z
KHARIF,AGRICULTURE,Cereals,"Paddy (Dhan)",Weather,"Weather information","???? ???  ????? ????? ???? ?? ??????? ??",BIHAR,SAMASTIPUR,"VIDYAPATI NAGAR",2018-08-09T13:06:02Z
KHARIF,AGRICULTURE,Others,Others,Weather,"WEATHER INFORMATION","Heavy Cloudy weather in your area,chance of rain in your area",BIHAR,SAMASTIPUR,KHANPUR,2018-08-09T14:49:57Z
KHARIF,AGRICULTURE,Others,Others,Weather,"WEATHER INFORMATION","Heavy Cloudy weather in your area,chance of rain in your area",BIHAR,SAMASTIPUR,KHANPUR,2018-08-09T14:49:57Z
KHARIF,AGRICULTURE,Others,Others,Weather,"WEATHER INFORMATION","Heavy Cloudy weather in your area,chance of rain in your area",BIHAR,SAMASTIPUR,KHANPUR,2018-08-09T14:50:17Z
KHARIF,AGRICULTURE,Others,Others,Weather,"WEATHER INFORMATION","Heavy Cloudy weather in your area,chance of rain in your area",BIHAR,SAMASTIPUR,KHANPUR,2018-08-09T14:50:17Z
KHARIF,AGRICULTURE,Others,Others,Weather,"WEATHER INFORMATION","Heavy Cloudy weather in your area,chance of rain in your area",BIHAR,SAMASTIPUR,KHANPUR,2018-08-09T14:50:37Z
KHARIF,AGRICULTURE,Others,Others,Weather,"WEATHER INFORMATION","Heavy Cloudy weather in your area,chance of rain in your area",BIHAR,SAMASTIPUR,KHANPUR,2018-08-09T14:50:37Z
KHARIF,AGRICULTURE,Others,Others,Weather,"WEATHER INFORMATION","Heavy Cloudy weather in your area,chance of rain in your area",BIHAR,SAMASTIPUR,WARISNAGAR,2018-08-09T15:04:41Z
KHARIF,AGRICULTURE,Others,Others,Weather,"WEATHER INFORMATION","Heavy Cloudy weather in your area,chance of rain in your area",BIHAR,SAMASTIPUR,WARISNAGAR,2018-08-09T15:04:41Z
KHARIF,AGRICULTURE,Others,Others,Weather,"WEATHER INFORMATION","Heavy Cloudy weather in your area,chance of rain in your area",BIHAR,SAMASTIPUR,WARISNAGAR,2018-08-09T15:04:56Z
KHARIF,AGRICULTURE,Others,Others,Weather,"WEATHER INFORMATION","Heavy Cloudy weather in your area,chance of rain in your area",BIHAR,SAMASTIPUR,WARISNAGAR,2018-08-09T15:04:56Z
KHARIF,AGRICULTURE,Others,Others,Weather,"WEATHER INFORMATION","Heavy Cloudy weather in your area,chance of rain in your area",BIHAR,SAMASTIPUR,WARISNAGAR,2018-08-09T15:05:18Z
KHARIF,AGRICULTURE,Others,Others,Weather,"WEATHER INFORMATION","Heavy Cloudy weather in your area,chance of rain in your area",BIHAR,SAMASTIPUR,WARISNAGAR,2018-08-09T15:05:18Z
KHARIF,AGRICULTURE,Others,Others,"Field Preparation","weather information","Cloudy weather in your area, chance of rain in your area.",BIHAR,SAMASTIPUR,DALSINGHSARAI,2018-08-09T18:13:31Z
KHARIF,AGRICULTURE,Others,Others,"Field Preparation","weather information","Cloudy weather in your area, chance of rain in your area.",BIHAR,SAMASTIPUR,DALSINGHSARAI,2018-08-09T18:13:31Z
KHARIF,AGRICULTURE,Others,Others,"Field Preparation","weather information","Cloudy weather in your area, chance of rain in your area.",BIHAR,SAMASTIPUR,UJIARPUR,2018-08-09T18:24:21Z
KHARIF,AGRICULTURE,Others,Others,"Field Preparation","weather information","Cloudy weather in your area, chance of rain in your area.",BIHAR,SAMASTIPUR,UJIARPUR,2018-08-09T18:24:21Z
KHARIF,AGRICULTURE,Others,Others,Weather,"WEATHER INFORMATION","Heavy Cloudy weather in your area,chance of rain in your area",BIHAR,SAMASTIPUR,MORWA,2018-08-09T18:31:27Z
KHARIF,AGRICULTURE,Others,Others,Weather,"WEATHER INFORMATION","Heavy Cloudy weather in your area,chance of rain in your area",BIHAR,SAMASTIPUR,MORWA,2018-08-09T18:31:27Z
KHARIF,AGRICULTURE,Others,Others,Weather,"WEATHER INFORMATION","Heavy Cloudy weather in your area,chance of rain in your area",BIHAR,SAMASTIPUR,MORWA,2018-08-09T18:31:40Z
KHARIF,AGRICULTURE,Others,Others,Weather,"WEATHER INFORMATION","Heavy Cloudy weather in your area,chance of rain in your area",BIHAR,SAMASTIPUR,MORWA,2018-08-09T18:31:40Z
KHARIF,AGRICULTURE,Others,Others,Weather,"WEATHER INFORMATION","Heavy Cloudy weather in your area,chance of rain in your area",BIHAR,SAMASTIPUR,WARISNAGAR,2018-08-09T18:37:15Z
KHARIF,AGRICULTURE,Others,Others,Weather,"WEATHER INFORMATION","Heavy Cloudy weather in your area,chance of rain in your area",BIHAR,SAMASTIPUR,WARISNAGAR,2018-08-09T18:37:15Z
KHARIF,AGRICULTURE,Others,Others,Weather,"WEATHER INFORMATION","Heavy Cloudy weather in your area,chance of rain in your area",BIHAR,SAMASTIPUR,WARISNAGAR,2018-08-09T18:37:29Z
KHARIF,AGRICULTURE,Others,Others,Weather,"WEATHER INFORMATION","Heavy Cloudy weather in your area,chance of rain in your area",BIHAR,SAMASTIPUR,WARISNAGAR,2018-08-09T18:37:29Z
KHARIF,AGRICULTURE,Others,Others,Weather,"WEATHER  INFORMATION","CHANCE OF RAIN IN YOUR AREA",BIHAR,SAMASTIPUR,HASANPUR,2018-08-09T21:09:23Z
KHARIF,AGRICULTURE,Others,Others,Weather,"WEATHER  INFORMATION","CHANCE OF RAIN IN YOUR AREA",BIHAR,SAMASTIPUR,HASANPUR,2018-08-09T21:09:23Z
KHARIF,AGRICULTURE,Others,Others,"Field Preparation","weather information","Cloudy weather Today & tomorrow  no  chance of rain",BIHAR,SAMASTIPUR,ROSERA,2018-08-09T21:44:55Z
KHARIF,AGRICULTURE,Others,Others,"Field Preparation","weather information","Cloudy weather Today & tomorrow  no  chance of rain",BIHAR,SAMASTIPUR,ROSERA,2018-08-09T21:44:55Z
KHARIF,AGRICULTURE,Others,Others,Weather,"WEATHER INFORMATION","Cloudy weather in your area, chance of rain in your area",BIHAR,SAMASTIPUR,HASANPUR,2018-08-10T06:56:29Z
KHARIF,AGRICULTURE,Others,Others,Weather,"WEATHER INFORMATION","Cloudy weather in your area, chance of rain in your area",BIHAR,SAMASTIPUR,HASANPUR,2018-08-10T06:56:29Z
KHARIF,AGRICULTURE,Others,Others,Weather,"WEATHER INFORMATION","Cloudy weather in your area, chance of rain in your area",BIHAR,SAMASTIPUR,PUSA,2018-08-10T08:05:05Z
KHARIF,AGRICULTURE,Others,Others,Weather,"WEATHER INFORMATION","Cloudy weather in your area, chance of rain in your area",BIHAR,SAMASTIPUR,PUSA,2018-08-10T08:05:05Z
KHARIF,AGRICULTURE,Others,Others,Weather,"WEATHER INFORMATION","CHANCE OF RAIN IN YOUR AREA",BIHAR,SAMASTIPUR,"VIDYAPATI NAGAR",2018-08-10T09:23:36Z
KHARIF,AGRICULTURE,Others,Others,Weather,"WEATHER INFORMATION","CHANCE OF RAIN IN YOUR AREA",BIHAR,SAMASTIPUR,"VIDYAPATI NAGAR",2018-08-10T09:23:36Z
KHARIF,AGRICULTURE,Others,Others,"Plant Protection","yellowing leaf  problem in saugan","spray saaf @ 2 g /l itre water",BIHAR,SAMASTIPUR,"SHIVAJI NAGAR",2018-08-10T13:45:13Z
KHARIF,AGRICULTURE,Others,Others,"Plant Protection","yellowing leaf  problem in saugan","spray saaf @ 2 g /l itre water",BIHAR,SAMASTIPUR,"SHIVAJI NAGAR",2018-08-10T13:45:13Z
KHARIF,AGRICULTURE,Others,Others,Weather,"WEATHER INFORMATION","Cloudy weather in your area, chance of rain in your area",BIHAR,SAMASTIPUR,"SHIVAJI NAGAR",2018-08-10T15:33:29Z
KHARIF,AGRICULTURE,Others,Others,Weather,"WEATHER INFORMATION","Cloudy weather in your area, chance of rain in your area",BIHAR,SAMASTIPUR,"SHIVAJI NAGAR",2018-08-10T15:33:29Z
KHARIF,AGRICULTURE,Others,Others,"Field Preparation","weather information","Cloudy weather Today & tomorrow   chance of rain",BIHAR,SAMASTIPUR,PUSA,2018-08-10T15:46:10Z
KHARIF,AGRICULTURE,Others,Others,"Field Preparation","weather information","Cloudy weather Today & tomorrow   chance of rain",BIHAR,SAMASTIPUR,PUSA,2018-08-10T15:46:10Z
KHARIF,AGRICULTURE,Others,Others,"Field Preparation","- www.krishimis.in","- www.krishimis.in",BIHAR,SAMASTIPUR,"SHIVAJI NAGAR",2018-08-10T15:52:43Z
KHARIF,AGRICULTURE,Others,Others,"Field Preparation","- www.krishimis.in","- www.krishimis.in",BIHAR,SAMASTIPUR,"SHIVAJI NAGAR",2018-08-10T15:52:43Z
KHARIF,AGRICULTURE,Others,Others,"Field Preparation","- www.krishimis.in","- www.krishimis.in",BIHAR,SAMASTIPUR,WARISNAGAR,2018-08-10T16:50:53Z
KHARIF,AGRICULTURE,Others,Others,"Field Preparation","- www.krishimis.in","- www.krishimis.in",BIHAR,SAMASTIPUR,WARISNAGAR,2018-08-10T16:50:53Z
KHARIF,WEATHER,Weather,Weather,Weather,"WEATHER INFORMATION","Cloudy weather in your area, chance of rain in your area",BIHAR,SAMASTIPUR,SAMASTIPUR,2018-08-10T18:27:07Z
KHARIF,WEATHER,Weather,Weather,Weather,"WEATHER INFORMATION","Cloudy weather in your area, chance of rain in your area",BIHAR,SAMASTIPUR,SAMASTIPUR,2018-08-10T18:27:07Z
KHARIF,AGRICULTURE,Others,Others,Weather,"WEATHER INFORMATION","Cloudy weather in your area, chance of rain in your area",BIHAR,SAMASTIPUR,SAMASTIPUR,2018-08-10T18:42:10Z
KHARIF,AGRICULTURE,Others,Others,Weather,"WEATHER INFORMATION","Cloudy weather in your area, chance of rain in your area",BIHAR,SAMASTIPUR,SAMASTIPUR,2018-08-10T18:42:10Z
KHARIF,HORTICULTURE,Vegetables,Cauliflower,"Cultural Practices","Best variety of cauliflower-","Best variety of cauliflower- kuari, patna aril, pusa katki, pusa dipali, patna men ,pusa subhra",BIHAR,SAMASTIPUR,SINGHIA,2018-08-11T10:17:46Z
KHARIF,HORTICULTURE,Vegetables,Cauliflower,"Cultural Practices","Best variety of cauliflower-","Best variety of cauliflower- kuari, patna aril, pusa katki, pusa dipali, patna men ,pusa subhra",BIHAR,SAMASTIPUR,SINGHIA,2018-08-11T10:17:46Z
KHARIF,HORTICULTURE,Vegetables,Cauliflower,"Cultural Practices","Best variety of cauliflower-","Best variety of cauliflower- kuari, patna aril, pusa katki, pusa dipali, patna men ,pusa subhra",BIHAR,SAMASTIPUR,SINGHIA,2018-08-11T10:18:35Z
KHARIF,HORTICULTURE,Vegetables,Cauliflower,"Cultural Practices","Best variety of cauliflower-","Best variety of cauliflower- kuari, patna aril, pusa katki, pusa dipali, patna men ,pusa subhra",BIHAR,SAMASTIPUR,SINGHIA,2018-08-11T10:18:35Z
KHARIF,HORTICULTURE,Vegetables,Cauliflower,"Cultural Practices","Best variety of cauliflower-","Best variety of cauliflower- kuari, patna aril, pusa katki, pusa dipali, patna men ,pusa subhra",BIHAR,SAMASTIPUR,SINGHIA,2018-08-11T10:19:06Z
KHARIF,HORTICULTURE,Vegetables,Cauliflower,"Cultural Practices","Best variety of cauliflower-","Best variety of cauliflower- kuari, patna aril, pusa katki, pusa dipali, patna men ,pusa subhra",BIHAR,SAMASTIPUR,SINGHIA,2018-08-11T10:19:06Z
KHARIF,WEATHER,Weather,Weather,Weather,"WEATHER INFORMATION","Cloudy weather in your area,chance of rain in your area",BIHAR,SAMASTIPUR,SINGHIA,2018-08-11T10:47:26Z
KHARIF,WEATHER,Weather,Weather,Weather,"WEATHER INFORMATION","Cloudy weather in your area,chance of rain in your area",BIHAR,SAMASTIPUR,SINGHIA,2018-08-11T10:47:26Z
KHARIF,WEATHER,Weather,Weather,Weather,"WEATHER INFORMATION","Cloudy weather in your area,chance of rain in your area",BIHAR,SAMASTIPUR,SINGHIA,2018-08-11T10:47:43Z
KHARIF,WEATHER,Weather,Weather,Weather,"WEATHER INFORMATION","Cloudy weather in your area,chance of rain in your area",BIHAR,SAMASTIPUR,SINGHIA,2018-08-11T10:47:43Z
KHARIF,WEATHER,Weather,Weather,Weather,"WEATHER INFORMATION","Cloudy weather in your area,chance of rain in your area",BIHAR,SAMASTIPUR,SINGHIA,2018-08-11T10:48:07Z
KHARIF,WEATHER,Weather,Weather,Weather,"WEATHER INFORMATION","Cloudy weather in your area,chance of rain in your area",BIHAR,SAMASTIPUR,SINGHIA,2018-08-11T10:48:07Z
KHARIF,HORTICULTURE,Vegetables,Brinjal,"Cultural Practices","Best variety of brinjal-","Best variety of brinjal- rajendra baigan-2, pant baigan, punjab sadabahar, sonali, pusa purple long, pusa anmol, arka navneet",BIHAR,SAMASTIPUR,PUSA,2018-08-11T11:21:30Z
KHARIF,HORTICULTURE,Vegetables,Brinjal,"Cultural Practices","Best variety of brinjal-","Best variety of brinjal- rajendra baigan-2, pant baigan, punjab sadabahar, sonali, pusa purple long, pusa anmol, arka navneet",BIHAR,SAMASTIPUR,PUSA,2018-08-11T11:21:30Z
KHARIF,HORTICULTURE,Vegetables,"Bitter Gourd","Plant Protection","FUNGAL DISEASE  ATTAC IN BITTERGOURD","SPRAY MANCOZEB @ 2 GRAM/LITRE OF WATER",BIHAR,SAMASTIPUR,MORWA,2018-08-11T12:51:21Z
KHARIF,HORTICULTURE,Vegetables,"Bitter Gourd","Plant Protection","FUNGAL DISEASE  ATTAC IN BITTERGOURD","SPRAY MANCOZEB @ 2 GRAM/LITRE OF WATER",BIHAR,SAMASTIPUR,MORWA,2018-08-11T12:51:21Z
KHARIF,WEATHER,Weather,Weather,Weather,"Weather Information","There will be cloud in your area today and tomorrow and there is a possibility of rain",BIHAR,SAMASTIPUR,UJIARPUR,2018-08-11T14:17:20Z
KHARIF,WEATHER,Weather,Weather,Weather,"Weather Information","There will be cloud in your area today and tomorrow and there is a possibility of rain",BIHAR,SAMASTIPUR,UJIARPUR,2018-08-11T14:17:20Z
KHARIF,AGRICULTURE,Others,Others,Weather,"Weather Information","There will be cloud in your area today and tomorrow and there is a possibility of rain",BIHAR,SAMASTIPUR,HASANPUR,2018-08-11T15:34:19Z
KHARIF,AGRICULTURE,Others,Others,Weather,"Weather Information","There will be cloud in your area today and tomorrow and there is a possibility of rain",BIHAR,SAMASTIPUR,HASANPUR,2018-08-11T15:34:19Z
KHARIF,WEATHER,Weather,Weather,Weather,"WEATHER INFORMATION","Cloudy weather in your area, chance of rain in your area,.",BIHAR,SAMASTIPUR,SAMASTIPUR,2018-08-12T07:42:13Z
KHARIF,WEATHER,Weather,Weather,Weather,"WEATHER INFORMATION","Cloudy weather in your area, chance of rain in your area,.",BIHAR,SAMASTIPUR,SAMASTIPUR,2018-08-12T07:42:13Z
KHARIF,WEATHER,Weather,Weather,Weather,"WEATHER INFORMATION","????? ????  ?? ????????  ??",BIHAR,SAMASTIPUR,BITHAN,2018-08-12T15:48:51Z
KHARIF,WEATHER,Weather,Weather,Weather,"WEATHER INFORMATION","????? ????  ?? ????????  ??",BIHAR,SAMASTIPUR,BITHAN,2018-08-12T15:48:51Z
KHARIF,WEATHER,Weather,Weather,Weather,"WEATHER INFORMATION","????? ????? ????? ????  ??  ????????   ??",BIHAR,SAMASTIPUR,BITHAN,2018-08-12T15:51:42Z
KHARIF,WEATHER,Weather,Weather,Weather,"WEATHER INFORMATION","????? ????? ????? ????  ??  ????????   ??",BIHAR,SAMASTIPUR,BITHAN,2018-08-12T15:51:42Z
KHARIF,WEATHER,Weather,Weather,Weather,"WEATHER INFORMATION","????? ????  ?? ????????  ??",BIHAR,SAMASTIPUR,SARAIRANJAN,2018-08-12T16:44:06Z
KHARIF,WEATHER,Weather,Weather,Weather,"WEATHER INFORMATION","????? ????  ?? ????????  ??",BIHAR,SAMASTIPUR,SARAIRANJAN,2018-08-12T16:44:06Z
KHARIF,AGRICULTURE,Others,Others,"Agriculture Mechanization","information about agriculture mechanization","aap block me contact kare",BIHAR,SAMASTIPUR,SARAIRANJAN,2018-08-13T13:03:24Z
KHARIF,AGRICULTURE,Others,Others,"Agriculture Mechanization","information about agriculture mechanization","aap block me contact kare",BIHAR,SAMASTIPUR,SARAIRANJAN,2018-08-13T13:03:24Z
KHARIF,AGRICULTURE,Others,Others,"Field Preparation","- www.krishimis.in","- www.krishimis.in",BIHAR,SAMASTIPUR,WARISNAGAR,2018-08-13T16:39:27Z
KHARIF,AGRICULTURE,Others,Others,"Field Preparation","- www.krishimis.in","- www.krishimis.in",BIHAR,SAMASTIPUR,WARISNAGAR,2018-08-13T16:39:27Z
KHARIF,AGRICULTURE,Others,Others,"Field Preparation","Weather information","Cloudy weather Today & tomorrow  no   chance of rain",BIHAR,SAMASTIPUR,DALSINGHSARAI,2018-08-13T21:44:21Z
KHARIF,AGRICULTURE,Others,Others,"Field Preparation","Weather information","Cloudy weather Today & tomorrow  no   chance of rain",BIHAR,SAMASTIPUR,DALSINGHSARAI,2018-08-13T21:44:21Z
KHARIF,AGRICULTURE,Others,Others,Weather,"WEATHER  INFORMATION","Cloudy weather, rain likely.",BIHAR,SAMASTIPUR,SARAIRANJAN,2018-08-14T14:22:02Z
KHARIF,AGRICULTURE,Others,Others,Weather,"WEATHER  INFORMATION","Cloudy weather, rain likely.",BIHAR,SAMASTIPUR,SARAIRANJAN,2018-08-14T14:22:02Z
KHARIF,WEATHER,Weather,Weather,Weather,"Weather Information","There will be cloud in your area today and tomorrow and there is a possibility of rain",BIHAR,SAMASTIPUR,SAMASTIPUR,2018-08-14T18:01:38Z
KHARIF,WEATHER,Weather,Weather,Weather,"Weather Information","There will be cloud in your area today and tomorrow and there is a possibility of rain",BIHAR,SAMASTIPUR,SAMASTIPUR,2018-08-14T18:01:38Z
KHARIF,WEATHER,Weather,Weather,Weather,"Weather Information","There will be cloud in your area today and tomorrow and there is a possibility of rain",BIHAR,SAMASTIPUR,SAMASTIPUR,2018-08-14T18:02:15Z
KHARIF,WEATHER,Weather,Weather,Weather,"Weather Information","There will be cloud in your area today and tomorrow and there is a possibility of rain",BIHAR,SAMASTIPUR,SAMASTIPUR,2018-08-14T18:02:15Z
KHARIF,WEATHER,Weather,Weather,Weather,"Weather Information","There will be cloud in your area today and tomorrow and there is a possibility of rain",BIHAR,SAMASTIPUR,BIBHUTPUR,2018-08-14T19:53:30Z
KHARIF,WEATHER,Weather,Weather,Weather,"Weather Information","There will be cloud in your area today and tomorrow and there is a possibility of rain",BIHAR,SAMASTIPUR,BIBHUTPUR,2018-08-14T19:53:30Z
KHARIF,AGRICULTURE,Others,Others,"Field Preparation","Weather information","Cloudy weather in your area, no  chance of rain in your area .",BIHAR,SAMASTIPUR,KHANPUR,2018-08-14T20:52:09Z
KHARIF,AGRICULTURE,Others,Others,"Field Preparation","Weather information","Cloudy weather in your area, no  chance of rain in your area .",BIHAR,SAMASTIPUR,KHANPUR,2018-08-14T20:52:09Z
KHARIF,WEATHER,Weather,Weather,Weather,"Weather Information","There will be cloud in your area today and tomorrow and there is a possibility of rain",BIHAR,SAMASTIPUR,UJIARPUR,2018-08-14T21:34:46Z
KHARIF,WEATHER,Weather,Weather,Weather,"Weather Information","There will be cloud in your area today and tomorrow and there is a possibility of rain",BIHAR,SAMASTIPUR,UJIARPUR,2018-08-14T21:34:46Z
KHARIF,WEATHER,Weather,Weather,Weather,"Weather Information","There will be cloud in your area today and tomorrow and there is a possibility of rain",BIHAR,SAMASTIPUR,UJIARPUR,2018-08-14T21:34:51Z
KHARIF,WEATHER,Weather,Weather,Weather,"Weather Information","There will be cloud in your area today and tomorrow and there is a possibility of rain",BIHAR,SAMASTIPUR,UJIARPUR,2018-08-14T21:34:51Z
KHARIF,WEATHER,Weather,Weather,Weather,"WEATHER INFORMATION","Cloudy weather in your area, chance of rain in your area",BIHAR,SAMASTIPUR,KHANPUR,2018-08-15T06:58:16Z
KHARIF,WEATHER,Weather,Weather,Weather,"WEATHER INFORMATION","Cloudy weather in your area, chance of rain in your area",BIHAR,SAMASTIPUR,KHANPUR,2018-08-15T06:58:16Z
RABI,HORTICULTURE,Vegetables,Chillies,"Plant Protection","Chilli thrips","Imidacloprid 17.8 % SL 3.0 ml/10 lit. 
Dimethoate 30 % EC 1.0 ml/lit. 
Emamectin benzoate 5 % SG 4 g/10 lit.",BIHAR,SAMASTIPUR,ROSERA,2018-08-15T08:21:05Z
RABI,HORTICULTURE,Vegetables,Chillies,"Plant Protection","Chilli thrips","Imidacloprid 17.8 % SL 3.0 ml/10 lit. 
Dimethoate 30 % EC 1.0 ml/lit. 
Emamectin benzoate 5 % SG 4 g/10 lit.",BIHAR,SAMASTIPUR,ROSERA,2018-08-15T08:21:05Z
RABI,HORTICULTURE,Vegetables,Chillies,"Plant Protection","Tobacco cutworm","Indoxacarb 14.5 % SC 6.5 ml/10 lit. 
Novaluron 10 % EC 7.5 ml/10 lit. 
Spinosad 45 % SC 3.2 ml/10 lit.",BIHAR,SAMASTIPUR,ROSERA,2018-08-15T08:26:10Z
RABI,HORTICULTURE,Vegetables,Chillies,"Plant Protection","Tobacco cutworm","Indoxacarb 14.5 % SC 6.5 ml/10 lit. 
Novaluron 10 % EC 7.5 ml/10 lit. 
Spinosad 45 % SC 3.2 ml/10 lit.",BIHAR,SAMASTIPUR,ROSERA,2018-08-15T08:26:10Z
RABI,HORTICULTURE,Vegetables,Chillies,"Plant Protection","Gram caterpillar","Flubendiamide 20 WDG 6.0 g /10 lit. 
Indoxacarb 14.5 % SC 6.5 ml/10 lit.",BIHAR,SAMASTIPUR,WARISNAGAR,2018-08-15T08:31:47Z
RABI,HORTICULTURE,Vegetables,Chillies,"Plant Protection","Gram caterpillar","Flubendiamide 20 WDG 6.0 g /10 lit. 
Indoxacarb 14.5 % SC 6.5 ml/10 lit.",BIHAR,SAMASTIPUR,WARISNAGAR,2018-08-15T08:31:47Z
KHARIF,AGRICULTURE,Others,Others,Weather,"WEATHER INFORMATION","Cloudy weather in your area, chance of rain in your area",BIHAR,SAMASTIPUR,BIBHUTPUR,2018-08-15T09:23:16Z
KHARIF,AGRICULTURE,Others,Others,Weather,"WEATHER INFORMATION","Cloudy weather in your area, chance of rain in your area",BIHAR,SAMASTIPUR,BIBHUTPUR,2018-08-15T09:23:16Z
KHARIF,WEATHER,Weather,Weather,Weather,"WEATHER INFORMATION","Cloudy weather in your area,chance of rain in your area",BIHAR,SAMASTIPUR,SINGHIA,2018-08-15T10:28:29Z
KHARIF,WEATHER,Weather,Weather,Weather,"WEATHER INFORMATION","Cloudy weather in your area,chance of rain in your area",BIHAR,SAMASTIPUR,SINGHIA,2018-08-15T10:28:29Z
KHARIF,WEATHER,Weather,Weather,Weather,"WEATHER INFORMATION","Cloudy weather in your area,chance of rain in your area",BIHAR,SAMASTIPUR,SINGHIA,2018-08-15T10:28:44Z
KHARIF,WEATHER,Weather,Weather,Weather,"WEATHER INFORMATION","Cloudy weather in your area,chance of rain in your area",BIHAR,SAMASTIPUR,SINGHIA,2018-08-15T10:28:44Z
KHARIF,WEATHER,Weather,Weather,Weather,"WEATHER INFORMATION","Cloudy weather in your area,chance of rain in your area",BIHAR,SAMASTIPUR,UJIARPUR,2018-08-15T11:06:48Z
KHARIF,WEATHER,Weather,Weather,Weather,"WEATHER INFORMATION","Cloudy weather in your area,chance of rain in your area",BIHAR,SAMASTIPUR,UJIARPUR,2018-08-15T11:06:48Z
KHARIF,WEATHER,Weather,Weather,Weather,"WEATHER INFORMATION","Cloudy weather in your area,chance of rain in your area",BIHAR,SAMASTIPUR,UJIARPUR,2018-08-15T11:07:16Z
KHARIF,WEATHER,Weather,Weather,Weather,"WEATHER INFORMATION","Cloudy weather in your area,chance of rain in your area",BIHAR,SAMASTIPUR,UJIARPUR,2018-08-15T11:07:16Z
KHARIF,WEATHER,Weather,Weather,Weather,"Weather Information","????  ??? ????? ??? ???? ??? ?????",BIHAR,SAMASTIPUR,SINGHIA,2018-08-15T19:54:57Z
KHARIF,WEATHER,Weather,Weather,Weather,"Weather Information","????  ??? ????? ??? ???? ??? ?????",BIHAR,SAMASTIPUR,SINGHIA,2018-08-15T19:54:57Z
KHARIF,WEATHER,Weather,Weather,Weather,"Weather Information","Cloudy weather in your area, chance of rain in your area.",BIHAR,SAMASTIPUR,WARISNAGAR,2018-08-16T09:31:46Z
KHARIF,WEATHER,Weather,Weather,Weather,"Weather Information","Cloudy weather in your area, chance of rain in your area.",BIHAR,SAMASTIPUR,WARISNAGAR,2018-08-16T09:31:46Z
KHARIF,WEATHER,Weather,Weather,Weather,"WEATHER INFORMATION","Cloudy weather in your area,chance of rain in your area",BIHAR,SAMASTIPUR,KHANPUR,2018-08-16T10:26:58Z
KHARIF,WEATHER,Weather,Weather,Weather,"WEATHER INFORMATION","Cloudy weather in your area,chance of rain in your area",BIHAR,SAMASTIPUR,KHANPUR,2018-08-16T10:26:58Z
KHARIF,WEATHER,Weather,Weather,Weather,"WEATHER INFORMATION","Cloudy weather in your area,chance of rain in your area",BIHAR,SAMASTIPUR,KHANPUR,2018-08-16T10:27:14Z
KHARIF,WEATHER,Weather,Weather,Weather,"WEATHER INFORMATION","Cloudy weather in your area,chance of rain in your area",BIHAR,SAMASTIPUR,KHANPUR,2018-08-16T10:27:14Z
KHARIF,WEATHER,Weather,Weather,Weather,"weather information","Cloudy weather in your area,chance of rain in your area",BIHAR,SAMASTIPUR,WARISNAGAR,2018-08-16T11:00:18Z
KHARIF,WEATHER,Weather,Weather,Weather,"weather information","Cloudy weather in your area,chance of rain in your area",BIHAR,SAMASTIPUR,WARISNAGAR,2018-08-16T11:00:18Z
KHARIF,WEATHER,Weather,Weather,Weather,"weather information","Cloudy weather in your area,chance of rain in your area",BIHAR,SAMASTIPUR,WARISNAGAR,2018-08-16T11:00:38Z
KHARIF,WEATHER,Weather,Weather,Weather,"weather information","Cloudy weather in your area,chance of rain in your area",BIHAR,SAMASTIPUR,WARISNAGAR,2018-08-16T11:00:38Z
KHARIF,AGRICULTURE,Others,Others,Weather,"Weather Information","Cloudy weather in your area, chance of rain in your area.",BIHAR,SAMASTIPUR,WARISNAGAR,2018-08-16T12:19:25Z
KHARIF,AGRICULTURE,Others,Others,Weather,"Weather Information","Cloudy weather in your area, chance of rain in your area.",BIHAR,SAMASTIPUR,WARISNAGAR,2018-08-16T12:19:25Z
KHARIF,AGRICULTURE,Others,Others,Weather,"Weather Information","Cloudy weather in your area, chance of rain in your area.",BIHAR,SAMASTIPUR,WARISNAGAR,2018-08-16T12:20:58Z
KHARIF,AGRICULTURE,Others,Others,Weather,"Weather Information","Cloudy weather in your area, chance of rain in your area.",BIHAR,SAMASTIPUR,WARISNAGAR,2018-08-16T12:20:58Z
KHARIF,WEATHER,Weather,Weather,Weather,"Weather Information","Cloudy weather in your area, chance of rain in your area.",BIHAR,SAMASTIPUR,KALYANPUR,2018-08-16T12:35:15Z
KHARIF,WEATHER,Weather,Weather,Weather,"Weather Information","Cloudy weather in your area, chance of rain in your area.",BIHAR,SAMASTIPUR,KALYANPUR,2018-08-16T12:35:15Z
KHARIF,WEATHER,Weather,Weather,Weather,"Weather Information","Cloudy weather in your area, chance of rain in your area.",BIHAR,SAMASTIPUR,HASANPUR,2018-08-16T12:36:45Z
KHARIF,WEATHER,Weather,Weather,Weather,"Weather Information","Cloudy weather in your area, chance of rain in your area.",BIHAR,SAMASTIPUR,HASANPUR,2018-08-16T12:36:45Z
KHARIF,AGRICULTURE,Others,Others,"Field Preparation","Weather Information","Cloudy weather in your area,no  chance of rain in your area.",BIHAR,SAMASTIPUR,MOHIUDDINAGAR,2018-08-16T20:43:29Z
KHARIF,AGRICULTURE,Others,Others,"Field Preparation","Weather Information","Cloudy weather in your area,no  chance of rain in your area.",BIHAR,SAMASTIPUR,MOHIUDDINAGAR,2018-08-16T20:43:29Z
KHARIF,AGRICULTURE,Others,Others,"Field Preparation","Weather Information","Cloudy weather in your area,no  chance of rain in your area.",BIHAR,SAMASTIPUR,DALSINGHSARAI,2018-08-16T21:00:01Z
KHARIF,AGRICULTURE,Others,Others,"Field Preparation","Weather Information","Cloudy weather in your area,no  chance of rain in your area.",BIHAR,SAMASTIPUR,DALSINGHSARAI,2018-08-16T21:00:01Z
RABI,HORTICULTURE,Vegetables,Brinjal,"Plant Protection","Stem borer","•Light trap @1/ha to attract and kill adults
•Spray neem oil 2ml/lit",BIHAR,SAMASTIPUR,ROSERA,2018-08-17T06:29:39Z
RABI,HORTICULTURE,Vegetables,Brinjal,"Plant Protection","Stem borer","•Light trap @1/ha to attract and kill adults
•Spray neem oil 2ml/lit",BIHAR,SAMASTIPUR,ROSERA,2018-08-17T06:29:39Z
RABI,HORTICULTURE,Vegetables,Brinjal,"Plant Protection","Brown leaf hopper","•Before transplantation dip the seedlings in 0.2% carbofuran 50 STD solution (control insect vectors)
•Spray with dimethoate 0.3%",BIHAR,SAMASTIPUR,WARISNAGAR,2018-08-17T06:45:46Z
RABI,HORTICULTURE,Vegetables,Brinjal,"Plant Protection","Brown leaf hopper","•Before transplantation dip the seedlings in 0.2% carbofuran 50 STD solution (control insect vectors)
•Spray with dimethoate 0.3%",BIHAR,SAMASTIPUR,WARISNAGAR,2018-08-17T06:45:46Z
RABI,HORTICULTURE,Vegetables,Brinjal,"Plant Protection","Lace wing bug","•Spray dimethoate 30 EC @ 1 lit/ha or methyl demeton 25 EC @ 1 lit/ha",BIHAR,SAMASTIPUR,ROSERA,2018-08-17T06:48:02Z
RABI,HORTICULTURE,Vegetables,Brinjal,"Plant Protection","Lace wing bug","•Spray dimethoate 30 EC @ 1 lit/ha or methyl demeton 25 EC @ 1 lit/ha",BIHAR,SAMASTIPUR,ROSERA,2018-08-17T06:48:02Z
KHARIF,WEATHER,Weather,Weather,Weather,"Weather Information","Cloudy weather in your area, chance of rain in your area.",BIHAR,SAMASTIPUR,SINGHIA,2018-08-17T07:50:34Z
KHARIF,WEATHER,Weather,Weather,Weather,"Weather Information","Cloudy weather in your area, chance of rain in your area.",BIHAR,SAMASTIPUR,SINGHIA,2018-08-17T07:50:34Z
KHARIF,AGRICULTURE,Others,Others,Weather,"Weather Information","Cloudy weather in your area, chance of rain in your area.",BIHAR,SAMASTIPUR,MORWA,2018-08-17T10:37:00Z
KHARIF,AGRICULTURE,Others,Others,Weather,"Weather Information","Cloudy weather in your area, chance of rain in your area.",BIHAR,SAMASTIPUR,MORWA,2018-08-17T10:37:00Z
KHARIF,AGRICULTURE,Others,Others,Weather,"Weather Information","Cloudy weather in your area, chance of rain in your area.",BIHAR,SAMASTIPUR,KALYANPUR,2018-08-17T10:50:18Z
KHARIF,AGRICULTURE,Others,Others,Weather,"Weather Information","Cloudy weather in your area, chance of rain in your area.",BIHAR,SAMASTIPUR,KALYANPUR,2018-08-17T10:50:18Z
KHARIF,AGRICULTURE,Cereals,"Paddy (Dhan)","Weed Management","WEED MANAGEMENT IN RICE","AAP NIKAUNI KARWAYE",BIHAR,SAMASTIPUR,ROSERA,2018-08-17T12:25:08Z
KHARIF,AGRICULTURE,Cereals,"Paddy (Dhan)","Weed Management","WEED MANAGEMENT IN RICE","AAP NIKAUNI KARWAYE",BIHAR,SAMASTIPUR,ROSERA,2018-08-17T12:25:08Z
KHARIF,AGRICULTURE,Others,Others,"Field Preparation","WEATHER INFORMATION","NO CHANCE OF RAIN IN YOUR AREA",BIHAR,SAMASTIPUR,UJIARPUR,2018-08-17T15:20:44Z
KHARIF,AGRICULTURE,Others,Others,"Field Preparation","WEATHER INFORMATION","NO CHANCE OF RAIN IN YOUR AREA",BIHAR,SAMASTIPUR,UJIARPUR,2018-08-17T15:20:44Z
KHARIF,AGRICULTURE,Others,Others,"Weed Management","Weather information","Cloudy weather in your area,but no chance of rain.",BIHAR,SAMASTIPUR,DALSINGHSARAI,2018-08-17T17:39:32Z
KHARIF,AGRICULTURE,Others,Others,"Weed Management","Weather information","Cloudy weather in your area,but no chance of rain.",BIHAR,SAMASTIPUR,DALSINGHSARAI,2018-08-17T17:39:32Z
KHARIF,AGRICULTURE,Others,Others,"Plant Protection","Weather Information","Cloudy weather Today & tomorrow  no   chance of rain",BIHAR,SAMASTIPUR,WARISNAGAR,2018-08-17T20:48:29Z
KHARIF,AGRICULTURE,Others,Others,"Plant Protection","Weather Information","Cloudy weather Today & tomorrow  no   chance of rain",BIHAR,SAMASTIPUR,WARISNAGAR,2018-08-17T20:48:29Z
RABI,HORTICULTURE,Vegetables,Chillies,"Plant Protection","Chilli thrips","Imidacloprid 17.8 % SL 3.0 ml/10 lit. 
Dimethoate 30 % EC 1.0 ml/lit.",BIHAR,SAMASTIPUR,ROSERA,2018-08-17T21:13:04Z
RABI,HORTICULTURE,Vegetables,Chillies,"Plant Protection","Chilli thrips","Imidacloprid 17.8 % SL 3.0 ml/10 lit. 
Dimethoate 30 % EC 1.0 ml/lit.",BIHAR,SAMASTIPUR,ROSERA,2018-08-17T21:13:04Z
KHARIF,AGRICULTURE,Others,Others,"Field Preparation","For farmer registration","For farmer registration: www.krishimis.in",BIHAR,SAMASTIPUR,DALSINGHSARAI,2018-08-17T21:20:43Z
KHARIF,AGRICULTURE,Others,Others,"Field Preparation","For farmer registration","For farmer registration: www.krishimis.in",BIHAR,SAMASTIPUR,DALSINGHSARAI,2018-08-17T21:20:43Z
KHARIF,AGRICULTURE,Others,Others,"Field Preparation","For farmer registration","For farmer registration: www.krishimis.in",BIHAR,SAMASTIPUR,UJIARPUR,2018-08-17T21:23:59Z
KHARIF,AGRICULTURE,Others,Others,"Field Preparation","For farmer registration","For farmer registration: www.krishimis.in",BIHAR,SAMASTIPUR,UJIARPUR,2018-08-17T21:23:59Z
KHARIF,WEATHER,Weather,Weather,Weather,"WEATHER INFORMATION","????? ???? ?? ??????? ??",BIHAR,SAMASTIPUR,SAMASTIPUR,2018-08-18T08:41:06Z
KHARIF,WEATHER,Weather,Weather,Weather,"WEATHER INFORMATION","????? ???? ?? ??????? ??",BIHAR,SAMASTIPUR,SAMASTIPUR,2018-08-18T08:41:06Z
KHARIF,WEATHER,Weather,Weather,Weather,"WEATHER INFORMATION","Cloudy weather in your area, chance of rain in your area",BIHAR,SAMASTIPUR,SAMASTIPUR,2018-08-18T10:09:54Z
KHARIF,WEATHER,Weather,Weather,Weather,"WEATHER INFORMATION","Cloudy weather in your area, chance of rain in your area",BIHAR,SAMASTIPUR,SAMASTIPUR,2018-08-18T10:09:54Z
KHARIF,WEATHER,Weather,Weather,Weather,"Weather Information","Cloudy weather in your area, chance of rain in your area.",BIHAR,SAMASTIPUR,KALYANPUR,2018-08-18T10:53:14Z
KHARIF,WEATHER,Weather,Weather,Weather,"Weather Information","Cloudy weather in your area, chance of rain in your area.",BIHAR,SAMASTIPUR,KALYANPUR,2018-08-18T10:53:14Z
KHARIF,AGRICULTURE,Others,Others,Weather,"Weather Information","Cloudy weather in your area, chance of rain in your area.",BIHAR,SAMASTIPUR,KALYANPUR,2018-08-18T10:57:23Z
KHARIF,AGRICULTURE,Others,Others,Weather,"Weather Information","Cloudy weather in your area, chance of rain in your area.",BIHAR,SAMASTIPUR,KALYANPUR,2018-08-18T10:57:23Z
KHARIF,WEATHER,Weather,Weather,Weather,"Weather Information","Cloudy weather in your area, chance of rain in your area.",BIHAR,SAMASTIPUR,KALYANPUR,2018-08-18T12:00:13Z
KHARIF,WEATHER,Weather,Weather,Weather,"Weather Information","Cloudy weather in your area, chance of rain in your area.",BIHAR,SAMASTIPUR,KALYANPUR,2018-08-18T12:00:13Z
KHARIF,AGRICULTURE,Cereals,"Paddy (Dhan)","Plant Protection","LEAF FOLDER INSECT PROBLEM IN  RICE FIELD","Spray  Imidachloprid @ 1ml/3lit of water",BIHAR,SAMASTIPUR,KALYANPUR,2018-08-18T12:05:26Z
KHARIF,AGRICULTURE,Cereals,"Paddy (Dhan)","Plant Protection","LEAF FOLDER INSECT PROBLEM IN  RICE FIELD","Spray  Imidachloprid @ 1ml/3lit of water",BIHAR,SAMASTIPUR,KALYANPUR,2018-08-18T12:05:26Z
KHARIF,WEATHER,Weather,Weather,Weather,"Weather Information","Cloudy weather in your area, chance of rain in your area.",BIHAR,SAMASTIPUR,KALYANPUR,2018-08-18T12:10:22Z
KHARIF,WEATHER,Weather,Weather,Weather,"Weather Information","Cloudy weather in your area, chance of rain in your area.",BIHAR,SAMASTIPUR,KALYANPUR,2018-08-18T12:10:22Z
KHARIF,WEATHER,Weather,Weather,Weather,"WEATHER INFORMATION","Cloudy weather in your area, chance of rain in your area",BIHAR,SAMASTIPUR,MORWA,2018-08-18T13:29:41Z
KHARIF,WEATHER,Weather,Weather,Weather,"WEATHER INFORMATION","Cloudy weather in your area, chance of rain in your area",BIHAR,SAMASTIPUR,MORWA,2018-08-18T13:29:41Z
KHARIF,AGRICULTURE,Others,Others,Weather,"Weather Information","Cloudy weather in your area, chance of rain in your area.",BIHAR,SAMASTIPUR,WARISNAGAR,2018-08-18T15:30:22Z
KHARIF,AGRICULTURE,Others,Others,Weather,"Weather Information","Cloudy weather in your area, chance of rain in your area.",BIHAR,SAMASTIPUR,WARISNAGAR,2018-08-18T15:30:22Z
KHARIF,WEATHER,Weather,Weather,Weather,"WEATHER INFORMATION","Cloudy weather in your area, chance of rain in your area",BIHAR,SAMASTIPUR,ROSERA,2018-08-19T09:38:19Z
KHARIF,WEATHER,Weather,Weather,Weather,"WEATHER INFORMATION","Cloudy weather in your area, chance of rain in your area",BIHAR,SAMASTIPUR,ROSERA,2018-08-19T09:38:19Z
KHARIF,WEATHER,Weather,Weather,Weather,"WEATHER INFORMATION","Cloudy weather in your area, chance of rain in your area",BIHAR,SAMASTIPUR,WARISNAGAR,2018-08-19T13:44:33Z
KHARIF,WEATHER,Weather,Weather,Weather,"WEATHER INFORMATION","Cloudy weather in your area, chance of rain in your area",BIHAR,SAMASTIPUR,WARISNAGAR,2018-08-19T13:44:33Z
RABI,HORTICULTURE,Vegetables,Brinjal,"Plant Protection","Stem borer","•Light trap @1/ha to attract and kill adults
•Spray neem oil 2ml/lit",BIHAR,SAMASTIPUR,ROSERA,2018-08-20T06:12:20Z
RABI,HORTICULTURE,Vegetables,Brinjal,"Plant Protection","Stem borer","•Light trap @1/ha to attract and kill adults
•Spray neem oil 2ml/lit",BIHAR,SAMASTIPUR,ROSERA,2018-08-20T06:12:20Z
RABI,HORTICULTURE,Vegetables,Brinjal,"Plant Protection","Lace wing bug","•Spray dimethoate 30 EC @ 1 lit/ha or methyl demeton 25 EC @ 1 lit/ha",BIHAR,SAMASTIPUR,ROSERA,2018-08-20T06:18:20Z
RABI,HORTICULTURE,Vegetables,Brinjal,"Plant Protection","Lace wing bug","•Spray dimethoate 30 EC @ 1 lit/ha or methyl demeton 25 EC @ 1 lit/ha",BIHAR,SAMASTIPUR,ROSERA,2018-08-20T06:18:20Z
KHARIF,AGRICULTURE,Others,Others,"Government Schemes","DBT PROBLEM","AAP CSC ME CONTACT KARE",BIHAR,SAMASTIPUR,"SHIVAJI NAGAR",2018-08-20T13:47:12Z
KHARIF,AGRICULTURE,Others,Others,"Government Schemes","DBT PROBLEM","AAP CSC ME CONTACT KARE",BIHAR,SAMASTIPUR,"SHIVAJI NAGAR",2018-08-20T13:47:12Z
KHARIF,AGRICULTURE,Others,Others,Weather,"WEATHER  INFORMATION","Today and tomorrow chance to rain",BIHAR,SAMASTIPUR,WARISNAGAR,2018-08-20T16:25:43Z
KHARIF,AGRICULTURE,Others,Others,Weather,"WEATHER  INFORMATION","Today and tomorrow chance to rain",BIHAR,SAMASTIPUR,WARISNAGAR,2018-08-20T16:25:43Z
KHARIF,AGRICULTURE,Others,Others,"Field Preparation","Weather Information","Cloudy weather Today & tomorrow  no   chance of rain",BIHAR,SAMASTIPUR,TAJPUR,2018-08-21T21:14:49Z
KHARIF,AGRICULTURE,Others,Others,"Field Preparation","Weather Information","Cloudy weather Today & tomorrow  no   chance of rain",BIHAR,SAMASTIPUR,TAJPUR,2018-08-21T21:14:49Z
KHARIF,AGRICULTURE,Others,Others,"Government Schemes","DBT PROBLEM","AAP CSC ME CONTACT KARE",BIHAR,SAMASTIPUR,HASANPUR,2018-08-22T11:45:58Z
KHARIF,AGRICULTURE,Others,Others,"Government Schemes","DBT PROBLEM","AAP CSC ME CONTACT KARE",BIHAR,SAMASTIPUR,HASANPUR,2018-08-22T11:45:58Z
KHARIF,AGRICULTURE,Others,Others,"Field Preparation","Government scheme website","Government scheme website- www.krishi.bih.nic.in.",BIHAR,SAMASTIPUR,SARAIRANJAN,2018-08-24T06:24:11Z
KHARIF,AGRICULTURE,Others,Others,"Field Preparation","Government scheme website","Government scheme website- www.krishi.bih.nic.in.",BIHAR,SAMASTIPUR,SARAIRANJAN,2018-08-24T06:24:11Z
KHARIF,AGRICULTURE,Others,Others,"Field Preparation","Government scheme website","Government scheme website- www.krishi.bih.nic.in.",BIHAR,SAMASTIPUR,"SHIVAJI NAGAR",2018-08-24T07:54:32Z
KHARIF,AGRICULTURE,Others,Others,"Field Preparation","Government scheme website","Government scheme website- www.krishi.bih.nic.in.",BIHAR,SAMASTIPUR,"SHIVAJI NAGAR",2018-08-24T07:54:32Z
KHARIF,AGRICULTURE,Others,Others,"Field Preparation","WEATHER INFORMATION","Cloudy weather chance of rain in your area",BIHAR,SAMASTIPUR,MORWA,2018-08-24T09:53:35Z
KHARIF,AGRICULTURE,Others,Others,"Field Preparation","WEATHER INFORMATION","Cloudy weather chance of rain in your area",BIHAR,SAMASTIPUR,MORWA,2018-08-24T09:53:35Z
KHARIF,AGRICULTURE,Others,Others,"Field Preparation","WEATHER INFORMATION","Cloudy weather chance of rain in your area",BIHAR,SAMASTIPUR,MORWA,2018-08-24T09:59:58Z
KHARIF,AGRICULTURE,Others,Others,"Field Preparation","WEATHER INFORMATION","Cloudy weather chance of rain in your area",BIHAR,SAMASTIPUR,MORWA,2018-08-24T09:59:58Z
KHARIF,NA,NA,NA,NA,"WEATHER INFORMATION","Cloudy weather in your area, chance of rain in your area .",BIHAR,SAMASTIPUR,UJIARPUR,2018-08-24T11:30:47Z
KHARIF,NA,NA,NA,NA,"WEATHER INFORMATION","Cloudy weather in your area, chance of rain in your area .",BIHAR,SAMASTIPUR,UJIARPUR,2018-08-24T11:30:47Z
KHARIF,AGRICULTURE,Cereals,"Paddy (Dhan)",Weather,"Weather Information","???? ??? ??????,????? ???? ?? ???????  ????",BIHAR,SAMASTIPUR,UJIARPUR,2018-08-24T14:56:49Z
KHARIF,AGRICULTURE,Cereals,"Paddy (Dhan)",Weather,"Weather Information","???? ??? ??????,????? ???? ?? ???????  ????",BIHAR,SAMASTIPUR,UJIARPUR,2018-08-24T14:56:49Z
KHARIF,AGRICULTURE,Others,Others,Weather,"WEATHER INFORMATION","Cloudy weather in your area, chance of rain in your area,.",BIHAR,SAMASTIPUR,UJIARPUR,2018-08-24T15:22:15Z
KHARIF,AGRICULTURE,Others,Others,Weather,"WEATHER INFORMATION","Cloudy weather in your area, chance of rain in your area,.",BIHAR,SAMASTIPUR,UJIARPUR,2018-08-24T15:22:15Z
KHARIF,AGRICULTURE,Others,Others,Weather,"Weather Information","Cloudy, a thunderstorm",BIHAR,SAMASTIPUR,UJIARPUR,2018-08-24T18:50:45Z
KHARIF,AGRICULTURE,Others,Others,Weather,"Weather Information","Cloudy, a thunderstorm",BIHAR,SAMASTIPUR,UJIARPUR,2018-08-24T18:50:45Z
KHARIF,AGRICULTURE,Others,Others,Weather,"WEATHER INFORMATION","Cloudy weather in your area, chance of rain in your area .",BIHAR,SAMASTIPUR,DALSINGHSARAI,2018-08-25T09:04:02Z
KHARIF,AGRICULTURE,Others,Others,Weather,"WEATHER INFORMATION","Cloudy weather in your area, chance of rain in your area .",BIHAR,SAMASTIPUR,DALSINGHSARAI,2018-08-25T09:04:02Z
KHARIF,AGRICULTURE,Others,Others,Weather,"WEATHER INFORMATION","Cloudy weather in your area, chance of rain in your area",BIHAR,SAMASTIPUR,WARISNAGAR,2018-08-26T08:45:12Z
KHARIF,AGRICULTURE,Others,Others,Weather,"WEATHER INFORMATION","Cloudy weather in your area, chance of rain in your area",BIHAR,SAMASTIPUR,WARISNAGAR,2018-08-26T08:45:12Z
KHARIF,AGRICULTURE,Others,Others,Weather,"WEATHER INFORMATION","Cloudy weather in your area, chance of rain in your area",BIHAR,SAMASTIPUR,WARISNAGAR,2018-08-26T08:48:05Z
KHARIF,AGRICULTURE,Others,Others,Weather,"WEATHER INFORMATION","Cloudy weather in your area, chance of rain in your area",BIHAR,SAMASTIPUR,WARISNAGAR,2018-08-26T08:48:05Z
KHARIF,AGRICULTURE,Others,Others,"Field Preparation","Weather Information","Cloudy weather Today & tomorrow  no   chance of rain",BIHAR,SAMASTIPUR,MORWA,2018-08-26T10:50:17Z
KHARIF,AGRICULTURE,Others,Others,"Field Preparation","Weather Information","Cloudy weather Today & tomorrow  no   chance of rain",BIHAR,SAMASTIPUR,MORWA,2018-08-26T10:50:17Z
KHARIF,AGRICULTURE,Others,Others,Weather,"Weather Information","The cloud will remain today and tomorrow there is no possibility of rain",BIHAR,SAMASTIPUR,BIBHUTPUR,2018-08-26T11:20:24Z
KHARIF,AGRICULTURE,Others,Others,Weather,"Weather Information","The cloud will remain today and tomorrow there is no possibility of rain",BIHAR,SAMASTIPUR,BIBHUTPUR,2018-08-26T11:20:24Z
KHARIF,"ANIMAL HUSBANDRY",Animal,"Bovine(Cow,Buffalo)","Dairy Production","INFORMATION ABOUT COW DISESASE",NA,BIHAR,SAMASTIPUR,UJIARPUR,2018-08-27T10:39:09Z
KHARIF,"ANIMAL HUSBANDRY",Animal,"Bovine(Cow,Buffalo)","Dairy Production","INFORMATION ABOUT COW DISESASE",NA,BIHAR,SAMASTIPUR,UJIARPUR,2018-08-27T10:39:09Z
KHARIF,AGRICULTURE,Others,Others,"Field Preparation","WEATHER INFORMATION","CLOUDY WEATHER LITTLE CHANCE OF RAIN",BIHAR,SAMASTIPUR,MOHIUDDINAGAR,2018-08-27T18:06:14Z
KHARIF,AGRICULTURE,Others,Others,"Field Preparation","WEATHER INFORMATION","CLOUDY WEATHER LITTLE CHANCE OF RAIN",BIHAR,SAMASTIPUR,MOHIUDDINAGAR,2018-08-27T18:06:14Z
KHARIF,AGRICULTURE,Others,Others,Weather,"Weather Information","cloud in your area today and tomorrow and there is a possibility of rain",BIHAR,SAMASTIPUR,KALYANPUR,2018-08-28T09:47:19Z
KHARIF,AGRICULTURE,Others,Others,Weather,"Weather Information","cloud in your area today and tomorrow and there is a possibility of rain",BIHAR,SAMASTIPUR,KALYANPUR,2018-08-28T09:47:19Z
KHARIF,AGRICULTURE,Others,Others,Weather,"Weather Information","cloud in your area today and tomorrow and there is a possibility of rain",BIHAR,SAMASTIPUR,KALYANPUR,2018-08-28T09:48:27Z
KHARIF,AGRICULTURE,Others,Others,Weather,"Weather Information","cloud in your area today and tomorrow and there is a possibility of rain",BIHAR,SAMASTIPUR,KALYANPUR,2018-08-28T09:48:27Z
KHARIF,HORTICULTURE,Vegetables,Chillies,"Cultural Practices","SOWING TIME OF CHILLI","SOWING TIME OF CHILLI--JUNE -JULY",BIHAR,SAMASTIPUR,WARISNAGAR,2018-08-28T10:46:08Z
KHARIF,HORTICULTURE,Vegetables,Chillies,"Cultural Practices","SOWING TIME OF CHILLI","SOWING TIME OF CHILLI--JUNE -JULY",BIHAR,SAMASTIPUR,WARISNAGAR,2018-08-28T10:46:08Z
KHARIF,AGRICULTURE,Others,Others,Weather,"WEATHER INFORMATION","AAJ AAPKE YAHA HALKI BARISH KI SAMBHAWNA HAI",BIHAR,SAMASTIPUR,UJIARPUR,2018-08-28T11:16:29Z
KHARIF,AGRICULTURE,Others,Others,Weather,"WEATHER INFORMATION","AAJ AAPKE YAHA HALKI BARISH KI SAMBHAWNA HAI",BIHAR,SAMASTIPUR,UJIARPUR,2018-08-28T11:16:29Z
KHARIF,AGRICULTURE,Others,Others,Weather,"Weather information","Cloudy weather in your area ,chance of rain in your area",BIHAR,SAMASTIPUR,UJIARPUR,2018-08-28T14:42:19Z
KHARIF,AGRICULTURE,Others,Others,Weather,"Weather information","Cloudy weather in your area ,chance of rain in your area",BIHAR,SAMASTIPUR,UJIARPUR,2018-08-28T14:42:19Z
KHARIF,AGRICULTURE,Others,Others,Weather,"Weather information","Cloudy weather in your area ,chance of rain in your area",BIHAR,SAMASTIPUR,UJIARPUR,2018-08-28T14:42:41Z
KHARIF,AGRICULTURE,Others,Others,Weather,"Weather information","Cloudy weather in your area ,chance of rain in your area",BIHAR,SAMASTIPUR,UJIARPUR,2018-08-28T14:42:41Z
KHARIF,AGRICULTURE,Others,Others,Weather,"WEATHER INFORMATION","AAJ AAPKE YAHA HALKI BARISH KI SAMBHAWNA HAI",BIHAR,SAMASTIPUR,TAJPUR,2018-08-28T15:31:08Z
KHARIF,AGRICULTURE,Others,Others,Weather,"WEATHER INFORMATION","AAJ AAPKE YAHA HALKI BARISH KI SAMBHAWNA HAI",BIHAR,SAMASTIPUR,TAJPUR,2018-08-28T15:31:08Z
KHARIF,AGRICULTURE,Cereals,"Paddy (Dhan)","Weed Management","weed management in rice field","you should hand weeding in rice field",BIHAR,SAMASTIPUR,MORWA,2018-08-29T07:07:34Z
KHARIF,AGRICULTURE,Cereals,"Paddy (Dhan)","Weed Management","weed management in rice field","you should hand weeding in rice field",BIHAR,SAMASTIPUR,MORWA,2018-08-29T07:07:34Z
KHARIF,AGRICULTURE,Others,Others,Weather,"Weather Information","Cloudy weather in your area, chance of rain in your area.",BIHAR,SAMASTIPUR,WARISNAGAR,2018-08-29T12:02:28Z
KHARIF,AGRICULTURE,Others,Others,Weather,"Weather Information","Cloudy weather in your area, chance of rain in your area.",BIHAR,SAMASTIPUR,WARISNAGAR,2018-08-29T12:02:28Z
KHARIF,AGRICULTURE,Others,Others,Weather,"Weather Information","Cloudy weather in your area, chance of rain in your area.",BIHAR,SAMASTIPUR,WARISNAGAR,2018-08-29T12:06:38Z
KHARIF,AGRICULTURE,Others,Others,Weather,"Weather Information","Cloudy weather in your area, chance of rain in your area.",BIHAR,SAMASTIPUR,WARISNAGAR,2018-08-29T12:06:38Z
KHARIF,AGRICULTURE,Others,Others,Weather,"Weather Information","Cloudy weather in your area, chance of rain in your area.",BIHAR,SAMASTIPUR,WARISNAGAR,2018-08-29T12:15:47Z
KHARIF,AGRICULTURE,Others,Others,Weather,"Weather Information","Cloudy weather in your area, chance of rain in your area.",BIHAR,SAMASTIPUR,WARISNAGAR,2018-08-29T12:15:47Z
KHARIF,AGRICULTURE,Others,Others,"Weed Management","weed management","spray nomineegold @ 1 ml in 3 litre of water",BIHAR,SAMASTIPUR,KHANPUR,2018-08-29T14:14:32Z
KHARIF,AGRICULTURE,Others,Others,"Weed Management","weed management","spray nomineegold @ 1 ml in 3 litre of water",BIHAR,SAMASTIPUR,KHANPUR,2018-08-29T14:14:32Z
KHARIF,AGRICULTURE,Others,Others,Weather,"Weather Information","Cloudy weather in your area, chance of rain in your area.",BIHAR,SAMASTIPUR,BITHAN,2018-08-30T06:14:58Z
KHARIF,AGRICULTURE,Others,Others,Weather,"Weather Information","Cloudy weather in your area, chance of rain in your area.",BIHAR,SAMASTIPUR,BITHAN,2018-08-30T06:14:58Z
KHARIF,AGRICULTURE,Others,Others,Weather,"Weather Information","Cloudy weather in your area, chance of rain in your area.",BIHAR,SAMASTIPUR,DALSINGHSARAI,2018-08-30T12:08:13Z
KHARIF,AGRICULTURE,Others,Others,Weather,"Weather Information","Cloudy weather in your area, chance of rain in your area.",BIHAR,SAMASTIPUR,DALSINGHSARAI,2018-08-30T12:08:13Z
